cod_municipio,uf,regiao,cobertura_aps_2019,cobertura_aps_2023_24,icvd_2019,icvd_2023_24,letalidade_2019,letalidade_2023_24,prop_amputacao_2019,prop_amputacao_2023_24,taxa_internacao_padronizada_2019,taxa_internacao_padronizada_2023_24,recuperacao,no_ranking
1100015,RO,Norte,92.01,112.625,0.2004874596529779,0.21641412595582935,0.02702702702702703,0.0196078431372549,0.05405405405405406,0.029411764705882353,180.9081986731179,250.58167684478784,0.015926666302851444,True
1100023,RO,Norte,59.2,68.67,0.10300670489080427,0.0482485356660482,0.03508771929824561,0.011764705882352941,0.017543859649122806,0.011764705882352941,69.84648448805326,48.78768857751396,-0.05475816922475607,True
1100031,RO,Norte,100.0,149.885,0.11874539696597936,0.09031217325572972,0.0,0.0,0.0,0.0,189.76692543360437,149.05413143351663,-0.02843322371024963,True
1100049,RO,Norte,75.72,79.50999999999999,0.2037131875765554,0.226413056047576,0.0963855421686747,0.0392156862745098,0.0,0.13071895424836602,104.4121674465876,95.61391349095689,0.022699868471020596,True
1100056,RO,Norte,93.3,129.4,0.1844886541718319,0.1729970566633266,0.030303030303030304,0.017857142857142856,0.0,0.03571428571428571,218.81780445019524,184.26251537647946,-0.011491597508505313,True
1100064,RO,Norte,97.51,111.72,0.1591463110694598,0.18485387134829323,0.0,0.04081632653061224,0.08333333333333333,0.04081632653061224,143.0075163062693,145.5233949876345,0.02570756027883342,True
1100080,RO,Norte,86.95,138.625,0.08480841691636642,0.297852114795799,0.0,0.13333333333333333,0.0,0.06666666666666667,141.17344578370756,76.16363539634617,0.21304369787943256,True
1100098,RO,Norte,64.59,83.29,0.1661253025695309,0.2512802607971676,0.017857142857142856,0.025,0.0,0.075,219.2552127015465,231.69729168073601,0.08515495822763669,True
1100106,RO,Norte,76.61,121.06000000000002,0.2156336463972831,0.17808017745669913,0.044444444444444446,0.019417475728155338,0.06666666666666667,0.05825242718446602,149.35368192924633,159.89744922330485,-0.03755346894058398,True
1100114,RO,Norte,98.73,120.60000000000001,0.17962343622350851,0.1997720484621186,0.025,0.019736842105263157,0.0375,0.07894736842105263,176.1675396363146,164.29315365475142,0.020148612238610086,True
1100122,RO,Norte,79.31000000000002,86.49000000000001,0.17918212210955517,0.24443887680873108,0.02564102564102564,0.043701799485861184,0.03076923076923077,0.07455012853470437,182.6079737527968,182.29808504307744,0.06525675469917591,True
1100130,RO,Norte,48.53000000000001,102.105,0.12239338734262668,0.39196749843864426,0.0,0.029508196721311476,0.0,0.01639344262295082,194.99038803609523,605.3300577083738,0.2695741110960176,True
1100148,RO,Norte,82.9,111.61,0.07160803817506699,0.11194270687505814,0.0,0.027777777777777776,0.0,0.0,122.27216656562402,120.36491329816396,0.04033466869999115,True
1100155,RO,Norte,100.0,119.64999999999999,0.21424738585605252,0.18386471126445406,0.036585365853658534,0.04,0.012195121951219513,0.1,232.62673895705876,71.56702498977229,-0.030382674591598463,True
1100189,RO,Norte,76.79,106.27,0.27631081585871264,0.3470577039503371,0.008695652173913044,0.018115942028985508,0.017391304347826087,0.010869565217391304,374.87281174746175,464.1271862116113,0.07074688809162444,True
1100205,RO,Norte,60.99,74.80499999999999,0.20745888875678228,0.2115607555340181,0.025,0.016574585635359115,0.175,0.1712707182320442,43.42049452474346,72.07142034083975,0.004101866777235813,True
1100254,RO,Norte,100.0,133.55,0.18540452834749244,0.11628217644287012,0.058823529411764705,0.02040816326530612,0.0,0.02040816326530612,158.87257881500634,116.78863567216248,-0.06912235190462232,True
1100288,RO,Norte,94.3,93.16499999999999,0.15925874681683308,0.12062269924040012,0.010416666666666666,0.019230769230769232,0.03125,0.038461538461538464,186.1757462146846,102.87011494174968,-0.038636047576432964,True
1100296,RO,Norte,100.0,188.7,0.27685429075858514,0.19803002385772595,0.0,0.03225806451612903,0.0,0.03225806451612903,416.158940920743,193.51471071764075,-0.0788242669008592,True
1100304,RO,Norte,87.04,111.00999999999999,0.21247022981155886,0.2098630046071891,0.056338028169014086,0.029498525073746312,0.014084507042253521,0.02654867256637168,185.2853425154697,223.5520236918472,-0.002607225204369762,True
1100320,RO,Norte,71.52,67.48,0.3004749452121561,0.16594889055053597,0.125,0.017543859649122806,0.041666666666666664,0.05263157894736842,129.20015158187658,153.6070052369509,-0.13452605466162015,True
1100338,RO,Norte,62.8,115.19500000000001,0.21117496223562252,0.18904821353599238,0.021739130434782608,0.02857142857142857,0.021739130434782608,0.11428571428571428,248.13371867217225,85.60268537192171,-0.022126748699630133,True
1100346,RO,Norte,21.48,120.07000000000001,0.2719917952797051,0.1538543904047499,0.058823529411764705,0.0,0.029411764705882353,0.03773584905660377,245.93401415068072,192.66872643132936,-0.11813740487495517,True
1100379,RO,Norte,100.0,182.94,0.24727386506375112,0.07187277236685638,0.07142857142857142,0.0,0.07142857142857142,0.0,130.72405910400593,122.65123257392948,-0.17540109269689474,True
1100403,RO,Norte,76.67,140.73999999999998,0.14534519764298107,0.03686705055928566,0.0,0.0,0.14285714285714285,0.0,48.52575503544235,72.52744937933325,-0.10847814708369541,True
1100452,RO,Norte,62.089999999999996,117.015,0.14991089345173703,0.08256199509145687,0.0,0.027777777777777776,0.047619047619047616,0.0,174.61574526729095,78.295435752763,-0.06734889836028016,True
1100502,RO,Norte,89.9,171.19,0.2643961506113861,0.2240637700991995,0.037037037037037035,0.023255813953488372,0.0,0.023255813953488372,318.7718978422362,261.42742354219246,-0.0403323805121866,True
1100700,RO,Norte,92.35,166.54,0.14466683172906045,0.04230516608601257,0.0,0.0,0.0,0.0,226.88315412615344,80.31414565565103,-0.10236166564304788,True
1100809,RO,Norte,100.0,145.435,0.026646496631969684,0.25518830170859286,0.0,0.0,0.0,0.2413793103448276,57.89290386138677,82.13225202999963,0.22854180507662317,True
1100924,RO,Norte,100.0,144.385,0.08062905376364682,0.06809962720832774,0.0,0.0,0.0,0.0,135.1891243144929,117.24856409226066,-0.012529426555319079,True
1100940,RO,Norte,41.9,94.18999999999998,0.13269455952549658,0.1784781790172525,0.0,0.027777777777777776,0.0,0.05555555555555555,209.7403687387559,145.89637452219736,0.04578361949175591,True
1101005,RO,Norte,100.0,174.97,0.03715373630358142,0.05961804305331432,0.0,0.0,0.0,0.0,72.93794724511227,105.10400419232245,0.022464306749732904,True
1101203,RO,Norte,72.62,162.37999999999997,0.24889357873167695,0.28137190982536714,0.05555555555555555,0.09090909090909091,0.0,0.045454545454545456,256.7998901018039,170.31291315591906,0.032478331093690194,True
1101302,RO,Norte,93.41,143.695,0.21261503074839647,0.3805203011373826,0.1,0.11764705882352941,0.0,0.17647058823529413,109.39531297581054,90.38822845529009,0.16790527038898614,True
1101401,RO,Norte,86.1,212.15,0.04093347298425644,0.15769627294646035,0.0,0.03333333333333333,0.0,0.03333333333333333,78.350053956017,132.10260076078163,0.11676279996220391,True
1101435,RO,Norte,81.59,157.585,0.0542603636819446,0.19278651291948434,0.0,0.0,0.0,0.09090909090909091,97.43248235618027,181.66618988054788,0.13852614923753975,True
1101468,RO,Norte,100.0,162.33,0.48715194358514946,0.23282124764213155,0.2,0.0,0.0,0.125,287.7164815284246,196.19652907073203,-0.25433069594301794,True
1101476,RO,Norte,83.33,208.595,0.11528272645581707,0.09937414146236256,0.0,0.0,0.0,0.0,184.80881753113684,162.0297281717434,-0.015908584993454503,True
1101484,RO,Norte,100.0,124.81000000000002,0.37550746346711245,0.3111466789117488,0.0,0.0,0.4,0.3333333333333333,80.12651868150802,46.82760843764244,-0.06436078455536365,True
1101492,RO,Norte,92.39,171.92,0.041854697285022405,0.1611898666270107,0.0,0.05405405405405406,0.0,0.0,79.66913108800748,134.44416577625026,0.1193351693419883,True
1101500,RO,Norte,100.0,116.08,0.09344800143446261,0.2575255485831044,0.0,0.07407407407407407,0.0,0.07407407407407407,153.5442422968304,136.4002360863148,0.16407754714864178,True
1101559,RO,Norte,91.67,164.47,0.12486045865943621,0.1469549748053573,0.0,0.0,0.0,0.1111111111111111,198.52292333101448,90.68158280455735,0.02209451614592109,True
1101609,RO,Norte,99.77,215.7,0.07861687561854852,0.2564179831642622,0.0,0.14285714285714285,0.0,0.0,132.30793872865533,80.06657863819167,0.17780110754571365,True
1101708,RO,Norte,88.73,123.73,0.09702803312034106,0.19747801691704267,0.0,0.0,0.0,0.13793103448275862,158.67039661637787,129.357133363101,0.10044998379670161,True
1101757,RO,Norte,62.57,147.93,0.04386767922024064,0.13461948063400353,0.0,0.0,0.0,0.125,82.55146760002582,55.58397133232462,0.09075180141376289,True
1101807,RO,Norte,99.88,159.81,0.17798721512137572,0.19857528776176303,0.0,0.0,0.07692307692307693,0.18181818181818182,178.032119258435,75.8367010914173,0.02058807264038731,True
1200104,AC,Norte,100.0,121.15,0.3092886678423211,0.20476801176880793,0.045454545454545456,0.043478260869565216,0.11363636363636363,0.028985507246376812,222.3252528712808,183.17184404296697,-0.10452065607351319,True
1200138,AC,Norte,100.0,103.96000000000001,0.3590171962621591,0.1362484572330921,0.0,0.06666666666666667,0.5,0.0,56.51453368243618,71.64170167390974,-0.22276873902906702,True
1200203,AC,Norte,100.0,153.055,0.1517969189403501,0.25788613041551517,0.034482758620689655,0.06818181818181818,0.05172413793103448,0.10606060606060606,98.10072291411029,109.4192660164182,0.10608921147516506,True
1200252,AC,Norte,99.6,177.26,0.20094059834490283,0.29081068023271184,0.037037037037037035,0.09375,0.037037037037037035,0.09375,181.41890723591706,117.10096842157844,0.08987008188780901,True
1200336,AC,Norte,100.0,151.00499999999997,0.1400070553039271,0.27485398509346903,0.0,0.0,0.1,0.0759493670886076,94.68082785134166,317.95542850055716,0.13484692978954194,True
1200385,AC,Norte,100.0,169.08,0.17571874957538652,0.08302473272145416,0.08333333333333333,0.0,0.0,0.04,92.36133716991966,88.40738933511959,-0.09269401685393236,True
1200401,AC,Norte,69.4,92.955,0.2541135042522403,0.16301665073281352,0.10227272727272728,0.04674457429048414,0.07954545454545454,0.048414023372287146,64.08101050470285,91.9850930838153,-0.09109685351942676,True
1200450,AC,Norte,80.22,132.8,0.10486436841632359,0.19912490847851622,0.0,0.02857142857142857,0.07142857142857142,0.11428571428571428,80.22667464079602,100.0312429486981,0.09426054006219263,True
1200500,AC,Norte,99.93999999999998,124.895,0.11532242128696354,0.17702861711101336,0.0,0.06557377049180328,0.0,0.01639344262295082,184.86565552811544,111.8023799574079,0.06170619582404982,True
1200609,AC,Norte,72.6,94.795,0.23984739213784484,0.17013408812224187,0.0625,0.027777777777777776,0.125,0.041666666666666664,72.01889448311307,151.38342563750908,-0.06971330401560297,True
1200708,AC,Norte,96.85,169.865,0.02477925880764412,0.18907022170510798,0.0,0.023255813953488372,0.0,0.06976744186046512,55.2192545536041,152.93497182677012,0.16429096289746387,True
1200807,AC,Norte,90.14,104.83,0.2416992564581477,0.26840999563447465,0.14285714285714285,0.125,0.0,0.0625,58.9912164338837,57.13507672237626,0.026710739176326964,True
1300029,AM,Norte,89.53,106.04,0.221052177491973,0.06348800836343858,0.0,0.0,0.047619047619047616,0.0,276.4811007945917,110.64530693253121,-0.15756416912853444,True
1300086,AM,Norte,100.0,232.75500000000002,0.2600975832314979,0.18271494842537822,0.0,0.0,0.0,0.0,392.1654469496708,281.36326348463194,-0.07738263480611968,True
1300102,AM,Norte,100.0,158.24499999999998,0.11867532116700735,0.03964809345162494,0.0,0.0,0.0,0.0,189.66658571845238,76.50955241256764,-0.07902722771538241,True
1300144,AM,Norte,100.0,158.45000000000002,0.199008288169003,0.17368941732749546,0.0,0.07142857142857142,0.08695652173913043,0.0,195.53665271151525,115.02476778804474,-0.02531887084150755,True
1300201,AM,Norte,92.21,183.785,0.02846036756687098,0.11575272706826017,0.0,0.0,0.0,0.06666666666666667,60.49013850730426,101.79505684017778,0.0872923595013892,True
1300300,AM,Norte,100.0,112.735,0.1558125914088014,0.06010333931618013,0.0,0.0,0.1111111111111111,0.0,103.36457379364388,105.79888729739739,-0.09570925209262128,True
1300409,AM,Norte,81.37,152.03,0.011024595237383625,0.03071804450734775,0.0,0.0,0.0,0.0,35.52430929579075,63.72284743728905,0.019693449269964126,True
1300508,AM,Norte,98.28,110.015,0.23072262710312536,0.17061362628200186,0.0,0.012987012987012988,0.1111111111111111,0.012987012987012988,210.62630685780002,219.83943318579045,-0.0601090008211235,True
1300607,AM,Norte,84.75,127.825,0.02733520332296544,0.13703135850110157,0.0,0.06451612903225806,0.0,0.0,58.879045071498126,77.38166606411409,0.10969615517813613,True
1300631,AM,Norte,52.25,118.25,0.0524103578304943,0.03341469414416934,0.0,0.0,0.0,0.0,94.78350706246773,67.58410996148015,-0.018995663686324965,True
1300680,AM,Norte,100.0,81.015,0.19155181633091362,0.10848829531698628,0.0,0.0,0.16666666666666666,0.023809523809523808,84.79968907309106,145.1919259144455,-0.08306352101392733,True
1300706,AM,Norte,85.61,88.86,0.17955034975699952,0.21692040920861602,0.029411764705882353,0.07142857142857142,0.058823529411764705,0.05357142857142857,139.81980152690147,109.67782630730645,0.037370059451616505,True
1300805,AM,Norte,76.54,101.22000000000001,0.31986326598428094,0.2399642972535644,0.0,0.02654867256637168,0.0,0.017699115044247787,477.74237466580314,284.0978675496841,-0.07989896873071653,True
1300839,AM,Norte,100.0,155.91,0.20983002598488387,0.11167598634598856,0.09090909090909091,0.0,0.0,0.05555555555555555,124.93309169951375,109.90546815373926,-0.09815403963889531,True
1301001,AM,Norte,92.42999999999999,84.905,0.0568077461858872,0.22412406306306643,0.0,0.03389830508474576,0.0,0.06779661016949153,101.0800131525232,182.74358376392544,0.16731631687717924,True
1301100,AM,Norte,100.0,164.71,0.25736002042458683,0.08522966575936777,0.08695652173913043,0.0,0.08695652173913043,0.017857142857142856,92.32280647900762,119.36052935162319,-0.17213035466521906,True
1301209,AM,Norte,98.13,162.32,0.21586481337192936,0.1640372961757225,0.1,0.022988505747126436,0.05,0.08045977011494253,51.2835354829361,104.24301212470718,-0.051827517196206874,True
1301308,AM,Norte,81.85,141.34,0.17006927207214279,0.17011692532105147,0.0,0.037037037037037035,0.14285714285714285,0.0,83.92751458740067,183.77592563562365,4.765324890868006e-05,True
1301407,AM,Norte,84.99,105.88,0.08445637792246408,0.22729953639682915,0.0,0.08333333333333333,0.0,0.05555555555555555,140.66937029846534,96.47957318233472,0.14284315847436507,True
1301506,AM,Norte,96.05,182.435,0.06992616652156003,0.298953561775224,0.0,0.125,0.0,0.0625,119.86393825983636,100.86961519710151,0.22902739525366395,True
1301605,AM,Norte,92.8,117.53,0.15820641841970498,0.21688976300085822,0.041666666666666664,0.06521739130434782,0.0,0.021739130434782608,156.77801087767995,162.93350585855552,0.058683344581153235,True
1301654,AM,Norte,94.68999999999998,154.375,0.25368822090366583,0.08868584568175486,0.0,0.0,0.15384615384615385,0.0,189.864796042328,146.72543525152045,-0.16500237522191097,True
1301704,AM,Norte,90.68999999999998,107.17,0.13306482322741323,0.22380826249000096,0.0,0.09090909090909091,0.10344827586206896,0.09090909090909091,80.41180157767697,30.82988020656489,0.09074343926258774,True
1301803,AM,Norte,63.21999999999999,139.175,0.15238396823838876,0.17778573361706218,0.0,0.047619047619047616,0.14285714285714285,0.047619047619047616,58.60438770070028,112.2522895112514,0.02540176537867342,True
1301852,AM,Norte,100.0,121.57000000000001,0.27479014681169667,0.16288988334082896,0.047619047619047616,0.014598540145985401,0.16666666666666666,0.058394160583941604,101.70977610307636,148.31910671554482,-0.1119002634708677,True
1301902,AM,Norte,100.0,108.62,0.2577952760004055,0.1715323491091188,0.05063291139240506,0.023809523809523808,0.12658227848101267,0.07142857142857142,121.22003050995673,124.54846593832403,-0.08626292689128673,True
1302306,AM,Norte,100.0,139.04,0.17735748368311055,0.1708836170800158,0.0,0.021739130434782608,0.16666666666666666,0.0,64.4751930909345,217.73074390308255,-0.006473866603094763,True
1302405,AM,Norte,89.9,133.475,0.166617703515001,0.20557038800082625,0.0,0.07692307692307693,0.16666666666666666,0.07692307692307693,49.09718101441947,52.31151585268274,0.038952684485825256,True
1302504,AM,Norte,85.17,104.345,0.18391288206480283,0.17756213951176691,0.01904761904761905,0.03765690376569038,0.06666666666666667,0.012552301255230125,158.48112522610225,177.3482597188204,-0.006350742553035915,True
1302553,AM,Norte,53.23,128.67000000000002,0.041058454775885905,0.1430198521230841,0.0,0.030303030303030304,0.0,0.030303030303030304,78.5290121349497,121.40027630362933,0.1019613973471982,True
1302603,AM,Norte,46.99,68.235,0.2492716380941468,0.2332330410096054,0.043453070683661645,0.04291636186296025,0.13151796060254925,0.09948792977322604,118.24042850695116,136.63526139206596,-0.01603859708454139,True
1302702,AM,Norte,74.96,109.07000000000001,0.16267280672990475,0.21296972637498918,0.0,0.08771929824561403,0.15,0.03508771929824561,64.37027143074091,92.23416502187813,0.050296919645084426,True
1302801,AM,Norte,100.0,152.74,0.040698523232121565,0.12617078781938032,0.0,0.0,0.0,0.0,78.01363551270167,200.39914959732707,0.08547226458725876,True
1302900,AM,Norte,88.88,127.355,0.2681670373602003,0.31312953091672624,0.061224489795918366,0.033707865168539325,0.10204081632653061,0.21348314606741572,144.1293025914488,127.7167548134739,0.04496249355652593,True
1303007,AM,Norte,98.23,118.45,0.13917972343815893,0.15145345289646817,0.0,0.025,0.125,0.025,62.11366447468309,151.5229368898073,0.012273729458309235,True
1303106,AM,Norte,99.5,123.65499999999999,0.3086698017714118,0.15838185085105747,0.0,0.0196078431372549,0.14634146341463414,0.0392156862745098,278.0121390352717,155.1798966102024,-0.15028795092035432,True
1303205,AM,Norte,85.61,111.03,0.14090288811108442,0.1852729654574337,0.0,0.0,0.07692307692307693,0.0,124.93203530075056,285.0260215853692,0.04437007734634929,True
1303304,AM,Norte,70.63,107.39999999999999,0.12206094677806573,0.16868808524914494,0.0,0.02,0.1,0.04,68.98426150479573,168.11029702888257,0.046627138471079216,True
1303403,AM,Norte,92.68999999999998,115.36,0.19980206755741897,0.1973439216743108,0.04819277108433735,0.022388059701492536,0.060240963855421686,0.041044776119402986,126.7003504786862,202.70123481565665,-0.002458145883108165,True
1303502,AM,Norte,78.06000000000002,85.81000000000002,0.20822433501231338,0.05584838722516289,0.09090909090909091,0.0,0.0,0.0,122.63394453068612,99.70633199212675,-0.1523759477871505,True
1303536,AM,Norte,99.8,159.77,0.2894856746014997,0.16066789428279843,0.038461538461538464,0.01639344262295082,0.09615384615384616,0.06557377049180328,230.9353430371372,132.26981456262752,-0.12881778031870128,True
1303569,AM,Norte,100.0,186.18,0.06978479149294857,0.13565913751297548,0.0,0.022727272727272728,0.0,0.045454545454545456,119.66150703095884,108.11224174851701,0.06587434602002691,True
1303700,AM,Norte,98.21,106.37,0.3911869439070396,0.12758241055908134,0.25,0.06666666666666667,0.0,0.0,102.57755918554506,59.23301468753186,-0.2636045333479583,True
1303809,AM,Norte,44.1,60.245000000000005,0.006343176505376657,0.05397193619959072,0.0,0.0,0.0,0.02631578947368421,28.821107491921907,63.98525013893812,0.04762875969421406,True
1303908,AM,Norte,100.0,148.60999999999999,0.27045554811806916,0.22448255388998545,0.05555555555555555,0.0,0.027777777777777776,0.01,252.80443765191947,328.61620078145864,-0.04597299422808371,True
1303957,AM,Norte,95.93999999999998,132.36499999999998,0.25841932216559593,0.23502900584165382,0.0,0.030303030303030304,0.2,0.030303030303030304,138.70216149516344,253.14579202987443,-0.023390316323942117,True
1304005,AM,Norte,92.8,115.35000000000001,0.05130745809671218,0.058159556803677695,0.0,0.0,0.0,0.0,93.20429360001268,103.01563564014836,0.006852098706965515,True
1304062,AM,Norte,76.72,96.08500000000001,0.09211496762293062,0.12939731660782683,0.037037037037037035,0.025,0.0,0.075,72.08694981884413,57.17627185293344,0.03728234898489621,True
1304203,AM,Norte,97.93999999999998,93.69500000000001,0.3279551127226254,0.14078878171601666,0.0945945945945946,0.017241379310344827,0.06756756756756757,0.02586206896551724,201.33992343881127,151.83436622692048,-0.18716633100660873,True
1304260,AM,Norte,98.45,166.74,0.28608271178572037,0.18737420790310166,0.043478260869565216,0.0,0.0,0.0,335.98978963483063,288.0347360282511,-0.0987085038826187,True
1304302,AM,Norte,100.0,147.15,0.23059603086443606,0.07025780606967255,0.0,0.0,0.17647058823529413,0.0,128.39921115903064,120.3388043088704,-0.1603382247947635,True
1400027,RR,Norte,100.0,123.55499999999999,0.2936457283632601,0.12182665414439414,0.16666666666666666,0.0,0.0,0.07142857142857142,82.23366193681731,104.51453069450912,-0.17181907421886594,True
1400050,RR,Norte,100.0,116.13,0.16361568695269835,0.23446875253994226,0.0,0.1111111111111111,0.038461538461538464,0.0,205.73471451081218,116.8225223882339,0.07085306558724391,True
1400100,RR,Norte,60.62,105.005,0.23642202419258204,0.1634848104197969,0.06496062992125984,0.033214709371293,0.015748031496062992,0.014234875444839857,198.97335120584748,164.62015483579933,-0.07293721377278514,True
1400159,RR,Norte,100.0,155.01,0.12813634317906436,0.16501660004850177,0.0,0.03333333333333333,0.0,0.0,203.21357722853998,184.427758045606,0.03688025686943741,True
1400175,RR,Norte,86.42999999999999,184.22,0.34166191869100765,0.08912503261111407,0.0967741935483871,0.0,0.06451612903225806,0.03571428571428571,220.11545026264199,102.52211219768579,-0.25253688607989355,True
1400209,RR,Norte,100.0,156.74500000000003,0.27252768226072616,0.14690424572822347,0.07407407407407407,0.023809523809523808,0.07407407407407407,0.023809523809523808,157.88140136686724,149.06036937288613,-0.12562343653250269,True
1400233,RR,Norte,100.0,164.22,0.29730280189319364,0.21764599457895578,0.047619047619047616,0.03225806451612903,0.0,0.03225806451612903,343.1619176492673,221.6023093390132,-0.07965680731423785,True
1400308,RR,Norte,100.0,174.08,0.18378347443850698,0.11257323531419328,0.034482758620689655,0.0,0.0,0.02702702702702703,208.83080940983587,147.00210987982226,-0.0712102391243137,True
1400407,RR,Norte,98.42999999999999,125.12,0.3379038039726689,0.08200287550304357,0.05555555555555555,0.0,0.0,0.0,384.2513180885498,137.1562639550374,-0.2559009284696253,True
1400456,RR,Norte,100.0,144.29,0.17751548136106227,0.1614303090040477,0.07142857142857142,0.0,0.0,0.05263157894736842,120.50320943142403,184.81786071926854,-0.016085172357014565,True
1400472,RR,Norte,90.88,144.435,0.22054050346662074,0.1623142949260089,0.03333333333333333,0.034482758620689655,0.1,0.034482758620689655,138.40087865627345,134.8034032444644,-0.058226208540611835,True
1400506,RR,Norte,96.42,118.53,0.1423292204349787,0.2695246166929198,0.0,0.09090909090909091,0.0,0.09090909090909091,223.5359892728793,96.2899395394622,0.12719539625794113,True
1400605,RR,Norte,98.98,167.46,0.2120216974784982,0.12713840837625817,0.0,0.0,0.08333333333333333,0.0,218.71840777898717,201.78466032252203,-0.08488328910224002,True
1500107,PA,Norte,52.42,95.255,0.10069671286681811,0.1401023256366173,0.03225806451612903,0.046511627906976744,0.03225806451612903,0.03488372093023256,54.14567257755723,76.65959538700682,0.039405612769799175,True
1500131,PA,Norte,99.46,160.23499999999999,0.4287298738206912,0.1889085931848096,0.25,0.07692307692307693,0.0,0.0,156.33430472063694,125.0155507161272,-0.23982128063588162,True
1500206,PA,Norte,49.2,86.22,0.14307031434055484,0.10641564918791654,0.0425531914893617,0.008849557522123894,0.02127659574468085,0.017699115044247787,106.49239429133357,130.88738375406314,-0.036654665152638294,True
1500305,PA,Norte,24.41,100.105,0.12301187039126228,0.0587200148978276,0.0,0.0,0.125,0.04,38.963335928408846,53.60609560679469,-0.06429185549343469,True
1500347,PA,Norte,63.32,212.935,0.24898907221020578,0.05051925522196669,0.02857142857142857,0.0,0.0,0.0,314.89342982553615,92.07568639047481,-0.1984698169882391,True
1500404,PA,Norte,49.17,57.38,0.2719492587914799,0.2963295946839445,0.056910569105691054,0.0825242718446602,0.0,0.024271844660194174,286.90240609604757,236.3301084059018,0.024380335892464577,True
1500503,PA,Norte,59.79,102.1,0.0787320168255026,0.14667662035166118,0.0,0.015873015873015872,0.0,0.031746031746031744,132.47280643016583,155.81785023500856,0.06794460352615858,True
1500602,PA,Norte,69.85,67.89500000000001,0.038087324658227395,0.2181146538602218,0.0,0.050955414012738856,0.023255813953488372,0.10191082802547771,45.08167848690052,94.67980412445631,0.1800273292019944,True
1500701,PA,Norte,32.87,108.125,0.1737080526055591,0.05768398102353537,0.07692307692307693,0.0,0.0,0.0,103.25029175008477,102.33467104163235,-0.11602407158202374,True
1500800,PA,Norte,84.74,96.06000000000002,0.11757770173535659,0.17920837758327063,0.009523809523809525,0.04070796460176991,0.0380952380952381,0.09557522123893805,119.81859437949177,68.93359745227805,0.06163067584791404,True
1500859,PA,Norte,76.21,90.66,0.16288992280412923,0.1413862200588078,0.0,0.0,0.058823529411764705,0.09090909090909091,179.1350813340862,108.06744651939515,-0.02150370274532143,True
1500909,PA,Norte,99.43999999999998,159.625,0.2863396091726127,0.2361746095442992,0.026785714285714284,0.0048543689320388345,0.008928571428571428,0.009708737864077669,361.0020238513809,335.29710601519173,-0.0501649996283135,True
1500958,PA,Norte,54.9,131.875,0.2730868566828055,0.3880932153517207,0.0,0.024875621890547265,0.015625,0.01990049751243781,391.1503697513286,627.0579390269917,0.11500635866891518,True
1501006,PA,Norte,100.0,116.405,0.36742528570469235,0.5453998045536605,0.2222222222222222,0.16666666666666666,0.0,0.3333333333333333,68.55385841383377,24.280068333879672,0.1779745188489682,True
1501204,PA,Norte,76.66,83.845,0.06114157588735995,0.1501174019788188,0.0,0.025974025974025976,0.0,0.05194805194805195,107.28551125803412,113.68993639003472,0.08897582609145883,True
1501253,PA,Norte,100.0,173.65,0.21757442785223682,0.25260373293662025,0.0,0.08333333333333333,0.0,0.0,331.277646015389,202.4509464658823,0.03502930508438343,True
1501303,PA,Norte,91.91,99.895,0.2770873818840792,0.26816452571480837,0.13043478260869565,0.0196078431372549,0.06521739130434782,0.20915032679738563,54.47597022654712,99.05570812731317,-0.008922856169270854,True
1501402,PA,Norte,40.9,64.915,0.2630095646085324,0.16645608836383585,0.0547112462006079,0.022525192649673977,0.182370820668693,0.06550088915234144,49.895322082674625,127.47942701777674,-0.09655347624469657,True
1501451,PA,Norte,100.0,167.53,0.3817037666200508,0.23656260977209953,0.075,0.0625,0.1,0.09375,279.674240730024,106.54366046838868,-0.14514115684795126,True
1501501,PA,Norte,100.0,144.99499999999998,0.06946616020707808,0.19260537138163897,0.0,0.08823529411764706,0.07142857142857142,0.058823529411764705,29.54090036906907,32.17112341465061,0.12313921117456089,True
1501576,PA,Norte,100.0,143.35999999999999,0.26706621470166736,0.20490501858477933,0.022727272727272728,0.0,0.022727272727272728,0.027777777777777776,324.80019132502576,278.26717220615024,-0.06216119611688803,True
1501600,PA,Norte,100.0,221.83,0.2648133878901225,0.012719242790570445,0.0,0.0,0.25,0.0,85.0926012490294,37.95083108026139,-0.252094145099552,True
1501709,PA,Norte,100.0,176.26999999999998,0.1737306489432961,0.20492256615031454,0.08045977011494253,0.050955414012738856,0.0,0.09554140127388536,95.68649827414711,83.78594525105771,0.031191917207018444,True
1501725,PA,Norte,100.0,99.11,0.1871370465504596,0.31103974775895205,0.0,0.01935483870967742,0.0,0.0064516129032258064,287.69515085165295,415.438955534297,0.12390270120849245,True
1501782,PA,Norte,35.97,129.3,0.28132711414514067,0.25325638290210695,0.125,0.04819277108433735,0.025,0.12048192771084337,122.704555551521,127.61964492910549,-0.02807073124303372,True
1501808,PA,Norte,55.75,60.220000000000006,0.17867756090401316,0.16273834909322366,0.019230769230769232,0.049019607843137254,0.11538461538461539,0.049019607843137254,89.43573661712959,85.94006720813705,-0.0159392118107895,True
1501907,PA,Norte,63.3,119.61,0.1726159777163649,0.14668339734492494,0.02857142857142857,0.0,0.0,0.15384615384615385,205.53678089388112,36.64737043636934,-0.025932580371439945,True
1502004,PA,Norte,25.72,63.8,0.15646352887007298,0.06262668492960394,0.0,0.0,0.1111111111111111,0.0,104.29663422540337,109.41200029496842,-0.09383684394046904,True
1502103,PA,Norte,48.5,108.43999999999998,0.11881457099169192,0.142747005189644,0.0410958904109589,0.043010752688172046,0.0136986301369863,0.06451612903225806,84.40386197534565,50.76806611520923,0.023932434197952088,True
1502152,PA,Norte,100.0,71.135,0.23091868641134844,0.17670671289916523,0.09523809523809523,0.02112676056338028,0.047619047619047616,0.028169014084507043,86.05526872484973,192.02334284729358,-0.05421197351218321,True
1502202,PA,Norte,100.0,110.21000000000001,0.30264654458265966,0.22243589499771485,0.0,0.05263157894736842,0.2978723404255319,0.11578947368421053,79.17071168078657,79.84531183586647,-0.08021064958494481,True
1502301,PA,Norte,99.1,105.29,0.19600939151112828,0.17696324779868255,0.0,0.019417475728155338,0.06451612903225806,0.08737864077669903,219.4120609748053,121.73597768837048,-0.01904614371244573,True
1502400,PA,Norte,89.55,103.03999999999999,0.18509052320701452,0.09657274901767801,0.07792207792207792,0.008152173913043478,0.05194805194805195,0.016304347826086956,52.192441620688896,120.04229190276112,-0.08851777418933651,True
1502707,PA,Norte,89.74,99.275,0.23243712668389738,0.14965384926048503,0.0392156862745098,0.006329113924050633,0.11764705882352941,0.02531645569620253,120.6487888256867,188.65041874703775,-0.08278327742341235,True
1502756,PA,Norte,68.92,109.045,0.040250411648350394,0.1300657137096266,0.0,0.0,0.0,0.0,77.37199618312567,205.9761927434422,0.08981530206127622,True
1502764,PA,Norte,100.0,124.67,0.09327950053422857,0.24692388552540334,0.0,0.13333333333333333,0.0,0.0,153.30297023742668,86.92756997209015,0.15364438499117478,True
1502772,PA,Norte,100.0,147.66,0.34878228376396275,0.2525744481200215,0.013888888888888888,0.020202020202020204,0.0,0.010101010101010102,489.3200560630494,325.3233344154689,-0.09620783564394125,True
1502806,PA,Norte,40.71999999999999,85.53,0.11214918768138193,0.10055789293975162,0.0,0.0,0.041666666666666664,0.08,128.01777083648432,63.3006203222808,-0.011591294741630315,True
1502905,PA,Norte,95.25,114.63,0.12198421091173714,0.1343154036414162,0.02702702702702703,0.007352941176470588,0.02702702702702703,0.007352941176470588,102.42849495132175,187.0383298616089,0.012331192729679058,True
1502939,PA,Norte,87.29,74.30499999999999,0.12718338686682223,0.11956366066285361,0.022727272727272728,0.037037037037037035,0.022727272727272728,0.0,124.50560595457249,111.39001994181386,-0.007619726203968627,True
1502954,PA,Norte,50.38,106.68999999999998,0.19258310469152798,0.1670645177437055,0.0,0.011904761904761904,0.0,0.023809523809523808,295.4932199510035,203.49651758801448,-0.02551858694782247,True
1503044,PA,Norte,90.09,158.07,0.24842705858154285,0.2245827482894957,0.08333333333333333,0.028985507246376812,0.08333333333333333,0.028985507246376812,91.86204707643081,242.67174607677214,-0.023844310292047144,True
1503077,PA,Norte,99.4,134.595,0.1592127887347236,0.16413855804068223,0.034482758620689655,0.023809523809523808,0.0,0.07142857142857142,173.64868318689796,113.96148868535654,0.004925769305958616,True
1503093,PA,Norte,60.589999999999996,131.1,0.2189826533073516,0.17537284869088426,0.0,0.013157894736842105,0.0,0.02631578947368421,333.2940474422557,209.55539009267247,-0.043609804616467324,True
1503101,PA,Norte,51.42,72.53,0.3738320656496221,0.2933992429399694,0.16,0.049019607843137254,0.04,0.029411764705882353,161.15708878100824,297.6437527461961,-0.08043282270965274,True
1503200,PA,Norte,100.0,149.915,0.11649316403933462,0.10723042804539573,0.0625,0.029411764705882353,0.0,0.0,52.30382337662647,110.10802860443059,-0.009262735993938884,True
1503309,PA,Norte,47.839999999999996,85.88499999999999,0.09609090711173465,0.14541798777497728,0.0,0.03305785123966942,0.017241379310344827,0.01652892561983471,135.685427220239,136.20791891331248,0.04932708066324262,True
1503457,PA,Norte,77.8,191.855,0.3361744084189281,0.24678260510865094,0.0,0.04854368932038835,0.03529411764705882,0.009708737864077669,456.7931296111192,256.6500156928003,-0.08939180331027716,True
1503507,PA,Norte,91.99,161.115,0.09026112723159166,0.149132474795932,0.0,0.02857142857142857,0.037037037037037035,0.02857142857142857,102.48840531846729,136.0456167184062,0.05887134756434034,True
1503606,PA,Norte,78.04,81.105,0.27223284697180583,0.24622567814910135,0.06944444444444445,0.03982300884955752,0.06944444444444445,0.11504424778761062,173.21438321134457,142.35515481305353,-0.026007168822704485,True
1503705,PA,Norte,51.36,99.06500000000001,0.19146496201515067,0.24057349978665069,0.09375,0.1282051282051282,0.0,0.02564102564102564,92.53489811188864,56.66182454159178,0.04910853777150001,True
1503754,PA,Norte,77.54,70.96000000000001,0.06473550168751557,0.1268475158463265,0.0,0.0,0.0,0.06451612903225806,112.43156019868205,120.38096885190527,0.06211201415881093,True
1503804,PA,Norte,58.53000000000001,120.66,0.15447168935000843,0.30334724847653727,0.046511627906976744,0.08333333333333333,0.0,0.07407407407407407,141.02428828899033,182.12399817253527,0.14887555912652883,True
1503903,PA,Norte,46.48,122.92999999999999,0.11395664810918107,0.13267199151400366,0.0,0.031746031746031744,0.021739130434782608,0.031746031746031744,155.62088529904705,101.67274791734208,0.018715343404822588,True
1504000,PA,Norte,36.21,119.855,0.06011834670724059,0.09650290691566706,0.0,0.0,0.0,0.0,105.82037599058775,157.91848205287963,0.03638456020842647,True
1504059,PA,Norte,100.0,122.26,0.2652105734336465,0.14325386597212553,0.0273972602739726,0.010526315789473684,0.0410958904109589,0.010526315789473684,289.05474951289534,189.03773205191186,-0.12195670746152099,True
1504208,PA,Norte,31.140000000000004,55.945,0.11587398482130756,0.15856455815793136,0.036585365853658534,0.05319148936170213,0.04878048780487805,0.06382978723404255,45.84277162641826,52.41207638158065,0.042690573336623794,True
1504307,PA,Norte,100.0,149.53500000000003,0.22083729583403233,0.2208661593175683,0.038461538461538464,0.0625,0.11538461538461539,0.025,108.4991073272008,170.37027409176886,2.8863483535979118e-05,True
1504406,PA,Norte,81.5,105.37,0.21998089213155492,0.05678840656480383,0.14285714285714285,0.0,0.0,0.03333333333333333,27.893255053982777,59.20895007588786,-0.1631924855667511,True
1504422,PA,Norte,66.77,111.37,0.13682408571920468,0.13040584045414927,0.015151515151515152,0.041379310344827586,0.07575757575757576,0.020689655172413793,88.01216801195618,91.61652532191268,-0.006418245265055411,True
1504455,PA,Norte,62.64,80.46000000000001,0.16040433672268248,0.09937137272746024,0.0,0.021739130434782608,0.022727272727272728,0.0,220.88770722418343,115.33421994649699,-0.061032963995222234,True
1504505,PA,Norte,73.27,88.89,0.03690377038169754,0.0417963231963038,0.0,0.0,0.0,0.0,72.58002753863059,79.58554674761885,0.004892552814606266,True
1504604,PA,Norte,87.92999999999999,116.7,0.1009641899901164,0.11732519113656138,0.0,0.02857142857142857,0.06666666666666667,0.02857142857142857,80.61973497865814,90.50159397505811,0.01636100114644498,True
1504703,PA,Norte,32.39,54.39,0.2541757314853195,0.16444548524101624,0.15384615384615385,0.05194805194805195,0.0,0.05194805194805195,53.253637922757534,78.41864737968218,-0.08973024624430329,True
1504802,PA,Norte,38.73,81.65,0.24297375696874757,0.24190840748331724,0.07547169811320754,0.08,0.07547169811320754,0.09333333333333334,110.80763255562822,77.1345186885915,-0.001065349485430328,True
1504901,PA,Norte,52.03000000000001,82.765,0.10806907708942544,0.06868939342746253,0.03571428571428571,0.02564102564102564,0.0,0.0,97.7722443454639,63.0209577738322,-0.039379683661962914,True
1504950,PA,Norte,81.02,160.94,0.07636625010793888,0.31857505713737444,0.0,0.02197802197802198,0.0,0.02197802197802198,129.08532655781795,401.10414832762376,0.24220880702943556,True
1504976,PA,Norte,95.53,150.48,0.01430381420563054,0.03929164875112379,0.0,0.0,0.0,0.0,40.21973770362516,75.99916851055885,0.024987834545493248,True
1505031,PA,Norte,95.09,93.64,0.19640487869883583,0.09519457720664101,0.046511627906976744,0.0,0.0,0.044444444444444446,201.06733219857216,100.25395718053046,-0.10121030149219482,True
1505064,PA,Norte,48.94,86.67999999999999,0.14316738816884833,0.21334448897971342,0.03076923076923077,0.04,0.0,0.14,158.64964717929303,63.56630705675961,0.07017710081086509,True
1505106,PA,Norte,45.92,95.68499999999999,0.16269378361547487,0.1738401982914987,0.041666666666666664,0.07142857142857142,0.08333333333333333,0.047619047619047616,58.59492452711731,55.46442259436457,0.011146414676023814,True
1505205,PA,Norte,54.4,93.675,0.09991926818681313,0.14885348652920563,0.0,0.04,0.0,0.02,162.81028095966022,121.85945311817156,0.048934218342392505,True
1505304,PA,Norte,74.17,76.225,0.10319988692399235,0.20267568581163964,0.02702702702702703,0.030303030303030304,0.02702702702702703,0.13636363636363635,75.53170967163224,73.68191480389494,0.0994757988876473,True
1505403,PA,Norte,100.0,156.81,0.23163359102199152,0.20594097939485523,0.0,0.03508771929824561,0.1875,0.03508771929824561,116.03963347091451,195.21256976881946,-0.02569261162713629,True
1505437,PA,Norte,100.0,124.87,0.3371552946587372,0.19736013080008122,0.0,0.0,0.009900990099009901,0.00847457627118644,490.0736569621869,291.6951742581351,-0.139795163858656,True
1505486,PA,Norte,47.12,96.34,0.1788582039441323,0.19625867531156616,0.02127659574468085,0.02727272727272727,0.0425531914893617,0.02727272727272727,176.72571507470258,207.94402450772594,0.017400471367433862,True
1505494,PA,Norte,100.0,165.21,0.1670999569306923,0.2525341373832574,0.0,0.08695652173913043,0.0,0.0,259.00456302510224,194.5693704443183,0.08543418045256512,True
1505502,PA,Norte,71.0,105.415,0.07606633560407355,0.2026810603479513,0.0,0.025974025974025976,0.06666666666666667,0.06493506493506493,44.96914442329532,172.65186043833796,0.12661472474387775,True
1505536,PA,Norte,61.78000000000001,62.644999999999996,0.2381353171516232,0.2752489560638153,0.08108108108108109,0.06735751295336788,0.07207207207207207,0.15544041450777202,96.09925625957221,74.06456701486408,0.037113638912192076,True
1505551,PA,Norte,100.0,201.99,0.29426251369161394,0.3915030828301206,0.0,0.014084507042253521,0.13333333333333333,0.04225352112676056,273.7118381640155,591.3150716858037,0.09724056913850665,True
1505601,PA,Norte,100.0,168.98,0.3641570996802156,0.30028876396727466,0.0,0.125,0.6,0.0625,63.87422779141783,102.78145651159274,-0.06386833571294093,True
1505635,PA,Norte,100.0,163.65,0.05416749423920089,0.06082561839936152,0.0,0.0,0.0,0.0,97.29950501495941,106.83309994327247,0.006658124160160629,True
1505650,PA,Norte,23.73,139.055,0.30025946287767746,0.25946878736261264,0.08823529411764706,0.028169014084507043,0.0,0.04225352112676056,260.1594621559331,277.7224787922992,-0.04079067551506482,True
1505700,PA,Norte,67.63,118.17999999999999,0.0642934698212431,0.05185203647236995,0.0,0.0,0.0,0.0,111.79862625856966,93.98406122154567,-0.01244143334887314,True
1505809,PA,Norte,52.21,111.09,0.2280611408629094,0.20892806081470705,0.09090909090909091,0.08620689655172414,0.09090909090909091,0.034482758620689655,36.919466208775205,90.45476999476162,-0.019133080048202356,True
1505908,PA,Norte,59.69,80.485,0.03547950659074625,0.10544708663232448,0.0,0.0,0.0,0.05405405405405406,70.54066123554477,102.87130509350324,0.06996758004157823,True
1506005,PA,Norte,59.64,92.22500000000001,0.10200013645042119,0.126881538905542,0.0,0.0,0.05263157894736842,0.0967741935483871,99.72134133679494,79.93610057716162,0.0248814024551208,True
1506104,PA,Norte,100.0,161.27,0.35671140927248074,0.24251749751995255,0.0,0.09090909090909091,0.6,0.09090909090909091,53.21293722346629,57.61914755928738,-0.11419391175252819,True
1506112,PA,Norte,96.1,183.48499999999999,0.5816066753659994,0.19593874989946647,0.14285714285714285,0.0,0.7142857142857143,0.2,68.40447869572961,49.2378540497313,-0.38566792546653295,True
1506138,PA,Norte,49.339999999999996,73.17,0.24785557656304075,0.26363942776652766,0.06329113924050633,0.06140350877192982,0.08860759493670886,0.07017543859649122,127.46981543279726,177.26248200742367,0.01578385120348691,True
1506161,PA,Norte,95.98,133.26,0.12490915116597004,0.28636335238063665,0.0,0.0759493670886076,0.045454545454545456,0.012658227848101266,141.5335023529541,250.7599443011297,0.1614542012146666,True
1506187,PA,Norte,66.47,80.13,0.2208877449135756,0.08880596215590499,0.04597701149425287,0.0273972602739726,0.022988505747126436,0.0,208.41446963366676,88.05328958545965,-0.13208178275767063,True
1506195,PA,Norte,54.62,114.88499999999999,0.19719351240636565,0.15868509473975742,0.016666666666666666,0.02631578947368421,0.016666666666666666,0.02631578947368421,245.37620713211305,157.39995774028534,-0.03850841766660823,True
1506203,PA,Norte,100.0,160.57500000000002,0.12638083780386955,0.1527720000812754,0.037037037037037035,0.0449438202247191,0.037037037037037035,0.011235955056179775,74.65872405947665,127.85339487026128,0.026391162277405844,True
1506302,PA,Norte,73.64,81.23,0.02165199246134285,0.06933579916329895,0.0,0.0,0.0,0.034482758620689655,50.74140315561175,75.73236054024038,0.0476838067019561,True
1506500,PA,Norte,99.67999999999999,97.125,0.07964314340054857,0.0922616235526503,0.02564102564102564,0.015873015873015872,0.0,0.0,78.70534765263304,117.7532603534439,0.012618480152101735,True
1506559,PA,Norte,100.0,171.105,0.25445946010650733,0.028450472104718037,0.0,0.0,0.25,0.0,70.26708117287451,60.47596945224832,-0.22600898800178928,True
1506583,PA,Norte,98.51,157.74500000000003,0.08782271034510171,0.12150390853031448,0.0,0.0,0.0,0.05128205128205128,145.48953419740647,129.3423492502415,0.03368119818521277,True
1506609,PA,Norte,98.45,163.45,0.08359502505737382,0.14023407391420534,0.0,0.030303030303030304,0.0,0.0,139.43602151905262,155.45082123542832,0.05663904885683152,True
1506708,PA,Norte,52.910000000000004,140.37,0.24042829601046803,0.15424890003399405,0.0,0.0,0.012987012987012988,0.00909090909090909,347.69889367158044,229.1916401742881,-0.08617939597647398,True
1506807,PA,Norte,74.49,93.59,0.37607149740740564,0.3347720379031497,0.08558558558558559,0.09926470588235294,0.22522522522522523,0.18382352941176472,91.67833615439415,55.13414408247184,-0.04129945950425595,True
1507003,PA,Norte,99.08,139.925,0.3405192683450052,0.20150280893419056,0.0,0.0,0.00819672131147541,0.014925373134328358,519.623811821317,289.52927477697233,-0.1390164594108146,True
1507201,PA,Norte,100.0,159.335,0.1256779115580386,0.19437115220558887,0.045454545454545456,0.09302325581395349,0.0,0.0,102.06563960297994,98.25710547438501,0.06869324064755028,True
1507300,PA,Norte,45.4,104.91499999999999,0.3009492269973035,0.16113332866649827,0.033707865168539325,0.02459016393442623,0.0056179775280898875,0.040983606557377046,371.2094762710773,146.19931036512625,-0.1398158983308052,True
1507409,PA,Norte,100.0,187.99,0.01743586474651501,0.11339653461371679,0.0,0.05263157894736842,0.0,0.0,44.704439465491376,69.06534359993096,0.09596066986720178,True
1507458,PA,Norte,100.0,141.29500000000002,0.22067791619105714,0.19581503910164466,0.045454545454545456,0.011363636363636364,0.0,0.03409090909090909,238.09367701603026,232.9196426230236,-0.024862877089412483,True
1507474,PA,Norte,100.0,203.0,0.11260389157720833,0.20329767393810178,0.0,0.038461538461538464,0.1,0.01282051282051282,55.44294996856033,212.13341300804993,0.09069378236089344,True
1507508,PA,Norte,100.0,166.49,0.037716900113549015,0.018002550870842536,0.0,0.0,0.0,0.0,73.74432686696466,45.51586259772446,-0.01971434924270648,True
1507607,PA,Norte,41.64,98.56000000000002,0.18786609769227117,0.235503288187454,0.02,0.05389221556886228,0.1,0.023952095808383235,120.25272645858207,211.1321279893754,0.047637190495182835,True
1507706,PA,Norte,78.7,108.08500000000001,0.022001622017728997,0.045922683576130004,0.0,0.0,0.0,0.0,51.24202862990012,85.49397492396484,0.023921061558401006,True
1507755,PA,Norte,100.0,164.60999999999999,0.16541023416024722,0.23372365648611024,0.0,0.07142857142857142,0.0,0.0,256.58509290903555,200.98623444142362,0.06831342232586302,True
1507805,PA,Norte,95.48,83.58500000000001,0.04414722668024455,0.06903147441355584,0.0,0.0,0.0,0.0,82.95174434206419,118.58285188504206,0.024884247733311285,True
1507904,PA,Norte,55.79,70.19000000000001,0.4017422686014526,0.23779627734137276,0.18181818181818182,0.04411764705882353,0.030303030303030304,0.07352941176470588,166.43226884320535,173.17486444240024,-0.16394599126007986,True
1507953,PA,Norte,41.160000000000004,60.040000000000006,0.2511765020849257,0.30167257296543387,0.07692307692307693,0.051470588235294115,0.11538461538461539,0.11764705882352941,69.33291232953805,193.4640114163978,0.05049607088050817,True
1507979,PA,Norte,100.0,99.715,0.2605946038692996,0.11782964402680328,0.0,0.0,0.23076923076923078,0.125,103.19224051101858,31.543040692522958,-0.14276495984249632,True
1508001,PA,Norte,43.0,80.17,0.17667992542370536,0.207507028445836,0.04225352112676056,0.04375,0.014084507042253521,0.025,164.28899524508148,191.51313830504168,0.030827103022130625,True
1508035,PA,Norte,100.0,195.83,0.2939873869977594,0.30162899082662126,0.02857142857142857,0.011627906976744186,0.05714285714285714,0.040697674418604654,307.593853738346,375.5708064536945,0.007641603828861865,True
1508050,PA,Norte,55.03000000000001,165.525,0.3206896496960504,0.4145032293232274,0.06060606060606061,0.043859649122807015,0.0,0.017543859649122806,348.7552876415238,576.7774538790179,0.09381357962717701,True
1508084,PA,Norte,73.61,79.645,0.29078960721486524,0.3807342438541705,0.02,0.02527075812274368,0.01,0.010830324909747292,380.6033267517433,505.9653109060776,0.08994463663930524,True
1508100,PA,Norte,85.9,105.52999999999999,0.07570688021645497,0.4205682722836497,0.01694915254237288,0.13114754098360656,0.0,0.19672131147540983,91.73761546870985,93.31463729254764,0.3448613920671947,True
1508126,PA,Norte,71.84,110.6,0.3413763064656633,0.13601140099915973,0.0,0.012345679012345678,0.009174311926605505,0.012345679012345678,504.8158189280625,172.47593761719804,-0.20536490546650357,True
1508159,PA,Norte,71.38,87.375,0.1966593345812804,0.2559140990311172,0.029850746268656716,0.03496503496503497,0.014925373134328358,0.055944055944055944,218.48026818038386,240.85030057744757,0.05925476444983682,True
1508209,PA,Norte,64.92,87.205,0.23779398444291489,0.13507761326943754,0.09302325581395349,0.011363636363636364,0.046511627906976744,0.06818181818181818,102.04703100233239,103.15694436439387,-0.10271637117347734,True
1508308,PA,Norte,63.1,160.20000000000002,0.2667950773388548,0.20769782362212255,0.061224489795918366,0.07207207207207207,0.02040816326530612,0.018018018018018018,244.63839075996623,139.7203645796991,-0.05909725371673227,True
1508357,PA,Norte,98.67999999999999,152.345,0.1393223131026888,0.09140973589855945,0.0,0.0,0.07142857142857142,0.0,129.56611001325064,150.62570285415757,-0.04791257720412935,True
1508407,PA,Norte,93.22,88.77499999999999,0.25024161917674503,0.1628886047055596,0.07272727272727272,0.017241379310344827,0.05454545454545454,0.05172413793103448,153.37753992047277,151.01384381849462,-0.08735301447118543,True
1600105,AP,Norte,100.0,145.95499999999998,0.20088362471586269,0.0560895680128756,0.0,0.0,0.125,0.0,150.4658769188643,100.05167249333017,-0.1447940567029871,True
1600204,AP,Norte,98.24,164.9,0.030931277539643965,0.13964127371352725,0.0,0.0,0.0,0.125,64.028170273924,62.77454631746131,0.10870999617388329,True
1600279,AP,Norte,100.0,199.35,0.2515851612264228,0.2989820720511163,0.06818181818181818,0.011494252873563218,0.045454545454545456,0.040229885057471264,176.47592869149165,372.6550325279806,0.047396910824693494,True
1600303,AP,Norte,66.83,90.55499999999999,0.5052730880835459,0.19638872975220736,0.10294117647058823,0.043233082706766915,0.3897058823529412,0.09398496240601503,44.83635128493069,90.10647441980322,-0.30888435833133854,True
1600501,AP,Norte,75.58,99.22500000000001,0.09041530329315575,0.0943971772569449,0.0,0.0,0.0,0.02857142857142857,149.2018006535718,119.03759576407533,0.003981873963789143,True
1600535,AP,Norte,93.79,175.675,0.012187355983902111,0.21493859848486507,0.0,0.08,0.0,0.04,37.189236186487655,105.4665440589505,0.20275124250096296,True
1600600,AP,Norte,95.56000000000002,97.56000000000002,0.49876535134357913,0.24330948119850593,0.1794871794871795,0.08653846153846154,0.23076923076923078,0.08653846153846154,58.71820266372492,73.62691030728098,-0.2554558701450732,True
1600808,AP,Norte,100.0,180.51500000000001,0.30466326720018855,0.17776521374452295,0.16666666666666666,0.05,0.0,0.0,98.00938943176675,166.8853164325017,-0.1268980534556656,True
1700400,TO,Norte,100.0,161.56,0.7104828652040734,0.02090622711939181,0.4,0.0,0.4,0.0,82.4777537483516,49.67356114625448,-0.6895766380846816,True
1700707,TO,Norte,100.0,159.05,0.03510511874113159,0.15576433845406343,0.0,0.037037037037037035,0.0,0.0,70.00458500469506,163.2248295503279,0.12065921971293184,True
1701002,TO,Norte,100.0,169.615,0.14668757358168258,0.0711192096479524,0.0,0.0,0.07692307692307693,0.0,133.21497607172145,121.57222570318116,-0.07556836393373018,True
1701903,TO,Norte,100.0,177.15,0.06821954772186674,0.3333333333333333,0.0,0.0,0.0,0.0,117.42027515864734,570.4399980546716,0.2651137856114666,True
1702000,TO,Norte,100.0,172.12999999999997,0.32632114884208696,0.2715242916494414,0.024390243902439025,0.013888888888888888,0.0,0.0,434.60361483150643,378.6963452284226,-0.05479685719264554,True
1702109,TO,Norte,61.87,116.81499999999998,0.2895273773458031,0.14803144035315066,0.08333333333333333,0.0375,0.1388888888888889,0.075,80.97357328397935,57.010351655694876,-0.14149593699265242,True
1702158,TO,Norte,100.0,284.21500000000003,0.14532822722027988,0.39554265460706717,0.0,0.14285714285714285,0.0,0.07142857142857142,227.83018913917226,189.6112127712788,0.2502144273867873,True
1702208,TO,Norte,92.92999999999999,169.99,0.013871024207687358,0.13722551284775364,0.0,0.05263157894736842,0.0,0.0,39.60003695456069,103.18543817524986,0.12335448864006628,True
1702307,TO,Norte,91.95,189.18,0.10760965013666471,0.2678475434388001,0.0,0.09523809523809523,0.0,0.0,173.82193898679543,198.7089837920185,0.16023789330213536,True
1702406,TO,Norte,99.01,136.13500000000002,0.04471396667468525,0.15091619606433365,0.0,0.02702702702702703,0.0,0.0,83.76324460951214,177.78251020717016,0.1062022293896484,True
1702554,TO,Norte,94.89,120.1,0.16101920751552506,0.2856143067316854,0.0,0.18181818181818182,0.16666666666666666,0.0,41.08084010774927,38.191086958166686,0.12459509921616035,True
1703701,TO,Norte,100.0,222.22,0.2295259759452729,0.24120309249392646,0.0,0.03571428571428571,0.2,0.0,97.33053003231315,288.40338061067956,0.011677116548653554,True
1705508,TO,Norte,100.0,158.89000000000001,0.16019013006044341,0.13503682532834102,0.0625,0.05555555555555555,0.0,0.0,114.8723732595204,93.77136424534876,-0.025153304732102394,True
1705607,TO,Norte,100.0,180.08,0.2539559368719439,0.07382379552830062,0.0,0.0,0.2,0.0,132.31115610459386,125.4448519282008,-0.18013214134364328,True
1707009,TO,Norte,92.11,147.15,0.42649537804120896,0.2934041711928664,0.125,0.14285714285714285,0.25,0.03571428571428571,48.12446400287736,88.19395653608102,-0.13309120684834258,True
1707108,TO,Norte,100.0,149.48,0.5099141048773388,0.16171084872731095,0.2,0.0,0.2,0.16666666666666666,69.24880159793744,42.07118318190655,-0.34820325615002784,True
1707207,TO,Norte,99.64,202.82999999999998,0.44163173992830107,0.28660922582696896,0.16666666666666666,0.10526315789473684,0.16666666666666666,0.05263157894736842,84.91412959483208,137.9729283767976,-0.1550225141013321,True
1708205,TO,Norte,100.0,137.48499999999999,0.030126525857493095,0.15608806232295952,0.0,0.0,0.0,0.012658227848101266,62.875867257195665,227.34702956692644,0.12596153646546643,True
1709005,TO,Norte,89.98,150.135,0.25115658012687586,0.22544690360760639,0.0,0.08,0.13636363636363635,0.04,208.18562945923168,120.51311303445544,-0.025709676519269475,True
1709302,TO,Norte,99.5,139.505,0.088598982631416,0.11256787836854648,0.0,0.0,0.05555555555555555,0.08108108108108109,76.86210634767114,79.14032398824521,0.023968895737130486,True
1709500,TO,Norte,99.82000000000001,143.405,0.19829703032797502,0.17757054561625327,0.07317073170731707,0.05,0.07317073170731707,0.1,54.6666356342347,41.0764626717743,-0.020726484711721754,True
1710508,TO,Norte,100.0,179.64000000000001,0.06663288003398853,0.05632597534901179,0.0,0.0,0.0,0.0,115.1483669367212,100.39017801329176,-0.010306904684976734,True
1712504,TO,Norte,100.0,227.51,0.24369483620251162,0.16117661848658893,0.0,0.0,0.2,0.1111111111111111,117.61855276049383,111.04518474561738,-0.08251821771592269,True
1713205,TO,Norte,100.0,150.81,0.1274978264164489,0.15282729511351792,0.0,0.017241379310344827,0.125,0.034482758620689655,45.38665976280892,158.25043914718637,0.025329468697069007,True
1713304,TO,Norte,100.0,110.25999999999999,0.0424030652396698,0.12669953065234882,0.0,0.0,0.0,0.08,80.45432490919775,100.73215189477132,0.08429646541267902,True
1713601,TO,Norte,88.16,245.87000000000003,0.5325933826761312,0.3968566652519391,0.14285714285714285,0.08333333333333333,0.2857142857142857,0.25,116.8574876821204,95.17768703596921,-0.13573671742419213,True
1714203,TO,Norte,100.0,199.9,0.04166726629508389,0.1960192655822292,0.0,0.058823529411764705,0.0,0.058823529411764705,79.40075352518302,100.23030191376688,0.15435199928714533,True
1716109,TO,Norte,100.0,113.63,0.1590802743255972,0.16578067293398335,0.029411764705882353,0.02608695652173913,0.08823529411764706,0.06086956521739131,73.58861094497617,124.67602774476563,0.006700398608386143,True
1716208,TO,Norte,99.03,132.8,0.150277561453806,0.3493546477009345,0.0,0.16666666666666666,0.058823529411764705,0.08333333333333333,161.075768934512,57.39338762173847,0.1990770862471285,True
1716505,TO,Norte,100.0,173.275,0.1825797744814972,0.20335199680951627,0.05,0.02127659574468085,0.0,0.0425531914893617,173.77916081268307,211.79774044091954,0.020772222328019063,True
1716604,TO,Norte,100.0,225.39000000000001,0.08484765837701702,0.1406944218636994,0.0,0.0,0.0,0.08695652173913043,141.229634611257,112.03854323120828,0.05584676348668238,True
1717503,TO,Norte,99.27,167.76,0.1210965646056403,0.08630645579172855,0.0,0.0,0.0,0.0,193.13350126575958,143.31844871261413,-0.03479010881391176,True
1718204,TO,Norte,100.0,122.47,0.19438976631384863,0.2278338548953044,0.02857142857142857,0.10526315789473684,0.08571428571428572,0.039473684210526314,129.1168626801519,70.33112261834387,0.033444088581455755,True
1718550,TO,Norte,89.55,173.07999999999998,0.4973344475683221,0.23787050048608166,0.0,0.0,0.4,0.14285714285714285,254.5674107136191,181.0103312774592,-0.25946394708224046,True
1720903,TO,Norte,71.27,100.96000000000001,0.01641909988113061,0.19056382200366673,0.0,0.10526315789473684,0.0,0.0,43.24856028229486,66.51649183900231,0.17414472212253612,True
1721000,TO,Norte,100.0,97.88499999999999,0.08380943354688977,0.1990013367295736,0.016574585635359115,0.038461538461538464,0.027624309392265192,0.13247863247863248,69.46712296901993,55.77462597682073,0.11519190318268382,True
1721109,TO,Norte,92.36,140.76,0.14690940088617604,0.09736366695731646,0.0,0.0,0.0,0.0,230.09423061382182,159.1509819838159,-0.04954573392885958,True
1721208,TO,Norte,100.0,154.79999999999998,0.20537985032592665,0.15469284155911525,0.04,0.05,0.08,0.025,127.48001610026428,102.4660580107548,-0.0506870087668114,True
1722081,TO,Norte,100.0,166.31,0.15126932869404813,0.10370168145903248,0.0,0.0,0.1111111111111111,0.08333333333333333,96.85919399995726,63.6177922727339,-0.04756764723501565,True
1722107,TO,Norte,92.28,158.07,0.4230815886626749,0.31311010392009275,0.075,0.02666666666666667,0.025,0.013333333333333334,433.06965377457317,394.06038863450425,-0.10997148474258217,True
2100055,MA,Nordeste,78.98,106.56000000000002,0.16071839842234587,0.21097179835248078,0.03508771929824561,0.04864864864864865,0.02631578947368421,0.08108108108108109,141.47094495782753,115.55423601719274,0.05025339993013492,True
2100105,MA,Nordeste,100.0,170.89000000000001,0.3241861255766463,0.0993289533330763,0.0,0.0,0.05263157894736842,0.0,417.8636841531988,161.96502446393916,-0.22485717224357,True
2100154,MA,Nordeste,100.0,190.665,0.038650945472249856,0.12419921504425722,0.0,0.0,0.0,0.125,75.08176213856973,40.66346387580944,0.08554826957200737,True
2100204,MA,Nordeste,100.0,208.47,0.08513107333432593,0.20911714594965167,0.0,0.056338028169014086,0.0,0.0,141.6354491221632,198.1644465662328,0.12398607261532574,True
2100303,MA,Nordeste,100.0,195.70499999999998,0.3333333333333333,0.2397397905541402,0.0,0.06493506493506493,0.0,0.0,588.4884148319621,223.54740519850222,-0.09359354277919313,True
2100402,MA,Nordeste,96.38,266.915,0.19353067060599113,0.13543705309253973,0.0,0.0,0.14285714285714285,0.1111111111111111,117.52128134407712,74.18937007547311,-0.05809361751345141,True
2100436,MA,Nordeste,100.0,189.2,0.20150211200255316,0.339403546447931,0.0,0.0891089108910891,0.019230769230769232,0.0297029702970297,284.12370825099873,277.04632193357895,0.13790143444537786,True
2100477,MA,Nordeste,100.0,217.81,0.2811955525381709,0.30734658510360463,0.014925373134328358,0.01744186046511628,0.04477611940298507,0.0,334.11068652526257,422.3582446617904,0.02615103256543372,True
2100501,MA,Nordeste,98.17,157.52,0.11494794495317785,0.0399613181404025,0.0,0.0,0.0,0.0,184.32945259908107,76.95805070315527,-0.07498662681277535,True
2100550,MA,Nordeste,100.0,187.115,0.07224184715091046,0.040387923720028585,0.0,0.0,0.0,0.0,123.17970116429916,77.56889614437563,-0.03185392343088188,True
2100600,MA,Nordeste,100.0,198.19,0.24714351726853245,0.33616771767922116,0.011904761904761904,0.024390243902439025,0.011904761904761904,0.04390243902439024,333.103616744644,393.59187927064977,0.0890242004106887,True
2100709,MA,Nordeste,100.0,187.74,0.13406817526856374,0.11192396298283082,0.03125,0.015625,0.0,0.0,144.58811928406055,146.43994434724604,-0.02214421228573292,True
2100808,MA,Nordeste,100.0,178.68,0.2652122354512338,0.14674374247086958,0.0,0.0,0.02564102564102564,0.0,367.3017759272723,229.85702863470462,-0.11846849298036422,True
2100832,MA,Nordeste,81.74,136.51000000000002,0.22915622591018311,0.21120383646873248,0.09523809523809523,0.012658227848101266,0.0,0.0,143.30789187971712,294.9682806280914,-0.01795238944145064,True
2100873,MA,Nordeste,99.17999999999999,250.42,0.3759412584941673,0.262971433886314,0.2857142857142857,0.0,0.0,0.0,80.74765850563499,396.28043900575506,-0.11296982460785332,True
2100907,MA,Nordeste,100.0,151.98499999999999,0.058128912428166896,0.07185511559724726,0.0,0.04,0.0,0.0,102.97175675535686,36.713509812361714,0.013726203169080367,True
2100956,MA,Nordeste,88.42999999999999,166.875,0.33212572308583066,0.2232079888389509,0.0,0.04477611940298507,0.0,0.04477611940298507,495.30066826619924,186.96603970414972,-0.10891773424687975,True
2101004,MA,Nordeste,100.0,177.14000000000001,0.08192098474046286,0.06451093978327263,0.0,0.0,0.0,0.0,137.03900670058627,112.11001584476433,-0.01741004495719023,True
2101103,MA,Nordeste,100.0,176.875,0.22244556016974362,0.09886889785774516,0.041666666666666664,0.0,0.0,0.0,248.76036825873817,161.30628298648165,-0.12357666231199846,True
2101202,MA,Nordeste,100.0,178.935,0.3525227049586859,0.3266432935295812,0.06666666666666667,0.07612456747404844,0.25,0.1245674740484429,67.49389181645834,167.57964396377693,-0.02587941142910466,True
2101301,MA,Nordeste,100.0,152.18,0.22093270304762444,0.10550199902162512,0.02564102564102564,0.0,0.0,0.0,281.0141957415298,170.80404813681312,-0.11543070402599932,True
2101400,MA,Nordeste,100.0,93.56499999999998,0.20236193579762074,0.12693811676439473,0.03496503496503497,0.041666666666666664,0.006993006993006993,0.03125,225.61865728165375,72.77758197944905,-0.07542381903322601,True
2101509,MA,Nordeste,100.0,165.92,0.23506856656910224,0.19906308761219138,0.024390243902439025,0.0625,0.04878048780487805,0.0625,242.70721237274554,92.07722984502172,-0.036005478956910864,True
2101608,MA,Nordeste,52.07,101.45,0.09391989557560365,0.21081507853838746,0.012987012987012988,0.04195804195804196,0.012987012987012988,0.1048951048951049,110.02367359528637,99.80622058864986,0.11689518296278381,True
2101707,MA,Nordeste,100.0,151.41,0.2558546344289702,0.3119852625099427,0.02564102564102564,0.030973451327433628,0.11538461538461539,0.10176991150442478,186.1755629169483,272.1850609558264,0.05613062808097247,True
2101772,MA,Nordeste,100.0,178.72,0.4305293339188536,0.3730453738551785,0.02127659574468085,0.009615384615384616,0.0851063829787234,0.028846153846153848,483.6699951140045,564.2383080985201,-0.05748396006367512,True
2101806,MA,Nordeste,100.0,189.32500000000002,0.09213072048080209,0.2689866967636957,0.0,0.1111111111111111,0.0,0.0,151.65806193778488,166.24786953877882,0.1768559762828936,True
2101905,MA,Nordeste,100.0,178.71,0.19614212504681283,0.09113628970846065,0.0,0.0,0.0,0.0196078431372549,300.5892886923963,125.6204146113971,-0.10500583533835219,True
2101939,MA,Nordeste,100.0,179.79,0.25707810630374184,0.3109492337929095,0.1,0.02631578947368421,0.0,0.05263157894736842,173.06083518821328,342.38878042967855,0.05387112748916767,True
2101970,MA,Nordeste,100.0,184.84,0.06502194809147296,0.05732341259777308,0.0,0.0,0.0,0.0,112.84171535925147,101.81838248460517,-0.007698535493699886,True
2102002,MA,Nordeste,100.0,211.48,0.27045972467089324,0.18772237533260344,0.02531645569620253,0.007142857142857143,0.0379746835443038,0.007142857142857143,304.9581022443563,264.22532400978054,-0.0827373493382898,True
2102036,MA,Nordeste,88.2,152.46,0.26835861667600813,0.13823055157588665,0.0,0.0625,0.0,0.0,403.9942060197491,83.4290235964206,-0.13012806510012148,True
2102077,MA,Nordeste,100.0,200.62000000000003,0.19172352577150653,0.39478585436804214,0.0,0.15384615384615385,0.2,0.15384615384615385,43.202184182161204,61.466366587586755,0.2030623285965356,True
2102101,MA,Nordeste,94.66,176.945,0.00015282346914449524,0.10789633495950132,0.0,0.012048192771084338,0.0,0.0,19.957301877749252,148.35519442108404,0.10774351149035682,True
2102200,MA,Nordeste,100.0,157.69000000000003,0.02484741062316379,0.22753059561277836,0.0,0.007142857142857143,0.0,0.007142857142857143,55.31683936685847,321.2256799417265,0.20268318498961457,True
2102309,MA,Nordeste,68.78,155.215,0.3471393817022147,0.21848665377351809,0.0,0.01639344262295082,0.015748031496062992,0.0,610.9113099695398,297.3738220065582,-0.12865272792869661,True
2102325,MA,Nordeste,84.64,170.26999999999998,0.12564696192221286,0.13911468729422657,0.0,0.0,0.014084507042253521,0.06306306306306306,181.96879923040183,139.77004816306797,0.013467725372013711,True
2102358,MA,Nordeste,100.0,216.75,0.37550834925102444,0.40008154080315617,0.3,0.0625,0.0,0.3125,80.12778701246852,66.08504431897114,0.024573191552131723,True
2102374,MA,Nordeste,100.0,179.81,0.14408210885867437,0.11272845656305588,0.0,0.0,0.0,0.0,226.04590464604658,181.15142486176023,-0.031353652295618484,True
2102408,MA,Nordeste,100.0,174.34,0.12767722474294632,0.21807539766990203,0.0,0.02040816326530612,0.0,0.0,202.5561774731764,288.16209387410765,0.0903981729269557,True
2102507,MA,Nordeste,86.37,154.60500000000002,0.132952731720774,0.17759723306117872,0.0,0.0625,0.05,0.0625,147.3449820309976,61.340830649590785,0.044644501340404735,True
2102556,MA,Nordeste,99.71,199.17,0.15300462227874148,0.10642461789925707,0.0,0.0,0.0,0.043478260869565216,238.8218197000706,117.54681189776487,-0.04658000437948441,True
2102606,MA,Nordeste,98.83,184.37000000000003,0.06211453199655115,0.24537494958399564,0.0,0.027777777777777776,0.0,0.05555555555555555,108.67866182190592,241.68412152934232,0.1832604175874445,True
2102705,MA,Nordeste,100.0,144.01,0.14808495910216457,0.10980271189433258,0.03571428571428571,0.0,0.0,0.017857142857142856,155.06994571476676,154.54603541461793,-0.03828224720783199,True
2102754,MA,Nordeste,100.0,153.85,0.26075555274555984,0.3642235445943234,0.0,0.06666666666666667,0.2,0.2,142.04734933977952,147.01307672867912,0.10346799184876354,True
2102804,MA,Nordeste,87.92999999999999,170.29500000000002,0.14386347827955637,0.3515396470995001,0.0,0.0036363636363636364,0.021739130434782608,0.014545454545454545,198.44369808770668,608.294723926825,0.20767616881994372,True
2102903,MA,Nordeste,81.18999999999998,115.52,0.10803236266777094,0.15426261276000763,0.0,0.018867924528301886,0.0,0.03773584905660377,174.42721007302754,152.72851333021256,0.04623025009223669,True
2103000,MA,Nordeste,100.0,125.845,0.08472075802530059,0.34002411693969364,0.023809523809523808,0.2619047619047619,0.023809523809523808,0.0,60.02144959174739,29.31883706488675,0.25530335891439304,True
2103109,MA,Nordeste,100.0,168.57500000000002,0.12588209831345457,0.3333333333333333,0.0,0.0,0.0,0.0,199.98578259735143,1390.0778580462631,0.20745123501987875,True
2103125,MA,Nordeste,100.0,197.415,0.06604463555191824,0.36013258608290794,0.0,0.017241379310344827,0.0,0.017241379310344827,114.30607495237673,476.72862007093033,0.2940879505309897,True
2103158,MA,Nordeste,100.0,198.5,0.050467309556168016,0.20551223322439155,0.0,0.058823529411764705,0.0,0.058823529411764705,92.00130674177898,113.82303554127793,0.15504492366822353,True
2103174,MA,Nordeste,100.0,185.57,0.261563692294989,0.027029313662914282,0.07142857142857142,0.0,0.07142857142857142,0.0,151.18529129810682,58.44104961789324,-0.2345343786320747,True
2103208,MA,Nordeste,100.0,112.17,0.22290153578161298,0.11369681242445848,0.0625,0.024691358024691357,0.0,0.0,204.6672051294479,129.50561777625913,-0.1092047233571545,True
2103257,MA,Nordeste,100.0,190.24,0.2828449211356232,0.3425452870985425,0.02631578947368421,0.003875968992248062,0.02631578947368421,0.003875968992248062,335.18118601934776,1154.6296646614658,0.05970036596291928,True
2103307,MA,Nordeste,92.41,123.005,0.16010311472746663,0.1777287712110879,0.0673076923076923,0.06611570247933884,0.0,0.05785123966942149,104.4217637836929,59.5989252258024,0.01762565648362127,True
2103406,MA,Nordeste,98.08,151.23,0.10205885903805402,0.09128908791969037,0.0,0.013157894736842105,0.02,0.013157894736842105,140.76788278221144,105.67515873356339,-0.01076977111836365,True
2103505,MA,Nordeste,100.0,186.59,0.39399232862837463,0.3864913248018807,0.029940119760479042,0.06474820143884892,0.017964071856287425,0.0035971223021582736,508.80426959423664,429.5629885168909,-0.007501003826493935,True
2103554,MA,Nordeste,100.0,175.435,0.15670069308076257,0.24658138060750925,0.0,0.02564102564102564,0.0,0.0,244.11412741395742,317.73987048427233,0.08988068752674669,True
2103604,MA,Nordeste,75.66,99.92999999999999,0.31368739032060133,0.3005404750374937,0.0,0.06422018348623854,0.30952380952380953,0.1651376146788991,80.35370933480364,104.84432005611532,-0.01314691528310763,True
2103703,MA,Nordeste,100.0,168.20499999999998,0.09122217780302556,0.10389829207439191,0.0,0.046511627906976744,0.0,0.0,150.3571432921348,68.60955522358167,0.012676114271366348,True
2103802,MA,Nordeste,100.0,151.82,0.10443285793518321,0.21284813369502928,0.0,0.03571428571428571,0.043478260869565216,0.08928571428571429,114.69486257463099,135.72219359609664,0.10841527575984607,True
2103901,MA,Nordeste,99.3,205.41,0.028692070666656057,0.10769487221383829,0.0,0.0,0.0,0.0,60.82190815350626,173.94396626402522,0.07900280154718223,True
2104008,MA,Nordeste,100.0,191.14000000000001,0.19473156379841106,0.14917778949336463,0.03225806451612903,0.016666666666666666,0.03225806451612903,0.016666666666666666,188.79173149161662,176.62374150797712,-0.045553774305046424,True
2104057,MA,Nordeste,100.0,210.67499999999998,0.1715213700431074,0.23219688199821426,0.0,0.014925373134328358,0.016129032258064516,0.04477611940298507,245.08867703583425,263.95076374266546,0.06067551195510684,True
2104073,MA,Nordeste,100.0,173.95,0.3048191328211131,0.3333333333333333,0.0,0.0,0.0,0.0,456.20107141353947,565.1401655121997,0.0285142005122202,True
2104081,MA,Nordeste,100.0,160.94,0.2349278041353874,0.24168218203423458,0.0,0.023255813953488372,0.0,0.0,356.1254944697743,315.8478193153469,0.006754377898847169,True
2104099,MA,Nordeste,100.0,193.405,0.2562715106106195,0.17787852087204425,0.02127659574468085,0.014285714285714285,0.0,0.0,340.98888636561145,243.7550941170003,-0.07839298973857523,True
2104107,MA,Nordeste,100.0,164.975,0.22613241837374104,0.3601706008259037,0.0,0.0,0.0,0.030612244897959183,343.5316102055665,501.50283416316773,0.13403818245216265,True
2104206,MA,Nordeste,100.0,180.395,0.31583532533423847,0.1950395385160244,0.04,0.044444444444444446,0.04,0.044444444444444446,335.8503852392799,147.7610949158908,-0.12079578681821407,True
2104404,MA,Nordeste,100.0,162.73,0.32430250269886457,0.11120768949136398,0.0,0.0,0.043478260869565216,0.08,429.5204921042641,78.54978719716952,-0.2130948132075006,True
2104503,MA,Nordeste,100.0,171.04,0.266215383245337,0.3424137806184863,0.0,0.1,0.07407407407407407,0.15,307.9400964971344,106.95559892040316,0.07619839737314932,True
2104552,MA,Nordeste,96.22,171.09,0.10893272316756065,0.19518950667881607,0.0,0.0,0.0,0.09090909090909091,175.71641287068783,185.1069741864056,0.08625678351125542,True
2104602,MA,Nordeste,100.0,201.0,0.3576856686506657,0.3528145796976922,0.0,0.005988023952095809,0.027777777777777776,0.011976047904191617,545.3261473220082,646.8971566109656,-0.004871088952973501,True
2104628,MA,Nordeste,100.0,198.21,0.3881260877973312,0.2955089890183504,0.0,0.0,0.0625,0.019230769230769232,516.0441009568002,418.72971204212274,-0.09261709877898083,True
2104651,MA,Nordeste,100.0,196.02,0.35640396679185876,0.19294857895363277,0.0,0.0,0.02631578947368421,0.0,534.4959967155162,296.016533047578,-0.163455387838226,True
2104677,MA,Nordeste,100.0,179.38000000000002,0.11887535975029861,0.3641268353493324,0.0,0.004032258064516129,0.0,0.028225806451612902,189.95301576650462,746.7330312745373,0.24525147559903376,True
2104701,MA,Nordeste,100.0,174.33,0.10241942158545084,0.30945929437220243,0.0,0.0,0.0,0.3,166.39018562768646,86.25485754950235,0.2070398727867516,True
2104800,MA,Nordeste,95.17,89.33500000000001,0.29270397425361844,0.2888075655540755,0.05063291139240506,0.0845771144278607,0.012658227848101266,0.04477611940298507,314.2138782936562,195.41135313654254,-0.0038964086995429414,True
2104909,MA,Nordeste,100.0,202.66000000000003,0.35833333333333334,0.3422090729783037,0.016666666666666666,0.005917159763313609,0.0,0.0,541.5829448334312,760.9543904251539,-0.016124260355029618,True
2105005,MA,Nordeste,100.0,192.50500000000002,0.10732849254645035,0.10814852608342594,0.0,0.0,0.0,0.017543859649122806,173.41935674115888,152.57071451393543,0.0008200335369755868,True
2105104,MA,Nordeste,100.0,197.62000000000003,0.1897043543429105,0.06028527970585632,0.02127659574468085,0.0,0.0,0.0,245.67310550598515,106.0594030124168,-0.12941907463705418,True
2105153,MA,Nordeste,100.0,150.27,0.25453335889782347,0.32030851103952007,0.0,0.0,0.06666666666666667,0.03488372093023256,300.5114363987243,434.5903350012968,0.0657751521416966,True
2105203,MA,Nordeste,100.0,205.25,0.1086401408072364,0.3314041975719295,0.0,0.024390243902439025,0.0,0.024390243902439025,175.29747179368124,411.26479932979186,0.22276405676469313,True
2105302,MA,Nordeste,72.64,87.80499999999999,0.15326272527303242,0.325008769316055,0.04950495049504951,0.05813953488372093,0.06930693069306931,0.24031007751937986,45.863044050755065,58.5758407438704,0.17174604404302257,True
2105351,MA,Nordeste,100.0,215.14000000000001,0.25753817113308763,0.284875610756562,0.0,0.05660377358490566,0.0,0.018867924528301886,388.50069128968045,282.3853252130967,0.027337439623474347,True
2105401,MA,Nordeste,100.0,146.315,0.17396593368295554,0.10900617900069051,0.019230769230769232,0.027777777777777776,0.0,0.0,227.53171874869224,116.1601753604975,-0.06495975468226503,True
2105427,MA,Nordeste,100.0,182.665,0.27069900582269724,0.23370272873298012,0.016666666666666666,0.031746031746031744,0.03333333333333333,0.09523809523809523,329.70512702705275,166.63437518801598,-0.03699627708971712,True
2105450,MA,Nordeste,100.0,234.23,0.4212067847008205,0.3699920868754171,0.02127659574468085,0.0625,0.06382978723404255,0.020833333333333332,793.504931714516,389.1302351077911,-0.05121469782540339,True
2105476,MA,Nordeste,100.0,165.25,0.22615137121847567,0.08898616685453098,0.0,0.0,0.0,0.05,343.5587482913235,84.39040056911479,-0.1371652043639447,True
2105500,MA,Nordeste,100.0,152.85500000000002,0.20576873020826691,0.2837298107428479,0.022727272727272728,0.006944444444444444,0.045454545454545456,0.04861111111111111,208.5003452545052,350.066882062158,0.077961080534581,True
2105609,MA,Nordeste,100.0,161.225,0.2898453281631634,0.21739657719854472,0.0,0.023809523809523808,0.019230769230769232,0.09523809523809523,410.6200632723116,160.33213977731845,-0.07244875096461867,True
2105708,MA,Nordeste,100.0,196.435,0.2146738655401269,0.3981055347550093,0.021505376344086023,0.07467532467532467,0.021505376344086023,0.012987012987012988,253.93919875669854,413.0843488299677,0.1834316692148824,True
2105807,MA,Nordeste,100.0,184.095,0.1927540180400538,0.2785424539385263,0.0,0.015151515151515152,0.0,0.0,295.7379463324123,386.03358680421286,0.08578843589847249,True
2105906,MA,Nordeste,100.0,189.58,0.1771943282582013,0.30695391769725855,0.06666666666666667,0.05263157894736842,0.0,0.21052631578947367,130.27103013793837,81.94120631670435,0.12975958943905724,True
2105922,MA,Nordeste,100.0,198.62999999999997,0.024981804080552342,0.0033391991710718266,0.0,0.0,0.0,0.0,55.50927386536548,24.51979042570411,-0.021642604909480515,True
2105948,MA,Nordeste,100.0,159.85,0.28249703476427307,0.42044022172543605,0.03333333333333333,0.11904761904761904,0.0,0.09523809523809523,352.64493898734315,246.51162716281323,0.13794318696116298,True
2105963,MA,Nordeste,100.0,184.03,0.48732276297226185,0.2665893480568854,0.16666666666666666,0.1111111111111111,0.16666666666666666,0.0,150.33791789961964,162.81516823690143,-0.22073341491537646,True
2105989,MA,Nordeste,100.0,196.315,0.1855644867161328,0.03900053972866651,0.0,0.0,0.14285714285714285,0.0,106.11470968763473,75.5823370677493,-0.14656394698746628,True
2106003,MA,Nordeste,100.0,185.89000000000001,0.39599225815111777,0.27210790988620615,0.038461538461538464,0.0625,0.019230769230769232,0.041666666666666664,480.0009775146736,222.82031927781188,-0.12388434826491163,True
2106102,MA,Nordeste,100.0,181.08,0.15746721105317218,0.03790823869295816,0.0,0.0,0.0,0.0,245.21168457547014,74.01829960558682,-0.11955897236021402,True
2106201,MA,Nordeste,100.0,177.845,0.09970470646135451,0.25108110982281107,0.0,0.0,0.0,0.15789473684210525,162.50305560182116,181.04955061807954,0.15137640336145655,True
2106300,MA,Nordeste,100.0,177.44,0.03718771874800611,0.25526885678052996,0.0,0.025,0.0,0.0,72.98660582401914,331.55604374425445,0.21808113803252385,True
2106326,MA,Nordeste,99.8,173.76500000000001,0.16995721597200542,0.08434814350033387,0.043478260869565216,0.0,0.0,0.029411764705882353,169.71271048964917,103.59377061685002,-0.08560907247167154,True
2106359,MA,Nordeste,66.26,199.23,0.09828207532087242,0.051782011021699215,0.0,0.0,0.0,0.0,160.46602704850667,93.88379359881763,-0.04650006429917321,True
2106375,MA,Nordeste,100.0,183.32999999999998,0.35256410256410253,0.3398272894179553,0.01282051282051282,0.0,0.0,0.007407407407407408,875.86600274824,772.0827046760212,-0.012736813146147219,True
2106409,MA,Nordeste,100.0,184.31,0.28047587605864555,0.19917733017951833,0.04878048780487805,0.0,0.0,0.0,316.5733258875849,304.9353200314773,-0.08129854587912722,True
2106508,MA,Nordeste,100.0,172.07999999999998,0.22249893866423792,0.1662620235815562,0.0425531914893617,0.0,0.0,0.0,246.93271176073765,257.80474804186895,-0.05623691508268172,True
2106607,MA,Nordeste,100.0,184.93,0.26333485259049044,0.26330566053488597,0.034482758620689655,0.12,0.08620689655172414,0.0,214.52274499224893,139.0216879804066,-2.9192055604476685e-05,True
2106631,MA,Nordeste,94.22,140.54,0.057490515877058085,0.016113193268756484,0.0,0.0,0.0,0.0,102.0576533268986,42.81054055509935,-0.0413773226083016,True
2106706,MA,Nordeste,99.88,188.615,0.2736473060388573,0.20355741465490715,0.08,0.024096385542168676,0.08,0.024096385542168676,139.31797104956752,229.2043467942195,-0.07008989138395014,True
2106755,MA,Nordeste,96.52,175.99,0.23043052427533747,0.11556858729534926,0.01818181818181818,0.0,0.0,0.0,310.63484701597133,185.21813423722566,-0.11486193697998821,True
2106805,MA,Nordeste,100.0,178.4,0.3172698202022067,0.2204519696228341,0.07894736842105263,0.012987012987012988,0.0,0.0,304.46485977174,307.50427377380095,-0.09681785057937259,True
2106904,MA,Nordeste,76.2,157.65,0.29400136692192813,0.19377645614544978,0.06382978723404255,0.0375,0.06382978723404255,0.025,223.49146928215174,185.27650753727582,-0.10022491077647835,True
2107001,MA,Nordeste,100.0,192.18,0.025919735646277982,0.06872413946890336,0.0,0.0,0.0,0.0,56.85227369579985,118.1427869659821,0.04280440382262538,True
2107100,MA,Nordeste,100.0,160.34,0.11834589910048927,0.1707643615133293,0.0,0.046511627906976744,0.0,0.0,189.19489482367712,164.35334208379908,0.052418462412840025,True
2107209,MA,Nordeste,100.0,172.82,0.21089171709346236,0.20760171781272116,0.0,0.02,0.0,0.0,321.70884617557067,274.0417614724276,-0.003289999280741196,True
2107258,MA,Nordeste,100.0,209.12000000000003,0.24818832349692335,0.3333333333333333,0.0,0.0,0.0,0.0,375.1128874788116,714.5817899961272,0.08514500983640996,True
2107357,MA,Nordeste,99.64,220.06,0.26153356052527044,0.22442777101391304,0.024390243902439025,0.03389830508474576,0.0,0.01694915254237288,341.8359510665916,247.00732657006387,-0.0371057895113574,True
2107407,MA,Nordeste,100.0,176.605,0.10986514610244041,0.2600540105470352,0.0,0.0625,0.08333333333333333,0.0125,72.44309709609921,242.17360389546752,0.15018886444459478,True
2107456,MA,Nordeste,100.0,180.45,0.23643436617920835,0.31857562959080643,0.03125,0.009900990099009901,0.0,0.0,291.1636073676149,454.6331860146221,0.08214126341159808,True
2107506,MA,Nordeste,60.52,52.86,0.06978473932614776,0.11515365712919168,0.010526315789473684,0.047337278106508875,0.0,0.0,97.05289536306854,82.95247930750519,0.04536891780304392,True
2107605,MA,Nordeste,100.0,166.19,0.1632353609082411,0.12440330617330977,0.030303030303030304,0.0,0.0,0.0392156862745098,188.38576623737356,148.64084306731283,-0.038832054734931315,True
2107704,MA,Nordeste,100.0,160.79999999999998,0.35488021946539106,0.2032159215387298,0.016666666666666666,0.009900990099009901,0.11666666666666667,0.0,345.6335908811976,289.45261846112936,-0.15166429792666125,True
2107803,MA,Nordeste,100.0,156.8,0.18548498998502005,0.10960989483882456,0.05405405405405406,0.0425531914893617,0.02702702702702703,0.0,135.30466372846428,85.28982409639757,-0.07587509514619549,True
2107902,MA,Nordeste,100.0,179.52999999999997,0.3333333333333333,0.2104778041804372,0.0,0.030303030303030304,0.0,0.030303030303030304,569.6386058463854,217.99156450106253,-0.1228555291528961,True
2108009,MA,Nordeste,100.0,186.15,0.24524761592683295,0.20085709886902464,0.0,0.0,0.19047619047619047,0.03614457831325301,131.7971865956056,261.9682069670617,-0.044390517057808304,True
2108058,MA,Nordeste,98.9,164.16,0.22972861685340035,0.14447948574228364,0.0,0.0,0.025,0.0,317.29838495501656,226.61489827714686,-0.0852491311111167,True
2108108,MA,Nordeste,98.5,190.70499999999998,0.26864139697906936,0.34085581426904316,0.0,0.029411764705882353,0.0,0.029411764705882353,404.3991117857338,407.70952516835587,0.0722144172899738,True
2108207,MA,Nordeste,100.0,190.945,0.2124527565116301,0.1721490975573593,0.02,0.04819277108433735,0.0,0.03614457831325301,280.9878376981754,117.35300161316273,-0.040303658954270793,True
2108256,MA,Nordeste,99.74,158.3,0.11692283858081526,0.10198508238661054,0.0,0.0,0.037037037037037035,0.02,140.66461681359405,140.66224391259738,-0.014937756194204718,True
2108306,MA,Nordeste,100.0,206.89499999999998,0.19552993356362366,0.13573640490112843,0.041666666666666664,0.025,0.020833333333333332,0.0,184.0684751220522,160.40063276153157,-0.05979352866249524,True
2108405,MA,Nordeste,100.0,220.56,0.021277167202134697,0.0967086977874411,0.0,0.0,0.0,0.045454545454545456,50.20470060933416,101.15400614073766,0.0754315305853064,True
2108454,MA,Nordeste,100.0,187.99,0.29192254824178043,0.3230995603117142,0.047619047619047616,0.056179775280898875,0.07142857142857142,0.07865168539325842,245.79370548282512,262.98125041360294,0.031177012069933785,True
2108504,MA,Nordeste,100.0,172.14000000000001,0.2621588248611191,0.19730648060715375,0.028985507246376812,0.025,0.043478260869565216,0.075,278.283183373404,154.4136387022691,-0.06485234425396533,True
2108603,MA,Nordeste,83.91,110.60000000000001,0.28708177121109885,0.3042346583124155,0.06722689075630252,0.07692307692307693,0.09243697478991597,0.13609467455621302,170.3765086655601,119.30814636503383,0.017152887101316627,True
2108702,MA,Nordeste,100.0,157.24500000000003,0.3444318012374016,0.12843575851081915,0.024096385542168676,0.016129032258064516,0.0,0.0,461.16693949017707,169.00018915808522,-0.21599604272658243,True
2108801,MA,Nordeste,100.0,158.06,0.20214216377858857,0.12659081743754677,0.03225806451612903,0.027777777777777776,0.0,0.0,239.8963619973259,141.33916208185468,-0.0755513463410418,True
2108900,MA,Nordeste,100.0,183.55,0.33503091880122715,0.271479567750625,0.012987012987012988,0.03669724770642202,0.025974025974025976,0.01834862385321101,438.96166869650176,306.6112136456258,-0.06355135105060217,True
2109007,MA,Nordeste,100.0,146.42,0.21725220264927872,0.2696904338135555,0.0,0.047619047619047616,0.0,0.02857142857142857,330.8162601224858,267.75873876895736,0.05243823116427679,True
2109056,MA,Nordeste,100.0,176.35,0.0989295521089193,0.025693493492092385,0.0,0.0,0.0,0.0,161.39313223222481,56.52832343566196,-0.07323605861682692,True
2109106,MA,Nordeste,100.0,176.785,0.3288376001278738,0.34274793495167455,0.04424778761061947,0.047337278106508875,0.07964601769911504,0.14792899408284024,295.57686852888634,223.14337592445654,0.013910334823800774,True
2109205,MA,Nordeste,100.0,184.92,0.05042520234834206,0.21525607793205342,0.0,0.0,0.0,0.0,91.94101452533505,327.95806102276214,0.16483087558371137,True
2109239,MA,Nordeste,99.92999999999999,295.015,0.3423106738766234,0.3532586206120693,0.16666666666666666,0.18181818181818182,0.0,0.0,151.91573252794902,135.04922180611874,0.010947946735445913,True
2109270,MA,Nordeste,100.0,191.54500000000002,0.16913147711170126,0.33027079635272394,0.05,0.08695652173913043,0.0,0.17391304347826086,154.52289335430638,87.56523098950656,0.16113931924102268,True
2109304,MA,Nordeste,100.0,199.07,0.05109382598953281,0.31001201336476814,0.0,0.03773584905660377,0.0,0.0,92.8983993384252,382.5871499293405,0.2589181873752353,True
2109403,MA,Nordeste,100.0,169.25,0.20227214024165519,0.2099106210196264,0.0,0.0196078431372549,0.037037037037037035,0.0196078431372549,262.87406347990793,253.57635103968622,0.007638480777971218,True
2109452,MA,Nordeste,100.0,124.84,0.07395302480643824,0.1166592805889965,0.0,0.015873015873015872,0.0,0.0,125.62989197266471,152.68763132480478,0.04270625578255825,True
2109502,MA,Nordeste,100.0,124.46,0.1701534134841307,0.2976064930487665,0.023809523809523808,0.012345679012345678,0.0,0.012345679012345678,212.23837066337228,403.859749775974,0.1274530795646358,True
2109601,MA,Nordeste,100.0,191.03,0.3520833333333333,0.3376811594202898,0.0125,0.002898550724637681,0.0,0.0,502.0692293814133,555.7623711776281,-0.014402173913043492,True
2109809,MA,Nordeste,99.92999999999999,113.625,0.2648065655846133,0.17383606771316717,0.009259259259259259,0.007407407407407408,0.037037037037037035,0.02962962962962963,332.5283427435127,215.5460060567634,-0.09097049787144612,True
2109908,MA,Nordeste,95.57000000000001,145.88500000000002,0.2945380637851942,0.33480624806620723,0.05813953488372093,0.06534090909090909,0.05232558139534884,0.08806818181818182,250.92278088151087,248.24682959654587,0.04026818428101303,True
2110005,MA,Nordeste,100.0,187.49,0.3101348164658953,0.182397628406265,0.0392156862745098,0.013636363636363636,0.032679738562091505,0.00909090909090909,338.56166490741043,240.20874070852793,-0.1277371880596303,True
2110039,MA,Nordeste,100.0,142.79000000000002,0.35097630585622663,0.295712072530284,0.16666666666666666,0.10526315789473684,0.05555555555555555,0.05263157894736842,94.58487376438745,151.00705797191796,-0.05526423332594266,True
2110104,MA,Nordeste,100.0,189.92,0.06794799896744569,0.08283101669110571,0.0,0.0,0.0,0.024390243902439025,117.03145155523231,107.72495693694651,0.01488301772366002,True
2110203,MA,Nordeste,100.0,157.5,0.10762888610609939,0.12320832288696588,0.04,0.025974025974025976,0.0,0.0,87.93704197935581,140.3699740395528,0.015579436780866499,True
2110237,MA,Nordeste,100.0,199.415,0.21289903794815512,0.189348119731469,0.058823529411764705,0.1111111111111111,0.0,0.0,198.24125248044442,52.21546103617293,-0.023550918216686118,True
2110278,MA,Nordeste,100.0,200.73,0.29701467332735265,0.2095999037566285,0.0,0.041666666666666664,0.0,0.08333333333333333,445.02606871636164,125.7585787828165,-0.08741476957072417,True
2110302,MA,Nordeste,100.0,171.28,0.24928833915339044,0.1278632077348811,0.04,0.0,0.08,0.0,190.35143999171984,202.8224816852954,-0.12142513141850933,True
2110401,MA,Nordeste,100.0,177.09,0.17478304943312667,0.18632102414675514,0.0,0.03508771929824561,0.0,0.0,270.0057834819466,211.16491967633132,0.011537974713628468,True
2110500,MA,Nordeste,100.0,139.245,0.10621396521314692,0.18921744230793475,0.02,0.012345679012345678,0.0,0.043209876543209874,128.86727377512364,209.91642304664668,0.08300347709478782,True
2110609,MA,Nordeste,99.56000000000002,147.48499999999999,0.15223753812172866,0.35007440476190477,0.0,0.011160714285714286,0.020833333333333332,0.0,211.57134484861726,981.2328244961876,0.1978368666401761,True
2110658,MA,Nordeste,99.48,153.275,0.14205584359703077,0.12733875323186766,0.0,0.0,0.0,0.06666666666666667,223.14454808417733,118.384786562191,-0.01471709036516311,True
2110708,MA,Nordeste,100.0,176.96,0.23852586162046074,0.23588191598436206,0.013888888888888888,0.01098901098901099,0.06944444444444445,0.14285714285714285,244.2730610087212,154.56060999982458,-0.0026439456360986824,True
2110807,MA,Nordeste,100.0,220.3,0.23789246872677788,0.08317726418219026,0.0,0.0,0.0,0.0,360.37052064122196,138.83784058023375,-0.15471520454458762,True
2110856,MA,Nordeste,88.83,116.0,0.027108117001072827,0.25408233642886763,0.0,0.0,0.0,0.0625,58.55388606956198,305.0960504452962,0.2269742194277948,True
2110906,MA,Nordeste,100.0,174.07,0.2280845841307873,0.1357223015505497,0.0,0.0,0.0,0.022727272727272728,346.3268656127822,185.54614259168895,-0.0923622825802376,True
2111003,MA,Nordeste,100.0,188.74,0.0634999749402752,0.3374299878726976,0.0,0.0,0.0,0.004672897196261682,110.66244156287071,631.0780873093544,0.2739300129324224,True
2111029,MA,Nordeste,100.0,228.55,0.19754221435940686,0.22395935505745007,0.0,0.027777777777777776,0.05263157894736842,0.05555555555555555,236.52555938424325,211.0196883565974,0.026417140698043212,True
2111052,MA,Nordeste,100.0,179.635,0.23443980186924446,0.15680318422435677,0.0,0.0,0.09090909090909091,0.11764705882352941,241.3084516838201,96.57839531544343,-0.07763661764488769,True
2111078,MA,Nordeste,100.0,186.51,0.1879749842605734,0.24848070749133971,0.0,0.02127659574468085,0.0,0.0,288.89497207925695,329.83343787609886,0.060505723230766306,True
2111102,MA,Nordeste,100.0,140.145,0.21785102741144644,0.22426248277102687,0.05405405405405406,0.03076923076923077,0.05405405405405406,0.007692307692307693,147.72169375767322,265.1114427537532,0.006411455359580431,True
2111201,MA,Nordeste,89.36,74.97500000000001,0.06153512534200718,0.07442526273677963,0.01694915254237288,0.018656716417910446,0.0,0.0037313432835820895,71.44544801338382,81.55101675503028,0.012890137394772447,True
2111250,MA,Nordeste,99.18999999999998,226.39000000000001,0.2918408546880808,0.18327309848143047,0.0,0.0,0.04,0.1,387.40576687258624,156.6323505149367,-0.10856775620665032,True
2111300,MA,Nordeste,43.42,59.81,0.1028286258921271,0.10482479746822948,0.02332657200811359,0.034013605442176874,0.006085192697768763,0.006184291898577613,109.23629709828492,89.01643585621143,0.001996171576102379,True
2111409,MA,Nordeste,100.0,176.78,0.165626698529645,0.35988846262298657,0.0,0.0111731843575419,0.0,0.0111731843575419,256.895042613278,558.8963870330007,0.19426176409334156,True
2111508,MA,Nordeste,100.0,153.23,0.22346000623339304,0.1419530495612917,0.03571428571428571,0.018691588785046728,0.011904761904761904,0.018691588785046728,248.05345543470102,159.3877871242657,-0.08150695667210134,True
2111532,MA,Nordeste,68.21,117.42999999999999,0.1551535417961952,0.30817588789841255,0.0,0.010526315789473684,0.0,0.010526315789473684,241.8988017028297,425.18528862821574,0.15302234610221735,True
2111573,MA,Nordeste,100.0,132.39000000000001,0.11711161018181135,0.10184787409465335,0.0,0.0,0.0,0.0,187.42754860241095,165.57180163116067,-0.015263736087158003,True
2111607,MA,Nordeste,100.0,187.44,0.288174023836689,0.3397520680698945,0.0,0.006329113924050633,0.0,0.0,432.3673724950597,492.6268928422665,0.0515780442332055,True
2111631,MA,Nordeste,100.0,185.84,0.22406927879536853,0.2045699270838744,0.0,0.07692307692307693,0.0,0.0,340.5774542680029,147.4406076599646,-0.01949935171149414,True
2111706,MA,Nordeste,100.0,197.45,0.2200627908314687,0.21060653100427534,0.0,0.021505376344086023,0.01818181818181818,0.010752688172043012,312.0170112832981,261.61314982178993,-0.009456259827193364,True
2111722,MA,Nordeste,100.0,216.65,0.19623779093309607,0.3413622366855751,0.0,0.06,0.16666666666666666,0.0,91.50941430904886,379.6575312779304,0.14512444575247901,True
2111748,MA,Nordeste,100.0,205.74,0.3783904653893959,0.33444641401555797,0.0,0.03125,0.5714285714285714,0.046875,84.25461419962092,372.66227043901733,-0.043944051373837945,True
2111763,MA,Nordeste,100.0,190.47,0.3327616579689048,0.4263381588270422,0.14285714285714285,0.14285714285714285,0.07142857142857142,0.21428571428571427,99.71673547610246,54.37776122241964,0.0935765008581374,True
2111789,MA,Nordeste,100.0,171.53,0.12016804969345365,0.11796740695007647,0.0,0.0,0.0,0.0,191.80398489677194,188.65294175119269,-0.002200642743377182,True
2111805,MA,Nordeste,100.0,184.49,0.24553977188091847,0.29129347994119453,0.0,0.029411764705882353,0.019230769230769232,0.0196078431372549,347.1800888128522,349.04938073376985,0.045753708060276066,True
2111904,MA,Nordeste,99.55,170.93,0.23490996662752464,0.21847543907129427,0.0,0.0,0.03333333333333333,0.06382978723404255,314.25658223001693,252.44217618171538,-0.01643452755623037,True
2111953,MA,Nordeste,100.0,140.42,0.3333333333333333,0.07071686905344639,0.0,0.0,0.0,0.0,690.9822740465032,120.99612466346363,-0.26261646427988694,True
2112001,MA,Nordeste,100.0,157.97,0.08059706645646703,0.09125109015406599,0.0,0.0,0.0,0.0,135.1433225207498,150.3985421361056,0.010654023697598963,True
2112100,MA,Nordeste,55.69,118.38,0.39922123000404375,0.25251787482856364,0.0625,0.016129032258064516,0.0,0.16129032258064516,457.1347924205993,144.20222135154154,-0.1467033551754801,True
2112209,MA,Nordeste,100.0,114.625,0.16729464753571316,0.1182313177795267,0.05714285714285714,0.06428571428571428,0.047619047619047616,0.0,76.7750330592537,50.95726373178308,-0.04906332975618646,True
2112233,MA,Nordeste,100.0,171.23,0.369047619047619,0.38222126066181666,0.023809523809523808,0.033707865168539325,0.0,0.02247191011235955,657.0935365160653,466.4240281620744,0.013173641614197651,True
2112274,MA,Nordeste,93.2,190.66,0.37145003209089705,0.19606689083370463,0.0,0.0,0.043478260869565216,0.05263157894736842,508.2458309683389,234.4130819741019,-0.17538314125719243,True
2112308,MA,Nordeste,100.0,206.365,0.35347752622673984,0.22461507209935516,0.045454545454545456,0.031914893617021274,0.07272727272727272,0.10638297872340426,336.9513589053353,139.26912758116748,-0.12886245412738467,True
2112407,MA,Nordeste,87.47,83.24,0.016085437570036866,0.1652351430936294,0.0,0.008,0.0,0.0,42.77079789152325,239.15189646325805,0.14914970552359255,True
2112456,MA,Nordeste,100.0,139.66,0.10938900456253917,0.22887836592566377,0.0,0.10714285714285714,0.05263157894736842,0.03571428571428571,110.30126953656628,72.50866926935296,0.1194893613631246,True
2112506,MA,Nordeste,98.66,158.45499999999998,0.27750738164369865,0.1391080493419184,0.014925373134328358,0.007194244604316547,0.03731343283582089,0.02158273381294964,338.19760940363466,176.3789700646453,-0.13839933230178025,True
2112605,MA,Nordeste,83.77,122.66499999999999,0.18782955425365339,0.24412171436487007,0.02127659574468085,0.006802721088435374,0.02127659574468085,0.0,216.28009319449052,354.67905629374604,0.05629216011121668,True
2112704,MA,Nordeste,80.32000000000001,137.575,0.25535714165158635,0.2228159446974016,0.00847457627118644,0.050359712230215826,0.0,0.007194244604316547,367.17594362414656,221.58874982584018,-0.03254119695418475,True
2112803,MA,Nordeste,100.0,142.87,0.24866154870967827,0.24352695195976895,0.09090909090909091,0.05161290322580645,0.0,0.05806451612903226,180.53493978803644,184.69517579085996,-0.00513459674990932,True
2112852,MA,Nordeste,80.14,159.03,0.1547126357834399,0.28058117291436757,0.0,0.038461538461538464,0.0,0.019230769230769232,241.2674798431056,314.7468443058322,0.12586853713092766,True
2112902,MA,Nordeste,100.0,177.51999999999998,0.20451865726620658,0.09802168608600313,0.03076923076923077,0.014925373134328358,0.0,0.0,246.49693476998198,128.0363016904491,-0.10649697118020345,True
2113009,MA,Nordeste,100.0,181.55,0.29053516619565906,0.29959524024359324,0.0,0.056962025316455694,0.0,0.0379746835443038,435.74823086853274,278.7077867874965,0.009060074047934186,True
2114007,MA,Nordeste,100.0,216.585,0.40074906367041196,0.19280403477330957,0.0449438202247191,0.01092896174863388,0.0,0.00546448087431694,515.6136828957927,265.47665055076317,-0.2079450288971024,True
2200202,PI,Nordeste,100.0,159.33,0.24210711649401018,0.13003909195044078,0.07407407407407407,0.021739130434782608,0.037037037037037035,0.021739130434782608,160.8156185705834,131.95737487800446,-0.1120680245435694,True
2200301,PI,Nordeste,100.0,181.76,0.11254856518344304,0.1447504171766032,0.0,0.045454545454545456,0.07692307692307693,0.045454545454545456,84.33221728050631,72.31592215692112,0.032201851993160155,True
2200400,PI,Nordeste,100.0,155.43,0.07801710561441697,0.15371469740914623,0.0,0.04597701149425287,0.021739130434782608,0.034482758620689655,104.15998853413763,97.80238017904625,0.07569759179472926,True
2200509,PI,Nordeste,100.0,182.77,0.3348110771658016,0.27772258444447906,0.02666666666666667,0.08955223880597014,0.013333333333333334,0.029850746268656716,425.1334481777129,187.58926771737345,-0.05708849272132255,True
2200707,PI,Nordeste,100.0,186.03,0.3280445282760989,0.5025619745394273,0.0,0.2,0.3333333333333333,0.2,71.02319973696122,58.72147726217156,0.17451744626332838,True
2200806,PI,Nordeste,100.0,222.08,0.26158381407206316,0.09622423705168429,0.0,0.0,0.2,0.0,143.2333152051982,157.5194619177736,-0.16535957702037887,True
2200905,PI,Nordeste,100.0,195.56,0.4435230161022756,0.21747474972806036,0.16666666666666666,0.125,0.16666666666666666,0.0,87.62219879067723,62.65854296239547,-0.22604826637421527,True
2201002,PI,Nordeste,100.0,154.85999999999999,0.0887539399844193,0.21329581740840625,0.0,0.0,0.0,0.1111111111111111,146.82293771361228,185.6733110100562,0.12454187742398695,True
2201101,PI,Nordeste,100.0,193.26,0.03577812882456744,0.11175508045228355,0.0,0.0,0.0,0.1111111111111111,70.96825065042444,40.279768988948994,0.07597695162771612,True
2201200,PI,Nordeste,100.0,156.35999999999999,0.2095777882188688,0.11875863714088988,0.03409090909090909,0.03488372093023256,0.03409090909090909,0.011627906976744186,203.81227872214006,100.26571890309137,-0.09081915107797892,True
2201507,PI,Nordeste,100.0,173.0,0.23410737967613726,0.12156304390166034,0.01282051282051282,0.0,0.02564102564102564,0.010638297872340425,295.2275027947908,180.44717344853817,-0.11254433577447692,True
2201606,PI,Nordeste,100.0,176.25,0.030628736079099887,0.0012882741848750149,0.0,0.0,0.0,0.0,63.594969020167596,21.58312424519768,-0.029340461894224873,True
2201770,PI,Nordeste,100.0,152.12000000000003,0.05547744871633703,0.057283825692723334,0.0,0.0,0.0,0.0,99.17519478269794,101.76169902419929,0.0018063769763863036,True
2201903,PI,Nordeste,100.0,155.975,0.18188036583044867,0.18501030861936626,0.02,0.022727272727272728,0.0,0.022727272727272728,237.2120261132071,207.3064721863477,0.0031299427889175946,True
2201929,PI,Nordeste,100.0,177.57,0.39933766953994315,0.017054514099388633,0.2,0.0,0.0,0.0,161.97750497400185,44.15839338586026,-0.3822831554405545,True
2201945,PI,Nordeste,100.0,160.42,0.12808857789373737,0.2694692509521743,0.0,0.16666666666666666,0.0,0.0,203.14518335798593,47.61599232201052,0.1413806730584369,True
2201988,PI,Nordeste,100.0,179.3,0.12295846163066528,0.5168515559502368,0.0,0.3333333333333333,0.0,0.16666666666666666,195.7995032218407,73.29659504154816,0.39389309431957154,True
2202000,PI,Nordeste,100.0,178.08,0.01930678927096744,0.019859899902411545,0.0,0.0,0.0,0.0,47.38336766336174,48.175352400186526,0.0005531106314441044,True
2202059,PI,Nordeste,100.0,171.35999999999999,0.05233371104369273,0.2314112310554871,0.0,0.08695652173913043,0.0,0.043478260869565216,94.6737585206344,109.74571966650144,0.1790775200117944,True
2202208,PI,Nordeste,100.0,160.775,0.15658045028351691,0.13911993220884133,0.009174311926605505,0.033707865168539325,0.0,0.0449438202247191,224.23726669164745,90.1245403151078,-0.01746051807467558,True
2202307,PI,Nordeste,100.0,198.81,0.25497210212336663,0.21230856070779142,0.014492753623188406,0.008620689655172414,0.014492753623188406,0.017241379310344827,335.5059378644713,283.57885252358864,-0.04266354141557521,True
2202406,PI,Nordeste,100.0,189.18,0.030348322913200103,0.2970332213157196,0.0,0.0,0.0,0.3333333333333333,63.19345269635817,26.61891534003281,0.26668489840251947,True
2202505,PI,Nordeste,100.0,169.6,0.16521759906736896,0.10256911228991458,0.0,0.0,0.0625,0.08333333333333333,177.85294277170522,61.996095916983506,-0.06264848677745438,True
2202604,PI,Nordeste,100.0,147.43,0.1015931965370363,0.15176415658302053,0.0,0.03571428571428571,0.0,0.017857142857142856,165.20713545593657,137.9220012572822,0.05017096004598423,True
2202703,PI,Nordeste,100.0,173.68,0.008632267361008741,0.07848852273286544,0.0,0.02702702702702703,0.0,0.0,32.09879719051344,74.07520728932504,0.0698562553718567,True
2202711,PI,Nordeste,100.0,142.53,0.14725299230268854,0.2475487153097841,0.0,0.14285714285714285,0.0,0.0,230.58621023256723,67.3669045255866,0.10029572300709555,True
2202752,PI,Nordeste,100.0,170.73,0.041417922170932514,0.36025035384962417,0.0,0.0,0.0,0.42857142857142855,79.04372415471288,58.28025997994397,0.3188324316786917,True
2202851,PI,Nordeste,100.0,164.7,0.19221543912342262,0.2816552162641071,0.0,0.16666666666666666,0.1111111111111111,0.0,155.48886526073082,65.06475931701341,0.08943977714068449,True
2202901,PI,Nordeste,100.0,166.8,0.12204413601386561,0.11697103040935683,0.0,0.0425531914893617,0.0,0.0,194.49030413611237,95.83004279069094,-0.005073105604508785,True
2203107,PI,Nordeste,100.0,166.60999999999999,0.24214043916446906,0.33030912990672967,0.03571428571428571,0.0,0.0,0.0,289.74554294490383,492.6995357095682,0.08816869074226061,True
2203206,PI,Nordeste,100.0,186.33,0.17156409383350968,0.20636465084731126,0.0,0.016666666666666666,0.0,0.0,265.3966446253,279.4298074792603,0.03480055701380158,True
2203230,PI,Nordeste,100.0,144.21,0.2966329057618108,0.1576090334217924,0.1,0.0,0.0,0.0,229.6983244318487,245.414756338879,-0.1390238723400184,True
2203305,PI,Nordeste,100.0,149.82,0.01908029998942401,0.25299516041524206,0.0,0.09090909090909091,0.0,0.09090909090909091,47.05906354798345,72.62184072575072,0.23391486042581805,True
2203503,PI,Nordeste,100.0,180.05,0.37097104276463394,0.2858002676494867,0.019417475728155338,0.053763440860215055,0.009708737864077669,0.021505376344086023,638.2724657677538,286.49901903068286,-0.08517077511514726,True
2203701,PI,Nordeste,100.0,155.99,0.11503489461724904,0.15765297993982125,0.0,0.017543859649122806,0.015873015873015872,0.10526315789473684,164.52853871743048,75.65982565508743,0.042618085322572205,True
2203909,PI,Nordeste,100.0,146.68,0.3816041517610753,0.3427513158365247,0.1282051282051282,0.10833333333333334,0.1282051282051282,0.14166666666666666,129.8511150761797,100.00132451741443,-0.03885283592455063,True
2204006,PI,Nordeste,100.0,233.07,0.12343960923338639,0.02078695834364581,0.0,0.0,0.0,0.0,196.48844596828556,49.502783286273754,-0.10265265088974057,True
2204402,PI,Nordeste,100.0,160.66,0.15617229604453112,0.21843065644428492,0.0,0.05,0.125,0.1,86.44488752222587,99.58299333866934,0.0622583603997538,True
2204501,PI,Nordeste,100.0,170.39000000000001,0.28459747145811143,0.15196859504691435,0.029411764705882353,0.0,0.029411764705882353,0.06060606060606061,327.1546663528876,161.25950255161447,-0.13262887641119708,True
2204709,PI,Nordeste,100.0,187.19,0.09332103996255736,0.2764734978155055,0.0,0.13636363636363635,0.0,0.045454545454545456,153.36244946516624,65.67123103106331,0.18315245785294815,True
2204808,PI,Nordeste,100.0,185.77,0.07787587978109829,0.2609419643600035,0.0,0.1,0.0,0.1,131.24692604882478,53.06327958272191,0.18306608457890522,True
2205102,PI,Nordeste,100.0,179.41000000000003,0.32796493035454205,0.13826684068239964,0.07407407407407407,0.0,0.07407407407407407,0.05714285714285714,237.26055599862565,145.98767984935532,-0.1896980896721424,True
2205201,PI,Nordeste,100.0,199.69,0.2893071529178197,0.34470502745497905,0.0,0.004784688995215311,0.2857142857142857,0.004784688995215311,75.33240335246033,594.4280078332382,0.05539787453715933,True
2205276,PI,Nordeste,100.0,155.76,0.11754185673068385,0.14123306892626497,0.0,0.0,0.0,0.1111111111111111,188.0436074528599,82.4885344989092,0.023691212195581124,True
2205409,PI,Nordeste,100.0,176.43,0.07726781788680301,0.15867652499299953,0.0,0.02631578947368421,0.0,0.02631578947368421,130.37625802700555,157.38768694264584,0.08140870710619652,True
2205458,PI,Nordeste,100.0,197.365,0.09183644632683213,0.2949350667437082,0.0,0.1,0.0,0.1,151.23669842542978,101.73711934408428,0.20309862041687604,True
2205508,PI,Nordeste,100.0,164.47,0.07534301516009206,0.11336635449823304,0.0,0.0,0.027777777777777776,0.10810810810810811,92.75070705181457,46.356583494341784,0.03802333933814098,True
2205524,PI,Nordeste,100.0,194.87000000000003,0.45999859370385665,0.1414807630696327,0.16666666666666666,0.0,0.08333333333333333,0.07692307692307693,215.82157806818344,125.75947943388641,-0.31851783063422395,True
2205573,PI,Nordeste,91.87,165.85,0.10736217943644993,0.1524729460479352,0.0,0.0,0.0,0.14285714285714285,173.46759212336642,58.73179271349653,0.045110766611485276,True
2205599,PI,Nordeste,100.0,232.3,0.12474142253864764,0.19150615585167322,0.0,0.0625,0.0,0.0,198.35247860362017,159.71297663015315,0.06676473331302557,True
2205706,PI,Nordeste,100.0,171.33,0.1648120842479568,0.3405710735083505,0.0,0.14814814814814814,0.015625,0.1111111111111111,236.1145373579262,49.72121806196899,0.17575898926039368,True
2205805,PI,Nordeste,100.0,179.31,0.25226925931019595,0.15223599711901362,0.023809523809523808,0.02531645569620253,0.11904761904761904,0.012658227848101266,180.37730462078454,167.45639518672908,-0.10003326219118233,True
2205854,PI,Nordeste,100.0,174.3,0.18456249587023543,0.04191702339787285,0.0,0.0,0.125,0.0,127.09607674030133,79.75837422903027,-0.1426454724723626,True
2206209,PI,Nordeste,100.0,185.06,0.21972815836813425,0.12296283482113175,0.0,0.0,0.0,0.08888888888888889,334.36151676177315,84.223441943929,-0.0967653235470025,True
2206506,PI,Nordeste,100.0,184.76,0.10386825580512943,0.11235532241109195,0.0,0.0,0.0,0.0625,168.46473368903725,102.16082281322022,0.008487066605962518,True
2206605,PI,Nordeste,100.0,164.16,0.15231210123820946,0.017190735266046694,0.0,0.0,0.08333333333333333,0.0,133.2217888823061,44.353444933764834,-0.13512136597216276,True
2206704,PI,Nordeste,100.0,210.05,0.471193827966385,0.2974934785883144,0.125,0.16666666666666666,0.25,0.0,112.12701265763741,87.74315547412432,-0.1737003493780706,True
2206753,PI,Nordeste,100.0,133.89,0.32487489592628443,0.1300034585615155,0.043478260869565216,0.0,0.0,0.07142857142857142,391.53530982707446,116.22268440953317,-0.19487143736476895,True
2206902,PI,Nordeste,100.0,172.21,0.08769987725862968,0.1629865548194689,0.0,0.0,0.0,0.16666666666666666,145.31365269354,43.897833577371934,0.0752866775608392,True
2207009,PI,Nordeste,100.0,165.155,0.17630006642898927,0.06344585441501885,0.046511627906976744,0.03225806451612903,0.046511627906976744,0.0,113.89367475442837,41.30072158614296,-0.11285421201397042,True
2207405,PI,Nordeste,97.36,212.03,0.3020746008343767,0.15296846156378002,0.14285714285714285,0.0,0.0,0.0625,145.44110278242633,160.31372115742883,-0.14910613927059668,True
2207603,PI,Nordeste,100.0,173.21,0.1959311392817718,0.20100668230163404,0.0,0.07407407407407407,0.0,0.0,300.2871836593335,148.4576097645839,0.005075543019862239,True
2207702,PI,Nordeste,91.46,94.96,0.10507177560649793,0.1681930347993321,0.03496503496503497,0.0379746835443038,0.0,0.08016877637130802,95.08973526753248,78.37131331637686,0.06312125919283416,True
2207801,PI,Nordeste,100.0,166.23,0.18553415979307702,0.223530873866217,0.1111111111111111,0.10526315789473684,0.0,0.05263157894736842,46.75435093206732,47.65267572400478,0.03799671407313998,True
2207900,PI,Nordeste,100.0,138.54,0.13451712333294397,0.17329207549285489,0.0136986301369863,0.026490066225165563,0.0,0.013245033112582781,182.92798182125213,194.34873559193753,0.03877495215991092,True
2208007,PI,Nordeste,100.0,151.775,0.24274900541763755,0.3228085850349857,0.05405405405405406,0.11764705882352941,0.16216216216216217,0.1568627450980392,47.664230480829126,32.366069950074774,0.08005957961734816,True
2208106,PI,Nordeste,100.0,185.16,0.17197400864755605,0.05411411506431627,0.0,0.0,0.038461538461538464,0.0,217.70277809786643,97.22307276186287,-0.11785989358323978,True
2208205,PI,Nordeste,100.0,178.84,0.12838820712807777,0.0,0.0,0.0,0.125,0.0,46.66157276119434,16.70118255222541,-0.12838820712807777,True
2208304,PI,Nordeste,100.0,165.81500000000003,0.08108081708881791,0.0697935097785644,0.0,0.0,0.045454545454545456,0.07692307692307693,78.77684996510374,23.112364727041474,-0.011287307310253514,True
2208403,PI,Nordeste,100.0,159.23,0.14582954510150695,0.14621986616942412,0.09090909090909091,0.06896551724137931,0.0,0.011494252873563218,33.29246661020331,66.55325769365004,0.0003903210679171709,True
2208502,PI,Nordeste,100.0,174.24,0.187820082753512,0.16155530441713628,0.0,0.0,0.047619047619047616,0.0,228.89692810049647,251.06531920643175,-0.02626477833637572,True
2208700,PI,Nordeste,100.0,166.78,0.2585135965365747,0.14144046721871922,0.05,0.0,0.0,0.038461538461538464,282.5068269567534,173.9825937475684,-0.11707312931785546,True
2208809,PI,Nordeste,100.0,183.85,0.3547337164995453,0.37206542773107437,0.024691358024691357,0.023529411764705882,0.012345679012345678,0.00392156862745098,459.1425508588023,738.7342457340882,0.017331711231529046,True
2208908,PI,Nordeste,100.0,227.12000000000003,0.2957998124166594,0.08114093058575556,0.14285714285714285,0.0,0.0,0.0,136.4563963401325,135.92206743147122,-0.21465888183090387,True
2209302,PI,Nordeste,100.0,196.77,0.2036575812511936,0.20193184004232978,0.0,0.0,0.0,0.03571428571428571,311.3504750912265,264.04724770664603,-0.001725741208863818,True
2209559,PI,Nordeste,100.0,160.62000000000003,0.21904079897469125,0.14470306207986744,0.0,0.0,0.16666666666666666,0.1,124.16044883262099,101.4049178961492,-0.07433773689482381,True
2209757,PI,Nordeste,100.0,123.71000000000001,0.29581614144102525,0.08797922348623957,0.0,0.0,0.14285714285714285,0.0,263.98118844942474,145.71364129614378,-0.20783691795478568,True
2209971,PI,Nordeste,100.0,171.02,0.08495056933336359,0.4129100571163923,0.0,0.16666666666666666,0.0,0.16666666666666666,141.37699013480884,43.78829850464942,0.3279594877830287,True
2210003,PI,Nordeste,100.0,163.39000000000001,0.32507355609745875,0.17327362232701543,0.11764705882352941,0.03125,0.11764705882352941,0.09375,84.83671864479109,83.0408984748255,-0.15179993377044332,True
2210359,PI,Nordeste,100.0,158.73,0.25726400236965413,0.01955468284599575,0.1,0.0,0.0,0.0,173.32701493322003,47.73832003024495,-0.23770931952365837,True
2210409,PI,Nordeste,100.0,179.44,0.14795675713680906,0.2080562530878171,0.03225806451612903,0.09375,0.0,0.03125,162.30968660312777,77.06337608396167,0.06009949595100805,True
2210607,PI,Nordeste,100.0,131.46,0.24004721675537816,0.22570126771203175,0.028169014084507043,0.06666666666666667,0.07042253521126761,0.05555555555555555,214.55264128145157,129.98790399949067,-0.014345949043346407,True
2210656,PI,Nordeste,100.0,184.98,0.10959320809219805,0.26337785250790974,0.0,0.07142857142857142,0.0,0.14285714285714285,176.6621440670851,64.11857334824947,0.15378464441571169,True
2210706,PI,Nordeste,100.0,170.73,0.023339265191013862,0.14132132738352093,0.0,0.029411764705882353,0.0,0.029411764705882353,53.157365121975026,122.00127965713463,0.11798206219250706,True
2211001,PI,Nordeste,100.0,106.58500000000001,0.10629427464648897,0.1874481996926688,0.036312849162011177,0.04961832061068702,0.03910614525139665,0.10559796437659033,44.855361162784874,49.0126629641652,0.08115392504617983,True
2211100,PI,Nordeste,100.0,136.285,0.21321039887001647,0.14984887198120483,0.07894736842105263,0.05063291139240506,0.05263157894736842,0.02531645569620253,89.39639825366106,93.7734826224987,-0.06336152688881164,True
2211209,PI,Nordeste,100.0,152.75,0.3025483079063956,0.21671467806154404,0.011494252873563218,0.03488372093023256,0.011494252873563218,0.03488372093023256,413.8333046596142,211.3333781861189,-0.08583362984485154,True
2211308,PI,Nordeste,100.0,159.055,0.26353105018804707,0.22102981918494802,0.011494252873563218,0.0380952380952381,0.022988505747126436,0.02857142857142857,343.53675878007084,218.5382124334485,-0.04250123100309905,True
2211357,PI,Nordeste,100.0,138.47,0.29783223921911645,0.04583156787644747,0.14285714285714285,0.0,0.0,0.0,139.36657545214302,85.36350872185034,-0.25200067134266896,True
2300101,CE,Nordeste,100.0,174.33,0.18992995310595062,0.025936060798314193,0.08333333333333333,0.0,0.0,0.0,112.70999013059712,56.87564925668044,-0.16399389230763642,True
2300150,CE,Nordeste,100.0,174.66,0.2842185990778674,0.08493180464732902,0.1,0.0,0.1,0.05,86.39248783363405,78.58506470478747,-0.19928679443053837,True
2300200,CE,Nordeste,100.0,150.15,0.2540850438012759,0.22430417575286088,0.034482758620689655,0.02727272727272727,0.20689655172413793,0.14545454545454545,49.776323052098405,99.74787710396535,-0.02978086804841501,True
2300309,CE,Nordeste,99.33,177.57999999999998,0.140788057530532,0.34088562616761053,0.0,0.09090909090909091,0.13333333333333333,0.19696969696969696,53.955753464087245,65.33191500932533,0.20009756863707853,True
2300408,CE,Nordeste,94.93999999999998,174.05,0.023752793301566093,0.11767415191770784,0.0,0.0,0.0,0.1,53.74948527513548,62.702923964936936,0.09392135861614176,True
2300606,CE,Nordeste,100.0,170.41,0.038708565916337666,0.06396619978995985,0.0,0.0,0.0,0.0,75.16426735480009,111.33001680711185,0.025257633873622183,True
2300705,CE,Nordeste,100.0,189.56,0.161507686970937,0.16759923907516136,0.0,0.03333333333333333,0.16666666666666666,0.06666666666666667,41.78028114349413,104.43902938869175,0.0060915521042243514,True
2300754,CE,Nordeste,93.66,132.83,0.1281869438141936,0.20443960141682793,0.0,0.075,0.125,0.075,46.373389053239045,57.23681837188389,0.07625265760263433,True
2300903,CE,Nordeste,100.0,189.51,0.21061207118970657,0.08209057361721354,0.125,0.0,0.0,0.05,52.83205193668378,74.51677984146927,-0.12852149757249304,True
2301000,CE,Nordeste,100.0,150.655,0.15249460890950856,0.1733198566924728,0.034482758620689655,0.023529411764705882,0.06896551724137931,0.12941176470588237,77.45660402472558,54.92321097297518,0.02082524778296424,True
2301109,CE,Nordeste,95.57000000000001,118.045,0.37722948495713704,0.1662598092211384,0.08888888888888889,0.09302325581395349,0.24444444444444444,0.023255813953488372,62.11564951185534,28.81215446172109,-0.21096967573599865,True
2301208,CE,Nordeste,100.0,178.06,0.161583331038273,0.21065710516884856,0.0,0.0273972602739726,0.07317073170731707,0.0958904109589041,159.25414721558042,142.15743239652295,0.049073774130575565,True
2301257,CE,Nordeste,100.0,157.71,0.049684092842166634,0.1408983148910317,0.0,0.07692307692307693,0.0,0.0,90.87983908621133,56.270881100741384,0.09121422204886506,True
2301307,CE,Nordeste,98.34,159.22,0.22916322510875928,0.11897242736056793,0.14285714285714285,0.022727272727272728,0.0,0.022727272727272728,41.04119897869408,112.74854645517115,-0.11019079774819135,True
2301406,CE,Nordeste,96.73,172.79999999999998,0.0558803026649,0.17296394560343506,0.0,0.0,0.0,0.09090909090909091,99.75203088074666,153.28277096487048,0.11708364293853506,True
2301505,CE,Nordeste,95.02,184.525,0.28050453534938397,0.028408093500597496,0.16666666666666666,0.0,0.0,0.0,63.41712922348769,60.41528863050426,-0.2520964418487865,True
2301604,CE,Nordeste,100.0,172.73499999999999,0.02240628377592166,0.05780573395244454,0.0,0.0,0.0,0.043478260869565216,51.821453283569355,47.93069566655426,0.03539945017652288,True
2301703,CE,Nordeste,87.42999999999999,177.10999999999999,0.19418808884289854,0.12123128333961825,0.014925373134328358,0.012987012987012988,0.014925373134328358,0.012987012987012988,246.9986364203486,149.13013986249393,-0.07295680550328029,True
2301802,CE,Nordeste,96.25,184.08,0.06891289757672946,0.41728594428895094,0.0,0.16666666666666666,0.0,0.16666666666666666,118.4130647944156,50.054017609858946,0.34837304671222147,True
2301901,CE,Nordeste,100.0,121.27,0.37293362564350785,0.30737762568269467,0.1746031746031746,0.10869565217391304,0.06349206349206349,0.15217391304347827,99.01616268948091,35.382706310767176,-0.06555599996081318,True
2301950,CE,Nordeste,100.0,171.93,0.14123708228660523,0.14977023731313888,0.0,0.05263157894736842,0.10526315789473684,0.02631578947368421,89.83522343682341,88.113662675277,0.008533155026533651,True
2302008,CE,Nordeste,100.0,198.64000000000001,0.043376948132806355,0.09606210890433778,0.0,0.0,0.0,0.07407407407407407,81.84880251091215,64.3020455578623,0.052685160771531424,True
2302057,CE,Nordeste,99.34,192.21,0.2733434319853143,0.42458520215168183,0.0,0.1,0.2857142857142857,0.3,52.47436627502204,36.31955133931345,0.15124177016636753,True
2302107,CE,Nordeste,95.81000000000002,149.07,0.17430489899536522,0.2236843876101127,0.018867924528301886,0.02564102564102564,0.05660377358490566,0.1794871794871795,157.74161497487228,59.64380116752391,0.049379488614747474,True
2302206,CE,Nordeste,96.87,122.93500000000002,0.21696232672903915,0.17865529364528343,0.07547169811320754,0.06796116504854369,0.05660377358490566,0.02912621359223301,97.2474687599262,93.02044163394942,-0.038307033083755715,True
2302305,CE,Nordeste,92.68999999999998,117.46,0.004227053344839093,0.4079667810950551,0.0,0.04,0.0,0.56,25.79108574019476,40.691731424823246,0.403739727750216,True
2302404,CE,Nordeste,63.23,155.055,0.12037822589482262,0.1271023957778716,0.0,0.029850746268656716,0.09523809523809523,0.05970149253731343,72.55244166271872,62.675981897878316,0.006724169883048983,True
2302503,CE,Nordeste,100.0,143.005,0.18037618182239817,0.12033831384000518,0.016666666666666666,0.008849557522123894,0.0,0.04424778761061947,242.21759416953506,117.49630658165007,-0.060037867982392995,True
2302602,CE,Nordeste,92.05,113.715,0.16832743558470997,0.25782102170212295,0.0,0.047619047619047616,0.17391304347826086,0.16666666666666666,42.44891688779024,77.41212691675673,0.08949358611741298,True
2302701,CE,Nordeste,92.83,154.91,0.2000800385542733,0.17935237410674637,0.07692307692307693,0.038461538461538464,0.07692307692307693,0.11538461538461539,44.45002718421958,49.097926173622405,-0.02072766444752694,True
2302800,CE,Nordeste,71.5,102.235,0.21050906201977662,0.2571092010598327,0.08333333333333333,0.08450704225352113,0.0625,0.1267605633802817,63.720360341483854,47.25862510273964,0.04660013904005608,True
2302909,CE,Nordeste,99.24,141.99,0.33164028973154924,0.17213849904457026,0.05263157894736842,0.0,0.21052631578947367,0.06557377049180328,117.28898078939999,183.90429197448321,-0.15950179068697898,True
2303006,CE,Nordeste,87.82000000000001,149.6,0.48410334620996287,0.2340934433069234,0.2,0.06666666666666667,0.2,0.13333333333333333,32.29104713015781,44.3699093623654,-0.2500099029030395,True
2303105,CE,Nordeste,90.6,178.65,0.2464411492023853,0.2636572179727835,0.0625,0.0,0.125,0.2857142857142857,81.46032384022419,38.60492819260114,0.01721606877039822,True
2303204,CE,Nordeste,100.0,172.87000000000003,0.25134002132188027,0.14076310852861196,0.05263157894736842,0.02564102564102564,0.15789473684210525,0.07692307692307693,68.37759440600068,69.65981131120809,-0.11057691279326831,True
2303303,CE,Nordeste,100.0,185.12999999999997,0.017606437882556593,0.1357917141752126,0.0,0.045454545454545456,0.0,0.045454545454545456,44.948678705486756,59.488188182032296,0.11818527629265602,True
2303402,CE,Nordeste,100.0,181.335,0.14694275172392507,0.2305649151573755,0.043478260869565216,0.047619047619047616,0.0,0.14285714285714285,136.75889732013806,68.27293865904346,0.08362216343345044,True
2303501,CE,Nordeste,99.71,117.50999999999999,0.15071395616948324,0.2505913732995055,0.06666666666666667,0.03614457831325301,0.022222222222222223,0.1927710843373494,64.4588928326776,58.93626767818858,0.09987741713002224,True
2303659,CE,Nordeste,100.0,167.56,0.17035025854719477,0.09389547666242441,0.0,0.0,0.16666666666666666,0.07692307692307693,54.44172954919981,57.623344654576215,-0.07645478188477035,True
2303709,CE,Nordeste,70.61,82.245,0.15898777114547472,0.14083471389702143,0.058823529411764705,0.019230769230769232,0.06862745098039216,0.11538461538461539,34.89899366965807,35.24954759146864,-0.018153057248453286,True
2303808,CE,Nordeste,100.0,203.635,0.2677836325203953,0.10509642877207445,0.0,0.03225806451612903,0.18604651162790697,0.03225806451612903,169.62650389148715,60.44551142576492,-0.16268720374832082,True
2303907,CE,Nordeste,100.0,196.59,0.4357473968964368,0.08793638679317442,0.125,0.0,0.25,0.05555555555555555,61.37218932506921,75.91335258895049,-0.34781101010326243,True
2303931,CE,Nordeste,100.0,173.35999999999999,0.020186353190138537,0.025565601450053065,0.0,0.0,0.0,0.0,48.64279237777476,56.34519814481003,0.005379248259914527,True
2303956,CE,Nordeste,100.0,173.58,0.17966741731407887,0.030610876244007313,0.0,0.0,0.16666666666666666,0.0,67.78272701778877,63.56939598650777,-0.14905654107007155,True
2304004,CE,Nordeste,92.93999999999998,183.74,0.11581476161616022,0.21164255758170797,0.0,0.0,0.1111111111111111,0.1935483870967742,46.0927209290896,79.82244510151223,0.09582779596554775,True
2304103,CE,Nordeste,89.07000000000001,116.63499999999999,0.05558443825579006,0.1877194312343407,0.0,0.03314917127071823,0.015384615384615385,0.08287292817679558,80.01606516529286,113.30041641532534,0.13213499297855064,True
2304202,CE,Nordeste,94.43999999999998,117.87,0.14693297769566732,0.20914836710378248,0.032,0.06666666666666667,0.048,0.09333333333333334,101.14358274758844,58.86374852553289,0.06221538940811516,True
2304236,CE,Nordeste,98.97,180.19,0.45036111267235424,0.09929115852890644,0.2222222222222222,0.05,0.1111111111111111,0.0,47.82960947794174,54.52035645108365,-0.35106995414344777,True
2304251,CE,Nordeste,100.0,141.12,0.3165775810074415,0.3898197753401482,0.07142857142857142,0.037037037037037035,0.21428571428571427,0.3148148148148148,50.629515024658595,103.1753316669376,0.07324219433270673,True
2304269,CE,Nordeste,100.0,195.92,0.03910911033913848,0.18187255766736876,0.0,0.058823529411764705,0.0,0.058823529411764705,75.73779650293868,79.97399854885845,0.1427634473282303,True
2304285,CE,Nordeste,99.99,126.07499999999997,0.32533681428479333,0.23253869377157854,0.1,0.061224489795918366,0.2,0.14285714285714285,15.744994488926388,41.87722241993857,-0.09279812051321479,True
2304301,CE,Nordeste,100.0,192.12000000000003,0.031087329498708557,0.1879121796279215,0.0,0.03571428571428571,0.0,0.10714285714285714,64.25161701803754,77.60095739633321,0.15682485012921293,True
2304350,CE,Nordeste,98.8,130.31,0.43151269256864794,0.5884259284341382,0.1,0.16666666666666666,0.3,0.4166666666666667,46.2388448094329,27.03043248357525,0.15691323586549027,True
2304400,CE,Nordeste,50.43,72.425,0.2228236995351827,0.23176134525603212,0.05137395459976105,0.027481542247744052,0.15412186379928317,0.19237079573420837,34.98304566715424,51.08308694846595,0.00893764572084943,True
2304459,CE,Nordeste,100.0,155.37000000000003,0.21150618675031202,0.13970277753123403,0.07142857142857142,0.045454545454545456,0.07142857142857142,0.045454545454545456,79.50925019327664,65.08833814594908,-0.07180340921907799,True
2304509,CE,Nordeste,100.0,156.47,0.3104888018429639,0.3487572083226661,0.0,0.0,0.3333333333333333,0.4166666666666667,45.8856113622575,41.82352362741431,0.0382684064797022,True
2304657,CE,Nordeste,100.0,202.87999999999997,0.16168571193113687,0.4066580200291265,0.0,0.05555555555555555,0.16666666666666666,0.3333333333333333,42.03519045681544,64.26498125529228,0.24497230809798962,True
2304707,CE,Nordeste,90.88,152.26500000000001,0.15946919404576304,0.2634411368971646,0.0,0.0,0.16666666666666666,0.2903225806451613,38.861416108034675,32.51072945834191,0.10397194285140154,True
2304905,CE,Nordeste,99.45,160.4,0.19253201212861362,0.377013578478415,0.0,0.0,0.2,0.3888888888888889,44.35983478288846,82.28308561955434,0.18448156634980137,True
2304954,CE,Nordeste,97.81000000000002,173.26,0.23984348210267498,0.271416900275932,0.06666666666666667,0.07407407407407407,0.06666666666666667,0.14814814814814814,136.2899828119081,63.30563223433392,0.03157341817325704,True
2305001,CE,Nordeste,100.0,140.445,0.2430906655430785,0.21226847279411454,0.0,0.06060606060606061,0.2727272727272727,0.12121212121212122,25.458828476637013,41.35210913018723,-0.030822192748963972,True
2305100,CE,Nordeste,100.0,177.96,0.5344850247853914,0.29634206254359785,0.25,0.06666666666666667,0.125,0.13333333333333333,150.8497147108859,133.5020892937973,-0.23814296224179354,True
2305209,CE,Nordeste,100.0,137.21,0.10339873455707266,0.2195833728466802,0.0,0.0,0.058823529411764705,0.25,93.9511951660977,20.32891831775724,0.11618463828960754,True
2305233,CE,Nordeste,100.0,121.73,0.10912764306889959,0.198514803770422,0.0,0.025,0.11764705882352941,0.11666666666666667,28.313027107998888,103.83959126341384,0.0893871607015224,True
2305266,CE,Nordeste,100.0,204.91,0.08590087408427344,0.05881610720709238,0.0,0.0,0.0,0.0,142.73770680750712,103.9557330978721,-0.02708476687718106,True
2305308,CE,Nordeste,100.0,187.425,0.08668293213157463,0.3103714285399827,0.0,0.10526315789473684,0.05,0.15789473684210525,81.09245863452621,39.86044721114483,0.22368849640840804,True
2305332,CE,Nordeste,98.61,180.85999999999999,0.027167095028495854,0.34627277242725385,0.0,0.14285714285714285,0.0,0.14285714285714285,58.63833517408402,29.398582285397172,0.319105677398758,True
2305357,CE,Nordeste,100.0,163.29,0.11074799948557076,0.5589298463865476,0.0,0.25,0.1,0.25,52.7855463205176,28.938977487165403,0.44818184690097684,True
2305407,CE,Nordeste,86.29,118.73,0.21238217222009165,0.21627588526597913,0.027777777777777776,0.08333333333333333,0.16666666666666666,0.08333333333333333,54.96471724399431,45.82561767269045,0.0038937130458874813,True
2305506,CE,Nordeste,100.0,135.92000000000002,0.40309336690894765,0.19241270840713842,0.17142857142857143,0.06382978723404255,0.12857142857142856,0.07092198581560284,67.32535909246253,69.12646469571895,-0.21068065850180923,True
2305605,CE,Nordeste,98.71,172.39000000000001,0.125292222716691,0.10871002429124742,0.0,0.0,0.06666666666666667,0.08108108108108109,115.4544127105181,73.61636300752613,-0.016582198425443576,True
2305654,CE,Nordeste,100.0,181.42,0.1620754601624399,0.11899114164904245,0.0,0.0,0.0,0.125,251.8101166983487,33.20615894839518,-0.043084318513397446,True
2305803,CE,Nordeste,100.0,153.35,0.1931115107838891,0.29449741815942976,0.04,0.0847457627118644,0.12,0.15254237288135594,59.7012541751758,67.91718021518301,0.10138590737554065,True
2305902,CE,Nordeste,65.47,142.67,0.17846009377078156,0.22552976472972922,0.022727272727272728,0.016666666666666666,0.09090909090909091,0.18333333333333332,112.33867602768255,76.73329444439146,0.04706967095894765,True
2306009,CE,Nordeste,100.0,164.825,0.03287771917443875,0.11655736907991142,0.0,0.0,0.0,0.06666666666666667,66.81522945926808,102.94720282256823,0.08367964990547266,True
2306108,CE,Nordeste,100.0,184.76500000000001,0.011934416722051765,0.33950413360407816,0.0,0.03571428571428571,0.0,0.2857142857142857,36.82705903179045,70.5006191336544,0.3275697168820264,True
2306256,CE,Nordeste,85.84,92.47500000000001,0.41831215109558223,0.21244473552623383,0.20833333333333334,0.06060606060606061,0.08333333333333333,0.09090909090909091,66.63971889040813,79.64392349663032,-0.2058674155693484,True
2306306,CE,Nordeste,100.0,188.155,0.1533696459221513,0.07640408897842352,0.05555555555555555,0.011904761904761904,0.027777777777777776,0.0,85.15217757075065,103.57032833507898,-0.07696555694372778,True
2306405,CE,Nordeste,100.0,129.34,0.2976499681941786,0.22894033573336015,0.08695652173913043,0.03225806451612903,0.17391304347826086,0.16774193548387098,40.85631502327482,67.70132584032848,-0.06870963246081846,True
2306504,CE,Nordeste,94.03,117.7,0.17829758212060431,0.07397480428737696,0.045454545454545456,0.0,0.045454545454545456,0.037037037037037035,120.351235689088,79.16844280546901,-0.10432277783322735,True
2306553,CE,Nordeste,95.04,132.395,0.11699353459077622,0.21392024390808567,0.0,0.023809523809523808,0.1,0.11904761904761904,61.72836570497189,125.46634622638021,0.09692670931730946,True
2306603,CE,Nordeste,100.0,187.785,0.12479293309741643,0.21242029776097526,0.0,0.0,0.125,0.23076923076923078,41.51359332432816,34.212703731361636,0.08762736466355883,True
2306900,CE,Nordeste,100.0,169.5,0.0,0.16104141377666745,0.0,0.0,0.0,0.17391304347826086,15.823541733546579,32.01625163766417,0.16104141377666745,True
2307007,CE,Nordeste,100.0,186.31,0.028005501541806317,0.1470175810468485,0.0,0.03333333333333333,0.0,0.05,59.8388276688002,95.89037380019569,0.1190120795050422,True
2307106,CE,Nordeste,100.0,165.99,0.18738362153072413,0.17139604683528917,0.05,0.013157894736842105,0.025,0.07894736842105263,149.27513615993882,137.79263007586076,-0.015987574695434964,True
2307205,CE,Nordeste,100.0,163.25,0.23393293030881235,0.1612926599198157,0.1111111111111111,0.0,0.0,0.11764705882352941,116.05529246246236,103.00675887422385,-0.07264027038899665,True
2307254,CE,Nordeste,98.01,120.405,0.16048110930141143,0.24659636603606847,0.0,0.07142857142857142,0.16666666666666666,0.14285714285714285,40.31035126110027,40.08959905023327,0.08611525673465703,True
2307304,CE,Nordeste,80.68999999999998,103.97000000000001,0.38054087202122655,0.3435583841563969,0.014492753623188406,0.014970059880239521,0.39855072463768115,0.32934131736526945,56.20602973233418,66.09540945009249,-0.03698248786482966,True
2307403,CE,Nordeste,100.0,175.57,0.25013634769208626,0.16567338625444725,0.1,0.0,0.1,0.17391304347826086,37.59099793334122,38.64865263530219,-0.08446296143763901,True
2307502,CE,Nordeste,95.52,148.18499999999997,0.2590414426114331,0.15450667032411017,0.11764705882352941,0.05555555555555555,0.029411764705882353,0.05555555555555555,101.048916514856,51.910777278708515,-0.10453477228732291,True
2307601,CE,Nordeste,97.92999999999999,117.77,0.15315354065430287,0.18814310651107016,0.05128205128205128,0.02,0.05128205128205128,0.13,64.516480380677,82.99033412797318,0.034989565856767296,True
2307635,CE,Nordeste,97.78,165.71,0.18211754226767338,0.07657986515513406,0.0,0.0,0.2,0.07142857142857142,29.44762607980925,39.7268295862055,-0.10553767711253932,True
2307650,CE,Nordeste,100.0,108.82000000000001,0.3458187620629559,0.40063651595202665,0.09340659340659341,0.07775377969762419,0.17582417582417584,0.24406047516198703,93.57537740939033,120.02967602297483,0.05481775388907073,True
2307700,CE,Nordeste,97.84,139.595,0.31696913787600317,0.29364525556559384,0.07042253521126761,0.07954545454545454,0.19718309859154928,0.14204545454545456,74.81988369086515,91.04306339744878,-0.023323882310409327,True
2307809,CE,Nordeste,93.31000000000002,146.405,0.340281678005823,0.23553288102374315,0.058823529411764705,0.0,0.23529411764705882,0.21875,85.27217086892364,82.39476499747775,-0.10474879698207984,True
2308005,CE,Nordeste,98.74,119.92,0.18447351650745022,0.23818442852963156,0.0,0.027777777777777776,0.2,0.19444444444444445,32.82108435773823,57.0408214266821,0.05371091202218134,True
2308104,CE,Nordeste,100.0,180.04,0.10884967990626843,0.31733934719625767,0.029411764705882353,0.1095890410958904,0.029411764705882353,0.1232876712328767,75.50597163097191,83.98873799680335,0.20848966728998924,True
2308302,CE,Nordeste,100.0,189.18,0.24097401585893136,0.16403829855791094,0.05,0.016666666666666666,0.15,0.08333333333333333,69.09718697823192,114.21537583438997,-0.07693571730102042,True
2308401,CE,Nordeste,100.0,161.58,0.10677655462490308,0.14548325715299104,0.02564102564102564,0.04225352112676056,0.0,0.028169014084507043,117.55697393863166,101.93899912581,0.03870670252808796,True
2308500,CE,Nordeste,100.0,170.43,0.12995413169313927,0.18962169684991964,0.058823529411764705,0.09230769230769231,0.0,0.015384615384615385,79.47459710116938,73.68105381814048,0.05966756515678037,True
2308609,CE,Nordeste,100.0,163.27,0.1361916712214024,0.23900682955045263,0.0,0.0,0.14285714285714285,0.21875,35.4190584689973,87.36902159870326,0.10281515832905022,True
2308708,CE,Nordeste,100.0,167.50499999999997,0.1175035511267493,0.1194768078729402,0.029411764705882353,0.01098901098901099,0.058823529411764705,0.07692307692307693,50.97660327612796,70.6502690936002,0.0019732567461908934,True
2309003,CE,Nordeste,99.61,173.935,0.07018308640802848,0.24026481923671983,0.0,0.038461538461538464,0.0,0.15384615384615385,120.23181516746062,88.03606023599383,0.17008173282869135,True
2309102,CE,Nordeste,100.0,132.46,0.17023007781504873,0.020900554113606022,0.0,0.0,0.16666666666666666,0.0,54.26964588255328,49.66543811672143,-0.1493295237014427,True
2309201,CE,Nordeste,100.0,159.1,0.029017263092690943,0.3418721830119216,0.0,0.09375,0.0,0.15625,61.28754273600963,111.75828611607193,0.3128549199192307,True
2309300,CE,Nordeste,98.42999999999999,156.99500000000003,0.10948221216685532,0.19687529405135773,0.023809523809523808,0.043010752688172046,0.0,0.053763440860215055,125.36485445079931,141.77081771436295,0.08739308188450241,True
2309409,CE,Nordeste,97.71,177.89000000000001,0.21972102181410694,0.33525744882608166,0.07142857142857142,0.06896551724137931,0.07142857142857142,0.2413793103448276,91.27185900278765,48.65628524623654,0.11553642701197472,True
2309458,CE,Nordeste,100.0,185.76,0.11821865407336156,0.08430328347473821,0.0,0.0,0.125,0.05405405405405406,32.10005406711906,72.59604291762466,-0.033915370598623346,True
2309508,CE,Nordeste,100.0,195.67,0.1246017118480148,0.14715581090777713,0.047619047619047616,0.0,0.0,0.08771929824561403,95.87571562549265,120.33292404575072,0.022554099059762328,True
2309607,CE,Nordeste,91.52,117.30499999999999,0.09329775805195603,0.18860714536341822,0.024390243902439025,0.08823529411764706,0.024390243902439025,0.058823529411764705,70.32637739571688,26.446167500244957,0.09530938731146218,True
2309706,CE,Nordeste,99.49,119.515,0.37113389622539317,0.2614967782689299,0.1836734693877551,0.03636363636363636,0.061224489795918366,0.21818181818181817,79.80438572582939,42.18281526670674,-0.10963711795646325,True
2309805,CE,Nordeste,100.0,187.73,0.24151514155924453,0.2509780605553733,0.06666666666666667,0.047619047619047616,0.06666666666666667,0.14285714285714285,138.6835885383344,97.5019909800765,0.009462918996128777,True
2310001,CE,Nordeste,100.0,181.0,0.039780056438271684,0.23950648060233992,0.0,0.09090909090909091,0.0,0.09090909090909091,76.69850678319177,53.30775069670257,0.19972642416406824,True
2310209,CE,Nordeste,94.68999999999998,125.515,0.09746934151299004,0.09721100214005948,0.047619047619047616,0.015873015873015872,0.0,0.031746031746031744,57.02557976187071,84.98931721819265,-0.00025833937293055775,True
2310308,CE,Nordeste,99.82000000000001,148.4,0.1728755679751891,0.2237101060831622,0.0,0.022222222222222223,0.0410958904109589,0.022222222222222223,215.68679247313105,264.4384498063012,0.05083453810797309,True
2310407,CE,Nordeste,81.34,185.375,0.025074422549902005,0.22216763823953312,0.0,0.03571428571428571,0.0,0.10714285714285714,55.641891844306684,126.65045822132534,0.19709321568963112,True
2310506,CE,Nordeste,96.68999999999998,139.34,0.1349660784089293,0.250085027820389,0.06451612903225806,0.03571428571428571,0.0,0.21428571428571427,74.4244451804764,32.12809253081292,0.1151189494114597,True
2310704,CE,Nordeste,92.58,138.84,0.0417824756817965,0.0996466505011214,0.0,0.017857142857142856,0.0,0.03571428571428571,79.56571885151766,79.23397530178775,0.0578641748193249,True
2310803,CE,Nordeste,100.0,158.05,0.0493398093072795,0.07750979136025707,0.0,0.0,0.0,0.04,90.38686844115469,80.51068814326555,0.02816998205297757,True
2310852,CE,Nordeste,100.0,149.62999999999997,0.346529244975747,0.08507522266061116,0.14285714285714285,0.043478260869565216,0.14285714285714285,0.0,29.765818661401777,48.17239050272213,-0.2614540223151358,True
2310902,CE,Nordeste,100.0,182.76999999999998,0.28928421659755343,0.10186109140939502,0.058823529411764705,0.0,0.17647058823529413,0.1111111111111111,86.09147464570724,26.11282324100554,-0.1874231251881584,True
2311009,CE,Nordeste,98.66,145.04,0.04601404681011145,0.3512656817314736,0.0,0.045454545454545456,0.0,0.2727272727272727,85.62479556400814,82.72404920711432,0.30525163492136215,True
2311108,CE,Nordeste,100.0,143.69,0.15060500099640908,0.22768035541423215,0.07142857142857142,0.045454545454545456,0.0,0.045454545454545456,81.97079204905775,191.06114522114555,0.07707535441782307,True
2311264,CE,Nordeste,98.51,180.37000000000003,0.1993975689472566,0.496704618771992,0.125,0.2727272727272727,0.0,0.18181818181818182,36.7742976608012,25.42900518029564,0.29730704982473544,True
2311306,CE,Nordeste,81.84,103.605,0.10388260830542609,0.19081418042738596,0.028169014084507043,0.04182509505703422,0.014084507042253521,0.030418250950570342,90.30326832481109,164.94387856923782,0.08693157212195987,True
2311355,CE,Nordeste,100.0,175.98,0.1331761094470338,0.11681577794500039,0.06666666666666667,0.02702702702702703,0.0,0.02702702702702703,67.24248673489716,95.02795012311915,-0.01636033150203342,True
2311405,CE,Nordeste,91.25,118.005,0.16843511234677658,0.19947142892261233,0.04838709677419355,0.029940119760479042,0.06451612903225806,0.10778443113772455,76.00282803952089,105.7487946740503,0.03103631657583575,True
2311504,CE,Nordeste,100.0,174.305,0.2017145844821895,0.09158365333065561,0.125,0.02702702702702703,0.0,0.0,40.091971981870934,92.82578442630619,-0.1101309311515339,True
2311603,CE,Nordeste,100.0,183.26500000000001,0.24392500236267955,0.27932035207933004,0.013333333333333334,0.07954545454545454,0.05333333333333334,0.06818181818181818,273.4214747126354,163.25271300838182,0.03539534971665048,True
2311801,CE,Nordeste,98.92999999999999,133.57,0.1232527725025324,0.13923499509159498,0.029411764705882353,0.030303030303030304,0.029411764705882353,0.030303030303030304,96.12938555728314,115.98083789548105,0.01598222258906258,True
2311900,CE,Nordeste,100.0,202.1,0.563304272162176,0.16829711009636592,0.14285714285714285,0.0625,0.42857142857142855,0.0625,42.197743260549395,48.02422630319658,-0.3950071620658101,True
2311959,CE,Nordeste,100.0,164.82999999999998,0.2144143387486781,0.020248888896108458,0.125,0.0,0.0,0.0,58.27642002660324,48.73233562973763,-0.19416544985256964,True
2312007,CE,Nordeste,94.76,148.55,0.3376247933557325,0.3055873930140707,0.0,0.0,0.42857142857142855,0.3333333333333333,25.883307987747614,38.86741145659547,-0.032037400341661804,True
2312106,CE,Nordeste,89.67999999999999,165.15,0.030322483523198916,0.36700163087830057,0.0,0.1111111111111111,0.0,0.2222222222222222,63.156453945427685,27.637098273889364,0.3366791473551016,True
2312205,CE,Nordeste,53.3,155.32999999999998,0.08932054344685744,0.32747197011259765,0.045454545454545456,0.02564102564102564,0.0,0.3076923076923077,50.00646919796213,47.318499942766145,0.2381514266657402,True
2312304,CE,Nordeste,92.73,139.58,0.2284427890618329,0.2905462616426613,0.09090909090909091,0.024390243902439025,0.06060606060606061,0.2682926829268293,75.50536668679761,46.59037423992419,0.06210347258082838,True
2312403,CE,Nordeste,100.0,158.17,0.17244399618951003,0.13793327565240898,0.07692307692307693,0.022727272727272728,0.038461538461538464,0.056818181818181816,53.1595093278003,97.10373541329172,-0.03451072053710105,True
2312601,CE,Nordeste,100.0,215.60500000000002,0.3487250150208316,0.47508500296462153,0.0,0.1111111111111111,0.4,0.3333333333333333,41.77742687527928,42.920965563482156,0.12635998794378994,True
2312700,CE,Nordeste,100.0,187.5,0.16706175246546356,0.0583486317760901,0.05128205128205128,0.0,0.0,0.027777777777777776,148.80570456729825,68.41689119884911,-0.10871312068937347,True
2312908,CE,Nordeste,100.0,137.54,0.3076197902816192,0.42275231553289555,0.02857142857142857,0.019021739130434784,0.2857142857142857,0.4375,40.18776389238064,106.92009359834113,0.11513252525127637,True
2313005,CE,Nordeste,100.0,173.27,0.10681911884559664,0.003220610854872323,0.0,0.0,0.037037037037037035,0.0,126.197363138581,24.349986898061648,-0.10359850799072431,True
2313104,CE,Nordeste,100.0,146.06,0.26996119369344856,0.1742096941221244,0.1111111111111111,0.0375,0.1111111111111111,0.05,28.165322443972226,125.87684118950197,-0.09575149957132417,True
2313203,CE,Nordeste,100.0,183.35,0.2309461281908417,0.1419854921789997,0.1,0.0,0.05,0.10869565217391304,72.87807818164221,86.5980381437446,-0.08896063601184201,True
2313252,CE,Nordeste,100.0,185.94,0.332363274892945,0.010166706202794033,0.2,0.0,0.0,0.0,66.07861006392918,34.295920285240754,-0.32219656869015095,True
2313302,CE,Nordeste,100.0,146.715,0.18803055282988207,0.12853536046658923,0.036036036036036036,0.018691588785046728,0.036036036036036036,0.06542056074766354,166.33986728450424,81.51641530446267,-0.05949519236329284,True
2313401,CE,Nordeste,99.4,116.47,0.20756851387818526,0.3694145461927157,0.06666666666666667,0.056338028169014086,0.1,0.29577464788732394,48.23292351985127,56.40387627765036,0.16184603231453043,True
2313500,CE,Nordeste,99.75,151.97,0.14906669157480062,0.15413112442018856,0.0,0.043478260869565216,0.16666666666666666,0.043478260869565216,23.966343199610712,92.47343111577821,0.005064432845387934,True
2313559,CE,Nordeste,97.74,181.67,0.04911722830571245,0.08893497572793216,0.0,0.0,0.0,0.03571428571428571,90.06816049029133,102.2499746865778,0.03981774742221971,True
2313609,CE,Nordeste,100.0,191.815,0.1580647642501009,0.3311342406407874,0.0,0.0,0.13636363636363635,0.34210526315789475,74.88987792898907,64.43586509744154,0.17306947639068648,True
2313708,CE,Nordeste,99.11,203.75,0.045582327405196466,0.14193182280597533,0.0,0.0,0.0,0.14285714285714285,85.00662776927409,43.638232326084484,0.09634949540077886,True
2313757,CE,Nordeste,98.92,173.625,0.3411028914604914,0.11419609592118486,0.0,0.0,0.4,0.125,30.86350626192719,26.340257602537804,-0.22690679553930654,True
2313807,CE,Nordeste,86.12,190.69,0.38482457369445666,0.10834917082555427,0.1111111111111111,0.0,0.2222222222222222,0.08695652173913043,53.15730684200664,65.72421898093262,-0.2764754028689024,True
2313955,CE,Nordeste,100.0,173.98,0.2624890126048568,0.07635000006177202,0.0,0.0,0.2857142857142857,0.07142857142857142,36.93220529002533,39.39769173362756,-0.1861390125430848,True
2314003,CE,Nordeste,100.0,134.67,0.17583676788801705,0.07263475962733067,0.047619047619047616,0.017241379310344827,0.09523809523809523,0.017241379310344827,49.68537160398804,65.06795495473648,-0.10320200826068639,True
2314102,CE,Nordeste,85.0,111.36,0.12426673386783461,0.20256806177586859,0.02631578947368421,0.04,0.05263157894736842,0.12,75.08296100086768,73.24184374782422,0.07830132790803397,True
2400109,RN,Nordeste,100.0,165.14000000000001,0.03424725332030191,0.09047761273200929,0.0,0.0,0.0,0.06666666666666667,68.77622980607411,65.60427756777663,0.05623035941170738,True
2400208,RN,Nordeste,100.0,118.215,0.2001775942805957,0.26495704940550235,0.09803921568627451,0.15873015873015872,0.0,0.0,95.79786511067739,58.20120735282104,0.06477945512490665,True
2400505,RN,Nordeste,100.0,179.60999999999999,0.035726496868217814,0.1329952743668445,0.0,0.02564102564102564,0.0,0.02564102564102564,70.8943201941348,122.91166866861066,0.09726877749862668,True
2400604,RN,Nordeste,97.7,149.34,0.0528245996851663,0.029528719974653672,0.0,0.0,0.0,0.0,95.37664920728182,62.01988455160789,-0.023295879710512626,True
2400703,RN,Nordeste,76.87,169.38000000000002,0.36837562344489944,0.19125957016236983,0.25,0.09523809523809523,0.0,0.0,69.91462232304936,89.04465551665973,-0.1771160532825296,True
2400802,RN,Nordeste,100.0,175.51500000000001,0.03529458997832146,0.09070721308104338,0.0,0.0,0.0,0.0,70.27588394452903,149.61977869158775,0.055412623102721915,True
2401008,RN,Nordeste,100.0,133.26000000000002,0.09227985269624209,0.20398631168620224,0.03333333333333333,0.11904761904761904,0.0,0.0,80.2779000707792,56.12938847796408,0.11170645898996015,True
2401107,RN,Nordeste,100.0,130.74,0.03945956095245976,0.10286562947582874,0.0,0.014925373134328358,0.0,0.0,76.23959762731174,134.97221832754033,0.06340606852336897,True
2401206,RN,Nordeste,99.77,158.47,0.19022477257761927,0.1933042597577529,0.0,0.0,0.2,0.2,41.05615843912492,45.46559609094828,0.003079487180133622,True
2401453,RN,Nordeste,100.0,183.82500000000002,0.13054145483308033,0.06188131617703955,0.058823529411764705,0.0,0.0,0.029411764705882353,80.31556983966635,71.4241045258715,-0.06866013865604079,True
2401701,RN,Nordeste,100.0,168.51500000000001,0.23383415669262547,0.2129809010696863,0.0,0.0,0.2,0.2,103.4993020670818,73.6400673542115,-0.02085325562293916,True
2401800,RN,Nordeste,100.0,172.1,0.21996793939844647,0.09186452287919085,0.125,0.0,0.0,0.07142857142857142,66.22847644893807,61.61253370554015,-0.1281034165192556,True
2402006,RN,Nordeste,100.0,155.20000000000002,0.14249937171582078,0.21802370202226928,0.07692307692307693,0.06060606060606061,0.0,0.10101010101010101,58.56339275381069,74.95249116769537,0.0755243303064485,True
2402105,RN,Nordeste,100.0,187.01500000000001,0.020412444309153864,0.11601751402217629,0.0,0.0,0.0,0.1111111111111111,48.966526374578024,46.38303682936435,0.09560506971302243,True
2402204,RN,Nordeste,100.0,187.76500000000001,0.014970775748294378,0.412300859375034,0.0,0.029411764705882353,0.0,0.38235294117647056,41.17474260103555,69.63911382899087,0.39733008362673966,True
2402303,RN,Nordeste,100.0,170.695,0.20679846074931357,0.20876581954719559,0.10526315789473684,0.075,0.0,0.05,89.7624490914366,94.81394604847598,0.001967358797882013,True
2402501,RN,Nordeste,100.0,180.15,0.09789337912389151,0.0550754008876055,0.0,0.0,0.0,0.0,159.90946306696287,98.59951294668339,-0.04281797823628601,True
2402600,RN,Nordeste,91.24,120.575,0.21431657899116646,0.21970443850880117,0.05263157894736842,0.04568527918781726,0.10526315789473684,0.07614213197969544,81.4331704425181,140.62290245554115,0.005387859517634708,True
2402709,RN,Nordeste,100.0,173.67000000000002,0.23772804795805857,0.21555910672636117,0.0,0.0,0.2222222222222222,0.2,81.17928297690035,77.33173302180252,-0.02216894123169741,True
2403103,RN,Nordeste,100.0,151.78500000000003,0.15748101825469904,0.31199234138092863,0.041666666666666664,0.029411764705882353,0.08333333333333333,0.2647058823529412,51.1309012961688,71.01569554723842,0.1545113231262296,True
2403251,RN,Nordeste,72.54,82.655,0.14815881988835794,0.17862739757900453,0.023255813953488372,0.033962264150943396,0.11627906976744186,0.1169811320754717,35.96889961109622,55.719332824138434,0.030468577690646592,True
2403608,RN,Nordeste,100.0,70.27000000000001,0.2150532957406584,0.27499227502653467,0.0625,0.05714285714285714,0.125,0.12380952380952381,36.51687229513702,135.34247534918973,0.05993897928587627,True
2404200,RN,Nordeste,100.0,176.14499999999998,0.23578023902645862,0.20329283557020583,0.09090909090909091,0.05714285714285714,0.09090909090909091,0.08571428571428572,47.97224223591797,80.49890721862305,-0.032487403456252784,True
2404408,RN,Nordeste,100.0,174.87000000000003,0.17534914046826328,0.2165241411803229,0.0,0.07692307692307693,0.16666666666666666,0.07692307692307693,61.59949864204667,67.99591032265957,0.04117500071205962,True
2404507,RN,Nordeste,100.0,183.06,0.1757309027803911,0.2225752571794551,0.058823529411764705,0.018518518518518517,0.0,0.05555555555555555,145.02116580039953,228.9249735830893,0.04684435439906398,True
2405009,RN,Nordeste,100.0,178.7,0.3869993335753233,0.12872876303695333,0.14285714285714285,0.0,0.14285714285714285,0.125,87.71388663675073,47.14920591545269,-0.25827057053837,True
2405108,RN,Nordeste,100.0,160.01,0.22381936364197672,0.367758929937991,0.0,0.0,0.2,0.375,89.1593802003399,75.58500525805574,0.14393956629601426,True
2405207,RN,Nordeste,100.0,221.23,0.0737922060725475,0.22319164099513927,0.0,0.0,0.0,0.0,125.39961980757468,339.3207875132394,0.14939943492259178,True
2405603,RN,Nordeste,100.0,170.065,0.16201112726069625,0.0882273172722273,0.05555555555555555,0.0,0.0,0.03571428571428571,132.39516607167027,101.23669693716992,-0.07378380998846895,True
2405702,RN,Nordeste,100.0,150.15,0.03215390613164658,0.1491522634468151,0.0,0.0,0.0,0.15384615384615385,65.77882037649667,40.18247563739584,0.11699835731516851,True
2405801,RN,Nordeste,100.0,179.6,0.20106058617788367,0.26680308909021067,0.09375,0.06976744186046512,0.0,0.13953488372093023,106.27462294297722,76.76130862699719,0.065742502912327,True
2406106,RN,Nordeste,100.0,177.03,0.14025091140014806,0.12492076469956423,0.06666666666666667,0.03571428571428571,0.0,0.03571428571428571,77.37271176473533,77.0695544260285,-0.01533014670058383,True
2406502,RN,Nordeste,100.0,134.84,0.04504694165672703,0.21517621082272362,0.0,0.0,0.0,0.21052631578947367,84.24002283167916,63.56977816873361,0.17012926916599658,True
2406700,RN,Nordeste,99.36,189.195,0.26463183738409946,0.3390561816784766,0.09090909090909091,0.06896551724137931,0.0,0.1724137931034483,203.40238104441642,140.66808416970497,0.07442434429437716,True
2407104,RN,Nordeste,99.39,113.11500000000001,0.2601674301137839,0.2701609469714938,0.10204081632653061,0.04597701149425287,0.08163265306122448,0.19540229885057472,70.62750781114822,62.536256741208625,0.009993516857709883,True
2407203,RN,Nordeste,98.87,139.07,0.17576904961781295,0.33640586814879725,0.1111111111111111,0.08695652173913043,0.0,0.21739130434782608,32.77194348488177,41.771570603349055,0.1606368185309843,True
2407302,RN,Nordeste,100.0,206.85500000000002,0.49723630140534886,0.016050625215287335,0.2,0.0,0.2,0.0,51.09578432530704,42.720950985593106,-0.48118567619006153,True
2407500,RN,Nordeste,100.0,204.77,0.15774079696529725,0.3772276002194079,0.0,0.06666666666666667,0.125,0.26666666666666666,88.69078322251117,81.94650362769019,0.21948680325411063,True
2407708,RN,Nordeste,100.0,183.5,0.30216570934794307,0.19266741364592976,0.1111111111111111,0.0,0.1111111111111111,0.2,74.27813135636424,44.55371269620452,-0.1094982957020133,True
2407807,RN,Nordeste,100.0,167.16,0.17946558805268553,0.14742868636593273,0.0,0.045454545454545456,0.13043478260869565,0.022727272727272728,112.97565813547642,104.6804374523694,-0.0320369016867528,True
2408003,RN,Nordeste,72.89,92.22,0.15514789991338773,0.09983658304369084,0.06976744186046512,0.03614457831325301,0.031007751937984496,0.028112449799196786,53.11937709928786,49.77057276779747,-0.0553113168696969,True
2408102,RN,Nordeste,54.12,76.29,0.1461233481812335,0.13146734218259226,0.015661707126076743,0.01494661921708185,0.028191072826938137,0.06975088967971531,159.94202941538245,88.32226377041752,-0.014656005998641225,True
2408201,RN,Nordeste,100.0,160.025,0.20651036578334678,0.23180230879757713,0.0,0.043478260869565216,0.2222222222222222,0.17391304347826086,36.4794952746323,39.95385052377805,0.02529194301423035,True
2408300,RN,Nordeste,100.0,188.315,0.29320582573647713,0.2717860675341867,0.06666666666666667,0.03333333333333333,0.2,0.23333333333333334,45.32465097436078,44.404585176740405,-0.021419758202290418,True
2408904,RN,Nordeste,100.0,130.23,0.017947046120546747,0.0976614454036714,0.0,0.0,0.0,0.08333333333333333,45.436386788444196,54.968935261660235,0.07971439928312465,True
2409308,RN,Nordeste,100.0,190.78,0.22234971696036104,0.21286310078253384,0.125,0.11764705882352941,0.0,0.0,69.6388818331613,71.84797073398104,-0.0094866161778272,True
2409407,RN,Nordeste,84.77,160.865,0.29120499204163347,0.18811143238142233,0.13793103448275862,0.06,0.034482758620689655,0.06,97.171296243064,84.9036197422453,-0.10309355966021114,True
2409902,RN,Nordeste,100.0,209.04500000000002,0.10422329478556211,0.11463265381487207,0.0,0.0,0.0,0.02857142857142857,168.97310477701723,148.01224869094395,0.010409359029309964,True
2410108,RN,Nordeste,100.0,185.965,0.4184079907128555,0.20904325111179797,0.16666666666666666,0.0,0.16666666666666666,0.2222222222222222,51.66064672024343,40.10626794219672,-0.20936473960105753,True
2410603,RN,Nordeste,91.67,238.58,0.3384646069067901,0.27079717282245275,0.09090909090909091,0.0,0.0,0.15384615384615385,309.12160467749595,214.36265960240982,-0.06766743408433734,True
2411205,RN,Nordeste,98.81000000000002,112.56000000000002,0.10388086614358764,0.18190269441581336,0.0,0.04878048780487805,0.06896551724137931,0.04878048780487805,81.9102980168876,114.19474746668244,0.07802182827222572,True
2411403,RN,Nordeste,100.0,196.69,0.011981677848483026,0.00944075078731,0.0,0.0,0.0,0.0,36.8947310103257,33.25644359469598,-0.002540927061173027,True
2411502,RN,Nordeste,100.0,189.37999999999997,0.31859446366799266,0.23389795298755847,0.15,0.07142857142857142,0.05,0.10714285714285714,90.9889009983888,66.73925486338983,-0.08469651068043418,True
2412005,RN,Nordeste,100.0,109.145,0.18800337848955934,0.24046891162163397,0.056338028169014086,0.05291005291005291,0.07042253521126761,0.1164021164021164,79.53070332517262,104.29915908612428,0.05246553313207464,True
2412203,RN,Nordeste,100.0,163.14000000000001,0.16835248926568347,0.2312261822248558,0.06666666666666667,0.017543859649122806,0.06666666666666667,0.19298245614035087,33.92388834809354,70.89324703382452,0.06287369295917233,True
2412302,RN,Nordeste,100.0,188.83,0.2248073944900949,0.18248795418725022,0.125,0.03571428571428571,0.0,0.07142857142857142,73.15796640852832,114.66633337593613,-0.04231944030284468,True
2412500,RN,Nordeste,40.58,128.255,0.033735487691001216,0.08795275316588,0.0,0.0,0.0,0.06451612903225806,68.04344590318752,64.68856911460453,0.05421726547487878,True
2412559,RN,Nordeste,100.0,171.21,0.2872353113583082,0.3695577718907321,0.16666666666666666,0.0,0.0,0.4166666666666667,73.05475244569318,71.60730995647297,0.08232246053242387,True
2412609,RN,Nordeste,100.0,178.095,0.13857444646463285,0.0846387618858457,0.045454545454545456,0.0,0.0,0.02564102564102564,120.53185273159681,108.74331255831534,-0.053935684578787155,True
2413003,RN,Nordeste,100.0,166.4,0.03221781799998641,0.1213261024734673,0.0,0.0,0.0,0.07142857142857142,65.87033411958807,103.79780376714709,0.08910828447348089,True
2413102,RN,Nordeste,100.0,180.81,0.5950474815437772,0.25404419127022443,0.16666666666666666,0.0,0.3333333333333333,0.25,95.36928658361617,69.67246851978487,-0.34100329027355275,True
2413300,RN,Nordeste,100.0,184.10999999999999,0.11900589563230102,0.15399098105796669,0.0,0.0,0.0,0.14285714285714285,190.13992670308153,60.905427587900654,0.03498508542566567,True
2413359,RN,Nordeste,95.92999999999999,155.95499999999998,0.5005361785000348,0.13430833385558089,0.14285714285714285,0.0,0.2857142857142857,0.09090909090909091,70.95561024675644,97.93280523198588,-0.36622784464445396,True
2413508,RN,Nordeste,100.0,163.14000000000001,0.1739002424217665,0.12583331474896517,0.0,0.0,0.1111111111111111,0.09090909090909091,129.26381114852984,85.79764565421091,-0.048066927672801324,True
2413607,RN,Nordeste,100.0,255.14000000000001,0.34764824487360974,0.04148885204994746,0.2,0.0,0.0,0.0,87.9647612953846,79.14528680487926,-0.3061593928236623,True
2413904,RN,Nordeste,100.0,153.21,0.4219826286264402,0.3463391190043379,0.16666666666666666,0.25,0.16666666666666666,0.0,56.77907783743734,38.36112438299024,-0.07564350962210231,True
2414407,RN,Nordeste,100.0,175.25,0.14242330985689955,0.15581939980903375,0.041666666666666664,0.037037037037037035,0.041666666666666664,0.05555555555555555,81.87437398812784,93.5647185135703,0.013396089952134205,True
2414506,RN,Nordeste,100.0,173.64000000000001,0.018202616890281687,0.03591784020883096,0.0,0.0,0.0,0.0,45.80233193088373,71.16829975020123,0.017715223318549272,True
2414704,RN,Nordeste,100.0,200.64000000000001,0.2752558033248036,0.3157392669040857,0.125,0.2,0.0,0.0,145.39373177407543,42.27512511254588,0.04048346357928212,True
2414803,RN,Nordeste,100.0,195.62000000000003,0.14830182010773968,0.280319877081374,0.0,0.1111111111111111,0.125,0.1111111111111111,75.1753575961581,42.997651946332304,0.13201805697363433,True
2500106,PB,Nordeste,100.0,187.46,0.24608730861750455,0.1023976863422312,0.0,0.0,0.2222222222222222,0.05,93.14869104294316,103.59400673404193,-0.14368962227527335,True
2500304,PB,Nordeste,100.0,167.865,0.19447416984065855,0.23125936537753272,0.0,0.043478260869565216,0.1875,0.17391304347826086,62.832024121548,39.17642395269232,0.03678519553687418,True
2500403,PB,Nordeste,100.0,149.9,0.20297563944199104,0.3826096797976381,0.043478260869565216,0.12727272727272726,0.08695652173913043,0.12727272727272726,107.83431238930402,134.46396947571918,0.17963404035564706,True
2500536,PB,Nordeste,100.0,188.23,0.3399978918142323,0.3117336384364484,0.1,0.0,0.1,0.3,166.26140729870292,89.51143170080373,-0.028264253377783877,True
2500601,PB,Nordeste,100.0,146.29999999999998,0.16633591673130074,0.37223857612714817,0.09090909090909091,0.05263157894736842,0.0,0.2631578947368421,62.655007149427604,109.35213105276515,0.20590265939584743,True
2500700,PB,Nordeste,100.0,175.35,0.008195047761096847,0.21826108357924584,0.0,0.08,0.0,0.08,31.472753809523297,60.01187869717846,0.210066035818149,True
2501005,PB,Nordeste,92.27,162.89000000000001,0.1815590829453822,0.12007957846254938,0.0,0.0,0.2,0.1111111111111111,28.647982691582627,52.19940132117453,-0.06147950448283282,True
2501104,PB,Nordeste,100.0,170.1,0.0918894387284646,0.1958443256527928,0.0,0.03225806451612903,0.07142857142857142,0.12903225806451613,61.64821006250751,68.9043112414827,0.10395488692432821,True
2501302,PB,Nordeste,100.0,187.10999999999999,0.06475138691791281,0.3033567825543872,0.0,0.11538461538461539,0.0,0.11538461538461539,112.45430584720216,61.44038381664497,0.23860539563647437,True
2501401,PB,Nordeste,100.0,183.39499999999998,0.262149535967356,0.1669610020112658,0.14285714285714285,0.0,0.0,0.1111111111111111,88.27344012357675,119.32769316807172,-0.09518853395609023,True
2501500,PB,Nordeste,100.0,166.42,0.11885849946590409,0.13552184938201478,0.04,0.0,0.0,0.10810810810810811,104.01643347141352,78.08046075727226,0.016663349916110695,True
2501534,PB,Nordeste,97.62,140.865,0.07988665499570233,0.25010789036722614,0.0,0.0,0.0,0.15789473684210525,134.12610281495228,179.6560229753514,0.1702212353715238,True
2501609,PB,Nordeste,100.0,216.98,0.41127568676261334,0.39813414647293777,0.16666666666666666,0.2,0.16666666666666666,0.1,41.448086075298086,34.72409804845301,-0.013141540289675568,True
2501708,PB,Nordeste,100.0,177.78,0.05714787615342293,0.2184708238984983,0.0,0.0,0.0,0.2,101.56703641244806,81.50094515981996,0.16132294774507538,True
2501807,PB,Nordeste,100.0,124.08,0.2855109057838681,0.18742590442721177,0.14583333333333334,0.02531645569620253,0.041666666666666664,0.10759493670886076,63.027469710507255,98.66975040005181,-0.09808500135665635,True
2502003,PB,Nordeste,100.0,223.35,0.04981043385959473,0.013000761512000221,0.0,0.0,0.0,0.0,91.06074350523639,38.35393042029883,-0.03680967234759451,True
2502102,PB,Nordeste,100.0,201.65,0.07406794604357671,0.042085718142786645,0.0,0.0,0.0,0.0,125.79444470511366,79.99992384959253,-0.03198222790079006,True
2502151,PB,Nordeste,99.74,187.51500000000001,0.4040856513139072,0.3606349567221669,0.0,0.25,0.375,0.0,127.60029339941147,58.830962836617566,-0.043450694591740335,True
2502409,PB,Nordeste,97.96,170.69,0.3773460457548821,0.39889162972028347,0.14285714285714285,0.15384615384615385,0.14285714285714285,0.15384615384615385,73.89159471297202,67.34531959797594,0.02154558396540135,True
2502508,PB,Nordeste,100.0,164.9,0.11051009591265665,0.25045554351787275,0.0,0.01818181818181818,0.05,0.14545454545454545,115.20995514181999,156.7188955429013,0.1399454476052161,True
2502805,PB,Nordeste,97.83,154.26,0.023852288392905128,0.12334769644059736,0.0,0.0625,0.0,0.0,53.891949710367484,62.11865016037026,0.09949540804769223,True
2502904,PB,Nordeste,100.0,182.85999999999999,0.19614843459202522,0.036622216005369176,0.0,0.0,0.16666666666666666,0.0,91.38146728680154,72.1768771452706,-0.15952621858665605,True
2503001,PB,Nordeste,100.0,148.62999999999997,0.30879129561241137,0.27802698097788553,0.2,0.007751937984496124,0.0,0.015503875968992248,32.326505610266544,381.7263546905861,-0.030764314634525836,True
2503209,PB,Nordeste,100.0,115.75,0.1905151027503401,0.15606043057683022,0.09375,0.025210084033613446,0.03125,0.07563025210084033,51.94665884177166,94.1121147442672,-0.034454672173509865,True
2503506,PB,Nordeste,100.0,152.51,0.21116971072121482,0.26716449975370343,0.125,0.0,0.0,0.3,53.63052148779615,25.69404045304896,0.05599478903248861,True
2503555,PB,Nordeste,100.0,193.82,0.07179808488445666,0.038841894546833004,0.0,0.0,0.0,0.0,122.54428950914334,75.35517715535548,-0.032956190337623655,True
2503704,PB,Nordeste,100.0,170.99,0.18188713426810624,0.23502124694534193,0.05555555555555555,0.04712041884816754,0.08333333333333333,0.08376963350785341,56.246675952719414,149.89742225011585,0.053134112677235695,True
2503803,PB,Nordeste,100.0,182.51,0.21475152420253507,0.3961538848334652,0.0,0.0625,0.2,0.25,76.17537659645807,138.91745677758328,0.18140236063093013,True
2503902,PB,Nordeste,100.0,115.03,0.05278461117611706,0.1938817578118383,0.0,0.0,0.0,0.16666666666666666,95.31939070054746,88.13587172025785,0.14109714663572126,True
2504009,PB,Nordeste,99.56000000000002,132.535,0.1926609967232083,0.3505122624397227,0.03112033195020747,0.06513409961685823,0.08921161825726141,0.20306513409961685,116.77671417927242,126.82424626403515,0.15785126571651442,True
2504074,PB,Nordeste,100.0,177.48,0.2558515631962097,0.25495810760046356,0.0,0.14285714285714285,0.2,0.0,135.0254541675729,77.97622076317982,-0.0008934555957461621,True
2504157,PB,Nordeste,100.0,203.22,0.1702600857825394,0.482091839471538,0.0,0.2,0.14285714285714285,0.2,84.2007357797261,29.41082291408485,0.3118317536889986,True
2504306,PB,Nordeste,100.0,121.755,0.24386680371833308,0.15892264215453908,0.15384615384615385,0.08,0.0,0.0,38.49255220078194,75.47079755605425,-0.084944161563794,True
2504405,PB,Nordeste,100.0,170.92499999999998,0.15559649353053168,0.13537301927763867,0.0,0.04878048780487805,0.125,0.0,85.62041086857293,108.80431674706267,-0.020223474252893003,True
2504603,PB,Nordeste,100.0,137.345,0.3397515305832166,0.19786570035419715,0.2857142857142857,0.022222222222222223,0.0,0.13333333333333333,28.92852774605688,87.95461306598783,-0.14188583022901946,True
2504702,PB,Nordeste,95.35,141.9,0.11842323354551498,0.24370904208248317,0.0,0.0,0.0,0.16666666666666666,189.3056280054481,159.48226496666635,0.1252858085369682,True
2504801,PB,Nordeste,100.0,190.69,0.04460853648481026,0.07233304061335522,0.0,0.0,0.0,0.0,83.61228186095038,123.3102787128917,0.027724504128544956,True
2504900,PB,Nordeste,100.0,145.01500000000001,0.023800057343454945,0.10897591185610746,0.0,0.05263157894736842,0.0,0.0,53.81716142823867,62.73556877324568,0.08517585451265251,True
2505006,PB,Nordeste,100.0,200.07999999999998,0.04544942659263271,0.22333266030634336,0.0,0.0,0.0,0.2222222222222222,84.81633055009517,60.56690156042314,0.17788323371371065,True
2505105,PB,Nordeste,100.0,177.49,0.1257491115390298,0.2767878650078581,0.041666666666666664,0.06818181818181818,0.0,0.13636363636363635,110.30323677901836,98.44474014741212,0.15103875346882834,True
2505402,PB,Nordeste,100.0,173.54,0.03982229379852685,0.34624506937394994,0.0,0.3333333333333333,0.0,0.0,76.7589853615162,38.226457161756784,0.3064227755754231,True
2506004,PB,Nordeste,100.0,157.42499999999998,0.1995744342977453,0.167052851810695,0.058823529411764705,0.04838709677419355,0.058823529411764705,0.04838709677419355,105.32085559228584,94.27039760979976,-0.03252158248705028,True
2506103,PB,Nordeste,100.0,190.06,0.31545638101255813,0.38804945827072457,0.0,0.09375,0.3333333333333333,0.1875,52.99855885888315,138.65016585133722,0.07259307725816644,True
2506251,PB,Nordeste,100.0,171.17,0.4616641924510964,0.41274960963389484,0.125,0.2,0.25,0.1,98.48177525566086,55.65159986645532,-0.04891458281720157,True
2506301,PB,Nordeste,100.0,121.77,0.07696177925238842,0.36571830861963744,0.038461538461538464,0.13,0.0,0.14,47.32993340309748,88.44342782234921,0.28875652936724905,True
2506806,PB,Nordeste,100.0,178.04,0.31558396551963835,0.10875682835814895,0.0,0.0,0.057971014492753624,0.05128205128205128,398.8438752513223,111.0901364712558,-0.2068271371614894,True
2506905,PB,Nordeste,100.0,151.63000000000002,0.17833360849568541,0.21416951897857686,0.1111111111111111,0.06349206349206349,0.0,0.047619047619047616,36.444068684609974,130.25704779987578,0.03583591048289145,True
2507002,PB,Nordeste,100.0,146.19,0.22346515683879326,0.12455026155091548,0.05555555555555555,0.05128205128205128,0.1111111111111111,0.0,80.91168980420743,87.93460567685861,-0.09891489528787778,True
2507101,PB,Nordeste,100.0,133.28,0.30487814460463447,0.15408027364673563,0.2,0.05555555555555555,0.0,0.05555555555555555,26.72336639206292,51.30023095919238,-0.15079787095789884,True
2507200,PB,Nordeste,93.63,179.18,0.19620166072470424,0.29841938664281653,0.0,0.08333333333333333,0.2,0.16666666666666666,49.614309226864066,58.83633429716186,0.10221772591811229,True
2507507,PB,Nordeste,93.51,86.59,0.1738272953567777,0.1601852792477461,0.07462686567164178,0.042228212039532795,0.04051172707889126,0.07187780772686433,57.49844316448925,68.17710328674455,-0.013642016109031624,True
2507606,PB,Nordeste,98.95,179.57,0.05599696520708081,0.009281303012134732,0.0,0.0,0.0,0.0,99.91907694262608,33.02813446975694,-0.04671566219494608,True
2507705,PB,Nordeste,100.0,185.21,0.13139364340456455,0.16388317088495885,0.0,0.03333333333333333,0.125,0.06666666666666667,50.96497884880193,99.11808793443603,0.0324895274803943,True
2508000,PB,Nordeste,100.0,189.51,0.17659803176193772,0.1439575938171011,0.0,0.07142857142857142,0.16666666666666666,0.0,63.38775362452836,72.45254248707398,-0.03264043794483662,True
2508307,PB,Nordeste,100.0,164.08,0.14124730506194724,0.3874323517047737,0.034482758620689655,0.09375,0.034482758620689655,0.25,104.63812802706802,59.31022604449105,0.24618504664282645,True
2508505,PB,Nordeste,99.47,152.68,0.0966015991736757,0.10939539390610055,0.0,0.0,0.0,0.0625,158.0597969319329,97.92257812078805,0.012793794732424854,True
2508901,PB,Nordeste,100.0,141.575,0.30813808265104553,0.1647272458583452,0.19047619047619047,0.03529411764705882,0.0,0.058823529411764705,51.84652992337495,105.96080190823847,-0.14341083679270034,True
2509057,PB,Nordeste,100.0,152.32999999999998,0.26527153634254724,0.48457759689033186,0.14285714285714285,0.2,0.0,0.2,92.74375131440868,32.97011435275008,0.21930606054778462,True
2509206,PB,Nordeste,100.0,173.27,0.09402235077540713,0.20260018116423595,0.0,0.0,0.0,0.18181818181818182,154.36663818975657,81.59984134020036,0.10857783038882882,True
2509404,PB,Nordeste,100.0,176.27,0.05593292673802,0.028828444894233963,0.0,0.0,0.0,0.0,99.82738192325289,61.017178865363626,-0.027104481843786037,True
2509701,PB,Nordeste,100.0,151.81,0.22359168682380154,0.2773368829905174,0.0625,0.1,0.125,0.05555555555555555,48.74277255894995,132.32989900417164,0.05374519616671586,True
2510808,PB,Nordeste,100.0,140.38500000000002,0.21701577257315263,0.15700735027598137,0.05555555555555555,0.07246376811594203,0.1388888888888889,0.043478260869565216,36.80750812543428,34.33643249946644,-0.060008422297171266,True
2510907,PB,Nordeste,100.0,177.45,0.17685689319125014,0.12741055805698162,0.041666666666666664,0.0,0.0,0.06451612903225806,183.483140943675,121.1871743588627,-0.04944633513426852,True
2511103,PB,Nordeste,100.0,153.08,0.24632963535968178,0.21805791992239903,0.125,0.0,0.0,0.17647058823529413,103.97510370794383,110.44621598917978,-0.02827171543728274,True
2511202,PB,Nordeste,100.0,150.93,0.12054237397146533,0.24711825515245364,0.0625,0.03389830508474576,0.0,0.15254237288135594,58.1017818321962,109.28691761425209,0.1265758811809883,True
2511301,PB,Nordeste,100.0,170.3,0.1668469247862248,0.10421649782724304,0.09090909090909091,0.05263157894736842,0.0,0.0,63.386706301255,55.9206875310447,-0.06263042695898174,True
2511400,PB,Nordeste,100.0,177.39000000000001,0.020498420907446767,0.263184876667338,0.0,0.0,0.0,0.21153846153846154,49.08963403098722,131.04159125230305,0.2426864557598912,True
2511905,PB,Nordeste,100.0,170.63000000000002,0.31099066362418243,0.08073135253235365,0.2,0.0,0.0,0.05555555555555555,35.47572350079153,65.59665130267923,-0.2302593110918288,True
2512002,PB,Nordeste,100.0,180.31,0.10595140660730736,0.262262013651945,0.0,0.06666666666666667,0.0625,0.13333333333333333,92.99122222306966,84.70375308760005,0.15631060704463767,True
2512101,PB,Nordeste,100.0,155.37999999999997,0.09451972957851462,0.11607880714581882,0.043478260869565216,0.017857142857142856,0.0,0.05357142857142857,61.695734478748264,80.34666159866413,0.0215590775673042,True
2512408,PB,Nordeste,100.0,171.6,0.26270705693099394,0.291997559770674,0.09090909090909091,0.08108108108108109,0.09090909090909091,0.10810810810810811,86.52805291699948,127.98712454234452,0.029290502839680044,True
2512507,PB,Nordeste,100.0,132.19,0.15764605151752664,0.19002344166256646,0.075,0.0273972602739726,0.0,0.1232876712328767,84.38193566531459,78.220814002521,0.03237739014503982,True
2512705,PB,Nordeste,100.0,176.12000000000003,0.37579605759318124,0.14453820833084685,0.08333333333333333,0.0,0.25,0.15384615384615385,65.02155033246245,33.57573004443131,-0.2312578492623344,True
2512903,PB,Nordeste,100.0,128.14,0.15375774357649535,0.21236125136659653,0.09090909090909091,0.02040816326530612,0.0,0.14285714285714285,44.644647938402755,100.65142269243938,0.05860350779010118,True
2513406,PB,Nordeste,99.16,140.38,0.23512357900370273,0.17172457646121284,0.08333333333333333,0.1111111111111111,0.08333333333333333,0.0,72.81314045028086,26.980767495076982,-0.0633990025424899,True
2513703,PB,Nordeste,98.42999999999999,92.12,0.26086324390771887,0.1574093946850888,0.12307692307692308,0.027607361963190184,0.06153846153846154,0.049079754601226995,51.66650519375443,124.22363110560109,-0.10345384922263007,True
2513901,PB,Nordeste,100.0,164.67000000000002,0.17319311077806748,0.016500127385109135,0.1111111111111111,0.0,0.0,0.0,29.083523613533252,43.364581459191164,-0.15669298339295834,True
2514008,PB,Nordeste,100.0,165.64000000000001,0.32514877069221393,0.20612563566487824,0.16666666666666666,0.07692307692307693,0.0,0.0,127.34204942692087,149.66818634144016,-0.11902313502733569,True
2514503,PB,Nordeste,100.0,183.57500000000002,0.18946005606417354,0.20225903319902738,0.05714285714285714,0.029850746268656716,0.0,0.05970149253731343,168.2893499492941,170.29081756506258,0.01279897713485384,True
2515104,PB,Nordeste,100.0,158.51,0.19774859030375744,0.2724019715604901,0.1,0.16666666666666666,0.0,0.0,88.10844330865498,51.81527873437518,0.07465338125673268,True
2515302,PB,Nordeste,100.0,129.61,0.23044248093863584,0.2140151050998591,0.05263157894736842,0.05737704918032787,0.15789473684210525,0.06557377049180328,38.45494949588977,120.63125765382466,-0.016427375838776737,True
2515401,PB,Nordeste,100.0,170.05,0.023713092028151653,0.1867584642597427,0.0,0.0,0.0,0.18181818181818182,53.692638053640835,58.91649865936867,0.16304537223159105,True
2515500,PB,Nordeste,100.0,128.54,0.1495805678268777,0.2199391951992562,0.06666666666666667,0.045454545454545456,0.0,0.13636363636363635,90.73160430762047,65.8584940908765,0.0703586273723785,True
2516003,PB,Nordeste,100.0,143.79,0.1862143083767121,0.23283023156608346,0.0,0.09859154929577464,0.0,0.014084507042253521,286.37390604428856,123.68572185010422,0.046615923189371355,True
2516102,PB,Nordeste,99.42,175.4,0.21168197603325736,0.3232039695657388,0.125,0.125,0.0,0.125,54.36402087341316,57.13682284585868,0.11152199353248146,True
2516201,PB,Nordeste,100.0,182.12999999999997,0.06915970067162305,0.20311777129656608,0.038461538461538464,0.1111111111111111,0.0,0.0,36.158339873353164,71.93186721422784,0.13395807062494303,True
2516300,PB,Nordeste,100.0,122.33,0.09538720376295613,0.15340218811363068,0.0,0.045454545454545456,0.0,0.022727272727272728,156.32093570764428,113.23373934284488,0.05801498435067455,True
2516508,PB,Nordeste,100.0,174.15,0.07204775274086539,0.12926073112363137,0.0,0.0,0.0,0.04081632653061224,122.90178242341841,153.58677806981387,0.05721297838276598,True
2516904,PB,Nordeste,100.0,187.54,0.1354426268944084,0.27119970609715927,0.0,0.0,0.0,0.0,213.6752549770877,408.06228811687185,0.13575707920275087,True
2600054,PE,Nordeste,86.99,112.83500000000001,0.13817192006444154,0.09847629797666477,0.07547169811320754,0.025974025974025976,0.0,0.05194805194805195,55.48431460331147,39.746381814515004,-0.03969562208777677,True
2600104,PE,Nordeste,100.0,129.405,0.1805477009607157,0.21881733126617378,0.061224489795918366,0.03571428571428571,0.02040816326530612,0.06428571428571428,121.14301424852863,175.6518608299468,0.038269630305458074,True
2600203,PE,Nordeste,100.0,187.42,0.5019350836994664,0.12848166924865717,0.16666666666666666,0.038461538461538464,0.25,0.038461538461538464,66.65249220871524,72.81911189891666,-0.3734534144508092,True
2600302,PE,Nordeste,100.0,176.62000000000003,0.1591713365360178,0.2034049714742315,0.021739130434782608,0.038834951456310676,0.0,0.0,200.96023381536662,227.57863331728402,0.044233634938213695,True
2600401,PE,Nordeste,100.0,171.95,0.015630813887209317,0.12488955835063237,0.0,0.023255813953488372,0.0,0.046511627906976744,42.1198340565696,90.22939779794896,0.10925874446342305,True
2600500,PE,Nordeste,99.65,139.69,0.09431247135974656,0.09507621846776623,0.03333333333333333,0.046511627906976744,0.0,0.0,83.18835390363672,55.977457327813056,0.0007637471080196717,True
2600609,PE,Nordeste,100.0,174.58,0.060361117363853925,0.08450896805566227,0.0,0.0,0.0,0.07142857142857142,106.16799298374643,51.08030593782772,0.024147850691808345,True
2600708,PE,Nordeste,100.0,133.01,0.12425906539951709,0.3569193728313924,0.03333333333333333,0.05714285714285714,0.03333333333333333,0.2857142857142857,84.22473236747135,49.412525837664376,0.23266030743187532,True
2600807,PE,Nordeste,100.0,163.645,0.22378513021810895,0.04341665195311215,0.14285714285714285,0.0,0.0,0.0,33.340444691130074,81.90565337923434,-0.1803684782649968,True
2600906,PE,Nordeste,100.0,181.04,0.14619294148122386,0.021344516385670552,0.0,0.0,0.03125,0.0,189.84019053655396,50.30113615471276,-0.1248484250955533,True
2601003,PE,Nordeste,100.0,205.10999999999999,0.19336616549754965,0.09058081484521333,0.08333333333333333,0.0,0.0,0.0,117.63021334078802,149.43879234302017,-0.10278535065233632,True
2601052,PE,Nordeste,100.0,139.44,0.18317392806271968,0.12315527582176002,0.0,0.0,0.2,0.11764705882352941,30.96023744236941,48.39882984341711,-0.06001865224095966,True
2601102,PE,Nordeste,25.830000000000002,103.25999999999999,0.0890887611387046,0.18432054257019304,0.010869565217391304,0.0392156862745098,0.0,0.0784313725490196,123.95658754897738,100.97939817086011,0.09523178143148843,True
2601201,PE,Nordeste,99.84,119.38,0.11414828086339568,0.1866149837493707,0.024096385542168676,0.05660377358490566,0.012048192771084338,0.07547169811320754,116.30584208590557,70.63370612985156,0.07246670288597501,True
2601300,PE,Nordeste,100.0,199.78,0.1571040564190919,0.1994521831968204,0.0,0.125,0.14285714285714285,0.0,65.36295928306863,36.85249838522904,0.042348126777728506,True
2601409,PE,Nordeste,89.17999999999999,122.13,0.18158534389936903,0.21106514431630677,0.04081632653061224,0.015625,0.04081632653061224,0.15625,140.84327548842646,92.25682265412516,0.029479800416937735,True
2601508,PE,Nordeste,100.0,198.84,0.19698279462104987,0.21422926075801657,0.0,0.07692307692307693,0.2,0.07692307692307693,50.73279454996664,64.70993069402846,0.017246466136966704,True
2601607,PE,Nordeste,99.11,180.085,0.14749341291793105,0.14645799840302307,0.05555555555555555,0.0,0.0,0.13043478260869565,111.60762824576928,65.71294844274075,-0.0010354145149079896,True
2601706,PE,Nordeste,72.46,100.875,0.10508683970980728,0.13975821755331147,0.025,0.07407407407407407,0.05,0.018518518518518517,53.749260237582085,37.51120772927723,0.034671377843504186,True
2601904,PE,Nordeste,100.0,156.225,0.0730570059519972,0.09658225378420952,0.0,0.02040816326530612,0.08333333333333333,0.061224489795918366,17.470721335343228,37.34404742195788,0.023525247832212326,True
2602001,PE,Nordeste,93.24,128.575,0.23982502981454712,0.20116524609028177,0.13636363636363635,0.04918032786885246,0.0,0.08196721311475409,70.25438477264349,99.25817969083889,-0.038659783724265345,True
2602100,PE,Nordeste,98.8,126.97,0.15241065533813264,0.08375549192576504,0.05714285714285714,0.028985507246376812,0.02857142857142857,0.0,79.37352930805004,77.41039819614062,-0.0686551634123676,True
2602209,PE,Nordeste,96.98,113.17,0.146379692803391,0.06837829309863094,0.07407407407407407,0.0,0.0,0.058823529411764705,70.23864335574822,43.80633528600948,-0.07800139970476005,True
2602308,PE,Nordeste,91.74,103.17,0.16015178248204875,0.1564318399677833,0.044444444444444446,0.045454545454545456,0.022222222222222223,0.06818181818181818,125.70180463028107,60.51267657414543,-0.0037199425142654674,True
2602407,PE,Nordeste,100.0,154.2,0.07213420028581435,0.11465482042452547,0.0,0.0,0.0,0.05,123.02556441610365,121.144678441521,0.04252062013871112,True
2602605,PE,Nordeste,65.8,98.92,0.0,0.18417830648627462,0.0,0.057692307692307696,0.0,0.07692307692307693,11.372150103309101,62.98480827955861,0.18417830648627462,True
2602803,PE,Nordeste,63.64,132.725,0.15673739112829216,0.14600410431149974,0.021739130434782608,0.02877697841726619,0.0,0.014388489208633094,197.4751306486626,148.92856199492797,-0.01073328681679242,True
2602902,PE,Nordeste,83.2,84.955,0.1545404060069923,0.2800871238998145,0.024390243902439025,0.03686635944700461,0.0975609756097561,0.22580645161290322,66.16683061477912,58.15088280235069,0.1255467178928222,True
2603009,PE,Nordeste,70.7,166.07500000000002,0.39809107752823714,0.2630052214271899,0.16666666666666666,0.0,0.16666666666666666,0.3,22.56938680430006,18.24976378479166,-0.13508585610104723,True
2603108,PE,Nordeste,100.0,123.12,0.036445729930745616,0.17826264792660326,0.0,0.05405405405405406,0.0,0.05405405405405406,71.9241713222076,91.03612214650504,0.14181691799585766,True
2603207,PE,Nordeste,100.0,169.97,0.1295480783711968,0.16640061122654592,0.07142857142857142,0.05405405405405406,0.0,0.05405405405405406,51.81993184930422,74.05118011135951,0.03685253285534912,True
2603306,PE,Nordeste,100.0,157.94,0.3366282187511596,0.15782228332660342,0.125,0.09090909090909091,0.125,0.0,76.35865633408416,50.46455676188469,-0.1788059354245562,True
2603405,PE,Nordeste,100.0,200.84,0.4210262184014858,0.2758572045837062,0.14285714285714285,0.0,0.14285714285714285,0.23076923076923078,136.4360985994021,125.04636177153654,-0.14516901381777958,True
2603454,PE,Nordeste,96.88,106.61500000000001,0.16937691521717657,0.15951331238565591,0.05263157894736842,0.04838709677419355,0.08771929824561403,0.08064516129032258,39.10806088189563,42.981142064361286,-0.009863602831520657,True
2603504,PE,Nordeste,100.0,168.28,0.018739964239759013,0.009925057879033354,0.0,0.0,0.0,0.0,46.571745633976334,33.94991033132236,-0.008814906360725659,True
2603702,PE,Nordeste,96.07000000000001,165.35500000000002,0.2920916256789043,0.08251730464298102,0.13333333333333333,0.02631578947368421,0.06666666666666667,0.0,67.91534075533644,81.37151924056501,-0.20957432103592327,True
2603801,PE,Nordeste,100.0,171.05,0.14478645235190357,0.012382823186427461,0.06666666666666667,0.0,0.0,0.0,83.86703496668794,37.46912059323958,-0.1324036291654761,True
2603900,PE,Nordeste,100.0,185.10999999999999,0.03500653106784423,0.12509334514466067,0.0,0.0,0.0,0.07142857142857142,69.86341987778582,109.1920206306168,0.09008681407681643,True
2603926,PE,Nordeste,53.76,57.19,0.06125306368581765,0.022125886125014198,0.0,0.0,0.0,0.0,107.4451477388773,51.41995917527418,-0.03912717756080345,True
2604007,PE,Nordeste,80.49,96.91499999999999,0.13139704723752338,0.13377512766204452,0.037037037037037035,0.06,0.07407407407407407,0.04,35.34866932735723,32.20690001837314,0.002378080424521145,True
2604106,PE,Nordeste,76.76,79.155,0.2407237492678933,0.13863055602076907,0.09433962264150944,0.04639175257731959,0.10377358490566038,0.07216494845360824,31.53377830831619,28.010509046565396,-0.10209319324712424,True
2604155,PE,Nordeste,100.0,186.75,0.3076758139188758,0.009616186303599207,0.0,0.0,0.3333333333333333,0.0,41.85776706837072,33.50764515058592,-0.29805962761527655,True
2604205,PE,Nordeste,80.62,138.77,0.23474438020309488,0.19246870668724,0.13043478260869565,0.04081632653061224,0.0,0.10204081632653061,75.71359203441753,79.57170823867708,-0.04227567351585487,True
2604304,PE,Nordeste,100.0,184.4,0.03964460597437959,0.1474788618059669,0.0,0.0,0.0,0.09523809523809523,76.50455878454584,111.35713782962092,0.1078342558315873,True
2604403,PE,Nordeste,100.0,134.78,0.017092185760522925,0.11223084403866898,0.0,0.0,0.0,0.1111111111111111,44.21233445828423,40.96100250234307,0.09513865827814605,True
2604502,PE,Nordeste,100.0,136.27,0.19728717766066595,0.1554641639168162,0.08695652173913043,0.047619047619047616,0.0,0.023809523809523808,115.4626847853792,110.17873630369292,-0.04182301374384975,True
2604601,PE,Nordeste,97.57000000000001,128.26000000000002,0.12441824913727678,0.16240397208758275,0.058823529411764705,0.06896551724137931,0.0,0.034482758620689655,71.54791075697327,60.86936094116881,0.03798572295030597,True
2604700,PE,Nordeste,100.0,183.87000000000003,0.03781273449630637,0.2238152401478572,0.0,0.0625,0.0,0.125,73.88154962872696,49.06287275311232,0.18600250565155083,True
2604809,PE,Nordeste,100.0,202.78,0.1458722577170919,0.208084605330259,0.0,0.023255813953488372,0.0,0.023255813953488372,228.6091722672264,238.5472728367759,0.0622123476131671,True
2604908,PE,Nordeste,100.0,132.41,0.10910810363083341,0.11435176965894123,0.0,0.0,0.09090909090909091,0.05128205128205128,61.84925057247373,119.10138749727389,0.005243666028107816,True
2605004,PE,Nordeste,100.0,148.82,0.18207355932317976,0.18864643309047127,0.03333333333333333,0.04,0.06666666666666667,0.12,125.16443233821536,53.307825481370095,0.006572873767291515,True
2605103,PE,Nordeste,100.0,146.04,0.1550986522696613,0.1367222367735979,0.046511627906976744,0.015873015873015872,0.023255813953488372,0.07936507936507936,112.72897054015836,81.788182584943,-0.018376415496063392,True
2605152,PE,Nordeste,100.0,198.10999999999999,0.23219047283229224,0.17527094713972563,0.08333333333333333,0.06666666666666667,0.08333333333333333,0.06666666666666667,68.6133019601425,43.8302483547722,-0.056919525692566614,True
2605202,PE,Nordeste,85.35,113.38,0.19146113615030821,0.2392623671298445,0.09090909090909091,0.045454545454545456,0.030303030303030304,0.07954545454545454,60.591727444159474,164.85076987499698,0.047801230979536286,True
2605301,PE,Nordeste,100.0,131.89,0.19090781457120315,0.12006080448000091,0.125,0.0,0.0,0.1,24.618039033714496,66.12030973549211,-0.07084701009120224,True
2605400,PE,Nordeste,99.5,172.865,0.14008198876955777,0.21036257640881956,0.07142857142857142,0.045454545454545456,0.0,0.13636363636363635,66.90316435344178,52.14598255839529,0.07028058763926179,True
2605608,PE,Nordeste,100.0,123.995,0.010594656625607709,0.1864247180821632,0.0,0.02857142857142857,0.0,0.11428571428571428,34.90869137246654,81.84617042094872,0.1758300614565555,True
2605707,PE,Nordeste,84.78,129.48499999999999,0.11831119637196383,0.17030938415718108,0.034482758620689655,0.01818181818181818,0.0,0.09090909090909091,115.08275618860536,110.4306641122164,0.051998187785217254,True
2605806,PE,Nordeste,100.0,134.39,0.01608994206520634,0.22290954329404064,0.0,0.0,0.0,0.25,42.777247761076495,25.09157532818093,0.2068196012288343,True
2605905,PE,Nordeste,87.8,153.72,0.053973434677559086,0.17713329849609694,0.0,0.043478260869565216,0.0,0.08695652173913043,97.0216361726015,70.8313360777944,0.12315986381853786,True
2606002,PE,Nordeste,89.72,95.05,0.28176872524044655,0.15176510264578072,0.125,0.030405405405405407,0.075,0.0472972972972973,60.57183023680651,112.36956819893084,-0.13000362259466583,True
2606101,PE,Nordeste,90.48,104.39,0.02166986969497775,0.20648689080498525,0.0,0.1,0.0,0.05,50.767001101792104,37.85553190840164,0.1848170211100075,True
2606200,PE,Nordeste,99.98,121.03999999999999,0.15847467300901225,0.14310738112162674,0.047619047619047616,0.03333333333333333,0.047619047619047616,0.058333333333333334,84.601283755779,79.83061736642945,-0.015367291887385504,True
2606408,PE,Nordeste,85.45,95.19000000000001,0.1214739712892988,0.07181960334428009,0.025,0.013513513513513514,0.075,0.04054054054054054,45.83103963332734,42.66004152798299,-0.04965436794501871,True
2606507,PE,Nordeste,95.34,169.065,0.04696327631280782,0.15441009433732256,0.0,0.038461538461538464,0.0,0.0,86.98397261673719,158.22616275222217,0.10744681802451474,True
2606606,PE,Nordeste,100.0,153.58,0.12077989376109695,0.3389709956566547,0.05,0.09375,0.0,0.1875,85.2895178991831,68.3759908717568,0.21819110189555774,True
2606705,PE,Nordeste,100.0,196.07,0.17550343212140446,0.15069279358308102,0.0,0.05555555555555555,0.1,0.0,145.50716720161714,116.18873826254024,-0.024810638538323437,True
2606804,PE,Nordeste,89.64,103.02,0.10030677522249293,0.2187503803694538,0.0,0.09345794392523364,0.08333333333333333,0.06542056074766354,58.7567142723514,50.108956532959006,0.11844360514696087,True
2606903,PE,Nordeste,98.73,158.25,0.3566422229317873,0.017008123448305316,0.2857142857142857,0.0,0.0,0.0,53.113871100504824,44.09196781835051,-0.339634099483482,True
2607000,PE,Nordeste,90.63,104.245,0.04598084979891551,0.2077710474290923,0.0,0.0,0.0,0.21052631578947367,85.57726162652668,52.96651717890702,0.1617901976301768,True
2607109,PE,Nordeste,100.0,146.47,0.35488294883655963,0.14597351869377212,0.09090909090909091,0.0,0.09090909090909091,0.1111111111111111,218.51231671937867,89.27626130818796,-0.2089094301427875,True
2607208,PE,Nordeste,79.5,83.42999999999999,0.1313993093233784,0.35548448034256747,0.03571428571428571,0.02727272727272727,0.07142857142857142,0.3181818181818182,41.5138306811162,70.75680408620529,0.22408517101918907,True
2607307,PE,Nordeste,96.52,147.92000000000002,0.13632168662716765,0.20954029487811202,0.07142857142857142,0.06818181818181818,0.0,0.06818181818181818,61.51888545276861,87.74340613275528,0.07321860825094437,True
2607505,PE,Nordeste,100.0,110.72,0.29076359753904174,0.17089899517657176,0.17647058823529413,0.0,0.0,0.18181818181818182,57.04984301253542,36.20773709529942,-0.11986460236246999,True
2607604,PE,Nordeste,100.0,154.79,0.19639591067859619,0.10672823800717234,0.125,0.0625,0.0,0.0,32.47630120440295,38.321679599162174,-0.08966767267142385,True
2607653,PE,Nordeste,100.0,120.22,0.27783303950167126,0.048219737015154446,0.13333333333333333,0.0,0.06666666666666667,0.029411764705882353,47.49884181445402,51.86244441297969,-0.22961330248651682,True
2607703,PE,Nordeste,100.0,177.65,0.18474543368213048,0.42177057645096694,0.0,0.1,0.2,0.3,33.210435492546495,32.28936195564363,0.23702514276883646,True
2607752,PE,Nordeste,100.0,133.88000000000002,0.01644552664059766,0.23931769165230465,0.0,0.0,0.0,0.25,43.28640007229673,48.58597648509483,0.22287216501170698,True
2607802,PE,Nordeste,100.0,130.57,0.022463881107268713,0.19929017193458126,0.0,0.07692307692307693,0.0,0.07692307692307693,51.903925405266975,43.31903770153646,0.17682629082731255,True
2607901,PE,Nordeste,61.28000000000001,60.385,0.15259006083145674,0.18771583241992146,0.040880503144654086,0.0326975476839237,0.07861635220125786,0.12670299727520437,51.73742892682792,59.24532998115839,0.03512577158846472,True
2607950,PE,Nordeste,100.0,204.93,0.2532066573960571,0.2605415388126057,0.14285714285714285,0.04081632653061224,0.0,0.02040816326530612,75.46836473883076,279.5169892870324,0.007334881416548644,True
2608008,PE,Nordeste,100.0,219.99,0.21038277877354927,0.20316655958692556,0.030303030303030304,0.05263157894736842,0.030303030303030304,0.10526315789473684,217.85550009082093,65.46774746664211,-0.007216219186623712,True
2608057,PE,Nordeste,100.0,149.78,0.048494881384586325,0.1516733351744267,0.0,0.0,0.0,0.10344827586206896,89.17703810984656,107.05684616591437,0.10317845378984036,True
2608107,PE,Nordeste,99.38,164.10999999999999,0.08143838798300532,0.08457412200520364,0.0,0.0,0.0625,0.03773584905660377,57.89166799236995,93.4681108287888,0.0031357340221983276,True
2608206,PE,Nordeste,100.0,174.74499999999998,0.2227372223629318,0.26687794809949794,0.125,0.041666666666666664,0.0,0.16666666666666666,70.19374074714005,103.16509377829573,0.04414072573656613,True
2608255,PE,Nordeste,100.0,169.64000000000001,0.09429403121626773,0.01910605909053427,0.0,0.0,0.0,0.0,154.7556503515616,47.09594733533787,-0.07518797212573346,True
2608305,PE,Nordeste,100.0,162.67499999999998,0.04356947741759649,0.11002532181483869,0.0,0.030303030303030304,0.0,0.0,82.12448018962078,112.1956942841399,0.0664558443972422,True
2608404,PE,Nordeste,100.0,179.51,0.09318583501127459,0.11251073944305419,0.0,0.03225806451612903,0.0,0.0,153.16885300964427,111.55545517318633,0.019324904431779602,True
2608453,PE,Nordeste,100.0,174.37000000000003,0.02032324332269763,0.10747163320120949,0.0,0.0,0.0,0.07692307692307693,48.8388018005654,77.06269033373869,0.08714838987851187,True
2608503,PE,Nordeste,100.0,162.08,0.2458946870866939,0.09290288512863737,0.09090909090909091,0.0,0.09090909090909091,0.1,62.454857520673926,27.233590899439555,-0.15299180195805653,True
2608602,PE,Nordeste,100.0,204.43,0.10240667580194669,0.21708157364421424,0.0,0.075,0.0,0.0,166.3719352715727,169.48611496240932,0.11467489784226755,True
2608701,PE,Nordeste,84.86,174.05,0.0085619291041736,0.43952710865884853,0.0,0.2222222222222222,0.0,0.1111111111111111,31.99808166876899,32.31668072625114,0.43096517955467495,True
2608750,PE,Nordeste,100.0,145.3,0.18767197263320765,0.10718769896002861,0.058823529411764705,0.0,0.058823529411764705,0.09090909090909091,88.27803010121849,59.09947303911939,-0.08048427367317904,True
2608800,PE,Nordeste,94.92,112.735,0.15695232442458532,0.08216283677562398,0.037037037037037035,0.015625,0.07407407407407407,0.015625,71.9406065038984,84.21168103764666,-0.07478948764896133,True
2608909,PE,Nordeste,100.0,141.905,0.1212978193295757,0.07211557763368184,0.03636363636363636,0.022222222222222223,0.01818181818181818,0.0,92.49579703978843,75.26976551783152,-0.04918224169589386,True
2609006,PE,Nordeste,100.0,161.22,0.14666362780632908,0.23425342230738577,0.08333333333333333,0.07407407407407407,0.0,0.1111111111111111,50.758063503673995,56.584848716664,0.0875897945010567,True
2609105,PE,Nordeste,100.0,246.84,0.019085063322325783,0.11229872629970747,0.0,0.0,0.0,0.1111111111111111,47.06588404055791,41.05820134754203,0.09321366297738168,True
2609154,PE,Nordeste,100.0,96.33,0.010669004881664387,0.08125336821063045,0.0,0.0,0.0,0.030303030303030304,35.015148707869216,98.04363560236659,0.07058436332896606,True
2609204,PE,Nordeste,90.21,112.18999999999998,0.037649426037808006,0.5424754725227577,0.0,0.18181818181818182,0.0,0.2727272727272727,73.64771249168368,63.629058895401606,0.5048260464849498,True
2609303,PE,Nordeste,30.05,148.24,0.1305940881169981,0.16592315097276014,0.0,0.0,0.08333333333333333,0.14285714285714285,102.12433038426238,77.99079155033844,0.03532906285576204,True
2609402,PE,Nordeste,78.03,113.735,0.1840537788488239,0.2594480183939151,0.04,0.10714285714285714,0.12,0.10714285714285714,46.73172324409838,26.616193272945836,0.07539423954509122,True
2609501,PE,Nordeste,96.53,149.405,0.16547051960442732,0.14485698301723993,0.037037037037037035,0.029411764705882353,0.07407407407407407,0.08823529411764706,84.13758877870228,53.222649809459746,-0.020613536587187398,True
2609600,PE,Nordeste,45.05,59.935,0.11395982139301053,0.13293046200970948,0.019704433497536946,0.038461538461538464,0.06896551724137931,0.0650887573964497,54.02069281117326,45.76404446309747,0.018970640616698953,True
2609709,PE,Nordeste,100.0,160.24,0.12081436773312453,0.011355784640889212,0.05555555555555555,0.0,0.0,0.0,73.40659688200891,35.99853079446219,-0.10945858309223531,True
2609808,PE,Nordeste,94.39,181.04,0.022296863909369625,0.3432259931349728,0.0,0.16666666666666666,0.0,0.08333333333333333,51.66477782067261,48.6179264434919,0.3209291292256032,True
2609907,PE,Nordeste,100.0,139.47,0.16218515470971978,0.16364311050007585,0.07407407407407407,0.017241379310344827,0.037037037037037035,0.09482758620689655,46.37743880717685,97.9863934996858,0.0014579557903560691,True
2610004,PE,Nordeste,97.67,173.365,0.2161000939079986,0.21242338417678786,0.07575757575757576,0.047619047619047616,0.030303030303030304,0.09523809523809523,128.4142017420642,102.072796515924,-0.003676709731210759,True
2610103,PE,Nordeste,100.0,199.08,0.060617633095246745,0.20239869957830192,0.0,0.05,0.0,0.05,106.53529119222264,139.39230776547564,0.14178106648305516,True
2610202,PE,Nordeste,87.98,197.9,0.12563331578048342,0.14446001013622317,0.0625,0.08,0.0,0.0,65.39136908579599,54.76213067884355,0.018826694355739748,True
2610301,PE,Nordeste,100.0,172.14000000000001,0.12674056389763697,0.2500425698609746,0.0,0.08333333333333333,0.07142857142857142,0.08333333333333333,111.55063034882582,94.17525568740572,0.12330200596333765,True
2610400,PE,Nordeste,100.0,206.85,0.048498798779200866,0.12088847973586656,0.0,0.0,0.0,0.03636363636363636,89.182647325375,147.18823593918225,0.07238968095666569,True
2610509,PE,Nordeste,98.61,172.9,0.07890713513358125,0.10730776285842746,0.0,0.037037037037037035,0.047619047619047616,0.037037037037037035,72.9473092468959,47.34848378861709,0.02840062772484621,True
2610608,PE,Nordeste,100.0,144.375,0.11396047894548914,0.3249786400605946,0.04,0.1724137931034483,0.04,0.06896551724137931,46.7910397855402,28.18221025946997,0.2110181611151055,True
2610707,PE,Nordeste,47.86,51.135,0.16731979126059165,0.09549127782177454,0.04132231404958678,0.02040816326530612,0.10743801652892562,0.061224489795918366,35.69975279807802,35.7819072977745,-0.07182851343881712,True
2610806,PE,Nordeste,100.0,153.54,0.3009549089180422,0.14611149512882532,0.2,0.034482758620689655,0.0,0.06896551724137931,21.105787184382567,68.31678931077184,-0.1548434137892169,True
2610905,PE,Nordeste,90.99,119.83500000000001,0.06918211738922378,0.12898787018420493,0.0,0.022727272727272728,0.0,0.06818181818181818,118.79855364641914,70.03025620240581,0.059805752794981154,True
2611002,PE,Nordeste,80.24,143.855,0.13996380901096406,0.1733531300036047,0.03225806451612903,0.04411764705882353,0.03225806451612903,0.04411764705882353,110.37120692391282,117.82101838851867,0.033389320992640636,True
2611101,PE,Nordeste,92.01,88.345,0.34609332839816037,0.285100490861555,0.07913669064748201,0.045584045584045586,0.23741007194244604,0.21652421652421652,47.30873078452599,58.257450606241214,-0.06099283753660539,True
2611200,PE,Nordeste,100.0,166.66,0.16968392387320255,0.14100381869409304,0.0,0.0,0.16666666666666666,0.08695652173913043,53.48762224874687,112.48156051086887,-0.028680105179109516,True
2611309,PE,Nordeste,100.0,146.03,0.13658317772751782,0.06487681258743001,0.07692307692307693,0.0,0.0,0.06666666666666667,50.09214835448114,28.947157251589946,-0.07170636514008781,True
2611507,PE,Nordeste,100.0,198.475,0.1446916157971712,0.15851796497835796,0.043478260869565216,0.018518518518518517,0.0,0.037037037037037035,133.53555429769042,160.44931916449562,0.013826349181186748,True
2611606,PE,Nordeste,64.98,79.64,0.14074601212840734,0.1418980954050413,0.024922118380062305,0.037821482602118005,0.10124610591900311,0.0794251134644478,40.646682440097315,41.98284061242198,0.001152083276633964,True
2611705,PE,Nordeste,98.7,123.635,0.09723892096282659,0.18647019057920663,0.0,0.037037037037037035,0.047619047619047616,0.1111111111111111,99.19611689971062,67.71383718841018,0.08923126961638005,True
2611804,PE,Nordeste,93.14,125.34,0.2601241079032946,0.3100178985565041,0.14285714285714285,0.07317073170731707,0.0,0.1951219512195122,85.37328232316517,61.55133872238958,0.04989379065320948,True
2611903,PE,Nordeste,100.0,174.92,0.11697848586223669,0.34649944553229195,0.0,0.13043478260869565,0.08333333333333333,0.13043478260869565,82.62850340965849,71.99783467594928,0.22952095967005526,True
2612000,PE,Nordeste,100.0,192.89000000000001,0.02141056544752514,0.15484703294210606,0.0,0.09090909090909091,0.0,0.0,50.39571008964844,46.204373068431096,0.1334364674945809,True
2612208,PE,Nordeste,90.13,122.52,0.16545934458573752,0.16685817125711233,0.0425531914893617,0.008333333333333333,0.06382978723404255,0.10833333333333334,85.13359518202333,104.76897497942548,0.0013988266713748088,True
2612307,PE,Nordeste,100.0,202.37000000000003,0.00886783297455757,0.3544981026293613,0.0,0.09523809523809523,0.0,0.14285714285714285,32.436097469780066,143.45293368221294,0.34563026965480376,True
2612406,PE,Nordeste,95.29,180.87999999999997,0.02985733467908345,0.03737966315790258,0.0,0.0,0.0,0.0,62.490419405593734,73.26144603556949,0.007522328478819132,True
2612455,PE,Nordeste,86.17,151.72,0.16581797056569283,0.16854963861816225,0.07142857142857142,0.02631578947368421,0.0,0.05263157894736842,103.75384776287696,138.49050132052875,0.0027316680524694104,True
2612505,PE,Nordeste,58.62,78.25,0.11275107403166693,0.1338274293895932,0.0,0.06976744186046512,0.1111111111111111,0.023255813953488372,41.705906307603726,32.32216606616786,0.021076355357926263,True
2612604,PE,Nordeste,82.43999999999998,117.515,0.17686392762692754,0.07691508155931079,0.06666666666666667,0.043478260869565216,0.06666666666666667,0.0,46.1111957099689,36.48809655651261,-0.09994884606761675,True
2612703,PE,Nordeste,99.85,174.83,0.025223724671974736,0.006077450312203901,0.0,0.0,0.0,0.0,55.85567367227197,28.44062106261948,-0.019146274359770836,True
2613008,PE,Nordeste,63.88,95.705,0.10797028869914332,0.08237646644013133,0.02564102564102564,0.011235955056179775,0.02564102564102564,0.011235955056179775,87.07904213541194,99.45398396621911,-0.025593822259011995,True
2613107,PE,Nordeste,93.65,114.69500000000001,0.11365299320528163,0.28655966089044677,0.020833333333333332,0.12087912087912088,0.0,0.03296703296703297,137.7291820930934,129.04674726071536,0.17290666768516513,True
2613206,PE,Nordeste,100.0,161.64000000000001,0.25435274154946746,0.08009891730882775,0.10526315789473684,0.0,0.05263157894736842,0.02127659574468085,91.78570694387983,107.72150091092395,-0.17425382424063973,True
2613305,PE,Nordeste,100.0,176.28,0.10015739435427451,0.06686936226102008,0.0,0.0,0.08333333333333333,0.034482758620689655,58.54281968982688,72.20073364699802,-0.03328803209325443,True
2613404,PE,Nordeste,99.88,157.25499999999997,0.11497855211012067,0.2719823725179624,0.0,0.0,0.1,0.2727272727272727,58.843164663939646,66.82811274655002,0.15700382040784175,True
2613503,PE,Nordeste,86.52,120.54,0.21960086331139808,0.17001278885225984,0.034482758620689655,0.041666666666666664,0.13793103448275862,0.08333333333333333,86.97181340253243,69.07481789156107,-0.04958807445913824,True
2613602,PE,Nordeste,100.0,180.62000000000003,0.21360550022448482,0.18013921790599813,0.11538461538461539,0.05714285714285714,0.0,0.04285714285714286,77.77029413142486,101.14446397267787,-0.033466282318486695,True
2613701,PE,Nordeste,81.02,89.66,0.08864489912749395,0.08646850132133162,0.0,0.009345794392523364,0.0784313725490196,0.056074766355140186,48.211813942683925,53.0867595136601,-0.002176397806162328,True
2613800,PE,Nordeste,100.0,175.10500000000002,0.06006868130454737,0.19830156301239701,0.0,0.0,0.0,0.19047619047619047,105.74926139136448,64.57635363976807,0.13823288170784964,True
2613909,PE,Nordeste,95.41,96.33500000000001,0.20595907621702356,0.21174072185389103,0.05714285714285714,0.04330708661417323,0.02142857142857143,0.06299212598425197,165.01455802531873,150.83498922271224,0.005781645636867477,True
2614006,PE,Nordeste,100.0,192.23,0.11490154017553669,0.13812072797925218,0.0,0.0,0.1,0.1111111111111111,58.73289327648752,78.03205439222,0.023219187803715485,True
2614105,PE,Nordeste,94.86,161.29500000000002,0.10867695273210398,0.20338661530446994,0.0,0.05555555555555555,0.05555555555555555,0.1111111111111111,105.61122987229504,52.16174805861369,0.09470966257236596,True
2614204,PE,Nordeste,76.68999999999998,135.95,0.15023030854024663,0.3002517358370174,0.022727272727272728,0.021739130434782608,0.022727272727272728,0.2608695652173913,157.50589406780688,75.49972926473706,0.1500214272967708,True
2614402,PE,Nordeste,100.0,199.2,0.2850291923000231,0.16240187426626987,0.125,0.0,0.0,0.14285714285714285,159.38799341973626,72.9487669586293,-0.12262731803375324,True
2614501,PE,Nordeste,99.24,117.41,0.09204760019886776,0.13939638548343877,0.01694915254237288,0.036036036036036036,0.01694915254237288,0.04504504504504504,93.85917725841482,85.3928479138817,0.04734878528457101,True
2614600,PE,Nordeste,100.0,177.37999999999997,0.12653380664521663,0.288514011784268,0.07142857142857142,0.021739130434782608,0.0,0.2391304347826087,47.503874511216225,85.98194239286521,0.16198020513905137,True
2614709,PE,Nordeste,100.0,156.04999999999998,0.48741803899822933,0.0,0.14285714285714285,0.0,0.2857142857142857,0.0,52.17208725815846,19.02529905670253,-0.48741803899822933,True
2614857,PE,Nordeste,100.0,144.83,0.13606667223785573,0.21148603753255096,0.047619047619047616,0.0,0.0,0.1935483870967742,112.2920944127667,79.59832811136185,0.07541936529469523,True
2615003,PE,Nordeste,71.84,127.34,0.14046386082678805,0.2981060081950132,0.07692307692307693,0.15789473684210525,0.0,0.05263157894736842,55.648797618393374,41.39218736952994,0.15764214736822516,True
2615201,PE,Nordeste,76.84,156.95,0.23991760151506922,0.15303312057183638,0.125,0.0,0.0,0.1,94.79387910613418,113.33251213759851,-0.08688448094323284,True
2615300,PE,Nordeste,100.0,151.68,0.06058506943102352,0.12068589195477797,0.0,0.02564102564102564,0.05263157894736842,0.07692307692307693,40.420183323792344,40.911766742100916,0.06010082252375445,True
2615409,PE,Nordeste,67.56,85.08,0.16066857246656852,0.05014774087295285,0.1,0.0,0.0,0.034482758620689655,35.014529543932646,48.25747860643668,-0.11052083159361567,True
2615508,PE,Nordeste,100.0,203.49,0.30629173934603676,0.0,0.0,0.0,0.3,0.0,81.71931783798745,18.351363787463164,-0.30629173934603676,True
2615607,PE,Nordeste,93.53,118.55499999999999,0.036831704539446085,0.17175220256220397,0.0,0.07692307692307693,0.0,0.038461538461538464,72.47683833223158,52.16894801382126,0.13492049802275788,True
2615706,PE,Nordeste,99.2,166.6,0.03635310217536429,0.23432863919213304,0.0,0.02127659574468085,0.0,0.1276595744680851,71.79154004683902,149.318250357491,0.19797553701676873,True
2615805,PE,Nordeste,64.83,122.77999999999999,0.04680912661395234,0.06333683349190579,0.0,0.0,0.0,0.058823529411764705,86.76324966957391,36.5876003117415,0.01652770687795345,True
2615904,PE,Nordeste,100.0,175.32,0.1848960523098671,0.35985941689681056,0.0,0.0,0.16666666666666666,0.6666666666666666,75.2694735666312,57.72048751836463,0.17496336458694345,True
2616001,PE,Nordeste,100.0,186.69,0.025918673991470915,0.13458667796929444,0.0,0.0,0.0,0.08823529411764706,56.85075353987593,101.68777908154587,0.10866800397782353,True
2616100,PE,Nordeste,87.82000000000001,171.77,0.32026958231012714,0.32575894293226143,0.1111111111111111,0.0,0.1111111111111111,0.3333333333333333,100.2005964986992,67.7505294895938,0.005489360622134287,True
2616183,PE,Nordeste,100.0,185.23,0.05151905964887008,0.029112933001215858,0.0,0.0,0.0,0.0,93.50728036264269,61.42452999139348,-0.022406126647654224,True
2616308,PE,Nordeste,99.62,159.35999999999999,0.08449062684745877,0.20184465109014052,0.0,0.058823529411764705,0.05,0.11764705882352941,77.95335368015769,34.73027675875066,0.11735402424268175,True
2616407,PE,Nordeste,94.8,121.9,0.1536835858203447,0.11105565700003112,0.021645021645021644,0.037037037037037035,0.008658008658008658,0.037037037037037035,182.4361859994771,52.71499599547038,-0.042627928820313576,True
2616506,PE,Nordeste,100.0,211.0,0.21669204442584616,0.28513152802902836,0.1111111111111111,0.043478260869565216,0.0,0.17391304347826086,91.36851608827332,116.31457341897769,0.0684394836031822,True
2700102,AL,Nordeste,98.8,164.28,0.04557363655507249,0.12716100116305318,0.0,0.025,0.0,0.025,84.99418356687241,116.73920665723863,0.08158736460798069,True
2700201,AL,Nordeste,100.0,191.07999999999998,0.031094208559640867,0.12986281928566276,0.0,0.0,0.0,0.14285714285714285,64.26146696658735,26.356939880455368,0.09876861072602189,True
2700300,AL,Nordeste,100.0,108.93500000000002,0.24469569278547215,0.16923885650798723,0.13636363636363635,0.07272727272727272,0.01818181818181818,0.06363636363636363,54.4049034783969,25.979960960044,-0.07545683627748492,True
2700409,AL,Nordeste,100.0,148.79500000000002,0.19195595469846377,0.19269731114378355,0.125,0.0967741935483871,0.0,0.03225806451612903,26.118843638892113,47.31048558273454,0.0007413564453197796,True
2700508,AL,Nordeste,100.0,128.32,0.021252852907985606,0.18834466335909528,0.0,0.0,0.0,0.2,50.16988560351431,38.364078916540194,0.16709181045110966,True
2700706,AL,Nordeste,100.0,146.05,0.02752624444430667,0.11519491048629821,0.0,0.0,0.0,0.125,59.15259188764431,27.77043421733678,0.08766866604199154,True
2701001,AL,Nordeste,100.0,181.71,0.12853701167622383,0.3148014087092518,0.05263157894736842,0.10526315789473684,0.0,0.15789473684210525,90.74459917750723,46.20362067236976,0.18626439703302794,True
2701100,AL,Nordeste,100.0,182.23,0.3609719097647778,0.012858322525910421,0.4,0.0,0.0,0.0,59.31343714031659,38.14997573836226,-0.3481135872388674,True
2701308,AL,Nordeste,97.87,163.12999999999997,0.21475439367699153,0.12979119535213016,0.125,0.07142857142857142,0.0,0.0,58.763335839816115,52.16804473525511,-0.08496319832486138,True
2701407,AL,Nordeste,100.0,119.91,0.23420796482422807,0.19026097047609872,0.09375,0.05714285714285714,0.03125,0.08571428571428572,114.50933238930905,61.83891831198142,-0.04394699434812935,True
2701605,AL,Nordeste,99.55,172.14000000000001,0.23377772559463567,0.5086701476181266,0.14285714285714285,0.4,0.0,0.2,47.64858228525408,17.97069524586048,0.2748924220234909,True
2701704,AL,Nordeste,100.0,188.97,0.17040253498316757,0.14987763702095405,0.0,0.04,0.034482758620689655,0.04,220.44719265448734,98.21988488226644,-0.020524897962213517,True
2701902,AL,Nordeste,100.0,236.87999999999997,0.07393705870506759,0.01680526964663744,0.0,0.0,0.0,0.0,125.60703052709975,43.801506732277396,-0.05713178905843015,True
2702108,AL,Nordeste,99.66,178.15,0.007984532163517959,0.304265665001093,0.0,0.125,0.0,0.125,31.17132199702906,30.01955678033676,0.296281132837575,True
2702306,AL,Nordeste,99.6,133.35,0.08193098233462287,0.16790703305212584,0.0,0.06666666666666667,0.0,0.06666666666666667,137.05332199580855,33.28605117410846,0.08597605071750297,True
2702405,AL,Nordeste,59.12,126.455,0.1764393365742907,0.2235335668320909,0.020833333333333332,0.056338028169014086,0.010416666666666666,0.11267605633802817,214.55526174073628,77.36456347950606,0.04709423025780021,True
2702603,AL,Nordeste,100.0,123.28,0.30182602669792846,0.47533681428479335,0.2,0.2,0.0,0.2,22.35311809148395,12.11099921630332,0.1735107875868649,True
2702801,AL,Nordeste,100.0,181.95,0.08598550318350114,0.1738782793577118,0.0,0.1,0.0,0.0,142.8588850150288,53.9291654973222,0.08789277617421067,True
2702900,AL,Nordeste,87.38,140.355,0.34379861945085205,0.3333333333333333,0.2727272727272727,0.25,0.0,0.0,34.72344910450609,11.159851369912168,-0.010465286117518735,True
2703106,AL,Nordeste,100.0,159.50499999999997,0.3963791346632156,0.2640760079359963,0.2222222222222222,0.1111111111111111,0.0,0.1111111111111111,110.01212217493804,18.31532705666042,-0.13230312672721933,True
2703205,AL,Nordeste,100.0,161.12999999999997,0.028889062341340775,0.3026433074719891,0.0,0.2,0.0,0.0,61.10397541231941,23.523361189264236,0.27375424513064833,True
2703809,AL,Nordeste,100.0,163.26,0.2489776635157088,0.14763096414619883,0.11764705882352941,0.09090909090909091,0.0,0.0,123.55947442918018,35.871871718176955,-0.10134669936950996,True
2704005,AL,Nordeste,100.0,175.68,0.08544671146794011,0.16005521847740398,0.0,0.075,0.0,0.0,142.08740316168263,87.831559216581,0.07460850700946386,True
2704203,AL,Nordeste,100.0,198.05,0.005935920577347247,0.0,0.0,0.0,0.0,0.0,28.237968313890576,15.166998982412718,-0.005935920577347247,True
2704302,AL,Nordeste,43.96,34.285000000000004,0.12963915726454908,0.24737087183627315,0.07476635514018691,0.09672830725462304,0.006230529595015576,0.10099573257467995,36.96022586290401,39.40821841105662,0.11773171457172407,True
2704401,AL,Nordeste,98.89,149.97,0.3487288736372348,0.1461140119039944,0.42857142857142855,0.0,0.0,0.16666666666666666,41.782951927814686,18.08355658133003,-0.20261486173324042,True
2704500,AL,Nordeste,100.0,131.445,0.0,0.34659707028530656,0.0,0.14285714285714285,0.0,0.14285714285714285,15.44121265025601,29.86293595925836,0.34659707028530656,True
2704708,AL,Nordeste,100.0,122.345,0.09564981482380977,0.31307795948326844,0.058823529411764705,0.14285714285714285,0.0,0.10714285714285714,30.35513740686498,26.69997582651665,0.21742814465945867,True
2704906,AL,Nordeste,100.0,221.87000000000003,0.10621343440591492,0.07047404675309833,0.0,0.0,0.0,0.0,171.8227339720926,120.64843372298353,-0.03573938765281659,True
2705002,AL,Nordeste,80.92,135.42000000000002,0.0722263182788683,0.01766919813151603,0.0,0.0,0.0,0.0,123.15746577604531,45.038543474720036,-0.05455712014735227,True
2705101,AL,Nordeste,100.0,161.37000000000003,0.36153834152837977,0.25222062493001407,0.21428571428571427,0.08571428571428572,0.0,0.08571428571428572,77.17061520529515,89.19130815876954,-0.1093177165983657,True
2705507,AL,Nordeste,100.0,152.85,0.014639180075662894,0.26968751514392003,0.0,0.13333333333333333,0.0,0.06666666666666667,40.6999393761624,35.835477203417014,0.25504833506825714,True
2706307,AL,Nordeste,99.92999999999999,113.285,0.1714393954830482,0.12376750462386157,0.047619047619047616,0.06382978723404255,0.03571428571428571,0.02127659574468085,118.10919402414021,33.15509612800754,-0.04767189085918663,True
2706406,AL,Nordeste,100.0,133.445,0.012619633966085689,0.0056360297221141374,0.0,0.0,0.0,0.0,37.80820379349415,27.80856239298494,-0.006983604243971551,True
2706422,AL,Nordeste,100.0,165.51,0.06208856552833511,0.04394483515378787,0.0,0.0,0.0,0.0,108.6414811109826,82.66194517585063,-0.018143730374547237,True
2706703,AL,Nordeste,92.43999999999998,119.46,0.3488736254949102,0.2544943550742189,0.1694915254237288,0.13333333333333333,0.03389830508474576,0.044444444444444446,112.69320876381688,41.976366981084006,-0.09437927042069127,True
2706802,AL,Nordeste,100.0,132.0,0.16283534678390477,0.18914664383037308,0.07142857142857142,0.07142857142857142,0.0,0.07142857142857142,99.48310629349066,47.49320185094806,0.026311297046468313,True
2706901,AL,Nordeste,100.0,128.64,0.28857844197082466,0.2082524807027138,0.008403361344537815,0.04807692307692308,0.0,0.038461538461538464,414.89761627361946,166.3888344686843,-0.08032596126811087,True
2707107,AL,Nordeste,97.52,108.36,0.09837615010983833,0.1980301383693526,0.0,0.07547169811320754,0.0,0.0,160.600730293654,141.19374157137054,0.09965398825951427,True
2707305,AL,Nordeste,100.0,159.94,0.25086665687409615,0.20072702220586863,0.10344827586206896,0.09090909090909091,0.0,0.045454545454545456,156.76057732663676,54.83959467922062,-0.05013963466822752,True
2707503,AL,Nordeste,100.0,166.79999999999998,0.2581676026732512,0.16581212776958115,0.16666666666666666,0.0,0.0,0.18181818181818182,31.43345590158428,28.923983872061722,-0.09235547490367002,True
2707602,AL,Nordeste,100.0,157.94,0.06147725635033996,0.19900785545956096,0.0,0.125,0.0,0.0,107.76616338803625,36.21627704712421,0.137530599109221,True
2707701,AL,Nordeste,99.08,122.81000000000002,0.12891962901520376,0.21898951491504098,0.08,0.06593406593406594,0.0,0.10989010989010989,32.510262874109074,53.744779800206494,0.09006988589983722,True
2707800,AL,Nordeste,100.0,162.18,0.37130996983454584,0.320419794255175,0.2,0.2,0.0,0.0,121.84537025616395,48.977050571247304,-0.05089017557937087,True
2708006,AL,Nordeste,77.5,116.91499999999999,0.3333333333333333,0.00017879764814978123,0.2857142857142857,0.0,0.0,0.0,17.47833643111036,19.994493629551297,-0.33315453568518355,True
2708303,AL,Nordeste,100.0,176.56500000000003,0.2041187682895242,0.43429248862472364,0.08333333333333333,0.2222222222222222,0.0,0.1111111111111111,133.02658579913228,24.82136435657636,0.23017372033519945,True
2708402,AL,Nordeste,100.0,160.1,0.14124851612892292,0.10306196020501526,0.07692307692307693,0.015384615384615385,0.0,0.0,56.772325150917865,134.26697363319278,-0.038186555923907656,True
2708501,AL,Nordeste,100.0,136.04,0.05907587901140319,0.14017364684290778,0.0,0.09090909090909091,0.0,0.0,104.32769359252838,25.193932900682523,0.0810977678315046,True
2708600,AL,Nordeste,100.0,128.74499999999998,0.20288117792840998,0.33145401786112005,0.043478260869565216,0.07272727272727272,0.0,0.21818181818181817,216.85567586204297,64.25054969511751,0.12857283993271007,True
2708709,AL,Nordeste,100.0,165.05,0.0406333264422655,0.011731761744312482,0.0,0.0,0.0,0.0,77.92028192388858,36.536882636532894,-0.02890156469795302,True
2708808,AL,Nordeste,100.0,188.32,0.1122158088585979,0.30000000000000004,0.05,0.2,0.0,0.0,73.02682732326302,8.775831769875055,0.18778419114140216,True
2708907,AL,Nordeste,100.0,100.91,0.3485547790775653,0.3352052039118929,0.2222222222222222,0.2857142857142857,0.0,0.0,41.53367045285466,22.418760752594775,-0.013349575165672423,True
2709103,AL,Nordeste,100.0,161.68,0.3526250544318272,0.568478993874283,0.3333333333333333,0.2,0.0,0.3,47.361791938845755,27.576230418240677,0.21585393944245584,True
2709152,AL,Nordeste,100.0,174.75,0.1249078559386944,0.14213930434442032,0.022727272727272728,0.04285714285714286,0.0,0.014285714285714285,149.77690362000757,113.2821366135909,0.01723144840572592,True
2709202,AL,Nordeste,100.0,147.71,0.17720553089290295,0.3333333333333333,0.0,0.42857142857142855,0.2,0.0,22.414244664284897,15.443044666844756,0.15612780244043037,True
2709301,AL,Nordeste,87.02,104.86000000000001,0.1721746146141418,0.19653908707839743,0.0967741935483871,0.08333333333333333,0.0,0.0625,58.418154852645216,43.71711632769539,0.024364472464255632,True
2709400,AL,Nordeste,99.48,146.60999999999999,0.08617834608729288,0.20081928633806212,0.0,0.07547169811320754,0.0,0.018867924528301886,143.13501175663433,121.50252297210855,0.11464094025076924,True
2800209,SE,Nordeste,99.42,173.85999999999999,0.31883075874718,0.3452069396940922,0.011627906976744186,0.0036496350364963502,0.023255813953488372,0.0072992700729927005,422.0963580774502,666.8893724408958,0.026376180946912242,True
2800308,SE,Nordeste,73.86,87.25,0.428586828672913,0.20933573271754843,0.1276595744680851,0.05200945626477541,0.26063829787234044,0.13711583924349882,32.052627074703075,35.65272101445702,-0.21925109595536454,True
2800605,SE,Nordeste,100.0,90.27999999999999,0.3316149264609252,0.26377733570251405,0.0,0.07692307692307693,0.36363636363636365,0.15384615384615385,38.09613175503724,39.09490557299232,-0.06783759075841117,True
2800670,SE,Nordeste,100.0,145.02,0.3137916186535972,0.30065202975548466,0.2,0.08620689655172414,0.0,0.1206896551724138,39.48633820555211,113.5763219401232,-0.013139588898112564,True
2801306,SE,Nordeste,100.0,152.76,0.11181311920695979,0.18375200599230415,0.0,0.0547945205479452,0.023255813953488372,0.0273972602739726,150.64772743524122,130.76811268763677,0.07193888678534437,True
2801405,SE,Nordeste,91.42,170.96,0.23262562623322736,0.003634094817365891,0.0,0.0,0.25,0.0,39.003781950333355,24.94204383676439,-0.22899153141586145,True
2801702,SE,Nordeste,100.0,170.775,0.22957143526534607,0.18259482051276263,0.0,0.0,0.2222222222222222,0.13333333333333333,69.50004126723809,113.81777074538786,-0.04697661475258344,True
2802007,SE,Nordeste,100.0,241.93,0.2714677689045475,0.07097028485245299,0.0,0.0,0.0,0.0,408.4461202833366,121.35898415932883,-0.2004974840520945,True
2802106,SE,Nordeste,89.84,104.925,0.3585632216266483,0.3297309730262566,0.06944444444444445,0.06321839080459771,0.20833333333333334,0.16666666666666666,122.48122289842917,146.87367607021673,-0.028832248600391686,True
2802809,SE,Nordeste,99.76,126.89,0.1941991291426562,0.3397356976336796,0.0,0.075,0.16666666666666666,0.15,88.59030747980431,156.81619681021132,0.14553656849102342,True
2802908,SE,Nordeste,81.98,93.5,0.2581282633919937,0.20474203192741164,0.0625,0.0963855421686747,0.1875,0.04819277108433735,16.92919845313955,45.38890267678281,-0.053386231464582046,True
2803005,SE,Nordeste,98.63,110.05499999999999,0.18172036905418837,0.3086171551344289,0.0,0.07936507936507936,0.1875,0.15873015873015872,44.57018826962034,91.92402093741535,0.12689678608024052,True
2803203,SE,Nordeste,100.0,162.73,0.34293285047062466,0.3258300813068818,0.14285714285714285,0.10344827586206896,0.14285714285714285,0.1724137931034483,24.61623484627808,47.66752611767037,-0.01710276916374287,True
2803500,SE,Nordeste,79.08,103.36,0.24585477739135975,0.2887879832893035,0.08823529411764706,0.047337278106508875,0.11764705882352941,0.1952662721893491,34.57632058059491,86.45698470730113,0.04293320589794375,True
2803609,SE,Nordeste,100.0,162.405,0.3783710245114798,0.1941606268411047,0.08333333333333333,0.05555555555555555,0.25,0.1111111111111111,68.70857853475312,38.951294977953204,-0.18421039767037511,True
2804300,SE,Nordeste,95.43999999999998,178.98,0.1945910226632117,0.21998153050674837,0.0,0.06666666666666667,0.16666666666666666,0.06666666666666667,89.15144962587038,107.85017056954257,0.025390507843536664,True
2804508,SE,Nordeste,100.0,106.32000000000001,0.19558705909712232,0.19024561128759498,0.07692307692307693,0.043478260869565216,0.07692307692307693,0.13043478260869565,38.016646680141335,35.02820572194423,-0.005341447809527333,True
2804607,SE,Nordeste,100.0,140.02,0.47662795043037887,0.14009145462440542,0.2,0.0,0.2,0.15384615384615385,21.58722221235148,27.208538991303723,-0.33653649580597345,True
2804805,SE,Nordeste,100.0,125.485,0.31269250947542493,0.2877768375608238,0.057971014492753624,0.05847953216374269,0.2318840579710145,0.19298245614035087,51.879650256255744,63.944572333258975,-0.024915671914601145,True
2805109,SE,Nordeste,93.08,143.93,0.20753212568168256,0.12635701164437438,0.0,0.0,0.2,0.1111111111111111,65.83810749960031,61.18789473245198,-0.08117511403730818,True
2805505,SE,Nordeste,74.36,128.47,0.41825556107062994,0.2683153942161912,0.125,0.0625,0.25,0.1875,36.32608425036684,34.32516576975581,-0.14994016685443873,True
2805703,SE,Nordeste,97.24,133.125,0.39277375848633217,0.23766244463636674,0.09090909090909091,0.07692307692307693,0.2727272727272727,0.11538461538461539,44.53061215636075,49.982484723603314,-0.15511131384996543,True
2805802,SE,Nordeste,98.92999999999999,114.67,0.30224776422186295,0.2994487756854883,0.0,0.05555555555555555,0.3333333333333333,0.2222222222222222,34.08548379199156,50.23275476029487,-0.002798988536374669,True
2805901,SE,Nordeste,100.0,200.04,0.4199495212452087,0.2595490345716476,0.03076923076923077,0.06060606060606061,0.046153846153846156,0.030303030303030304,934.2342853724801,223.1702016577273,-0.1604004866735611,True
2806206,SE,Nordeste,98.86,132.31,0.4762445215408092,0.43437195133979517,0.14285714285714285,0.05555555555555555,0.2857142857142857,0.3888888888888889,36.173018030691786,45.090214855700886,-0.04187257020101404,True
2806305,SE,Nordeste,99.48,174.57500000000002,0.4378308730970482,0.2630367847976261,0.07142857142857142,0.02857142857142857,0.2857142857142857,0.14285714285714285,134.5845855711905,155.67925074324572,-0.1747940882994221,True
2806503,SE,Nordeste,99.03,166.69000000000003,0.48403545256252367,0.11327988176674042,0.18181818181818182,0.0,0.0,0.0,322.3051683509222,181.94099627838338,-0.37075557079578325,True
2806701,SE,Nordeste,96.29,99.91999999999999,0.47332093047520646,0.39396846111200123,0.22448979591836735,0.12345679012345678,0.12244897959183673,0.20987654320987653,66.47273664742151,55.23156111199841,-0.07935246936320522,True
2807105,SE,Nordeste,91.07000000000001,106.86,0.41930494211499136,0.2800045769572267,0.125,0.05154639175257732,0.25,0.15463917525773196,37.828665692487334,115.83911373710936,-0.13930036515776467,True
2807402,SE,Nordeste,88.87,111.11,0.6337529286482302,0.4237558648777151,0.2,0.05,0.4,0.425,20.339285549801893,41.82159998350753,-0.20999706377051508,True
2807501,SE,Nordeste,100.0,145.68,0.4311941487005734,0.44119010665476166,0.09090909090909091,0.125,0.2727272727272727,0.1875,99.54377028909556,147.62178491697023,0.009995957954188284,True
2807600,SE,Nordeste,80.35,131.7,0.20924012936228498,0.41095462310697917,0.0,0.05714285714285714,0.1875,0.3142857142857143,83.97501776672175,90.91844951176432,0.2017144937446942,True
2900207,BA,Nordeste,97.47,138.89,0.2938352789441696,0.055676793318881646,0.030303030303030304,0.0,0.12121212121212122,0.0,223.23068097945065,99.46063113775686,-0.23815848562528796,True
2900306,BA,Nordeste,100.0,177.6,0.019241025860875397,0.1753368142847933,0.0,0.0,0.0,0.2,47.28920274576024,16.97029639618328,0.1560957884239179,True
2900405,BA,Nordeste,100.0,214.26500000000001,0.13307760173668906,0.015819302274853595,0.0,0.0,0.125,0.0,53.37619501546553,42.38972567968527,-0.11725829946183547,True
2900504,BA,Nordeste,100.0,165.03,0.28896171203151017,0.27113643293591294,0.06666666666666667,0.16666666666666666,0.13333333333333333,0.0,122.9343572241216,50.00318687146788,-0.017825279095597224,True
2900702,BA,Nordeste,77.72,84.17999999999999,0.39490584336927603,0.2890111589013181,0.11610486891385768,0.07903780068728522,0.1198501872659176,0.13058419243986255,185.37449855873845,99.88530071224176,-0.10589468446795791,True
2900801,BA,Nordeste,100.0,155.76,0.24075539303585025,0.21851625287057364,0.08108108108108109,0.06779661016949153,0.02702702702702703,0.05084745762711865,156.3959710013311,123.18304357537626,-0.022239140165276616,True
2901007,BA,Nordeste,93.17,115.0,0.3474193359171621,0.10624058366677924,0.1346153846153846,0.03125,0.07692307692307693,0.015625,131.50916367814935,85.12843391992372,-0.24117875225038288,True
2901106,BA,Nordeste,96.09,130.49,0.2333795224206797,0.07784679412071194,0.09090909090909091,0.029411764705882353,0.09090909090909091,0.0,44.53471852704518,68.03436692116524,-0.15553272829996775,True
2901155,BA,Nordeste,100.0,184.97,0.1638268707142484,0.1796572100082281,0.043478260869565216,0.044444444444444446,0.0,0.022222222222222223,160.934828453765,153.6311193238772,0.0158303392939797,True
2901205,BA,Nordeste,100.0,147.32500000000002,0.2276451984922256,0.08096454301878066,0.09090909090909091,0.047619047619047616,0.09090909090909091,0.0,36.32388913928329,33.392787787407485,-0.14668065547344494,True
2901304,BA,Nordeste,100.0,133.79,0.1477297459873974,0.18259424974728775,0.0,0.023255813953488372,0.0,0.046511627906976744,231.2688614420162,172.85524556011396,0.034864503759890336,True
2901353,BA,Nordeste,100.0,163.2,0.3460638428602503,0.0,0.0,0.0,0.8333333333333334,0.0,37.96696362719333,18.01235256388481,-0.3460638428602503,True
2901502,BA,Nordeste,100.0,183.76,0.245392412317687,0.20806359242205266,0.14285714285714285,0.07692307692307693,0.0,0.07692307692307693,64.27935031739544,55.88147046057013,-0.03732881989563433,True
2901601,BA,Nordeste,92.76,142.35,0.3610137479621207,0.1672018574633607,0.11627906976744186,0.014285714285714285,0.023255813953488372,0.014285714285714285,257.7261640304613,210.53458392669887,-0.19381189049876002,True
2901809,BA,Nordeste,99.03,161.10999999999999,0.03684543548365668,0.23654239369004654,0.0,0.13333333333333333,0.0,0.0,72.49649931435479,72.06258164668564,0.19969695820638986,True
2901908,BA,Nordeste,99.8,153.87000000000003,0.42584348880637735,0.25119890854817706,0.125,0.0,0.25,0.2857142857142857,47.19104075129552,20.766198741374176,-0.1746445802582003,True
2902005,BA,Nordeste,98.18999999999998,150.68,0.20500786396334006,0.1410552213199395,0.0625,0.041666666666666664,0.0625,0.041666666666666664,100.58940058680302,79.9154435711362,-0.06395264264340056,True
2902054,BA,Nordeste,100.0,121.13,0.5007397805212037,0.17114853092393523,0.2,0.041666666666666664,0.2,0.041666666666666664,56.112325009576665,123.00527141386108,-0.3295912495972685,True
2902104,BA,Nordeste,81.66,125.38499999999999,0.3111995771783027,0.23989568108298612,0.13333333333333333,0.10126582278481013,0.06666666666666667,0.05063291139240506,95.27551985730175,82.17946784667538,-0.0713038960953166,True
2902203,BA,Nordeste,100.0,142.37,0.2508223075631094,0.35002662266736495,0.05,0.25,0.05,0.0,208.7288134222646,43.641165033226855,0.09920431510425554,True
2902252,BA,Nordeste,100.0,171.72,0.33924336323554316,0.2617374626796573,0.125,0.15384615384615385,0.125,0.0,80.10321374896473,64.08108427693699,-0.07750590055588585,True
2902302,BA,Nordeste,100.0,161.34,0.07353330869519392,0.245369059165391,0.0,0.0,0.0,0.23076923076923078,125.02891138215053,81.39117878878042,0.17183575047019709,True
2902401,BA,Nordeste,100.0,187.85,0.18322037890208653,0.25927045849516944,0.07142857142857142,0.030303030303030304,0.0,0.015151515151515152,128.67190393986988,306.8762121763464,0.07605007959308291,True
2902500,BA,Nordeste,100.0,154.25,0.12191808721236969,0.1885281372488733,0.0,0.0,0.058823529411764705,0.15384615384615385,120.4685748819367,96.56376588478908,0.06661005003650361,True
2902609,BA,Nordeste,94.56000000000002,130.46,0.3912660937462198,0.3963116694126464,0.2608695652173913,0.22857142857142856,0.0,0.02857142857142857,102.69089178302046,74.04977371401036,0.005045575666426605,True
2902658,BA,Nordeste,100.0,196.345,0.27550385284956613,0.2556277013660608,0.0,0.0,0.2857142857142857,0.2857142857142857,55.56781675732071,27.107672065011833,-0.019876151483505355,True
2902708,BA,Nordeste,83.77,108.175,0.18102193900468388,0.33025252171124525,0.0125,0.07373271889400922,0.05,0.059907834101382486,189.32639288190305,259.05216213884194,0.14923058270656137,True
2902807,BA,Nordeste,100.0,116.545,0.093388779041645,0.10721792653436825,0.0,0.029411764705882353,0.07692307692307693,0.029411764705882353,56.897817501364585,73.16950638995273,0.013829147492723251,True
2902906,BA,Nordeste,100.0,114.93999999999998,0.28732422698302984,0.5073470507332795,0.1111111111111111,0.1935483870967742,0.1111111111111111,0.22580645161290322,53.02699851486272,47.03508072494233,0.22002282375024962,True
2903003,BA,Nordeste,100.0,177.07,0.08763541701648977,0.2242520787256295,0.0,0.05194805194805195,0.0,0.0,145.22135374825748,229.26460269516198,0.13661666170913972,True
2903102,BA,Nordeste,100.0,166.66,0.10406272984827233,0.038589534903620965,0.0,0.0,0.0,0.0,168.74319601668347,74.99382994152113,-0.06547319494465137,True
2903201,BA,Nordeste,68.33,108.34,0.09060182418825907,0.21732895334671626,0.038461538461538464,0.05142857142857143,0.019230769230769232,0.12,42.72035276985076,69.83116915683281,0.12672712915845719,True
2903276,BA,Nordeste,100.0,184.17,0.23819934237822227,0.2175052722220335,0.10526315789473684,0.14285714285714285,0.0,0.0,134.72455533048586,24.348479251352668,-0.020694070156188765,True
2903409,BA,Nordeste,100.0,161.62000000000003,0.14650894513043594,0.20470080240158037,0.03225806451612903,0.06521739130434782,0.0,0.043478260869565216,160.23660222243993,118.19129487475344,0.058191857271144426,True
2903508,BA,Nordeste,100.0,150.48499999999999,0.013546047464627932,0.09363662420324603,0.0,0.02631578947368421,0.0,0.0,39.134711202903894,97.29298390779606,0.08009057673861811,True
2903607,BA,Nordeste,100.0,161.75,0.20712772488933415,0.2813851841220724,0.125,0.0,0.0,0.29411764705882354,47.84290703360713,53.44039310411009,0.07425745923273827,True
2903706,BA,Nordeste,100.0,153.39000000000001,0.34118953747941577,0.26453395894722526,0.4,0.16666666666666666,0.0,0.0,30.987572444339094,40.54927597723892,-0.07665557853219052,True
2903805,BA,Nordeste,100.0,194.465,0.1100650579252839,0.10410615539793983,0.0,0.0,0.1,0.07142857142857142,51.807660051222186,79.14100912709225,-0.005958902527344073,True
2903904,BA,Nordeste,100.0,178.03500000000003,0.14939296146787762,0.23302622292138458,0.057692307692307696,0.04878048780487805,0.019230769230769232,0.11382113821138211,85.59779622425619,105.75159684696794,0.08363326145350697,True
2903953,BA,Nordeste,100.0,143.88,0.17622706262934631,0.13106793073929998,0.06666666666666667,0.05555555555555555,0.0,0.0,128.88602762495415,88.08840724200897,-0.04515913189004633,True
2904001,BA,Nordeste,96.58,102.77,0.286379302749349,0.1828093151688898,0.05128205128205128,0.02,0.05128205128205128,0.06,255.27898634742277,163.22409640927737,-0.10356998758045918,True
2904050,BA,Nordeste,100.0,150.945,0.27948689353758294,0.20788341020183126,0.1,0.05263157894736842,0.1,0.10526315789473684,79.6172816560372,72.22168326269531,-0.07160348333575167,True
2904100,BA,Nordeste,94.85,144.91,0.13172593173649616,0.20143737456224525,0.03333333333333333,0.07272727272727272,0.0,0.01818181818181818,136.75971537398473,129.1433245771062,0.06971144282574909,True
2904308,BA,Nordeste,100.0,162.24,0.2646889498351984,0.02208500134093426,0.16666666666666666,0.0,0.0,0.0,40.77120340123578,51.36141731561918,-0.24260394849426414,True
2904407,BA,Nordeste,99.89,192.12999999999997,0.09096144565796971,0.23586979818096931,0.0,0.09090909090909091,0.0,0.045454545454545456,149.98380771052666,105.1596221740187,0.1449083525229996,True
2904506,BA,Nordeste,100.0,148.74,0.014564806235673397,0.16098887884939755,0.0,0.0,0.0,0.13636363636363635,40.59344540779129,79.07684162072478,0.14642407261372414,True
2904605,BA,Nordeste,91.33,104.24,0.11106502939390323,0.14112598625703768,0.0,0.029411764705882353,0.09523809523809523,0.08823529411764706,59.217117659778204,47.88033252384176,0.030060956863134453,True
2904704,BA,Nordeste,100.0,203.91,0.3073670533376566,0.009361054704065947,0.18181818181818182,0.0,0.0,0.0,69.33827943025234,33.14232884454335,-0.2980059986335907,True
2904852,BA,Nordeste,100.0,190.22,0.3147329645567014,0.6103691247702929,0.18181818181818182,0.2727272727272727,0.0,0.2727272727272727,79.88533625152313,74.06397194921618,0.2956361602135915,True
2904902,BA,Nordeste,100.0,155.55,0.35547127343421736,0.21521099542633862,0.12857142857142856,0.022556390977443608,0.014285714285714285,0.045112781954887216,234.6485515029608,222.8165172120095,-0.14026027800787874,True
2905008,BA,Nordeste,100.0,124.65,0.12000084142491696,0.1683823170835953,0.034482758620689655,0.06451612903225806,0.0,0.0,117.50211502301535,122.27228879059157,0.04838147565867834,True
2905107,BA,Nordeste,100.0,134.82,0.15900393728112888,0.2634819129347247,0.0,0.0,0.05555555555555555,0.025974025974025976,177.67313095920701,364.4061563940142,0.10447797565359584,True
2905206,BA,Nordeste,76.91,109.625,0.13655805783626118,0.12503839226065747,0.018518518518518517,0.019417475728155338,0.05555555555555555,0.04854368932038835,105.7591815852747,96.1356853153576,-0.011519665575603716,True
2905305,BA,Nordeste,100.0,139.435,0.5555938394582149,0.08313316628269979,0.2222222222222222,0.0,0.2222222222222222,0.07692307692307693,59.03171185520341,42.2130721536503,-0.47246067317551516,True
2905404,BA,Nordeste,100.0,141.225,0.06639261747662514,0.07986007541486881,0.0,0.0,0.0,0.0625,114.80434122568853,55.631723249237375,0.013467457938243665,True
2905503,BA,Nordeste,87.2,121.525,0.04605418225907629,0.19736556900618452,0.0,0.023809523809523808,0.0,0.07142857142857142,85.68226447018837,161.53838205708865,0.15131138674710823,True
2905602,BA,Nordeste,100.0,170.51,0.36296401463779243,0.26405017051571106,0.11428571428571428,0.11864406779661017,0.0,0.01694915254237288,293.99310070509415,121.72372816076052,-0.09891384412208137,True
2905701,BA,Nordeste,84.71,84.07000000000001,0.32514556756352053,0.3384718979534733,0.15789473684210525,0.09701492537313433,0.07894736842105263,0.19029850746268656,47.07518922051087,57.135933577265135,0.01332633038995279,True
2905800,BA,Nordeste,97.77,164.64499999999998,0.09910500439633123,0.25865384020332466,0.0,0.11538461538461539,0.1,0.038461538461538464,36.1142442746167,93.99302836451099,0.15954883580699342,True
2905909,BA,Nordeste,79.1,103.175,0.18156740208726027,0.14782589038077765,0.0,0.03225806451612903,0.012658227848101266,0.04838709677419355,263.830233921566,101.38192438325804,-0.033741511706482624,True
2906006,BA,Nordeste,97.51,130.245,0.2725211471097108,0.22468323107731797,0.08196721311475409,0.11494252873563218,0.11475409836065574,0.022988505747126436,89.85339223076771,65.72423021985327,-0.047837916032392847,True
2906105,BA,Nordeste,100.0,171.14000000000001,0.049591055507454525,0.07484388202514472,0.0,0.0,0.0,0.0,90.74662134484471,126.90548726914928,0.025252826517690195,True
2906204,BA,Nordeste,100.0,159.05,0.12040166202477076,0.17309625512651497,0.045454545454545456,0.047619047619047616,0.0,0.09523809523809523,94.51071503550793,45.761302611648404,0.05269459310174421,True
2906303,BA,Nordeste,99.2,107.08,0.11212990470965989,0.1788314162185533,0.022222222222222223,0.06896551724137931,0.0,0.034482758620689655,132.5652404136018,84.39139121348936,0.06670151150889342,True
2906501,BA,Nordeste,81.46,122.09,0.07756093474216119,0.27682873064019964,0.045454545454545456,0.08571428571428572,0.0,0.12380952380952381,33.16819114708636,76.6060194866871,0.19926779589803845,True
2906600,BA,Nordeste,72.54,132.76000000000002,0.3573000719198564,0.1740861817985118,0.2222222222222222,0.1111111111111111,0.0,0.0,54.05582796784266,30.36228879518553,-0.18321389012134462,True
2906709,BA,Nordeste,100.0,138.63,0.10377705899467926,0.08226950546007253,0.0,0.0,0.027777777777777776,0.015151515151515152,133.4646753666248,118.51833028946163,-0.021507553534606733,True
2906808,BA,Nordeste,98.28,125.03,0.19512535075251597,0.2264683599453655,0.0392156862745098,0.04918032786885246,0.058823529411764705,0.05737704918032787,141.06426992124847,166.3571114500152,0.03134300919284952,True
2906824,BA,Nordeste,98.53,129.48499999999999,0.00877110464783417,0.09494050232144595,0.0,0.0,0.0,0.1,32.297594692888,30.15120199648685,0.08616939767361179,True
2906873,BA,Nordeste,99.22,117.045,0.07632351012442261,0.12284928730547975,0.0,0.015873015873015872,0.04,0.047619047619047616,78.81208287525692,101.77469651576247,0.046525777181057146,True
2906907,BA,Nordeste,100.0,170.06,0.003856582953309466,0.1950965320793709,0.0,0.08695652173913043,0.0,0.043478260869565216,25.26061881575522,57.74764608693561,0.19123994912606143,True
2907103,BA,Nordeste,99.61,106.075,0.010339780688374446,0.19965686501882263,0.0,0.0625,0.0,0.0625,34.54374114262621,92.92744428023435,0.1893170843304482,True
2907202,BA,Nordeste,93.6,95.08,0.38361278102082175,0.134528505967988,0.125,0.06976744186046512,0.20833333333333334,0.023255813953488372,39.02620189504873,33.3260193965303,-0.24908427505283376,True
2907301,BA,Nordeste,100.0,141.63,0.12955085173320893,0.17652326663630177,0.02564102564102564,0.03278688524590164,0.0,0.06557377049180328,150.16689802307553,119.76269353084588,0.04697241490309284,True
2907509,BA,Nordeste,78.17999999999999,109.03,0.21050660366175922,0.14330744889171976,0.09523809523809523,0.046153846153846156,0.023809523809523808,0.046153846153846156,86.71586025093676,67.86997467053676,-0.06719915477003946,True
2907608,BA,Nordeste,100.0,128.45,0.023727513661130288,0.021524404201430827,0.0,0.0,0.0,0.0,53.713288015058765,50.55871284249205,-0.0022031094596994608,True
2907806,BA,Nordeste,97.7,113.82000000000001,0.32328810301986,0.267763323326162,0.14285714285714285,0.08333333333333333,0.047619047619047616,0.125,116.03992064777964,67.24492801010882,-0.05552477969369801,True
2907905,BA,Nordeste,100.0,142.19,0.14859566638221866,0.22974597200275138,0.058823529411764705,0.046511627906976744,0.0,0.09302325581395349,106.16692609545053,132.035378475117,0.08115030562053271,True
2908002,BA,Nordeste,99.9,153.125,0.015385418921761297,0.39474902135559276,0.0,0.17857142857142858,0.0,0.10714285714285714,41.76845938380105,66.93511039006525,0.37936360243383144,True
2908200,BA,Nordeste,100.0,134.61,0.40197946165067433,0.3977490772451703,0.2,0.043478260869565216,0.05,0.34782608695652173,102.99516166861349,59.255474091312905,-0.004230384405504051,True
2908309,BA,Nordeste,100.0,132.96,0.3657716219322518,0.13806533634955281,0.16666666666666666,0.02,0.041666666666666664,0.02,133.20464028672413,149.36840152539915,-0.227706285582699,True
2908408,BA,Nordeste,73.4,94.16999999999999,0.3086987875225179,0.2835608355004563,0.07926829268292683,0.08629441624365482,0.036585365853658534,0.07614213197969544,245.57728489988145,144.83646579666956,-0.025137952022061594,True
2908507,BA,Nordeste,100.0,168.51,0.3835740248218792,0.1897779473742016,0.15,0.0196078431372549,0.15,0.13725490196078433,58.50133215135217,77.06641242809977,-0.1937960774476776,True
2908606,BA,Nordeste,100.0,129.465,0.3769151728787958,0.19929224154153374,0.18181818181818182,0.125,0.09090909090909091,0.0,54.80413909538619,36.62348208619534,-0.17762293133726204,True
2908705,BA,Nordeste,100.0,164.19,0.033950684546173726,0.014816374382688298,0.0,0.0,0.0,0.0,68.35158068675575,40.95365929879337,-0.019134310163485428,True
2908903,BA,Nordeste,100.0,122.925,0.09948096724783068,0.26253611985228564,0.0,0.03389830508474576,0.0,0.1694915254237288,162.1826892373609,110.08706691149801,0.16305515260445497,True
2909109,BA,Nordeste,100.0,175.12000000000003,0.06450976173779537,0.14622873111204845,0.0,0.0,0.0,0.03508771929824561,112.10832903206496,185.07394338673524,0.08171896937425309,True
2909307,BA,Nordeste,96.7,137.48,0.033083173823306486,0.13844483289675802,0.0,0.041666666666666664,0.0,0.013888888888888888,67.10941463084598,111.04717221657029,0.10536165907345153,True
2909505,BA,Nordeste,100.0,237.82,0.0705604446371944,0.07931109941614205,0.0,0.0,0.0,0.0,120.77214460758428,133.30197974030452,0.008750654778947653,True
2909604,BA,Nordeste,99.86,128.615,0.32272216159236683,0.1477182247689146,0.11764705882352941,0.041666666666666664,0.11764705882352941,0.020833333333333332,81.46981796992195,115.60813201120472,-0.17500393682345222,True
2909802,BA,Nordeste,70.42,115.56500000000001,0.20522595989512804,0.17878223874653618,0.0425531914893617,0.048,0.05319148936170213,0.056,155.4286454342479,102.34032654770607,-0.026443721148591864,True
2909901,BA,Nordeste,92.24,135.245,0.1357771382368598,0.05392327757911888,0.0,0.0,0.13333333333333333,0.023809523809523808,46.780748370282126,67.06169525853419,-0.08185386065774092,True
2910008,BA,Nordeste,100.0,161.73,0.0352070373747195,0.02003025574094578,0.0,0.0,0.0,0.0,70.15051964708101,48.41928049752909,-0.015176781633773721,True
2910057,BA,Nordeste,86.49,97.92,0.18106199694749361,0.3043620013712167,0.05263157894736842,0.056818181818181816,0.10526315789473684,0.20454545454545456,33.81679876057549,76.7456588574893,0.1233000044237231,True
2910305,BA,Nordeste,100.0,179.3,0.054413474994582336,0.2828687519425963,0.0,0.10810810810810811,0.0,0.0,97.6517184651079,192.5751064496939,0.22845527694801399,True
2910404,BA,Nordeste,100.0,146.54,0.24688555064395287,0.12956089437179152,0.07142857142857142,0.0,0.0,0.057692307692307696,219.8324085847389,132.83213571189356,-0.11732465627216135,True
2910503,BA,Nordeste,89.04,126.78999999999999,0.26799631892396003,0.1838995321127578,0.08333333333333333,0.04,0.125,0.1,67.57854835062123,71.61688405740193,-0.08409678681120222,True
2910602,BA,Nordeste,71.71,129.685,0.18014922068550576,0.2879840264830717,0.05263157894736842,0.13636363636363635,0.02631578947368421,0.015151515151515152,131.61253936175754,120.19228619251757,0.10783480579756594,True
2910701,BA,Nordeste,100.0,136.68,0.17030998319473828,0.2646942008845147,0.07142857142857142,0.09259259259259259,0.017857142857142856,0.09259259259259259,87.76975218955744,83.64424766500689,0.0943842176897764,True
2910727,BA,Nordeste,97.98,110.905,0.25699682562145376,0.2725089644534262,0.10526315789473684,0.08656716417910448,0.022556390977443608,0.041791044776119404,133.32511980435237,171.54672664771502,0.015512138831972444,True
2910750,BA,Nordeste,100.0,156.45,0.3389098720756142,0.1597376493548874,0.0,0.058823529411764705,0.4,0.058823529411764705,27.723378805239204,48.27959866229099,-0.17917222272072678,True
2910800,BA,Nordeste,74.74,82.625,0.46243715850001565,0.39092356438357956,0.10087719298245613,0.0525328330206379,0.33771929824561403,0.3339587242026266,41.285661136894745,47.44240606264824,-0.0715135941164361,True
2910859,BA,Nordeste,100.0,156.45,0.34879741237788076,0.25400369707644255,0.13043478260869565,0.05,0.08695652173913043,0.125,129.86654390326245,119.13657723064689,-0.09479371530143821,True
2911204,BA,Nordeste,97.61,129.16,0.2539285968512802,0.17822947915928716,0.08928571428571429,0.052083333333333336,0.0,0.0,191.56339531074528,163.07547973717953,-0.07569911769199306,True
2911501,BA,Nordeste,100.0,315.03000000000003,0.26097005569345966,0.1762576048203095,0.125,0.058823529411764705,0.0,0.0,124.93834105302653,145.77533676142545,-0.08471245087315016,True
2911600,BA,Nordeste,100.0,152.87000000000003,0.3029618539499159,0.12799744219193654,0.11428571428571428,0.0,0.02857142857142857,0.10714285714285714,172.21181965800756,68.51813830718012,-0.1749644117579794,True
2911709,BA,Nordeste,100.0,115.285,0.19151485645076444,0.15916843276708137,0.07547169811320754,0.02857142857142857,0.05660377358490566,0.06857142857142857,60.80989749398206,100.20379867364551,-0.03234642368368307,True
2911857,BA,Nordeste,100.0,137.93,0.1488344972380848,0.5269214623840495,0.0,0.125,0.14285714285714285,0.5,53.52199243249974,28.455911670735443,0.3780869651459646,True
2911907,BA,Nordeste,100.0,170.68,0.007380958053525741,0.13517337962999348,0.0,0.03225806451612903,0.0,0.06451612903225806,30.307079916907792,63.01833059626207,0.12779242157646775,True
2912004,BA,Nordeste,100.0,167.8,0.12452361637564338,0.00789470434261868,0.0,0.0,0.06666666666666667,0.0,114.35386526823306,31.042699875069996,-0.1166289120330247,True
2912103,BA,Nordeste,100.0,177.7,0.1774870399446255,0.17136549817700866,0.1111111111111111,0.10526315789473684,0.0,0.0,35.2318891801864,39.02691095057324,-0.006121541767616839,True
2912202,BA,Nordeste,98.2,152.25,0.11153081578937335,0.014336007257547247,0.0,0.0,0.08333333333333333,0.0,74.82812622706778,40.26583409790938,-0.0971948085318261,True
2912301,BA,Nordeste,100.0,181.055,0.23184068445679498,0.1726241329872248,0.05,0.0,0.0,0.13333333333333333,244.31457742667058,99.54100243367036,-0.059216551469570194,True
2912400,BA,Nordeste,100.0,147.56,0.016729133603740388,0.11136772612599788,0.0,0.0625,0.0,0.0,43.692489511365785,44.964842047868586,0.0946385925222575,True
2912509,BA,Nordeste,100.0,151.48,0.012754898849871821,0.1395562089732751,0.0,0.0,0.0,0.14285714285714285,38.00188606480992,40.23665262551684,0.12680131012340326,True
2912707,BA,Nordeste,100.0,110.47,0.12859534926828925,0.23487595605915473,0.029411764705882353,0.006211180124223602,0.0,0.0,140.69990399076644,342.7108134868403,0.10628060679086548,True
2912806,BA,Nordeste,100.0,157.37000000000003,0.04690399880250843,0.19581098398216273,0.0,0.0,0.0,0.16666666666666666,86.89909469046859,90.89828052948766,0.1489069851796543,True
2912905,BA,Nordeste,100.0,130.37,0.35185185185185186,0.4054357568662128,0.012345679012345678,0.04564315352697095,0.0,0.004149377593360996,803.7003295961999,598.4262230439713,0.053583905014360944,True
2913002,BA,Nordeste,100.0,167.37999999999997,0.09637199058671989,0.1531518102175709,0.0,0.05263157894736842,0.0,0.05263157894736842,157.731026364211,59.92140862196334,0.05677981963085102,True
2913101,BA,Nordeste,95.12,103.12,0.0029694671842786166,0.0,0.0,0.0,0.0,0.0,23.990380803814176,14.515352416236063,-0.0029694671842786166,True
2913200,BA,Nordeste,100.0,128.04500000000002,0.38222145012575937,0.41243085152350045,0.14705882352941177,0.08771929824561403,0.08823529411764706,0.24561403508771928,140.4150122266072,113.56344255260781,0.030209401397741087,True
2913408,BA,Nordeste,100.0,157.78,0.05379330147323379,0.19023483344504138,0.0,0.1111111111111111,0.0,0.0,96.76370811931405,53.485123355353124,0.13644153197180758,True
2913457,BA,Nordeste,100.0,186.29,0.18907869171238653,0.2622780172689,0.045454545454545456,0.05263157894736842,0.0,0.15789473684210525,192.84756880569424,84.03942650435262,0.07319932555651346,True
2913507,BA,Nordeste,88.81000000000002,122.14,0.34417356716695513,0.3515222420432106,0.028037383177570093,0.007653061224489796,0.009345794392523364,0.007653061224489796,440.60087640490616,812.8440834055622,0.007348674876255457,True
2913606,BA,Nordeste,62.93,89.17,0.1874039381972157,0.1868017732844327,0.07784431137724551,0.05870020964360587,0.023952095808383235,0.025157232704402517,90.81534378199406,129.55822230514127,-0.0006021649127830042,True
2913705,BA,Nordeste,96.2,158.065,0.17579174481548154,0.1996364138886997,0.043478260869565216,0.08333333333333333,0.08695652173913043,0.05555555555555555,68.91040023191408,56.869467077247684,0.023844669073218167,True
2913903,BA,Nordeste,96.86,128.97,0.3004044659480953,0.14272577123692448,0.05384615384615385,0.06896551724137931,0.023076923076923078,0.034482758620689655,305.2599747251526,32.6926566149407,-0.1576786947111708,True
2914000,BA,Nordeste,64.06,95.88499999999999,0.1252405816319952,0.16255480850359583,0.0,0.06666666666666667,0.14285714285714285,0.06666666666666667,12.680863808298449,25.62233995700984,0.03731422687160063,True
2914208,BA,Nordeste,100.0,229.47,0.2956082452160756,0.15010296208475804,0.0,0.0,0.0,0.0,443.01224085942,234.66700788767253,-0.14550528313131755,True
2914307,BA,Nordeste,100.0,162.76,0.3333333333333333,0.3332324258777708,0.0,0.0,0.0,0.0,655.9495226839492,496.8853272287824,-0.00010090745556251557,True
2914406,BA,Nordeste,95.92999999999999,131.91,0.268109706046212,0.21412908563160207,0.03076923076923077,0.015267175572519083,0.03076923076923077,0.0,298.9266543561567,293.553342218892,-0.05398062041460991,True
2914505,BA,Nordeste,100.0,124.8,0.1825170914429235,0.2729550174566474,0.02631578947368421,0.038461538461538464,0.07894736842105263,0.19230769230769232,125.4558935790777,86.56349249482277,0.09043792601372391,True
2914604,BA,Nordeste,91.71,104.125,0.2199514429494479,0.20766052763335083,0.1111111111111111,0.0707070707070707,0.05555555555555555,0.0707070707070707,26.296612156793323,76.45809872912233,-0.012290915316097079,True
2914653,BA,Nordeste,100.0,136.69,0.374414619355832,0.24337083924655575,0.07954545454545454,0.05217391304347826,0.011363636363636364,0.008695652173913044,370.7396507912807,245.23948996021866,-0.13104378010927623,True
2914703,BA,Nordeste,91.62,112.72500000000001,0.2464912388341433,0.42100656675062154,0.08333333333333333,0.19230769230769232,0.125,0.1346153846153846,36.78598312571908,40.54341371456931,0.17451532791647822,True
2914802,BA,Nordeste,80.34,91.855,0.34603422373607506,0.38862840358015704,0.32894736842105265,0.17164179104477612,0.0,0.11194029850746269,37.92455277314105,67.03247508287924,0.04259417984408198,True
2914901,BA,Nordeste,100.0,157.78,0.2793817275382078,0.07529270599664917,0.16666666666666666,0.0,0.0,0.0,61.80940990245877,127.54814664820432,-0.2040890215415586,True
2915007,BA,Nordeste,100.0,181.85,0.4704517342121555,0.40058311722532863,0.16666666666666666,0.2,0.16666666666666666,0.1,126.1807303264018,38.23071561564736,-0.06986861698682689,True
2915106,BA,Nordeste,100.0,121.495,0.23786671145001786,0.22551766029859976,0.10526315789473684,0.1,0.0,0.05,134.24826975006602,65.1051961023841,-0.0123490511514181,True
2915205,BA,Nordeste,79.51,137.16,0.43242968920654234,0.0052628029603766936,0.21428571428571427,0.0,0.07142857142857142,0.0,89.01372654658657,27.274148693687845,-0.42716688624616567,True
2915403,BA,Nordeste,100.0,173.92,0.08364219758625699,0.2030228037322969,0.0,0.1111111111111111,0.0,0.0,139.5035666370616,71.79588562732856,0.1193806061460399,True
2915502,BA,Nordeste,100.0,128.895,0.018964523389695474,0.08445964235276536,0.0,0.03571428571428571,0.0,0.0,46.8932860440742,63.96650839770848,0.06549511896306989,True
2915601,BA,Nordeste,100.0,139.94,0.21404516886843045,0.18469391938363863,0.07042253521126761,0.052980132450331126,0.04225352112676056,0.033112582781456956,121.92900212740635,128.83932589519608,-0.029351249484791814,True
2915809,BA,Nordeste,100.0,114.78,0.24603924624219364,0.2747025146087866,0.03571428571428571,0.0989010989010989,0.05357142857142857,0.01098901098901099,228.07986835840114,186.86248126172063,0.028663268366592942,True
2916005,BA,Nordeste,100.0,164.54999999999998,0.14083244717770907,0.20253945233600096,0.02564102564102564,0.07547169811320754,0.0,0.018867924528301886,166.3207213111008,123.96558395434931,0.06170700515829189,True
2916104,BA,Nordeste,100.0,159.17,0.057121015376230024,0.18211862567174025,0.0,0.04081632653061224,0.0,0.061224489795918366,101.52857516374544,115.98847728148905,0.12499761029551024,True
2916401,BA,Nordeste,63.4,110.095,0.27480196664076817,0.16780814906812755,0.04918032786885246,0.07407407407407407,0.0273224043715847,0.0,273.2923763485429,100.92149291710912,-0.10699381757264062,True
2916500,BA,Nordeste,96.52,141.78,0.19198270743723186,0.2307004572228868,0.125,0.08888888888888889,0.0,0.06666666666666667,26.157150190182353,75.46918952347903,0.038717749785654926,True
2916609,BA,Nordeste,100.0,136.2,0.3340942444437131,0.18327353509710334,0.18181818181818182,0.1111111111111111,0.0,0.0,107.60824968725142,43.51742118760395,-0.15082070934660977,True
2916708,BA,Nordeste,100.0,171.71,0.3186741933752591,0.20509041897374727,0.027777777777777776,0.021739130434782608,0.0,0.0,416.37835549468053,266.7105744384177,-0.11358377440151182,True
2916807,BA,Nordeste,92.88,164.195,0.20371945049877033,0.18515445469384834,0.027777777777777776,0.04918032786885246,0.05555555555555555,0.01639344262295082,182.0386950905429,158.6475721822582,-0.01856499580492199,True
2916856,BA,Nordeste,100.0,155.68,0.05967301209027976,0.12550228634128374,0.0,0.0,0.0,0.10526315789473684,105.18271292760913,67.3049780983617,0.06582927425100399,True
2916906,BA,Nordeste,100.0,159.1,0.4285229250540602,0.3972596460316437,0.056818181818181816,0.02962962962962963,0.011363636363636364,0.022222222222222223,686.7403031425832,542.4139508588195,-0.03126327902241649,True
2917003,BA,Nordeste,95.67,118.825,0.29801182195716214,0.3008148853928486,0.05714285714285714,0.08235294117647059,0.17142857142857143,0.11764705882352941,108.52732174276412,125.90645314118747,0.0028030634356864814,True
2917102,BA,Nordeste,100.0,147.43,0.37329914850265256,0.27676847741926547,0.020618556701030927,0.013793103448275862,0.010309278350515464,0.006896551724137931,520.8083621695253,377.753838341779,-0.09653067108338709,True
2917201,BA,Nordeste,100.0,182.345,0.13377031058467945,0.29204697907938276,0.058823529411764705,0.1282051282051282,0.0,0.05128205128205128,84.93888446661336,98.17815305572893,0.15827666849470332,True
2917300,BA,Nordeste,91.93999999999998,151.14499999999998,0.1920919851853637,0.22346318886137842,0.04878048780487805,0.10714285714285714,0.0,0.03571428571428571,190.01872980240645,64.75481798119336,0.03137120367601473,True
2917359,BA,Nordeste,100.0,150.94,0.19269526686370697,0.03745422779053023,0.08333333333333333,0.0,0.0,0.0,116.66957102485073,73.36821319496012,-0.15524103907317674,True
2917409,BA,Nordeste,100.0,165.67,0.18494636162554295,0.11511920434391913,0.1111111111111111,0.06666666666666667,0.0,0.0,45.91269801390671,41.3872736491845,-0.06982715728162382,True
2917508,BA,Nordeste,94.86,123.24,0.19026635592443952,0.3770969119068973,0.06,0.047619047619047616,0.08,0.3333333333333333,62.883176047626776,38.983318026692416,0.1868305559824578,True
2917607,BA,Nordeste,95.54,130.395,0.2568687006960667,0.13735150343310115,0.09090909090909091,0.07272727272727272,0.0,0.0,192.28654739870612,60.20408841935189,-0.11951719726296556,True
2917706,BA,Nordeste,99.42,121.285,0.10168378473793582,0.23496131901420075,0.0,0.06666666666666667,0.1111111111111111,0.13333333333333333,25.85894242666237,45.61259802996545,0.13327753427626493,True
2917805,BA,Nordeste,100.0,158.55,0.22862008621359808,0.14044989739866456,0.1111111111111111,0.045454545454545456,0.0,0.045454545454545456,108.44796909289776,66.15811966513388,-0.08817018881493352,True
2918001,BA,Nordeste,82.85,94.42,0.21762882339349843,0.15206123345404624,0.08139534883720931,0.029315960912052116,0.08139534883720931,0.06188925081433225,54.35803319276917,96.81621527059694,-0.06556758993945219,True
2918100,BA,Nordeste,99.06000000000002,130.22,0.20877908785183294,0.2168389125817671,0.09523809523809523,0.04597701149425287,0.047619047619047616,0.09195402298850575,54.354152995462016,116.04455976616127,0.008059824729934162,True
2918209,BA,Nordeste,100.0,179.76,0.3000222097764895,0.32716076453798837,0.04,0.07865168539325842,0.0,0.0,363.420041494504,319.26251714596185,0.027138554761498845,True
2918308,BA,Nordeste,100.0,146.29,0.048129912392808956,0.19364314055403323,0.0,0.07692307692307693,0.0,0.038461538461538464,88.65444849672102,83.51401313947437,0.14551322816122428,True
2918357,BA,Nordeste,82.92,112.65,0.13004643671916086,0.19718345356477945,0.0625,0.07547169811320754,0.0,0.018867924528301886,71.71040225293844,116.2964685258776,0.0671370168456186,True
2918407,BA,Nordeste,99.98,98.14999999999999,0.3822410231897146,0.3870784795001757,0.11538461538461539,0.05925925925925926,0.2,0.3,68.17488926955487,70.11806165411552,0.004837456310461119,True
2918506,BA,Nordeste,100.0,128.4,0.21502035408324127,0.041844859230159265,0.05714285714285714,0.0,0.0,0.0,204.88847632468386,79.65504423295768,-0.173175494853082,True
2918605,BA,Nordeste,100.0,189.72,0.06777697061757433,0.02124010479622615,0.0,0.0,0.0,0.0,116.78656050638591,50.1516319136323,-0.04653686582134818,True
2918803,BA,Nordeste,100.0,149.62000000000003,0.1873176587000823,0.2848140403042558,0.06060606060606061,0.043478260869565216,0.0,0.08695652173913043,157.78340031230002,225.01659145676388,0.09749638160417348,True
2919058,BA,Nordeste,100.0,186.81,0.36666666666666664,0.07977521087249886,0.022222222222222223,0.0,0.0,0.0,533.8809688293313,133.96652887157043,-0.28689145579416775,True
2919157,BA,Nordeste,100.0,163.19,0.3047938085250777,0.07658759755733391,0.125,0.02564102564102564,0.125,0.0,30.77579176493043,74.33019097886553,-0.2282062109677438,True
2919207,BA,Nordeste,82.15,74.675,0.20168158715336132,0.14411492622203204,0.04065040650406504,0.027472527472527472,0.12195121951219512,0.09340659340659341,68.12620545618991,49.83369518879058,-0.05756666093132928,True
2919306,BA,Nordeste,98.58,142.12,0.212483874121821,0.012514144568016857,0.1,0.0,0.0,0.0,109.20751321121372,37.65715626625856,-0.19996972955380413,True
2919504,BA,Nordeste,92.31000000000002,95.33,0.13979745191835047,0.17389361053702532,0.045454545454545456,0.0625,0.022727272727272728,0.008928571428571428,93.75347119638371,123.28598492515452,0.03409615861867485,True
2919603,BA,Nordeste,100.0,133.92,0.04403232411043849,0.1261216614327585,0.0,0.047619047619047616,0.0,0.0,82.78721833888332,98.05209192966394,0.08208933732232,True
2919702,BA,Nordeste,92.78,94.52,0.025583474683396022,0.281381612767695,0.0,0.03816793893129771,0.0,0.022900763358778626,56.37079036307633,311.91662183585066,0.255798138084299,True
2919801,BA,Nordeste,95.11,133.78,0.3885414826726494,0.12920025819955294,0.2,0.06060606060606061,0.06666666666666667,0.0,62.831983259281316,74.56660511134972,-0.25934122447309643,True
2920007,BA,Nordeste,68.89,172.035,0.07894693341008979,0.2710508656635131,0.0,0.05,0.0,0.15,132.7805399015677,112.16344646199576,0.19210393225342332,True
2920106,BA,Nordeste,100.0,165.845,0.255227169588919,0.22345242439064117,0.13043478260869565,0.05405405405405406,0.0,0.10810810810810811,105.0423657714466,87.88807308145904,-0.03177474519827783,True
2920205,BA,Nordeste,97.0,115.545,0.20112100381079556,0.011856465608649053,0.0,0.0,0.18181818181818182,0.0,79.48184573428864,36.71544285859873,-0.1892645382021465,True
2920403,BA,Nordeste,100.0,138.885,0.2634415470654752,0.15506842654566425,0.16666666666666666,0.05,0.0,0.05,38.985079797510366,71.62132000895686,-0.10837312051981093,True
2920502,BA,Nordeste,99.07000000000001,90.81000000000002,0.20424440747182115,0.15730177857194816,0.05084745762711865,0.0297029702970297,0.0,0.0,202.98000686476965,181.1784394034419,-0.046942628899872996,True
2920601,BA,Nordeste,100.0,136.64,0.27463540762110994,0.16365671040535348,0.13333333333333333,0.07017543859649122,0.03333333333333333,0.017543859649122806,84.76360701275902,81.32786107627257,-0.11097869721575646,True
2920700,BA,Nordeste,100.0,142.69,0.30658612091149784,0.10075405549159472,0.13333333333333333,0.0,0.06666666666666667,0.06451612903225806,88.6696317408891,83.01842118592607,-0.20583206541990312,True
2920908,BA,Nordeste,100.0,180.89000000000001,0.1620114804144831,0.33516863005944597,0.047619047619047616,0.17647058823529413,0.0,0.0,149.44179088865565,120.63225491184876,0.17315714964496287,True
2921005,BA,Nordeste,98.12,125.72999999999999,0.11553174353743673,0.19538983711902647,0.0,0.03125,0.1111111111111111,0.08333333333333333,45.68747469831428,127.78458508777148,0.07985809358158974,True
2921054,BA,Nordeste,100.0,135.52,0.02822141909445245,0.025868247177705504,0.0,0.0,0.0,0.0,60.14799440034869,56.77854869592881,-0.002353171916746947,True
2921104,BA,Nordeste,100.0,152.445,0.16670717106549962,0.2531666818976871,0.05128205128205128,0.1076923076923077,0.0,0.015384615384615385,148.29798867689814,131.62621991648396,0.08645951083218748,True
2921203,BA,Nordeste,92.32000000000001,141.92,0.32719654134805476,0.2929070678989495,0.11320754716981132,0.08536585365853659,0.03773584905660377,0.08536585365853659,197.72443040574186,148.63492169369033,-0.03428947344910527,True
2921302,BA,Nordeste,100.0,126.45,0.23285002962104012,0.07139468156709555,0.041666666666666664,0.0,0.041666666666666664,0.0,211.35404366533012,121.96666678419166,-0.16145534805394457,True
2921500,BA,Nordeste,100.0,131.85,0.2504811632639904,0.2580739786731323,0.0,0.07792207792207792,0.2857142857142857,0.11688311688311688,14.976691545401252,75.18249379913246,0.0075928154091419175,True
2921708,BA,Nordeste,100.0,187.53,0.23336856021072516,0.25349814635670315,0.03896103896103896,0.10344827586206896,0.025974025974025976,0.022988505747126436,237.60668079745062,131.67104135696337,0.020129586145977985,True
2921906,BA,Nordeste,100.0,173.02,0.07643852863560498,0.014092797383978964,0.0,0.0,0.0,0.0,129.18882030293412,39.917588201408954,-0.06234573125162601,True
2922003,BA,Nordeste,100.0,144.285,0.07875526732505822,0.12635978311343032,0.0,0.058823529411764705,0.07692307692307693,0.0,35.94447242567048,74.32794279346784,0.047604515788372104,True
2922102,BA,Nordeste,85.46,161.8,0.20489090611957692,0.19641793593861598,0.09090909090909091,0.10344827586206896,0.0,0.0,117.86089434098857,78.79686903930069,-0.008472970180960937,True
2922201,BA,Nordeste,100.0,210.935,0.04848708218981673,0.07594524029592978,0.0,0.0,0.0,0.0,89.16587064557109,128.48249355080426,0.027458158106113045,True
2922300,BA,Nordeste,100.0,109.72,0.35839792617074884,0.23912385101813502,0.29411764705882354,0.12195121951219512,0.0,0.024390243902439025,55.62781693448918,69.58843184597875,-0.11927407515261382,True
2922409,BA,Nordeste,97.81000000000002,128.09,0.10916226513492562,0.2593694977706641,0.0,0.0625,0.0,0.078125,176.04508804754917,158.8143308401908,0.15020723263573849,True
2922508,BA,Nordeste,100.0,155.21,0.11374640044097911,0.12955386314690137,0.034482758620689655,0.046511627906976744,0.0,0.023255813953488372,108.54654354228394,76.15205095028762,0.01580746270592226,True
2922607,BA,Nordeste,100.0,165.62000000000003,0.18286158775925448,0.3205718992157119,0.05555555555555555,0.14285714285714285,0.0,0.03571428571428571,162.2503985185899,127.09472015388363,0.1377103114564574,True
2922656,BA,Nordeste,100.0,113.37,0.10868737019706687,0.33886938347124274,0.0,0.15,0.09090909090909091,0.1,61.246813304282014,57.25497491921793,0.23018201327417587,True
2922706,BA,Nordeste,100.0,209.73000000000002,0.3549963006485998,0.34683722010278767,0.012658227848101266,0.005681818181818182,0.012658227848101266,0.005681818181818182,484.97108487419433,527.915040806153,-0.008159080545812158,True
2922730,BA,Nordeste,100.0,136.36499999999998,0.22770646164054317,0.2817108786055766,0.125,0.05555555555555555,0.0,0.16666666666666666,77.30906530928625,94.57327293121037,0.054004416965033414,True
2922755,BA,Nordeste,100.0,161.51,0.05688884283179283,0.26727291629380645,0.0,0.16666666666666666,0.0,0.0,101.19613333194779,44.4711178113813,0.21038407346201363,True
2922805,BA,Nordeste,100.0,179.94,0.2543827346693371,0.18201300433809686,0.125,0.1,0.0,0.0,115.50612729490548,65.57706676060381,-0.07236973033124022,True
2922904,BA,Nordeste,99.77,166.67000000000002,0.21469181871510007,0.31553732730916145,0.05555555555555555,0.078125,0.1111111111111111,0.140625,68.349374979727,127.22371803146756,0.10084550859406138,True
2923001,BA,Nordeste,84.96,106.3,0.1450630977605465,0.2536913631428238,0.06666666666666667,0.12244897959183673,0.0,0.04081632653061224,84.26315633681206,68.75849906965482,0.10862826538227732,True
2923035,BA,Nordeste,100.0,188.12999999999997,0.37156637483152777,0.1403496584904595,0.14285714285714285,0.07692307692307693,0.14285714285714285,0.0,65.61583414186242,55.48527426132865,-0.23121671634106827,True
2923050,BA,Nordeste,98.29,208.54500000000002,0.17563421321495637,0.3875212292809283,0.07142857142857142,0.07142857142857142,0.0,0.2857142857142857,117.80947047055736,62.54751422900831,0.21188701606597193,True
2923100,BA,Nordeste,85.78,123.71,0.25834592818101015,0.13732934200181962,0.03636363636363636,0.03225806451612903,0.05454545454545454,0.06451612903225806,243.08410796729197,66.10539707914056,-0.12101658617919053,True
2923209,BA,Nordeste,99.57000000000001,142.2,0.28515583409701584,0.13922525903117516,0.12121212121212122,0.0392156862745098,0.030303030303030304,0.0196078431372549,129.66554794936786,110.24987703040792,-0.14593057506584067,True
2923308,BA,Nordeste,100.0,173.87999999999997,0.2670955671460534,0.24813138965723316,0.07692307692307693,0.05263157894736842,0.07692307692307693,0.02631578947368421,140.4078207206803,228.95444013354293,-0.01896417748882026,True
2923357,BA,Nordeste,100.0,145.5,0.10956827568125523,0.255761501096361,0.0,0.03571428571428571,0.07692307692307693,0.17857142857142858,80.0648182054075,85.08827047565413,0.14619322541510577,True
2923407,BA,Nordeste,66.81,155.25,0.04036426630288181,0.09174810942179884,0.0,0.043478260869565216,0.0,0.0,77.53502170366198,57.727123615739295,0.05138384311891703,True
2923605,BA,Nordeste,100.0,207.805,0.19585668609600027,0.214507502741835,0.047619047619047616,0.05555555555555555,0.09523809523809523,0.07407407407407407,78.35137213232103,114.57809236817631,0.018650816645834734,True
2923704,BA,Nordeste,98.26,143.57,0.0796097249627657,0.18125057938906702,0.0,0.0,0.045454545454545456,0.061946902654867256,76.67043138613954,201.50445429361577,0.10164085442630133,True
2923902,BA,Nordeste,100.0,180.535,0.2309010346319571,0.1406437593005296,0.125,0.0625,0.0,0.0,81.88329134299471,86.88443301372818,-0.0902572753314275,True
2924009,BA,Nordeste,70.27,85.72,0.22295846494834604,0.45245076500925985,0.0975609756097561,0.04186046511627907,0.07317073170731707,0.4372093023255814,37.5930684257071,100.39126430808228,0.2294923000609138,True
2924306,BA,Nordeste,99.98,111.80999999999999,0.09177946252612951,0.008316019498949374,0.0,0.0,0.0,0.0,151.15510480231515,31.645970096681307,-0.08346344302718013,True
2924504,BA,Nordeste,100.0,181.905,0.0076543994479333945,0.039314069747925486,0.0,0.0,0.0,0.0,30.698613542326513,76.03127255311716,0.03165967029999209,True
2924603,BA,Nordeste,100.0,183.4,0.2282790127678126,0.21028419593973696,0.06896551724137931,0.09523809523809523,0.034482758620689655,0.047619047619047616,155.19411948041258,56.50927814606578,-0.017994816828075633,True
2924652,BA,Nordeste,98.74,151.125,0.16209592244063029,0.45401369630603244,0.0,0.18181818181818182,0.16666666666666666,0.18181818181818182,42.62256022325018,51.081225836447395,0.2919177738654022,True
2924801,BA,Nordeste,98.42,139.47,0.134794234683009,0.16734812466193363,0.038461538461538464,0.0,0.0,0.18181818181818182,130.13872316468021,31.12333789889967,0.03255388997892464,True
2924900,BA,Nordeste,100.0,212.695,0.21238062685105838,0.14705291574637236,0.1,0.0,0.0,0.0,109.059676127791,230.29972581192763,-0.06532771110468602,True
2925006,BA,Nordeste,100.0,149.99,0.022381894890909824,0.3215354670364808,0.0,0.0975609756097561,0.0,0.14634146341463414,51.78653147303189,86.89161294094681,0.299153572145571,True
2925105,BA,Nordeste,100.0,108.71,0.3306949316907417,0.24848777715832832,0.1375,0.09375,0.0375,0.0625,150.85414849197164,95.7280640351185,-0.0822071545324134,True
2925204,BA,Nordeste,99.3,130.69,0.24152061829635027,0.22236357141418087,0.11764705882352941,0.1016949152542373,0.0,0.01694915254237288,112.88192520159676,98.43734689666103,-0.019157046882169404,True
2925253,BA,Nordeste,100.0,156.09,0.2310064937366575,0.1728528045613308,0.05263157894736842,0.02631578947368421,0.10526315789473684,0.07894736842105263,105.33102556568724,111.61785238552142,-0.058153689175326706,True
2925303,BA,Nordeste,99.67,89.61500000000001,0.24916229629957196,0.27855662357674693,0.08045977011494253,0.06172839506172839,0.10344827586206896,0.11419753086419752,73.83637538739313,142.66325021146406,0.029394327277174975,True
2925402,BA,Nordeste,100.0,136.26,0.022295415538449943,0.19219277744268906,0.0,0.0,0.0,0.15789473684210525,51.662703935998486,96.72887809664651,0.16989736190423912,True
2925501,BA,Nordeste,100.0,138.315,0.16968282333681373,0.3507033176326301,0.08695652173913043,0.10526315789473684,0.0,0.21052631578947367,75.93672731586788,31.542150100558718,0.18102049429581635,True
2925758,BA,Nordeste,99.01,121.985,0.025817582570678302,0.11478441492862859,0.0,0.03571428571428571,0.0,0.03571428571428571,56.70600336199082,62.55557865098556,0.08896683235795029,True
2925808,BA,Nordeste,81.35,107.74,0.08543282907322652,0.14305527998163672,0.0,0.0,0.07692307692307693,0.15,45.50589953103388,36.2804447746964,0.0576224509084102,True
2925907,BA,Nordeste,86.59,150.03,0.09733577463412035,0.06588253073364903,0.0,0.0,0.02702702702702703,0.019230769230769232,125.18398598103202,89.93355482887114,-0.03145324390047133,True
2925931,BA,Nordeste,100.0,147.97,0.31007593791346744,0.12292081820437425,0.1111111111111111,0.0,0.1111111111111111,0.125,85.60458203827243,38.83296066861396,-0.18715511970909318,True
2925956,BA,Nordeste,100.0,178.0,0.3318926287666984,0.12146091970034499,0.18181818181818182,0.038461538461538464,0.0,0.038461538461538464,104.45581342328495,62.76628310259537,-0.2104317090663534,True
2926004,BA,Nordeste,89.43999999999998,106.355,0.21917410650294955,0.32533681428479333,0.0,0.1,0.25,0.2,19.742900477737646,12.030482603115862,0.10616270778184378,True
2926103,BA,Nordeste,100.0,173.06,0.6268686262118363,0.29579930494001627,0.3,0.09090909090909091,0.3,0.13636363636363635,63.453693704110734,76.85284020151911,-0.33106932127182,True
2926202,BA,Nordeste,100.0,161.72,0.09215690255950755,0.15231385512787882,0.0,0.017857142857142856,0.0,0.05357142857142857,151.69555137576393,132.23068499011345,0.060156952568371266,True
2926301,BA,Nordeste,98.55,141.845,0.40556117437439765,0.15916013472367954,0.1875,0.058823529411764705,0.125,0.058823529411764705,40.82377553061322,47.45267047250832,-0.2464010396507181,True
2926400,BA,Nordeste,84.85,136.75,0.15775451042513533,0.12007750429114586,0.07407407407407407,0.0,0.0,0.10256410256410256,86.52594905635743,62.925500901329556,-0.03767700613398947,True
2926509,BA,Nordeste,95.72,149.31,0.26825124833552283,0.41899259534284866,0.0,0.1875,0.2857142857142857,0.125,45.18300086189656,60.05587810855208,0.15074134700732583,True
2926608,BA,Nordeste,80.36,116.52,0.2560786476521677,0.30345994811939725,0.08333333333333333,0.05660377358490566,0.1111111111111111,0.18867924528301888,67.94868260819993,95.83141111642142,0.04738130046722955,True
2926657,BA,Nordeste,100.0,143.73,0.0808917795502648,0.3091564993383916,0.0,0.13636363636363635,0.0,0.045454545454545456,135.5653145396355,112.46917142169707,0.22826471978812682,True
2926707,BA,Nordeste,100.0,159.28,0.18470192367864158,0.012691605355630232,0.0,0.0,0.2,0.0,33.14813464945398,37.911257755517134,-0.17201031832301134,True
2926905,BA,Nordeste,100.0,198.66000000000003,0.1688325681761077,0.12330116104313064,0.043478260869565216,0.058823529411764705,0.0,0.0,168.102356542322,69.94838135009397,-0.045531407132977056,True
2927002,BA,Nordeste,85.95,108.87,0.16085662958495878,0.15823967830907448,0.058823529411764705,0.056338028169014086,0.058823529411764705,0.014084507042253521,49.8818373694216,107.63402536862434,-0.002616951275884294,True
2927200,BA,Nordeste,100.0,123.75,0.13970160578382818,0.24365601485801486,0.023809523809523808,0.09375,0.023809523809523808,0.046875,138.74709644607196,108.42366942218399,0.10395440907418668,True
2927309,BA,Nordeste,98.21,126.495,0.18422272938937026,0.11424402791707619,0.1,0.058823529411764705,0.0,0.0,68.74111462679413,56.979707838074944,-0.06997870147229407,True
2927408,BA,Nordeste,38.23,65.26,0.23161432452370434,0.24684534571177558,0.05782312925170068,0.04748260335652886,0.14370748299319727,0.17724109701187066,46.7916888154481,48.71530381610428,0.015231021188071237,True
2927606,BA,Nordeste,99.66,163.71,0.010267285183880034,0.17157603147968972,0.0,0.0,0.0,0.12903225806451613,34.4399367140292,103.43939779492912,0.16130874629580969,True
2927705,BA,Nordeste,100.0,143.9,0.30419913985450175,0.22359074544239876,0.1111111111111111,0.05454545454545454,0.1111111111111111,0.09090909090909091,77.18974764618989,108.62064182894045,-0.08060839441210299,True
2927903,BA,Nordeste,100.0,169.9,0.10742386356315861,0.14896352566482995,0.0,0.022727272727272728,0.0,0.0,173.5559160211192,184.221591850743,0.04153966210167134,True
2928000,BA,Nordeste,83.56000000000002,116.31000000000002,0.1461657469601338,0.23905904531280586,0.07142857142857142,0.06382978723404255,0.0,0.1276595744680851,75.61433957871112,64.69538264045667,0.09289329835267207,True
2928059,BA,Nordeste,100.0,125.92999999999999,0.3701889399073731,0.311633315258426,0.2,0.1875,0.0,0.0,120.24019664102919,63.24355732597316,-0.05855562464894709,True
2928109,BA,Nordeste,100.0,126.92,0.1018264575121,0.18390222059267364,0.05555555555555555,0.039473684210526314,0.0,0.07894736842105263,46.2183017664585,99.17855279210215,0.08207576308057364,True
2928208,BA,Nordeste,78.06000000000002,98.965,0.031645287867647434,0.19141357612658083,0.0,0.08333333333333333,0.0,0.020833333333333332,65.05054310417967,88.68224438688355,0.1597682882589334,True
2928406,BA,Nordeste,98.25,127.78,0.16411906899783182,0.25631538275910326,0.06666666666666667,0.13157894736842105,0.0,0.02631578947368421,111.54890625251811,71.10885985238099,0.09219631376127144,True
2928505,BA,Nordeste,100.0,183.31,0.2111941434818846,0.046338402266375096,0.1111111111111111,0.0,0.0,0.0,83.49621462694773,86.0892317112504,-0.1648557412155095,True
2928604,BA,Nordeste,81.64,105.7,0.22964120229566734,0.30391546041289763,0.03571428571428571,0.0196078431372549,0.17857142857142858,0.29411764705882354,47.68729353648162,43.586968704849426,0.07427425811723029,True
2928703,BA,Nordeste,85.65,108.07000000000001,0.41837637320528304,0.20851409597140125,0.18072289156626506,0.061068702290076333,0.10843373493975904,0.0916030534351145,94.52512510944582,72.15094403202075,-0.2098622772338818,True
2928802,BA,Nordeste,90.46,112.13499999999999,0.34153915757812525,0.24746239161829528,0.07692307692307693,0.03529411764705882,0.23076923076923078,0.16470588235294117,53.87841135659538,91.51286883389372,-0.09407676595982997,True
2928901,BA,Nordeste,100.0,146.37000000000003,0.010638139959559286,0.09799443524265897,0.0,0.027777777777777776,0.0,0.027777777777777776,34.970954028141755,65.52326970849796,0.08735629528309968,True
2928950,BA,Nordeste,100.0,207.69,0.326286746754057,0.12538359980827052,0.07692307692307693,0.0,0.15384615384615385,0.125,128.60050652568611,42.359353635110054,-0.20090314694578648,True
2929008,BA,Nordeste,100.0,190.45,0.25732222588782105,0.208884480561975,0.09523809523809523,0.015151515151515152,0.0,0.0,183.6380551627036,286.29214526233045,-0.04843774532584605,True
2929057,BA,Nordeste,100.0,161.24,0.33772163082386436,0.141647288586153,0.09090909090909091,0.025,0.18181818181818182,0.025,79.82118648539779,137.4817450937129,-0.19607434223771136,True
2929107,BA,Nordeste,98.25,114.31499999999998,0.2500438253437297,0.17885299168875227,0.07407407407407407,0.06818181818181818,0.07407407407407407,0.022727272727272728,125.68735104329636,100.86219682666953,-0.07119083365497744,True
2929206,BA,Nordeste,100.0,142.31,0.17725005046027853,0.13377241230965833,0.043478260869565216,0.0,0.08695652173913043,0.14285714285714285,70.99851018071253,31.95498451416088,-0.043477638150620196,True
2929255,BA,Nordeste,99.31000000000002,131.72,0.13593539628678958,0.13414886235081813,0.045454545454545456,0.043478260869565216,0.0,0.043478260869565216,116.75306537560326,63.86134943357413,-0.001786533935971446,True
2929305,BA,Nordeste,96.86,97.42999999999999,0.2274709543969055,0.3168762519537334,0.14285714285714285,0.0,0.0,0.3448275862068966,38.61808053154985,40.60288647321563,0.08940529755682791,True
2929354,BA,Nordeste,100.0,197.55,0.3149833462539746,0.47919733087376126,0.16666666666666666,0.25,0.0,0.125,112.7864423914687,71.68470282541716,0.16421398461978665,True
2929404,BA,Nordeste,99.07000000000001,204.615,0.023424271727254146,0.2661155793573354,0.0,0.0,0.0,0.024691358024691357,53.27908377174473,369.787369423806,0.24269130763008123,True
2929503,BA,Nordeste,100.0,136.72,0.16446519700819984,0.22840050671087098,0.06451612903225806,0.07142857142857142,0.03225806451612903,0.07142857142857142,76.1698813587143,103.69978783104236,0.06393530970267114,True
2929602,BA,Nordeste,100.0,170.08,0.27233927512438355,0.2602951816509018,0.08,0.06,0.08,0.1,137.44503558120837,138.04960872470068,-0.012044093473481732,True
2929800,BA,Nordeste,100.0,167.01,0.28887818847308777,0.2350383771761846,0.023809523809523808,0.06896551724137931,0.023809523809523808,0.06896551724137931,352.3491678311587,121.58643164471205,-0.053839811296903184,True
2929909,BA,Nordeste,58.589999999999996,72.03,0.14895000280358045,0.1751354344366046,0.05263157894736842,0.060240963855421686,0.02631578947368421,0.03614457831325301,86.93919020041028,95.75181865821092,0.026185431633024142,True
2930105,BA,Nordeste,72.16,103.32000000000001,0.5718281095058212,0.31385702522949743,0.14705882352941177,0.07272727272727272,0.38235294117647056,0.19090909090909092,45.37838838497574,73.28935883091827,-0.25797108427632376,True
2930154,BA,Nordeste,98.36,109.93999999999998,0.08213791750621197,0.09821882372421223,0.0,0.0,0.07692307692307693,0.05084745762711865,40.78800129890295,96.54658744603465,0.016080906218000263,True
2930204,BA,Nordeste,76.18999999999998,110.08,0.5063452917151995,0.011922990155548631,0.1111111111111111,0.0,0.5555555555555556,0.0,28.824136205889086,36.81069762821162,-0.49442230155965083,True
2930303,BA,Nordeste,100.0,164.06,0.14336735571837989,0.068844633029951,0.0,0.0,0.02857142857142857,0.045454545454545456,189.15672147999763,61.25617605164151,-0.07452272268842888,True
2930402,BA,Nordeste,100.0,136.14,0.285303644288078,0.28933183316694855,0.1111111111111111,0.125,0.1111111111111111,0.08333333333333333,50.1337786725392,60.94040510401881,0.0040281888788705755,True
2930501,BA,Nordeste,82.67999999999999,99.5,0.22792427247642347,0.3002089743167239,0.09375,0.11688311688311688,0.046875,0.11688311688311688,85.89779640225981,51.833550365616645,0.07228470184030042,True
2930600,BA,Nordeste,94.39,131.23,0.02767707487891062,0.08452177014334562,0.0,0.0,0.0,0.07692307692307693,59.36856206659946,44.20137792939745,0.056844695264435,True
2930709,BA,Nordeste,51.7,77.06000000000002,0.1139531223491767,0.20657703990206594,0.023529411764705882,0.02976190476190476,0.03529411764705882,0.13095238095238096,88.06351631747845,87.22315278005392,0.09262391755288923,True
2930758,BA,Nordeste,100.0,168.57999999999998,0.24372642503297404,0.0347805330972895,0.14285714285714285,0.0,0.0,0.0,61.89386642642061,69.53981925784218,-0.20894589193568452,True
2930766,BA,Nordeste,97.24,126.93999999999998,0.21329792764126732,0.09761814725222162,0.09523809523809523,0.0,0.0,0.1,120.60080677414821,33.985252176057294,-0.1156797803890457,True
2930774,BA,Nordeste,100.0,96.17,0.2950253977578364,0.09350915113332912,0.08333333333333333,0.05263157894736842,0.16666666666666666,0.0,53.97656982863369,40.58911610322608,-0.2015162466245073,True
2930808,BA,Nordeste,100.0,125.69500000000001,0.15336607906240474,0.4014253149033895,0.07142857142857142,0.1,0.0,0.25,85.92430796637248,65.92256751942047,0.24805923584098477,True
2930907,BA,Nordeste,100.0,175.3,0.09671035408846669,0.13480328534419211,0.0,0.07142857142857142,0.0,0.0,158.21552026768632,59.34472612165597,0.038092931255725423,True
2931053,BA,Nordeste,100.0,163.18,0.21686766971485963,0.28094315358000294,0.045454545454545456,0.046511627906976744,0.09090909090909091,0.16279069767441862,118.5195990968006,117.76414309599394,0.0640754838651433,True
2931202,BA,Nordeste,99.92,135.77,0.227008413609435,0.17901078655134003,0.023255813953488372,0.0,0.023255813953488372,0.02564102564102564,265.6437820479182,243.8721617781965,-0.04799762705809496,True
2931301,BA,Nordeste,98.41,117.77,0.18317471420187098,0.16885526291968014,0.0,0.03333333333333333,0.09090909090909091,0.06666666666666667,167.90330512473187,106.23749728533964,-0.014319451282190837,True
2931350,BA,Nordeste,89.0,102.635,0.20947036119306955,0.29636002781648174,0.0,0.059782608695652176,0.23076923076923078,0.1956521739130435,29.988766233934047,70.08455749174834,0.08688966662341219,True
2931509,BA,Nordeste,100.0,181.8,0.2853887506645635,0.15414731568538642,0.125,0.037037037037037035,0.0625,0.07407407407407407,81.44651474158259,67.92418739746118,-0.13124143497917706,True
2931608,BA,Nordeste,99.41,162.64499999999998,0.29843463815680504,0.29321836339376134,0.1111111111111111,0.0,0.1111111111111111,0.3333333333333333,68.93570749502395,21.156519436598888,-0.0052162747630437045,True
2931806,BA,Nordeste,100.0,171.125,0.3268556767159192,0.34881532947465677,0.09090909090909091,0.08333333333333333,0.18181818181818182,0.25,64.26250922391971,26.388547017193346,0.02195965275873757,True
2931905,BA,Nordeste,79.01,132.855,0.20036271679875872,0.14289347161047994,0.06060606060606061,0.014492753623188406,0.09090909090909091,0.10144927536231885,62.34399491415382,65.86683949942766,-0.057469245188278784,True
2932002,BA,Nordeste,100.0,152.54500000000002,0.021942962534427478,0.1262003354589047,0.0,0.014285714285714285,0.0,0.02857142857142857,51.15803564042614,133.89269691072218,0.1042573729244772,True
2932101,BA,Nordeste,86.62,103.345,0.23574903688888094,0.2213244922376479,0.0967741935483871,0.05263157894736842,0.0,0.02631578947368421,149.4487176942767,190.57034047791245,-0.014424544651233023,True
2932200,BA,Nordeste,90.37,145.03,0.2585245446110642,0.22467578272076408,0.03636363636363636,0.009174311926605505,0.0,0.009174311926605505,311.8108352059966,310.2246791115415,-0.033848761890300144,True
2932309,BA,Nordeste,89.06000000000002,130.48,0.23875987190880618,0.40476507778005244,0.05405405405405406,0.23529411764705882,0.02702702702702703,0.058823529411764705,211.5875824451426,48.17849290664503,0.16600520587124626,True
2932408,BA,Nordeste,99.9,130.28,0.15453017115978218,0.1432089536925486,0.06666666666666667,0.0,0.0,0.037037037037037035,97.81881267091437,178.30302181868015,-0.01132121746723358,True
2932606,BA,Nordeste,100.0,159.55,0.12967646995410362,0.137912568826013,0.0,0.0,0.041666666666666664,0.07692307692307693,153.11463075720704,120.65027484023277,0.008236098871909375,True
2932705,BA,Nordeste,96.11,114.37,0.2006479336189692,0.22358085744107106,0.125,0.14285714285714285,0.0,0.0,38.56466233499999,33.04795181110634,0.022932923822101853,True
2932804,BA,Nordeste,45.160000000000004,87.8,0.2523625474913781,0.19516767018062084,0.09090909090909091,0.03571428571428571,0.09090909090909091,0.10714285714285714,71.71601872281748,87.98990573549561,-0.05719487731075726,True
2932903,BA,Nordeste,65.94,100.215,0.34482477977428716,0.1766640192226961,0.1357142857142857,0.053497942386831275,0.03571428571428571,0.00411522633744856,177.16329668045677,152.6297771465701,-0.16816076055159107,True
2933000,BA,Nordeste,98.12,133.48,0.04662878890247703,0.11544707721210119,0.0,0.04878048780487805,0.0,0.0,86.50502878781386,80.27287821448874,0.06881828830962416,True
2933059,BA,Nordeste,100.0,152.17,0.03165511391871718,0.09800148879063654,0.0,0.0,0.0,0.1,65.0646127713097,34.53414896117764,0.06634637487191936,True
2933109,BA,Nordeste,62.57,129.61,0.18182013728827265,0.27305963116307425,0.0,0.1111111111111111,0.047619047619047616,0.05555555555555555,220.30576213819322,102.34084648256315,0.0912394938748016,True
2933208,BA,Nordeste,88.18999999999998,109.035,0.15642128347818926,0.22703181799778377,0.041666666666666664,0.08333333333333333,0.08333333333333333,0.06944444444444445,49.61349461409712,78.66149617527529,0.07061053451959451,True
2933257,BA,Nordeste,100.0,174.91,0.1754956004080558,0.1949469453282616,0.0,0.1111111111111111,0.0,0.0,271.0260667024663,60.23227388467401,0.019451344920205782,True
2933307,BA,Nordeste,60.0,58.585,0.22149972522008254,0.20723144196680315,0.03773584905660377,0.04697986577181208,0.15566037735849056,0.12080536912751678,60.44805671286026,63.91680328440674,-0.01426828325327939,True
2933505,BA,Nordeste,100.0,143.0,0.2821007636389149,0.1059159796196939,0.06451612903225806,0.0,0.0,0.015384615384615385,285.10277666621585,152.08449103699022,-0.176184784019221,True
2933604,BA,Nordeste,92.14,99.7,0.10680332047943025,0.15546232052095638,0.0625,0.07142857142857142,0.0,0.017857142857142856,38.42918823965981,66.50976992442415,0.048659000041526124,True
3100203,MG,Sudeste,97.29,92.61,0.3399328373685824,0.14673705484582505,0.25,0.02702702702702703,0.0,0.08108108108108109,29.1881362195327,70.01733338927072,-0.19319578252275732,True
3100302,MG,Sudeste,100.0,153.345,0.22357561176694193,0.25884397593884567,0.024390243902439025,0.05952380952380952,0.024390243902439025,0.0,256.86784997449473,262.5245456614021,0.03526836417190374,True
3100906,MG,Sudeste,100.0,152.07999999999998,0.1293992217273941,0.14535758678018923,0.0,0.028985507246376812,0.02857142857142857,0.0,169.15611347522793,165.6168366689598,0.01595836505279513,True
3101003,MG,Sudeste,100.0,174.53,0.20891036197645657,0.05970847255299214,0.029411764705882353,0.0,0.0,0.0,255.70088315597198,105.23348784248579,-0.14920188942346443,True
3101102,MG,Sudeste,100.0,121.77,0.2717698536557195,0.17128653502073066,0.0847457627118644,0.02586206896551724,0.01694915254237288,0.0,205.58449475989374,209.45237885047263,-0.10048331863498883,True
3101201,MG,Sudeste,100.0,116.98,0.28419778622971126,0.2680037394638502,0.16666666666666666,0.16666666666666666,0.0,0.0,68.70539916479605,45.51756451315843,-0.01619404676586106,True
3101508,MG,Sudeste,87.88,136.73,0.1090188881166793,0.14311797862228778,0.0,0.02531645569620253,0.046511627906976744,0.05063291139240506,117.45369090657078,106.73087813004219,0.034099090505608484,True
3101607,MG,Sudeste,87.18999999999998,103.08500000000001,0.1645232703225641,0.17313157970888432,0.02040816326530612,0.07272727272727272,0.12244897959183673,0.03636363636363636,57.77185154649218,65.78933564006803,0.008608309386320206,True
3101706,MG,Sudeste,98.88,104.755,0.12174183107696303,0.2601088935446618,0.017241379310344827,0.10476190476190476,0.017241379310344827,0.0380952380952381,135.38309418236366,119.35187354614706,0.1383670624676988,True
3101904,MG,Sudeste,100.0,114.75,0.13027797890556916,0.20138003665352164,0.04,0.02666666666666667,0.0,0.05333333333333334,120.36768926826248,183.86496396983216,0.07110205774795247,True
3102001,MG,Sudeste,99.29,167.67499999999998,0.2146220412088003,0.15047638662891805,0.02857142857142857,0.023809523809523808,0.02857142857142857,0.047619047619047616,229.81842467338447,124.28710281374056,-0.06414565457988225,True
3102050,MG,Sudeste,100.0,120.79,0.3425165856311677,0.18622828217234316,0.2,0.09090909090909091,0.0,0.0,80.61687180718445,91.13836818610392,-0.15628830345882455,True
3102100,MG,Sudeste,100.0,160.68,0.1156056176126159,0.28458570441568476,0.0,0.047619047619047616,0.0,0.19047619047619047,185.2711569860352,85.8476581635844,0.16898008680306886,True
3102308,MG,Sudeste,100.0,162.69,0.1409819559878609,0.0007133076177535469,0.045454545454545456,0.0,0.0,0.0,123.97910304240487,20.759844562151553,-0.14026864837010736,True
3102407,MG,Sudeste,100.0,168.3,0.11232709012055522,0.09432382697663273,0.0,0.0,0.0,0.0,180.5767186849792,154.79831412638285,-0.01800326314392249,True
3102605,MG,Sudeste,33.87,60.63,0.011223274298801291,0.0900028176695013,0.0,0.023809523809523808,0.0,0.0,35.8087926798086,97.47281577453292,0.0787795433707,True
3102704,MG,Sudeste,100.0,192.09,0.19663744703503755,0.21473982198397995,0.0,0.043478260869565216,0.0,0.0,301.298527373026,233.83576005772795,0.0181023749489424,True
3102902,MG,Sudeste,100.0,205.04,0.058219453243476695,0.028000091670649447,0.0,0.0,0.0,0.0,103.10139979548033,59.831081414902954,-0.030219361572827248,True
3103009,MG,Sudeste,100.0,189.82,0.04185534394892021,0.010448778923843393,0.0,0.0,0.0,0.0,79.67005702923478,34.69981288293403,-0.03140656502507681,True
3103207,MG,Sudeste,100.0,160.47,0.1596044890607928,0.048782595222200464,0.0,0.0,0.0,0.0,248.271997402883,89.58900807572617,-0.11082189383859234,True
3103405,MG,Sudeste,100.0,145.5,0.2098930356127553,0.17134242888284829,0.11538461538461539,0.031578947368421054,0.0,0.05263157894736842,72.45451254752109,131.18515662508906,-0.03855060672990701,True
3103504,MG,Sudeste,80.53,79.03999999999999,0.1383242508362857,0.13588208703154164,0.031746031746031744,0.03389830508474576,0.07936507936507936,0.05649717514124294,49.98982659156494,70.5763854709786,-0.0024421638047440464,True
3104007,MG,Sudeste,80.42,70.24,0.2974474125458527,0.4065356509005452,0.03636363636363636,0.03305785123966942,0.2545454545454545,0.39669421487603307,48.012280056145556,53.55295685343149,0.1090882383546925,True
3104205,MG,Sudeste,100.0,101.41,0.22489655989918655,0.21274052503249274,0.06896551724137931,0.036585365853658534,0.10344827586206896,0.12195121951219512,63.77838104583747,92.6921502380342,-0.01215603486669381,True
3104304,MG,Sudeste,100.0,120.81499999999998,0.30654427318028166,0.08598828554382712,0.15789473684210525,0.0,0.0,0.03571428571428571,119.54320048027066,98.03068560173503,-0.22055598763645454,True
3104502,MG,Sudeste,100.0,182.37000000000003,0.1420170174356043,0.18884939674422033,0.058823529411764705,0.1111111111111111,0.0,0.0,96.74712965971068,51.50135255343889,0.04683237930861603,True
3104601,MG,Sudeste,85.73,100.05,0.3745484167696107,0.18160882530914696,0.3076923076923077,0.075,0.0,0.0,78.75328464270368,118.69360862195009,-0.19293959146046374,True
3104700,MG,Sudeste,100.0,139.345,0.19370409460591914,0.18476200425651373,0.0,0.07142857142857142,0.0,0.03571428571428571,297.09833627287634,86.04713381253276,-0.008942090349405407,True
3104908,MG,Sudeste,100.0,152.45,0.071376393454373,0.11911170887405756,0.0,0.0,0.0,0.06382978723404255,121.94048051092517,110.16583355433622,0.047735315419684565,True
3105103,MG,Sudeste,100.0,104.05,0.1862607521464008,0.07928581889891909,0.0,0.04,0.1875,0.0,51.07144480663729,47.353340732683385,-0.10697493324748172,True
3105400,MG,Sudeste,93.82000000000001,113.71,0.20262033826508558,0.12985017034382973,0.038461538461538464,0.05128205128205128,0.11538461538461539,0.02564102564102564,82.41471927571459,63.3361987264427,-0.07277016792125585,True
3105509,MG,Sudeste,100.0,211.52,0.2745369383540667,0.27464627219292415,0.0,0.05,0.2222222222222222,0.1,133.88497640568568,180.07667238419407,0.00010933383885747272,True
3105608,MG,Sudeste,63.55,69.94,0.06011196255547939,0.18020981683883808,0.02,0.014925373134328358,0.02,0.15671641791044777,37.7489917380421,48.99305257868309,0.12009785428335869,True
3105905,MG,Sudeste,91.67,139.44,0.036244885579300265,0.07326658293066525,0.0,0.0,0.0,0.02631578947368421,71.6365875156789,91.6127532905956,0.037021697351364985,True
3106002,MG,Sudeste,100.0,172.12000000000003,0.27326032100404896,0.37063884964854166,0.16666666666666666,0.14285714285714285,0.0,0.14285714285714285,53.04432699256136,64.28773494039221,0.0973785286444927,True
3106200,MG,Sudeste,99.55,90.03999999999999,0.2095632953891708,0.20101300997031446,0.01837270341207349,0.017181332714186207,0.16430446194225723,0.1488274901323427,74.09404134396588,83.83820927828256,-0.00855028541885633,True
3106309,MG,Sudeste,100.0,153.57999999999998,0.02021009357749781,0.15635816022221488,0.0,0.01818181818181818,0.0,0.07272727272727272,48.67678562137914,113.27792618216249,0.13614806664471707,True
3106408,MG,Sudeste,100.0,162.28,0.19960999613384106,0.14159976300872595,0.0,0.0,0.11764705882352941,0.06896551724137931,157.87235666260844,135.91900605611573,-0.05801023312511511,True
3106507,MG,Sudeste,100.0,194.79,0.08998151109727628,0.06253986200387127,0.0,0.0,0.0,0.0,148.5806648833313,109.2876808042958,-0.02744164909340502,True
3106705,MG,Sudeste,90.32000000000001,93.3,0.25903853522480774,0.4064488409005251,0.05325443786982249,0.04130808950086059,0.1834319526627219,0.3442340791738382,46.00621710120678,80.88260895872362,0.14741030567571733,True
3106903,MG,Sudeste,100.0,125.18999999999998,0.21315220292155784,0.12988699326510267,0.07142857142857142,0.03333333333333333,0.07142857142857142,0.03333333333333333,81.86613796596303,92.2832159982368,-0.08326520965645517,True
3107109,MG,Sudeste,71.54,127.915,0.11021704034288128,0.3155598754894501,0.02631578947368421,0.1346153846153846,0.02631578947368421,0.09615384615384616,87.99981042129738,61.75002392875957,0.20534283514656881,True
3107307,MG,Sudeste,91.15,114.75999999999999,0.2455036013596283,0.20397322386992278,0.075,0.032520325203252036,0.1,0.08943089430894309,84.65276418086323,129.69221980287227,-0.041530377489705506,True
3107406,MG,Sudeste,97.29,114.2,0.11551358302946041,0.07635316565135308,0.023255813953488372,0.015384615384615385,0.046511627906976744,0.03076923076923077,76.80418243402323,57.39869460521289,-0.039160417378107326,True
3107505,MG,Sudeste,100.0,154.79,0.06976739460313428,0.1615220170554979,0.0,0.08333333333333333,0.0,0.0,119.63659687661021,72.03340487330084,0.09175462245236363,True
3107802,MG,Sudeste,100.0,145.465,0.011252867377508144,0.07154160066153212,0.0,0.0,0.0,0.05,35.8511662400316,59.4119796530075,0.060288733284023975,True
3108008,MG,Sudeste,100.0,142.905,0.1311101316450297,0.1395692265635528,0.041666666666666664,0.05,0.0,0.05,117.97954212624576,49.428418406652874,0.008459094918523119,True
3108305,MG,Sudeste,100.0,129.04,0.2617059131923214,0.15382119163744631,0.0,0.0,0.2857142857142857,0.16666666666666666,35.810905595377896,30.774188261305962,-0.10788472155487508,True
3108404,MG,Sudeste,100.0,118.995,0.2666429285813798,0.13978570306469829,0.08,0.047619047619047616,0.08,0.0,129.28858502457226,117.61727798942304,-0.1268572255166815,True
3108503,MG,Sudeste,100.0,181.34,0.19304037903525773,0.020478810016194025,0.0,0.0,0.1,0.0,170.6178656707748,49.06155370552475,-0.1725615690190637,True
3108602,MG,Sudeste,100.0,140.25,0.21098757791535916,0.1292515184566278,0.03225806451612903,0.03773584905660377,0.12903225806451613,0.03773584905660377,90.58754055589145,76.3910413993468,-0.08173605945873136,True
3108701,MG,Sudeste,100.0,164.31,0.4097436053970284,0.1803740378059857,0.0,0.0,0.42857142857142855,0.16666666666666666,129.14836045205547,68.7945185338128,-0.2293695675910427,True
3108909,MG,Sudeste,99.18999999999998,138.7,0.11436650602800447,0.1520295114995066,0.0,0.03225806451612903,0.04,0.06451612903225806,133.28485990371553,87.15418769903646,0.03766300547150214,True
3109006,MG,Sudeste,100.0,165.915,0.17243803947173297,0.23306157556199003,0.0,0.027777777777777776,0.16666666666666666,0.16666666666666666,57.431168789865175,84.57501739437579,0.06062353609025706,True
3109105,MG,Sudeste,98.25,126.975,0.113797326925375,0.01603901308805053,0.0,0.0,0.08333333333333333,0.0,78.073484612008,42.7043238824228,-0.09775831383732447,True
3109303,MG,Sudeste,100.0,122.59,0.12531500558602585,0.08682882798810419,0.05555555555555555,0.023809523809523808,0.0,0.0,79.85094324390656,92.92806244744037,-0.03848617759792165,True
3109402,MG,Sudeste,100.0,155.07,0.27892925966734017,0.06366956934473134,0.0,0.0,0.3,0.058823529411764705,42.53969438611747,37.0640361309992,-0.21525969032260883,True
3109501,MG,Sudeste,97.42,122.68999999999998,0.1825075419632363,0.20236657290566779,0.034482758620689655,0.014285714285714285,0.0,0.014285714285714285,207.00383486227545,260.8860259743436,0.019859030942431494,True
3109907,MG,Sudeste,100.0,100.105,0.30216030898580504,0.25531216245065724,0.019230769230769232,0.03333333333333333,0.0,0.06666666666666667,411.0899127424828,230.03288455344241,-0.046848146535147794,True
3110004,MG,Sudeste,71.47,95.52499999999999,0.147650019086788,0.2848688605316945,0.0,0.011764705882352941,0.12903225806451613,0.24705882352941178,69.18036252962389,92.23320855865565,0.13721884144490654,True
3110301,MG,Sudeste,99.64,167.195,0.14047188425627904,0.0013366919946216152,0.06666666666666667,0.0,0.0,0.0,77.68911705394737,21.652452448507887,-0.13913519226165744,True
3110509,MG,Sudeste,100.0,88.28999999999999,0.2765867875312582,0.13899564741529577,0.08,0.05172413793103448,0.12,0.0,93.31489278507286,107.66905966142949,-0.13759114011596243,True
3110608,MG,Sudeste,100.0,129.355,0.034719633526954216,0.12178136452194274,0.0,0.046511627906976744,0.0,0.023255813953488372,69.45261874596845,65.02281219042676,0.08706173099498853,True
3110707,MG,Sudeste,100.0,145.675,0.17899709001424077,0.2911715703248685,0.0,0.05263157894736842,0.03225806451612903,0.05263157894736842,235.5461736506368,257.54831573782207,0.11217448031062774,True
3111002,MG,Sudeste,81.92,142.155,0.12058383928656266,0.2026521778849927,0.0,0.047619047619047616,0.07142857142857142,0.03571428571428571,102.73497640257345,162.80196586913664,0.08206833859843005,True
3111101,MG,Sudeste,100.0,116.59,0.10282538082395609,0.012604181613800303,0.0,0.0,0.04,0.0,116.75942269863833,37.78607797189113,-0.09022119921015578,True
3111200,MG,Sudeste,99.67,107.74000000000001,0.19329965465838148,0.1636775904479807,0.04,0.0625,0.1,0.03125,85.0766752043903,80.63781666568246,-0.029622064210400784,True
3111309,MG,Sudeste,100.0,153.81,0.23173711934690708,0.2130108007768831,0.0,0.0,0.2222222222222222,0.14285714285714285,72.60102801360122,145.41437341216107,-0.018726318570023964,True
3111507,MG,Sudeste,89.87,107.86,0.32053439483810275,0.19275180596341362,0.08333333333333333,0.06451612903225806,0.16666666666666666,0.03225806451612903,90.5022397231575,116.67274150184743,-0.12778258887468913,True
3111606,MG,Sudeste,84.14,142.86499999999998,0.2456350526842916,0.22637220047637008,0.015873015873015872,0.052083333333333336,0.09523809523809523,0.052083333333333336,217.81219800185437,166.62952361289467,-0.01926285220792151,True
3111804,MG,Sudeste,100.0,131.97,0.1699611801368862,0.11856428009452331,0.0625,0.05555555555555555,0.0,0.0,128.86328589681503,70.18475487612014,-0.05139690004236287,True
3112000,MG,Sudeste,100.0,149.98,0.07216693791379714,0.19573085822569564,0.0,0.058823529411764705,0.0,0.058823529411764705,123.07244057470237,99.81733891617236,0.1235639203118985,True
3112109,MG,Sudeste,100.0,138.66,0.13525172339798153,0.21464912256235463,0.0,0.043478260869565216,0.0,0.0,213.40190522247926,233.70588991334378,0.0793973991643731,True
3112307,MG,Sudeste,100.0,140.955,0.02739972163293077,0.13621599951543484,0.0,0.044444444444444446,0.0,0.044444444444444446,58.971427162590565,63.53319835051374,0.10881627788250407,True
3112406,MG,Sudeste,100.0,160.01,0.24583791163247623,0.1258282491344421,0.0,0.0,0.2,0.1111111111111111,120.68716676627558,60.43077343796851,-0.12000966249803413,True
3112505,MG,Sudeste,100.0,131.29,0.13005565959166926,0.010658795976466101,0.0,0.0,0.1,0.0,80.43168298563087,35.00053084186359,-0.11939686361520316,True
3112604,MG,Sudeste,98.81000000000002,119.41,0.23749644775800913,0.1843731537696443,0.08333333333333333,0.08333333333333333,0.08333333333333333,0.0,76.21078954444589,104.75335359214823,-0.05312329398836482,True
3112802,MG,Sudeste,100.0,101.15,0.24579323878920414,0.12508691045401676,0.14285714285714285,0.04,0.0,0.0,64.85328332376,112.9347332776893,-0.12070632833518738,True
3113008,MG,Sudeste,100.0,143.23,0.1228002259815286,0.2694325457443531,0.043478260869565216,0.13636363636363635,0.0,0.045454545454545456,102.18984221726265,55.589474767387,0.1466323197628245,True
3113206,MG,Sudeste,96.12,159.84,0.1634466615653256,0.07890649790139576,0.1,0.04,0.0,0.0,38.992403116911134,46.81020085556461,-0.08454016366392986,True
3113305,MG,Sudeste,94.13,112.235,0.22549037841067088,0.1207380778122301,0.06153846153846154,0.018518518518518517,0.03076923076923077,0.0,171.81465418157006,152.84591533839213,-0.10475230059844078,True
3113404,MG,Sudeste,99.88,100.29,0.17408283685011816,0.12206110210802634,0.04081632653061224,0.03488372093023256,0.10204081632653061,0.05813953488372093,53.245459100724624,46.60833333735237,-0.05202173474209182,True
3113503,MG,Sudeste,100.0,164.47,0.034088091066144105,0.26718126286981264,0.0,0.0,0.0,0.2727272727272727,68.54832951125877,59.95352863083839,0.23309317180366854,True
3113602,MG,Sudeste,100.0,154.04,0.1718778373941119,0.03440997890246154,0.0,0.0,0.07142857142857142,0.0,176.18151906951496,69.00923233763795,-0.13746785849165036,True
3113701,MG,Sudeste,100.0,131.61,0.2764749564076533,0.21463931652131257,0.0,0.036036036036036036,0.0,0.0,415.61578192322565,249.6763413515366,-0.06183563988634072,True
3113909,MG,Sudeste,100.0,121.24,0.18741434467124943,0.13727374238404252,0.041666666666666664,0.0,0.0,0.1111111111111111,198.60008131073548,76.81927773311816,-0.050140602287206903,True
3114105,MG,Sudeste,100.0,126.83,0.12727577417345085,0.1131687909605845,0.0,0.030303030303030304,0.05,0.0,139.2162940733217,116.696746049517,-0.01410698321286634,True
3114204,MG,Sudeste,99.42,149.06,0.339521083651663,0.0974093412693296,0.0,0.0,0.42857142857142855,0.1111111111111111,28.59855677449546,17.686447680106923,-0.2421117423823334,True
3114303,MG,Sudeste,100.0,135.71499999999997,0.20983359045650218,0.053440678786899704,0.08333333333333333,0.0,0.08333333333333333,0.05263157894736842,36.601063181828415,30.190316056032795,-0.15639291166960248,True
3114402,MG,Sudeste,65.16,143.54000000000002,0.16442431022609255,0.1544976659034542,0.0,0.030303030303030304,0.08333333333333333,0.030303030303030304,150.5649461139616,137.83505952671942,-0.009926644322638345,True
3114501,MG,Sudeste,100.0,136.08,0.13222887157528038,0.1330064771063705,0.05555555555555555,0.0425531914893617,0.0,0.0,89.75072825010912,118.79078212604693,0.0007776055310901309,True
3114709,MG,Sudeste,100.0,104.75,0.17304503159142895,0.19407762924450844,0.0,0.0,0.0,0.06666666666666667,267.51716090862897,213.94644846128014,0.021032597653079493,True
3115102,MG,Sudeste,80.77,116.46000000000001,0.18477544036541266,0.13305528000217468,0.0,0.0,0.018867924528301886,0.012048192771084338,260.6287012569907,195.13276494996717,-0.05172016036323798,True
3115300,MG,Sudeste,86.99,100.36,0.19803445275942846,0.2094079916292454,0.07142857142857142,0.07476635514018691,0.008928571428571428,0.018691588785046728,138.67574540109499,135.5367647062592,0.01137353886981693,True
3115458,MG,Sudeste,100.0,149.35,0.2985751867316543,0.21514446188475822,0.07692307692307693,0.125,0.07692307692307693,0.0,185.48266979337598,59.321864367943,-0.08343072484689606,True
3115508,MG,Sudeste,78.16,99.73,0.07958770914745392,0.20343351956292077,0.0,0.03669724770642202,0.05,0.027522935779816515,70.9329932611692,197.66132170797184,0.12384581041546686,True
3115706,MG,Sudeste,100.0,170.15,0.3103560438074117,0.1799168164559402,0.03225806451612903,0.030303030303030304,0.0,0.0,394.84500413724334,212.27150885509417,-0.1304392273514715,True
3115805,MG,Sudeste,99.28,137.16,0.28352250579696603,0.1336164681862257,0.1,0.0,0.1,0.1,85.39576995742758,85.53031226035706,-0.14990603761074034,True
3116100,MG,Sudeste,100.0,270.87,0.07676387125439736,0.02594707487568897,0.0,0.0,0.0,0.0,129.65466994254317,56.89142002779771,-0.050816796378708395,True
3116308,MG,Sudeste,100.0,188.12999999999997,0.11598800625554787,0.16345699815427736,0.0,0.045454545454545456,0.0,0.0,185.818689344881,156.16053175373148,0.047468991898729496,True
3116506,MG,Sudeste,100.0,195.35999999999999,0.5742680598902397,0.2822983365592853,0.16666666666666666,0.11764705882352941,0.3333333333333333,0.058823529411764705,65.61577281245427,97.42923684451226,-0.29196972333095433,True
3116605,MG,Sudeste,83.11,104.43999999999998,0.01646095260452773,0.17525911352409662,0.0,0.023809523809523808,0.0,0.11904761904761904,43.30848810909965,70.1084785018534,0.1587981609195689,True
3116704,MG,Sudeste,95.9,147.53,0.2577309686352203,0.15129711160904666,0.14285714285714285,0.034482758620689655,0.0,0.0,81.946608407203,162.3144308533252,-0.10643385702617367,True
3116803,MG,Sudeste,90.61,160.78,0.25328423637580105,0.20117649332476334,0.0,0.0,0.08333333333333333,0.15789473684210525,277.8011647384424,109.59242736525655,-0.052107743051037714,True
3117009,MG,Sudeste,100.0,210.21,0.12809616898347825,0.010840431397255917,0.0,0.0,0.0,0.0,203.15605284207984,35.26060987986129,-0.11725573758622233,True
3117108,MG,Sudeste,100.0,134.99,0.0558943285210645,0.24758076011655433,0.0,0.10526315789473684,0.0,0.05263157894736842,99.77211413963137,82.08908274606769,0.19168643159548984,True
3117306,MG,Sudeste,100.0,122.28999999999999,0.1530673126428759,0.14009285513136177,0.041666666666666664,0.0,0.041666666666666664,0.14285714285714285,97.1152449205927,41.00506231088239,-0.012974457511514131,True
3117504,MG,Sudeste,100.0,135.99,0.15047936844823748,0.19441969114562935,0.08333333333333333,0.0,0.0,0.17647058823529413,56.2217233508611,76.59925060380033,0.04394032269739187,True
3117702,MG,Sudeste,59.839999999999996,139.54,0.1729584118604023,0.30789798390415896,0.0,0.05555555555555555,0.09523809523809523,0.2222222222222222,147.84064329323854,62.33095639849267,0.13493957204375664,True
3117801,MG,Sudeste,100.0,174.24500000000003,0.1913583358491293,0.09196863826668208,0.0,0.0,0.2,0.05555555555555555,42.679278224252116,81.6870286683987,-0.09938969758244723,True
3117900,MG,Sudeste,98.97,157.89000000000001,0.4970283165226257,0.11744199593201383,0.3333333333333333,0.05,0.16666666666666666,0.0,44.912213746794755,80.51006875568646,-0.37958632059061187,True
3118007,MG,Sudeste,100.0,128.215,0.2892705280570881,0.29218213233318285,0.13043478260869565,0.07272727272727272,0.08695652173913043,0.18181818181818182,44.63154545509642,53.66547156464413,0.0029116042760947702,True
3118304,MG,Sudeste,82.92999999999999,85.425,0.07665126937221076,0.20510142861996344,0.010752688172043012,0.07194244604316546,0.03225806451612903,0.08633093525179857,65.90511115748414,50.52778371584705,0.1284501592477527,True
3118403,MG,Sudeste,100.0,168.82,0.16999059505732222,0.13335744169460084,0.05555555555555555,0.03773584905660377,0.05555555555555555,0.018867924528301886,74.08180664914464,105.95513324415677,-0.03663315336272138,True
3118601,MG,Sudeste,78.01,93.385,0.27211141540323064,0.27070638938838154,0.010752688172043012,0.028077753779697623,0.260752688172043,0.21814254859611232,58.949853418783505,73.21562307024053,-0.0014050260148490978,True
3118700,MG,Sudeste,100.0,175.76500000000001,0.3176501009161778,0.09800899041910995,0.0,0.0,0.3333333333333333,0.05263157894736842,56.13968937015064,94.00652307162342,-0.21964111049706786,True
3118809,MG,Sudeste,100.0,179.29,0.030631956340978865,0.15931726317239678,0.0,0.08571428571428572,0.0,0.0,63.59958002945171,63.76263935002968,0.1286853068314179,True
3119005,MG,Sudeste,100.0,218.75,0.11092870307003319,0.256474903676698,0.0,0.125,0.0,0.0,178.574404613931,118.50184971731053,0.14554620060666482,True
3119104,MG,Sudeste,96.5,119.09,0.016440566767384316,0.28189078325200223,0.0,0.018518518518518517,0.0,0.2222222222222222,43.279298158758564,104.64047776978559,0.2654502164846179,True
3119203,MG,Sudeste,100.0,160.78,0.044541351110106216,0.01589042926669412,0.0,0.0,0.0,0.0,83.51608086918037,42.491570570583285,-0.028650921843412096,True
3119302,MG,Sudeste,89.99,109.01,0.013069318507519127,0.03480108513202018,0.0,0.0,0.0,0.0,38.45209540026274,69.5692471821887,0.021731766624501055,True
3119401,MG,Sudeste,90.92,86.845,0.1112935699316649,0.13894769439469262,0.01818181818181818,0.029411764705882353,0.07272727272727272,0.06470588235294118,48.75111065487005,74.29779032449233,0.027654124463027716,True
3119708,MG,Sudeste,100.0,179.885,0.10846905189169179,0.20939165461977244,0.0,0.09090909090909091,0.0,0.0,175.0524940224215,124.30539913587083,0.10092260272808065,True
3120409,MG,Sudeste,100.0,149.98,0.05644482484261694,0.2450788320286977,0.0,0.0,0.0,0.2222222222222222,100.56035551407291,91.70467962755083,0.18863400718608075,True
3120508,MG,Sudeste,100.0,134.95,0.3501406037804602,0.3992914756280102,0.058823529411764705,0.03937007874015748,0.0,0.007874015748031496,394.75388344061,505.39581882427086,0.049150871847550015,True
3120607,MG,Sudeste,100.0,225.43,0.037672269147041554,0.3508488474910538,0.0,0.0,0.0,0.5,73.6804209460617,44.818487387165014,0.31317657834401225,True
3120805,MG,Sudeste,100.0,159.48,0.2819905042030223,0.29102600558176217,0.05263157894736842,0.08888888888888889,0.07894736842105263,0.08888888888888889,211.3679453883617,133.95219346514264,0.009035501378739874,True
3120839,MG,Sudeste,100.0,248.97500000000005,0.30710562999341195,0.2407071756682392,0.14285714285714285,0.125,0.0,0.0,152.6449026697532,95.92444981360609,-0.06639845432517275,True
3120904,MG,Sudeste,89.66,102.235,0.25003859608782253,0.1384607813916301,0.08823529411764706,0.02142857142857143,0.11764705882352941,0.07142857142857142,40.56702182708785,82.3079834567501,-0.11157781469619243,True
3121308,MG,Sudeste,100.0,142.04,0.35581415901822344,0.016169794529810055,0.1111111111111111,0.0,0.1111111111111111,0.0,151.09595201955017,42.89158642963339,-0.3396443644884134,True
3121407,MG,Sudeste,100.0,141.01,0.26403325392474086,0.10468825033244311,0.07692307692307693,0.0,0.07692307692307693,0.06666666666666667,136.0229740141108,85.95212018781008,-0.15934500359229775,True
3121605,MG,Sudeste,99.03,117.38,0.08973604350185017,0.18867707890003876,0.05,0.03333333333333333,0.0,0.1,40.838635598465295,92.77646920709252,0.09894103539818859,True
3122009,MG,Sudeste,100.0,142.615,0.17650321209580055,0.16625599327889687,0.0,0.0,0.0,0.0,272.4688396885081,257.7961134082295,-0.010247218816903686,True
3122108,MG,Sudeste,100.0,167.54,0.1734144395594648,0.2690028681177382,0.0,0.125,0.0,0.0,268.0461065764821,136.44031637610982,0.0955884285582734,True
3122207,MG,Sudeste,100.0,208.135,0.23042006454144048,0.16349541618195373,0.1,0.043478260869565216,0.0,0.0,134.88987807922132,160.4602273240716,-0.06692464835948675,True
3122306,MG,Sudeste,63.910000000000004,95.14,0.10884209316730142,0.19984708482452757,0.021739130434782608,0.07017543859649122,0.08695652173913043,0.10526315789473684,18.05097457841852,23.03378288080973,0.09100499165722614,True
3122355,MG,Sudeste,100.0,166.10999999999999,0.3462683401328155,0.08519045963017552,0.05,0.0,0.05,0.0,345.3955066447896,141.7204828156336,-0.26107788050263997,True
3122504,MG,Sudeste,100.0,214.10999999999999,0.06590778207153662,0.12892454600001152,0.0,0.0,0.0,0.05555555555555555,114.11011801088638,134.60323240124941,0.0630167639284749,True
3122603,MG,Sudeste,100.0,142.88,0.2101787287707359,0.21874146754335816,0.0,0.0,0.16666666666666666,0.09090909090909091,111.47108084871952,218.83041479052457,0.008562738772622258,True
3122702,MG,Sudeste,100.0,133.89,0.24543729411013596,0.0841598192810015,0.125,0.0,0.0,0.0,102.69738346627307,140.2447356878475,-0.16127747482913446,True
3122801,MG,Sudeste,100.0,113.08,0.30864112064942734,0.2961713349626478,0.125,0.0,0.0,0.2857142857142857,193.19729990676655,85.16104721001372,-0.012469785686779533,True
3123007,MG,Sudeste,65.6,69.95,0.026818205011778187,0.31113429407772725,0.0,0.06666666666666667,0.0,0.2,58.13876862742497,70.99595879906201,0.2843160890659491,True
3123106,MG,Sudeste,94.42,208.78,0.05944736563477415,0.41053529119264126,0.0,0.14285714285714285,0.0,0.14285714285714285,104.85961563292783,121.4144126071227,0.3510879255578671,True
3123205,MG,Sudeste,100.0,110.84,0.08223898658457235,0.21448265039218287,0.0,0.03076923076923077,0.0,0.03076923076923077,137.49434527572683,222.1394672287721,0.13224366380761052,True
3123601,MG,Sudeste,99.3,99.66499999999999,0.09007866652594654,0.06712359986607279,0.0,0.0,0.08333333333333333,0.0196078431372549,44.11135127670595,91.23726815907548,-0.02295506665987375,True
3123700,MG,Sudeste,100.0,122.04,0.019285053029316806,0.12843223012281135,0.0,0.06666666666666667,0.0,0.0,47.35224410390621,60.449849232498046,0.10914717709349454,True
3123908,MG,Sudeste,79.07000000000001,148.345,0.13087960955879513,0.1703596489173921,0.0,0.022727272727272728,0.0,0.06818181818181818,207.14158905524974,129.26943084352405,0.03948003935859698,True
3124005,MG,Sudeste,100.0,156.87000000000003,0.1472265689484289,0.21334206546097834,0.0,0.038834951456310676,0.0,0.009708737864077669,230.54837531839334,229.61991025108622,0.06611549651254944,True
3124104,MG,Sudeste,100.0,91.91,0.1648640513537737,0.2479656950677866,0.045454545454545456,0.0072992700729927005,0.06060606060606061,0.21897810218978103,82.09639797483335,84.23319869361315,0.08310164371401291,True
3124203,MG,Sudeste,97.49,101.65,0.1929587563947482,0.12252434401617408,0.05405405405405406,0.01818181818181818,0.02702702702702703,0.03636363636363636,146.00615559392412,110.47947816851108,-0.0704344123785741,True
3124302,MG,Sudeste,100.0,137.96,0.1333009115557358,0.1739739548808591,0.037037037037037035,0.04081632653061224,0.037037037037037035,0.02040816326530612,84.56739779961208,155.56311590235444,0.04067304332512328,True
3124500,MG,Sudeste,53.33,182.57,0.03916839848160909,0.13551870214427408,0.0,0.07692307692307693,0.0,0.0,75.8226896531369,48.567953434469175,0.09635030366266499,True
3124609,MG,Sudeste,100.0,160.1,0.18039036821950155,0.07996531659352678,0.0,0.0,0.0,0.0,278.03475750785725,134.23873631232073,-0.10042505162597477,True
3124906,MG,Sudeste,100.0,187.14000000000001,0.2823929428279485,0.23585729096987124,0.0,0.012658227848101266,0.038461538461538464,0.02531645569620253,375.808779964093,298.4891457640367,-0.04653565185807729,True
3125101,MG,Sudeste,100.0,131.35,0.0,0.014060870852997323,0.0,0.0,0.0,0.0,11.915476987659932,39.8718734315243,0.014060870852997323,True
3125606,MG,Sudeste,98.86,161.81,0.04754978058580767,0.3168166364240268,0.0,0.07894736842105263,0.0,0.05263157894736842,87.82377284094484,237.74747689480841,0.26926685583821913,True
3125903,MG,Sudeste,100.0,145.98,0.0358224229640112,0.3794026407808539,0.0,0.0,0.0,0.4,71.0316742774096,85.70392183439093,0.34358021781684267,True
3125952,MG,Sudeste,100.0,134.03,0.23633063146141234,0.08384529850232304,0.0,0.0,0.0,0.0,358.13416645590434,139.7943815598185,-0.15248533295908928,True
3126109,MG,Sudeste,89.3,101.495,0.17136494735516927,0.1634284766369956,0.10714285714285714,0.04,0.0,0.09333333333333334,34.988883498168974,50.67358603638069,-0.00793647071817366,True
3126703,MG,Sudeste,100.0,149.39499999999998,0.0959757239025468,0.15371762527797667,0.0,0.017241379310344827,0.034482758620689655,0.06896551724137931,113.87737635481601,116.2390337243814,0.057741901375429866,True
3126802,MG,Sudeste,100.0,183.585,0.34601518552174826,0.07730769130296017,0.2,0.0,0.0,0.0,85.62642605560362,130.4333517352192,-0.2687074942187881,True
3127057,MG,Sudeste,100.0,161.1,0.06925160043391689,0.03739332570702602,0.0,0.0,0.0,0.0,118.89804461212591,73.28100908454512,-0.031858274726890866,True
3127107,MG,Sudeste,69.18,61.165,0.2465673111538722,0.0955513779511851,0.13043478260869565,0.029411764705882353,0.043478260869565216,0.029411764705882353,38.064229334192184,56.46447870827165,-0.1510159332026871,True
3127305,MG,Sudeste,100.0,168.75,0.24771854641821028,0.05739279412651741,0.0,0.0,0.14285714285714285,0.0,195.1114922792496,101.91772809226346,-0.19032575229169288,True
3127503,MG,Sudeste,100.0,200.76,0.25039530044516095,0.28636056944699484,0.06666666666666667,0.1,0.0,0.05,235.08559958753372,152.224576295342,0.03596526900183389,True
3127602,MG,Sudeste,100.0,185.33,0.06945189910350094,0.2320957041844596,0.0,0.013888888888888888,0.0,0.027777777777777776,119.18484707098068,287.3700996773139,0.16264380508095866,True
3127701,MG,Sudeste,91.45,92.25,0.1746514429732325,0.10407818172618782,0.056768558951965066,0.020689655172413793,0.05240174672489083,0.0367816091954023,82.10923138892656,78.15585615872034,-0.07057326124704469,True
3127800,MG,Sudeste,100.0,151.06,0.09458813980002669,0.09760318149818778,0.0,0.0,0.0,0.0,155.17677678823503,159.4939366294759,0.0030150416981610945,True
3128006,MG,Sudeste,90.22,152.67,0.1167368194312498,0.27609249180844,0.020833333333333332,0.07042253521126761,0.0,0.04225352112676056,142.14483271186765,210.77295112369652,0.15935567237719017,True
3128204,MG,Sudeste,100.0,143.54,0.05924662306860293,0.019228698087452693,0.0,0.0,0.0,0.0,104.57217757008756,47.27155092741727,-0.040017924981150234,True
3128303,MG,Sudeste,98.43999999999998,127.92999999999999,0.06136772436984993,0.10528743813134969,0.0,0.0,0.0,0.0392156862745098,107.60932739210574,121.26932847381867,0.043919713761499765,True
3128709,MG,Sudeste,85.27,92.875,0.17292435991633795,0.1926487565375403,0.04878048780487805,0.07575757575757576,0.07317073170731707,0.06060606060606061,70.72180279954571,56.79541296203128,0.019724396621202345,True
3128808,MG,Sudeste,100.0,147.24,0.03216154100980193,0.3594519507916995,0.0,0.14285714285714285,0.0,0.14285714285714285,65.7897525600831,48.26950523489974,0.32729040978189755,True
3129004,MG,Sudeste,100.0,134.99,0.06293295930410647,0.29229457350649624,0.0,0.14814814814814814,0.0,0.0,109.8505466111968,120.07325642196167,0.22936161420238976,True
3129103,MG,Sudeste,100.0,202.23,0.2337403133085797,0.038902059123904854,0.06666666666666667,0.0,0.0,0.0,211.2377563997311,75.4413252494791,-0.19483825418467485,True
3129400,MG,Sudeste,100.0,202.0,0.0594209016232279,0.2439228675302469,0.0,0.14285714285714285,0.0,0.0,104.82172250264202,62.175147332371814,0.184501965907019,True
3129509,MG,Sudeste,86.12,122.675,0.41721014535562195,0.15430590212422904,0.125,0.0,0.25,0.14814814814814814,34.8291806602814,54.714549928764875,-0.26290424323139294,True
3129608,MG,Sudeste,100.0,222.71,0.47690905824364915,0.2630973394862705,0.125,0.09090909090909091,0.25,0.09090909090909091,120.3105023425387,87.08688836375445,-0.21381171875737864,True
3129806,MG,Sudeste,94.57000000000001,101.985,0.2187369501782005,0.18791727177985607,0.046296296296296294,0.028169014084507043,0.12962962962962962,0.1267605633802817,70.78231526436687,69.18793730222903,-0.03081967839834443,True
3130101,MG,Sudeste,89.15,104.965,0.22677870246553616,0.33424523655914795,0.0,0.0,0.25,0.3387096774193548,30.63172377944018,73.15290192508051,0.10746653409361179,True
3130309,MG,Sudeste,100.0,205.09,0.299718018833665,0.31703594037688515,0.1,0.0196078431372549,0.1,0.09803921568627451,108.58570412416698,308.51132044557517,0.01731792154322015,True
3130556,MG,Sudeste,100.0,150.3,0.18156596744615947,0.13368450061214693,0.0,0.0,0.14285714285714285,0.125,100.38933387366669,54.245197740840425,-0.04788146683401254,True
3130606,MG,Sudeste,100.0,162.785,0.2857891292896336,0.24260203971221944,0.16666666666666666,0.0,0.0,0.23076923076923078,70.98400193043082,77.42915555359585,-0.043187089577414184,True
3130655,MG,Sudeste,100.0,220.60999999999999,0.072681575384247,0.3864134588581486,0.0,0.05263157894736842,0.0,0.2631578947368421,123.80933659228614,129.6487772045904,0.3137318834739016,True
3130903,MG,Sudeste,100.0,154.23,0.16146511054754575,0.16329153474792113,0.05263157894736842,0.022727272727272728,0.05263157894736842,0.03409090909090909,71.8250072868281,161.9431387616774,0.0018264242003753761,True
3131158,MG,Sudeste,100.0,156.94,0.039946534816260724,0.10657284902609124,0.0,0.0,0.0,0.07142857142857142,76.93688284556184,82.67300361943873,0.0666263142098305,True
3131208,MG,Sudeste,100.0,117.27499999999999,0.014425028283482706,0.09210610852179696,0.0,0.0,0.0,0.0625,40.3933009911298,73.16649975862403,0.07768108023831426,True
3131307,MG,Sudeste,71.83,90.91499999999999,0.08454315872226931,0.1109459519041987,0.0106951871657754,0.011661807580174927,0.03208556149732621,0.06705539358600583,77.54534692325777,69.37703233227906,0.026402793181929396,True
3131505,MG,Sudeste,100.0,114.93999999999998,0.24860642205430442,0.025466719106406858,0.07692307692307693,0.0,0.07692307692307693,0.0,113.93369442993682,56.203611087072964,-0.22313970294789756,True
3131703,MG,Sudeste,89.49,99.58500000000001,0.09308671381470664,0.15832710812106282,0.017857142857142856,0.03162055335968379,0.017857142857142856,0.05928853754940711,92.25706416642535,104.10300762104332,0.06524039430635618,True
3131802,MG,Sudeste,100.0,168.87999999999997,0.49361965704938837,0.09207858428769512,0.14285714285714285,0.0,0.2857142857142857,0.07692307692307693,61.052022954406944,55.02178368750167,-0.40154107276169326,True
3131901,MG,Sudeste,97.14,92.365,0.059604896427530085,0.24354272207515415,0.0,0.022222222222222223,0.02564102564102564,0.18888888888888888,72.89797128373755,83.61940128048983,0.18393782564762406,True
3132107,MG,Sudeste,99.59,142.37,0.007551723163752036,0.022443761189976208,0.0,0.0,0.0,0.0,30.551594039748505,51.87511621864867,0.014892038026224172,True
3132206,MG,Sudeste,100.0,126.39,0.13831760813538901,0.059200812863976396,0.0,0.0,0.0,0.0,217.79186589011502,104.50658312877246,-0.07911679527141262,True
3132305,MG,Sudeste,100.0,200.7,0.23997525982483953,0.13932131600086894,0.0,0.037037037037037035,0.03225806451612903,0.0,322.8592300701363,139.6804930833235,-0.10065394382397058,True
3132404,MG,Sudeste,76.73,105.23,0.23832484395874734,0.17022075411741228,0.03076923076923077,0.02054794520547945,0.18461538461538463,0.11643835616438356,63.1552329142735,73.17484772626027,-0.06810408984133506,True
3132503,MG,Sudeste,100.0,130.565,0.21849812418501408,0.16114996022733852,0.09523809523809523,0.014084507042253521,0.047619047619047616,0.08450704225352113,68.27058850571103,114.1522719887924,-0.05734816395767556,True
3132602,MG,Sudeste,100.0,189.7,0.09582098842814565,0.1973211281027032,0.0,0.058823529411764705,0.0,0.0,156.94206069488558,175.9356482706341,0.10150013967455754,True
3132701,MG,Sudeste,100.0,200.805,0.2334182824164144,0.1024323417860199,0.028985507246376812,0.0,0.0,0.0,291.7086578946222,166.40868572706202,-0.1309859406303945,True
3133006,MG,Sudeste,100.0,142.02,0.23921709282426917,0.16938549407678077,0.0,0.01694915254237288,0.15384615384615385,0.03389830508474576,169.14396387608375,183.32100692283933,-0.0698315987474884,True
3133105,MG,Sudeste,91.36,110.06499999999998,0.43898335235935626,0.34842977076163273,0.1,0.0390625,0.02857142857142857,0.046875,397.66048224858235,375.9049019775198,-0.09055358159772353,True
3133204,MG,Sudeste,100.0,140.22,0.2465397111327688,0.25468795350053025,0.023255813953488372,0.04,0.0,0.02666666666666667,322.80318897562097,265.03240131110584,0.00814824236776146,True
3133303,MG,Sudeste,100.0,179.01500000000001,0.09946149435834346,0.05128919113257733,0.0,0.0,0.05,0.0,99.3897497492232,93.17813760885923,-0.048172303225766135,True
3133501,MG,Sudeste,93.8,130.95999999999998,0.2934187366262969,0.16047207391586019,0.17647058823529413,0.02564102564102564,0.0,0.10256410256410256,60.85166765973625,65.69335798092479,-0.13294666271043673,True
3133758,MG,Sudeste,100.0,121.47,0.2179150352984594,0.17409116202679908,0.037037037037037035,0.0,0.07407407407407407,0.14285714285714285,159.2315276737074,89.68635427732013,-0.04382387327166032,True
3133808,MG,Sudeste,82.41,84.21,0.3045887264066663,0.19750803495816097,0.05970149253731343,0.06306306306306306,0.208955223880597,0.09009009009009009,65.34190557560665,54.00736590839689,-0.10708069144850532,True
3134004,MG,Sudeste,100.0,138.45,0.4609909663432675,0.07759538483299927,0.2222222222222222,0.0,0.1111111111111111,0.05263157894736842,63.05022066030873,64.77681181919267,-0.38339558151026826,True
3134103,MG,Sudeste,96.42999999999999,179.43,0.08848937517459343,0.19386087559001186,0.0,0.1111111111111111,0.0,0.0,146.44411423893783,58.67715885537991,0.10537150041541843,True
3134202,MG,Sudeste,45.12,56.24,0.25318642874474423,0.15252540812080687,0.08235294117647059,0.041666666666666664,0.10588235294117647,0.075,72.47675266632012,54.49593474463757,-0.10066102062393736,True
3134400,MG,Sudeste,76.24,80.73,0.06841724439050992,0.2431777564161528,0.0,0.0425531914893617,0.05555555555555555,0.1702127659574468,47.96439992018956,62.8738950751355,0.17476051202564288,True
3134608,MG,Sudeste,99.55,100.765,0.25864158505419155,0.21723030216393818,0.07142857142857142,0.03125,0.14285714285714285,0.15625,57.33683508537922,67.52500486538379,-0.041411282890253365,True
3134707,MG,Sudeste,100.0,190.18,0.18045014602696832,0.21871563177683767,0.0,0.0125,0.0,0.0125,278.1203517966362,290.37280440834866,0.03826548574986935,True
3134905,MG,Sudeste,67.16,68.56,0.11335648402282193,0.08235487493911794,0.03225806451612903,0.018518518518518517,0.0,0.0,112.76645485453315,97.88600479285405,-0.031001609083703988,True
3135050,MG,Sudeste,100.0,165.73000000000002,0.16999429881717357,0.07631283068806496,0.03333333333333333,0.0,0.06666666666666667,0.047619047619047616,107.86845318136905,69.23259214199929,-0.0936814681291086,True
3135100,MG,Sudeste,100.0,129.675,0.21061418208076513,0.08352320469760269,0.06666666666666667,0.014598540145985401,0.08888888888888889,0.0072992700729927005,66.54172704869063,98.81549651423438,-0.12709097738316244,True
3135209,MG,Sudeste,87.15,127.28999999999999,0.19152866252236345,0.19485261437853535,0.06060606060606061,0.09722222222222222,0.09090909090909091,0.027777777777777776,49.69474220874125,55.05843637389392,0.003323951856171903,True
3135407,MG,Sudeste,100.0,112.95,0.08914204849703117,0.16220566870713027,0.0,0.07142857142857142,0.0,0.0,147.378660205183,98.5814866218229,0.0730636202100991,True
3135456,MG,Sudeste,100.0,265.365,0.5208497167870942,0.16672329781661469,0.25,0.0,0.125,0.16666666666666666,131.3256715943008,49.248378750314316,-0.3541264189704796,True
3135506,MG,Sudeste,100.0,140.91,0.01674704136931807,0.13382068012624723,0.0,0.07692307692307693,0.0,0.0,43.718131175441435,46.13659984150253,0.11707363875692917,True
3135803,MG,Sudeste,99.62,145.405,0.37610558804079314,0.2932133519684255,0.14925373134328357,0.07006369426751592,0.0,0.0,237.70548597309912,289.09948135533375,-0.08289223607236762,True
3135902,MG,Sudeste,100.0,130.555,0.201801420793314,0.15095072593865885,0.0,0.0,0.14285714285714285,0.14285714285714285,129.36395356563324,56.552165304261955,-0.050850694854655154,True
3136009,MG,Sudeste,100.0,189.01,0.1146325643347863,0.10330591496335516,0.0,0.038461538461538464,0.09090909090909091,0.0,69.75958226379497,85.05141659616618,-0.011326649371431144,True
3136207,MG,Sudeste,74.82000000000001,72.425,0.19479973039863363,0.24370045456284029,0.031746031746031744,0.07792207792207792,0.12698412698412698,0.09090909090909091,71.07935334064334,87.20664251223799,0.048900724164206655,True
3136306,MG,Sudeste,81.62,98.45,0.18009257192301478,0.22582416905636338,0.06060606060606061,0.07692307692307693,0.06060606060606061,0.09615384615384616,71.35912966580223,57.171972066290515,0.045731597133348595,True
3136504,MG,Sudeste,100.0,169.83,0.03032790958387828,0.12335540168472761,0.0,0.05555555555555555,0.0,0.0,63.16422338068139,77.04503735126715,0.09302749210084933,True
3136652,MG,Sudeste,100.0,148.12999999999997,0.35868040249668626,0.40544319668166495,0.06666666666666667,0.027777777777777776,0.26666666666666666,0.4722222222222222,55.389253283549316,63.329299979483125,0.046762794184978695,True
3136702,MG,Sudeste,73.26,98.02,0.14591401513434352,0.09755331744117111,0.0436046511627907,0.026905829596412557,0.061046511627906974,0.03587443946188341,58.38265832142129,56.60067589607961,-0.0483606976931724,True
3137007,MG,Sudeste,100.0,152.07999999999998,0.19989357361703453,0.20423211076275447,0.03333333333333333,0.11764705882352941,0.03333333333333333,0.0,192.52381880724448,59.489480459611585,0.0043385371457199395,True
3137106,MG,Sudeste,100.0,202.32,0.02689513616004395,0.16429798426412096,0.0,0.09090909090909091,0.0,0.0,58.24892433904782,59.73694461920272,0.137402848104077,True
3137205,MG,Sudeste,75.24,73.17,0.07994866365361059,0.10348360937779484,0.04,0.0136986301369863,0.0,0.0547945205479452,48.30245090839889,69.70827595495498,0.023534945724184256,True
3137403,MG,Sudeste,100.0,137.05,0.17432310888471533,0.11911354460272476,0.08333333333333333,0.03125,0.0,0.0,90.36295554015906,123.17497233139122,-0.05520956428199057,True
3137601,MG,Sudeste,100.0,108.61500000000001,0.15499399532066355,0.13699496713347803,0.0,0.029411764705882353,0.125,0.06862745098039216,84.75770934187476,66.57898136394924,-0.017999028187185517,True
3137700,MG,Sudeste,98.88,117.59,0.2801298523635942,0.22258874823859132,0.1111111111111111,0.03125,0.1111111111111111,0.15625,42.72556049202762,75.19762452402945,-0.057541104125002906,True
3137809,MG,Sudeste,100.0,120.01,0.04541581844067941,0.1376042306131539,0.0,0.046511627906976744,0.0,0.023255813953488372,84.76820791084958,87.67916288168637,0.0921884121724745,True
3138005,MG,Sudeste,100.0,176.08,0.07600935880812101,0.1937200779028189,0.0,0.0,0.0,0.16666666666666666,128.57430318185547,87.90436646088455,0.11771071909469788,True
3138203,MG,Sudeste,88.97,66.985,0.17900108625578898,0.21935158396590004,0.044444444444444446,0.10975609756097561,0.1111111111111111,0.04878048780487805,41.10930964092239,36.85275293346435,0.040350497710111066,True
3138401,MG,Sudeste,89.73,101.505,0.147063550083037,0.16057040192381966,0.05172413793103448,0.05357142857142857,0.017241379310344827,0.026785714285714284,97.57815677006283,100.969621143109,0.013506851840782652,True
3138609,MG,Sudeste,100.0,129.56,0.02521235493197685,0.12612855982754642,0.0,0.07692307692307693,0.0,0.0,55.83939363708898,35.12245271783294,0.10091620489556957,True
3138682,MG,Sudeste,100.0,169.08,0.3458352028392478,0.18252359228995613,0.2,0.047619047619047616,0.0,0.0,85.36871353060484,178.8125507364687,-0.16331161054929166,True
3138708,MG,Sudeste,97.17,187.96,0.19299047298861427,0.164564036193976,0.0,0.0,0.16666666666666666,0.16666666666666666,86.8596641479788,46.15658815595079,-0.02842643679463827,True
3138807,MG,Sudeste,94.92999999999999,144.81,0.20798448131484248,0.28754509723276556,0.020833333333333332,0.05660377358490566,0.041666666666666664,0.04716981132075472,220.49577410230438,250.68030289259013,0.07956061591792307,True
3138906,MG,Sudeste,100.0,215.81,0.23661346882849424,0.14821712848010202,0.1111111111111111,0.041666666666666664,0.0,0.0,119.89348589677805,142.4746062527728,-0.08839634034839222,True
3139003,MG,Sudeste,63.68,103.06000000000002,0.11373254759283523,0.22107407182131078,0.0,0.014492753623188406,0.03571428571428571,0.17391304347826086,137.75697330644365,86.8477585045739,0.10734152422847555,True
3139201,MG,Sudeste,100.0,130.98499999999999,0.22542036541145244,0.18667791633387695,0.017543859649122806,0.022727272727272728,0.0,0.011363636363636364,304.83114512372896,223.9590619567721,-0.038742449077575486,True
3139300,MG,Sudeste,99.4,148.25,0.13690446816070811,0.17840438401104244,0.05263157894736842,0.03333333333333333,0.0,0.03333333333333333,102.72574263239815,161.75400675310857,0.04149991585033433,True
3139409,MG,Sudeste,84.77,84.66499999999999,0.18741708964398895,0.11589761837880708,0.09523809523809523,0.04807692307692308,0.047619047619047616,0.019230769230769232,23.766462998401163,58.28871402366725,-0.07151947126518188,True
3139508,MG,Sudeste,99.3,120.28999999999999,0.15849057621588927,0.22717943993530512,0.037037037037037035,0.09836065573770492,0.037037037037037035,0.0,120.63582390180005,133.77071359486973,0.06868886371941585,True
3139607,MG,Sudeste,98.59,158.28,0.18651790769335855,0.22020954710269197,0.014705882352941176,0.06422018348623854,0.029411764705882353,0.01834862385321101,218.30254432565755,174.08493912111,0.033691639409333424,True
3139805,MG,Sudeste,100.0,165.08,0.23311886526333098,0.1889758480516717,0.09090909090909091,0.0625,0.0,0.03125,158.27977534350654,116.86173418119597,-0.04414301721165928,True
3139904,MG,Sudeste,100.0,166.84,0.1650762274207213,0.30520002035227445,0.07692307692307693,0.02857142857142857,0.0,0.22857142857142856,90.89060562457561,108.45445166908563,0.14012379293155314,True
3140001,MG,Sudeste,100.0,82.905,0.11326749660278965,0.2721744035221756,0.016129032258064516,0.07272727272727272,0.03225806451612903,0.16363636363636364,106.78756417346966,47.840581722040774,0.15890690691938594,True
3140506,MG,Sudeste,98.14,124.97,0.034289823990456623,0.13412165420606592,0.0,0.038461538461538464,0.0,0.038461538461538464,68.83718564218037,80.89485976607821,0.09983183021560929,True
3140605,MG,Sudeste,98.08,176.62999999999997,0.235081022489186,0.49177893809493106,0.0,0.06666666666666667,0.0,0.06666666666666667,356.34488384815796,525.4013306198922,0.25669791560574506,True
3140704,MG,Sudeste,100.0,125.82000000000001,0.092298184590651,0.3080783109021924,0.0,0.05263157894736842,0.1,0.23684210526315788,26.367735916351354,50.51695531983911,0.2157801263115414,True
3140803,MG,Sudeste,95.92999999999999,108.42999999999999,0.13490550063278955,0.1565989298166629,0.0,0.05555555555555555,0.125,0.05555555555555555,55.99351593441218,54.90662926450786,0.021693429183873347,True
3140902,MG,Sudeste,100.0,162.71499999999997,0.26860650245511036,0.24004431937330173,0.125,0.060240963855421686,0.0,0.0,135.8727706860494,234.0654940911262,-0.028562183081808634,True
3141009,MG,Sudeste,100.0,174.44,0.022306485769436016,0.18209757440972452,0.0,0.06666666666666667,0.0,0.06666666666666667,51.678555112012226,53.605118506363794,0.15979108864028851,True
3141108,MG,Sudeste,91.2,100.01,0.15451898202456404,0.2291076010895804,0.046511627906976744,0.018867924528301886,0.023255813953488372,0.18867924528301888,111.89895578287577,70.417690117996,0.07458861906501635,True
3141405,MG,Sudeste,99.92999999999999,130.775,0.271387530856954,0.12636031257347374,0.0625,0.044444444444444446,0.041666666666666664,0.0,221.78882726977224,105.2122579531846,-0.14502721828348025,True
3141504,MG,Sudeste,91.67,187.29,0.19985798188522602,0.16285897430593932,0.0,0.047619047619047616,0.0625,0.0,227.4536065627478,150.6552953639414,-0.0369990075792867,True
3141603,MG,Sudeste,99.71,134.96,0.27895787066989247,0.21146116930628836,0.0,0.057692307692307696,0.018867924528301886,0.0,395.4860752392335,198.6120562113527,-0.06749670136360411,True
3141801,MG,Sudeste,100.0,161.93,0.15045541403078774,0.13664176313701623,0.022222222222222223,0.0136986301369863,0.0,0.0273972602739726,187.4425410616127,151.5783864081149,-0.013813650893771512,True
3141900,MG,Sudeste,100.0,187.10999999999999,0.10178699347774824,0.16249139071162416,0.0,0.0,0.0,0.09090909090909091,165.484628258211,138.287391815822,0.060704397233875926,True
3142007,MG,Sudeste,100.0,179.47,0.34798263538101776,0.17769987696376624,0.029411764705882353,0.014285714285714285,0.17647058823529413,0.0,233.3111269508229,243.49929854801348,-0.17028275841725152,True
3142106,MG,Sudeste,100.0,195.12999999999997,0.2154999206322201,0.025757491137274966,0.0,0.0,0.18181818181818182,0.0,100.07064299697912,56.619960000385,-0.18974242949494513,True
3142205,MG,Sudeste,96.21,128.36,0.2042992348367114,0.1365610495854187,0.0,0.018518518518518517,0.021739130434782608,0.0,284.980087067896,175.50241735292838,-0.06773818525129269,True
3142304,MG,Sudeste,100.0,136.58,0.2526459747227927,0.21160398279955445,0.1111111111111111,0.0,0.0,0.14285714285714285,142.85001437316288,143.3999873161534,-0.041041991923238264,True
3142403,MG,Sudeste,99.36,185.47,0.2308682530775667,0.21030720530109553,0.1111111111111111,0.08,0.0,0.0,111.6670607915145,149.047017948402,-0.020561047776471164,True
3142601,MG,Sudeste,96.63,125.89,0.1504397234929887,0.02897259842365842,0.0,0.0,0.07692307692307693,0.0,138.5875820045966,61.22358855733703,-0.12146712506933029,True
3142700,MG,Sudeste,100.0,199.14000000000001,0.20579649632800306,0.1614030700809579,0.030303030303030304,0.038461538461538464,0.030303030303030304,0.0,211.28852146277205,168.23922295951775,-0.044393426247045176,True
3142809,MG,Sudeste,82.15,96.88,0.13357575884356848,0.18954664515035394,0.0,0.08695652173913043,0.1,0.043478260869565216,85.47202161071527,49.80090724481845,0.055970886306785456,True
3142908,MG,Sudeste,100.0,189.45,0.1549995816406294,0.05524416231001955,0.047619047619047616,0.0,0.047619047619047616,0.0,79.62539074926592,98.8411580410252,-0.09975541933060986,True
3143005,MG,Sudeste,78.53,129.95,0.1480775602002854,0.03696997482772992,0.0,0.0,0.0,0.0,231.7668875731336,72.67482396413175,-0.11110758537255547,True
3143104,MG,Sudeste,99.01,103.2,0.057898375600234815,0.19890129106568238,0.0,0.06756756756756757,0.03225806451612903,0.06756756756756757,62.148072054593875,74.60005682759356,0.14100291546544758,True
3143203,MG,Sudeste,100.0,134.03,0.1314045370606039,0.12725911702893497,0.02631578947368421,0.0,0.0,0.023255813953488372,151.37187667226965,172.76445024726593,-0.004145420031668928,True
3143302,MG,Sudeste,100.0,131.85,0.12407112614074535,0.14767356251762165,0.021052631578947368,0.027982326951399118,0.06315789473684211,0.06774668630338733,72.89344770564378,86.04517158804133,0.0236024363768763,True
3143401,MG,Sudeste,85.92,130.76,0.14920638012552767,0.25945969211016795,0.0,0.13636363636363635,0.16666666666666666,0.045454545454545456,24.166359604640125,41.30960486099849,0.11025331198464028,True
3143500,MG,Sudeste,91.06000000000002,154.4,0.18799798639643128,0.25042249115191745,0.058823529411764705,0.05405405405405406,0.0,0.05405405405405406,162.5860839866431,194.35992609673434,0.062424504755486165,True
3143906,MG,Sudeste,100.0,114.53,0.16186947618624023,0.13118973705070625,0.03508771929824561,0.02092050209205021,0.06140350877192982,0.04602510460251046,99.07348942002187,104.87700171520221,-0.030679739135533984,True
3144003,MG,Sudeste,100.0,126.65,0.09599769035845135,0.17550219833648534,0.0,0.014492753623188406,0.1,0.10144927536231885,31.66496206845655,112.55842773894344,0.07950450797803399,True
3144102,MG,Sudeste,100.0,127.9,0.09336025513822105,0.0781585031771106,0.0,0.02702702702702703,0.03333333333333333,0.0,111.57522948004856,73.60266086524143,-0.015201751961110455,True
3144300,MG,Sudeste,98.79,119.06499999999998,0.18748183767412166,0.10383383862435935,0.07317073170731707,0.0,0.024390243902439025,0.04597701149425287,100.4148441002857,110.7004578971086,-0.0836479990497623,True
3144607,MG,Sudeste,47.53000000000001,100.255,0.1673386883426744,0.10201362753988172,0.045454545454545456,0.015151515151515152,0.0,0.015151515151515152,161.71862304238837,114.24683441480883,-0.06532506080279268,True
3144656,MG,Sudeste,100.0,165.28,0.36369608631416245,0.1711783065309676,0.2857142857142857,0.0,0.0,0.10344827586206896,63.21411473513279,134.98550768206192,-0.19251777978319484,True
3144706,MG,Sudeste,59.78000000000001,132.125,0.09743737921479373,0.22686812139036733,0.0,0.06818181818181818,0.05555555555555555,0.06818181818181818,89.51757668958751,112.55467053428013,0.1294307421755736,True
3144805,MG,Sudeste,92.08,85.235,0.28175908498138447,0.15322792421528936,0.017857142857142856,0.03125,0.26785714285714285,0.08125,48.586844686673345,70.0292485633432,-0.1285311607660951,True
3145059,MG,Sudeste,100.0,208.76,0.17968177011071934,0.2576261466715622,0.0,0.05263157894736842,0.125,0.10526315789473684,120.10749238409021,143.44701471052457,0.07794437656084285,True
3145109,MG,Sudeste,100.0,128.15,0.23698134202353274,0.0124751572961172,0.0,0.0,0.25,0.0,45.24061817758492,37.60133140497475,-0.22450618472741554,True
3145208,MG,Sudeste,68.3,79.73,0.2599982286504362,0.06187740675177508,0.05714285714285714,0.0,0.17142857142857143,0.0547945205479452,54.0966455285171,39.55550449646497,-0.19812082189866112,True
3145307,MG,Sudeste,99.49,130.555,0.09613962581189298,0.18288236530876004,0.0,0.03669724770642202,0.0,0.0,157.39830928271473,202.78423062343862,0.08674273949686706,True
3145604,MG,Sudeste,99.68999999999998,107.02499999999999,0.16162922007703778,0.14375601663038315,0.03773584905660377,0.02,0.03773584905660377,0.1,122.75183079491849,57.092647886399234,-0.017873203446654634,True
3145877,MG,Sudeste,98.9,124.45,0.05343391588146501,0.09405538071072367,0.0,0.0,0.0,0.0,96.24911323153817,154.41393289562888,0.04062146482925866,True
3145901,MG,Sudeste,84.52,122.76500000000001,0.11395199820113898,0.07815144675499093,0.06666666666666667,0.018867924528301886,0.0,0.018867924528301886,39.71598151112436,67.43184007439778,-0.03580055144614805,True
3146008,MG,Sudeste,45.03000000000001,76.33,0.13212989603116582,0.14951797745252593,0.044444444444444446,0.030303030303030304,0.0,0.06060606060606061,113.47357454440375,92.6653447231866,0.017388081421360113,True
3146107,MG,Sudeste,100.0,118.255,0.12362792028853518,0.14274282741508904,0.0392156862745098,0.006060606060606061,0.0392156862745098,0.08484848484848485,63.30270533718977,104.60078656233439,0.01911490712655385,True
3146305,MG,Sudeste,100.0,141.34,0.208126365462521,0.10220115866113912,0.0625,0.027777777777777776,0.0,0.0,183.51102278278844,106.41624361101066,-0.10592520680138189,True
3146701,MG,Sudeste,99.79,183.98,0.30278316923821597,0.26549989922990747,0.05555555555555555,0.02040816326530612,0.05555555555555555,0.02040816326530612,264.22404210094857,330.449614493952,-0.0372832700083085,True
3147006,MG,Sudeste,69.8,92.94500000000001,0.11771335761727904,0.1468057598918138,0.05128205128205128,0.06040268456375839,0.02564102564102564,0.013422818791946308,45.957812040884434,83.36259902100376,0.02909240227453476,True
3147105,MG,Sudeste,93.27,115.205,0.1611415919970625,0.1482412833370845,0.030303030303030304,0.03676470588235294,0.12121212121212122,0.0661764705882353,33.23003958744873,69.96627966108902,-0.012900308659977988,True
3147204,MG,Sudeste,80.54,109.425,0.013566461698282664,0.16395444449961072,0.0,0.1,0.0,0.0,39.16394181347146,39.71948430232233,0.15038798280132806,True
3147303,MG,Sudeste,78.26,104.13499999999999,0.2675335084922644,0.18955369723640852,0.05555555555555555,0.014492753623188406,0.16666666666666666,0.08695652173913043,74.27306516130457,150.8711738664853,-0.0779798112558559,True
3147402,MG,Sudeste,82.26,84.08500000000001,0.11728508428198509,0.18195750635201297,0.05,0.038461538461538464,0.0,0.11538461538461539,80.28539104242627,52.82814732354751,0.06467242207002788,True
3147600,MG,Sudeste,100.0,135.35,0.14744217449754896,0.16207212984115785,0.05263157894736842,0.03571428571428571,0.0,0.017857142857142856,117.81441044218177,152.68172024284613,0.014629955343608891,True
3147709,MG,Sudeste,100.0,165.23,0.3475581241868227,0.2029390465752141,0.16666666666666666,0.018518518518518517,0.0,0.0,159.42942023645278,270.54734595910014,-0.14461907761160858,True
3147907,MG,Sudeste,83.81000000000002,74.67,0.1054989693149804,0.11856249503531435,0.01694915254237288,0.011235955056179775,0.06779661016949153,0.07303370786516854,49.29097178526518,73.69302851305189,0.013063525720333952,True
3147956,MG,Sudeste,100.0,217.07,0.07126471789337877,0.1808547383814935,0.0,0.05555555555555555,0.0,0.0,121.78057517778619,159.37684305619837,0.10959002048811473,True
3148004,MG,Sudeste,96.0,89.295,0.26543132447618145,0.10464186928164339,0.1111111111111111,0.03669724770642202,0.1111111111111111,0.045871559633027525,21.679120451214935,33.17107708917496,-0.16078945519453808,True
3148103,MG,Sudeste,76.34,89.985,0.014011413115391728,0.09287897251377739,0.0,0.05063291139240506,0.0,0.0,39.801056182542396,43.979539901847374,0.07886755939838566,True
3148202,MG,Sudeste,100.0,188.3,0.06256121884117835,0.03770821477529739,0.0,0.0,0.0,0.0,109.3182611045332,73.73189055686971,-0.02485300406588096,True
3148608,MG,Sudeste,100.0,131.715,0.1972894584263074,0.1572428364289857,0.09090909090909091,0.04,0.0,0.02,106.97657896429197,133.87194518537527,-0.0400466219973217,True
3148707,MG,Sudeste,100.0,129.7,0.3498253872907706,0.3012778178084919,0.14285714285714285,0.14285714285714285,0.05714285714285714,0.07142857142857142,142.0827193361599,54.63584307203368,-0.04854756948227873,True
3148756,MG,Sudeste,100.0,177.305,0.18567790365236175,0.08351481819138375,0.0,0.0,0.1111111111111111,0.0,146.1279381420228,139.32117539236214,-0.102163085460978,True
3149101,MG,Sudeste,100.0,193.805,0.05065723752786611,0.27819873883198837,0.0,0.0,0.0,0.2608695652173913,92.27325966788392,90.61415979599245,0.22754150130412226,True
3149309,MG,Sudeste,78.76,89.48,0.2617014774110503,0.23482696694124108,0.0,0.022727272727272728,0.29411764705882354,0.19318181818181818,25.255805079534248,64.66586599079858,-0.026874510469809237,True
3149804,MG,Sudeste,100.0,122.43999999999998,0.2539531796496811,0.21508938698144558,0.0,0.013513513513513514,0.0,0.04054054054054054,383.36743516496654,247.80432087870633,-0.03886379266823553,True
3149903,MG,Sudeste,100.0,100.245,0.2064146484515323,0.09045098879645673,0.0625,0.02,0.03125,0.0,141.83189920797196,106.29667755217022,-0.11596365965507556,True
3149952,MG,Sudeste,100.0,160.23,0.1751023049823638,0.011074797222668104,0.0,0.0,0.125,0.0,113.55027529533237,35.596192213679714,-0.16402750775969568,True
3150802,MG,Sudeste,100.0,164.53,0.25730762205067825,0.4348437564720413,0.05263157894736842,0.3333333333333333,0.0,0.1111111111111111,275.12788919294314,25.610710458707835,0.17753613442136307,True
3151008,MG,Sudeste,100.0,153.5,0.026000613903626586,0.053303606196069594,0.0,0.0,0.0,0.0,56.96808117032595,96.06252618000356,0.02730299229244301,True
3151107,MG,Sudeste,99.7,126.38,0.19014098580465535,0.07234107131255471,0.1,0.0,0.0,0.0,77.2153121617132,123.32177766234314,-0.11779991449210064,True
3151206,MG,Sudeste,100.0,112.895,0.31516677468996945,0.17827876224178854,0.046511627906976744,0.08641975308641975,0.23255813953488372,0.012345679012345678,79.18890765712739,73.90036155338629,-0.1368880124481809,True
3151305,MG,Sudeste,99.64,148.21499999999997,0.01363244679231676,0.1930947395285672,0.0,0.07142857142857142,0.0,0.07142857142857142,39.25842415454762,53.14637746308477,0.17946229273625044,True
3151404,MG,Sudeste,78.72,119.135,0.20431986674384936,0.14561809700449557,0.047619047619047616,0.016666666666666666,0.047619047619047616,0.06666666666666667,150.24582506565886,108.76165359215868,-0.05870176973935379,True
3151503,MG,Sudeste,98.34,113.69500000000001,0.09924836143486333,0.12436181545719674,0.022727272727272728,0.02127659574468085,0.0,0.02127659574468085,113.03574037638019,125.40228765251628,0.025113454022333406,True
3151701,MG,Sudeste,100.0,138.8,0.02837525830192899,0.15422105499449867,0.0,0.05555555555555555,0.0,0.05555555555555555,60.36827276297668,51.501812111893855,0.12584579669256968,True
3151800,MG,Sudeste,86.1,88.375,0.09583682729826733,0.11883420357119834,0.029411764705882353,0.05,0.058823529411764705,0.05,19.952584583242466,11.507002784073896,0.02299737627293101,True
3151909,MG,Sudeste,93.7,132.725,0.01159596645573158,0.01817195673740597,0.0,0.0,0.0,0.0,36.34244089237767,45.75843045489351,0.006575990281674389,True
3152006,MG,Sudeste,97.67999999999999,101.45,0.11169792644661598,0.18274332609573476,0.0,0.037037037037037035,0.07407407407407407,0.09259259259259259,86.69056629363298,85.62375412236916,0.07104539964911878,True
3152105,MG,Sudeste,95.72,111.23,0.11338698506685597,0.045459485825823744,0.0,0.016666666666666666,0.1111111111111111,0.0,42.61645079041949,49.03388389960401,-0.06792749924103222,True
3152170,MG,Sudeste,96.45,192.96,0.06965407756611766,0.12105086856347129,0.0,0.0,0.0,0.125,119.4743411566197,36.155428381159105,0.05139679099735363,True
3152204,MG,Sudeste,100.0,166.79500000000002,0.15936685446326895,0.12717247810761287,0.058823529411764705,0.047619047619047616,0.029411764705882353,0.015873015873015872,84.66928872038295,79.63131416811676,-0.032194376355656085,True
3152303,MG,Sudeste,100.0,198.69,0.14343620607525912,0.13438177015442576,0.0,0.07142857142857142,0.125,0.0,68.20841132910824,58.74116947736735,-0.009054435920833354,True
3152402,MG,Sudeste,100.0,153.66,0.22161373163480036,0.09546237099813079,0.02857142857142857,0.037037037037037035,0.05714285714285714,0.0,203.9638977455851,76.88000970675955,-0.12615136063666957,True
3152501,MG,Sudeste,78.28,79.88,0.10010723078994047,0.08859427847981413,0.017543859649122806,0.013824884792626729,0.07017543859649122,0.03686635944700461,37.307217034229,70.62269988631218,-0.011512952310126334,True
3152600,MG,Sudeste,100.0,106.6,0.23516647033658222,0.4483519829046393,0.05555555555555555,0.1276595744680851,0.0,0.0851063829787234,237.14440038310187,280.69924973039286,0.21318551256805707,True
3152709,MG,Sudeste,100.0,191.79999999999998,0.19907934587812529,0.21936498641237878,0.05555555555555555,0.058823529411764705,0.0,0.029411764705882353,185.47218484030134,170.57905439896297,0.020285640534253496,True
3152808,MG,Sudeste,99.67999999999999,111.16,0.411796774574399,0.14663946415076567,0.125,0.04,0.25,0.08,27.077915741890344,43.371183904327026,-0.26515731042363333,True
3153103,MG,Sudeste,100.0,216.49,0.07641465427094415,0.1427548513965076,0.0,0.0,0.0,0.125,129.15463522071394,67.2327972742374,0.06634019712556344,True
3153509,MG,Sudeste,100.0,166.72,0.23166787393366906,0.21680877595221937,0.125,0.1111111111111111,0.0,0.0,82.98130860758349,91.5356609268248,-0.014859097981449687,True
3153608,MG,Sudeste,100.0,122.1,0.03106414613005039,0.3358782366108947,0.0,0.0,0.0,0.4,64.21842135503336,23.38245878096531,0.30481409048084435,True
3153905,MG,Sudeste,68.89,86.0,0.4042219690064992,0.03487476365645696,0.07142857142857142,0.0,0.2857142857142857,0.0,86.46086935979316,69.67474554629237,-0.36934720535004223,True
3154002,MG,Sudeste,100.0,134.48,0.16852712295459538,0.07212818945944272,0.03225806451612903,0.0,0.0,0.01639344262295082,191.76385875681453,102.43825053437678,-0.09639893349515266,True
3154101,MG,Sudeste,98.43999999999998,127.18999999999998,0.15871478606449724,0.17993033285522472,0.045454545454545456,0.03389830508474576,0.0,0.01694915254237288,149.37028152099597,183.29260143908027,0.021215546790727485,True
3154200,MG,Sudeste,92.52,114.27,0.2993256985187109,0.32807649113539866,0.04,0.046511627906976744,0.0,0.05813953488372093,362.42272512807097,316.62186752050775,0.02875079261668778,True
3154309,MG,Sudeste,83.63,101.59,0.24180305353500617,0.1961145015791717,0.06976744186046512,0.056338028169014086,0.0,0.0,216.12270545691825,179.54629805425378,-0.04568855195583446,True
3154606,MG,Sudeste,64.65,58.51499999999999,0.20114311233064056,0.2473961764950253,0.028112449799196786,0.021630615640599003,0.1285140562248996,0.17970049916805325,86.04600245986066,101.94191768498013,0.04625306416438474,True
3154804,MG,Sudeste,100.0,102.32000000000001,0.3352651409472913,0.26255998955155724,0.125,0.0,0.125,0.20689655172413793,74.40690065556862,135.9738262929273,-0.07270515139573408,True
3154903,MG,Sudeste,100.0,166.48,0.16731394118488324,0.19286260676290135,0.037037037037037035,0.125,0.0,0.0,179.76240550564296,27.417055164442584,0.025548665578018104,True
3155207,MG,Sudeste,100.0,193.4,0.024164215575731608,0.3054708691574639,0.0,0.1111111111111111,0.0,0.1111111111111111,54.33859013590827,79.01070378056968,0.2813066535817323,True
3155504,MG,Sudeste,92.1,120.42,0.13549083341376017,0.07957981787392987,0.0,0.0,0.125,0.058823529411764705,56.8316387296324,59.84550746398622,-0.0559110155398303,True
3155603,MG,Sudeste,100.0,160.94,0.15109302187001894,0.17765516595529182,0.022222222222222223,0.04081632653061224,0.022222222222222223,0.01020408163265306,160.45993437011504,173.64334161646025,0.026562144085272882,True
3155702,MG,Sudeste,94.18999999999998,143.53,0.15018347581334357,0.1373566884410536,0.0,0.0,0.09090909090909091,0.12,120.66400837781681,65.77981372266777,-0.012826787372289983,True
3155801,MG,Sudeste,99.42999999999999,120.39,0.1949311779640445,0.16880267119630646,0.019230769230769232,0.010526315789473684,0.0,0.021052631578947368,257.5513071103806,212.40670603221824,-0.026128506767738036,True
3155900,MG,Sudeste,100.0,187.22,0.30080473153297416,0.1576541211980623,0.04,0.0,0.0,0.0,364.54051405846656,245.4793163538075,-0.14315061033491186,True
3156007,MG,Sudeste,100.0,145.355,0.22715982636626916,0.15727710091255215,0.08695652173913043,0.0,0.0,0.037037037037037035,158.23655402306946,198.44683616655675,-0.06988272545371702,True
3156304,MG,Sudeste,100.0,121.18999999999998,0.259138658645096,0.21317100499768987,0.14285714285714285,0.0,0.0,0.17647058823529413,83.96224314394898,103.44876952819632,-0.045967653647406126,True
3156452,MG,Sudeste,95.92999999999999,144.78,0.10563996663568423,0.15277300101782132,0.0,0.0,0.0,0.14285714285714285,171.00160037735796,59.16143362590819,0.04713303438213709,True
3156601,MG,Sudeste,100.0,133.10999999999999,0.26281987144847785,0.19517003339105582,0.11764705882352941,0.1,0.0,0.0,143.37977218423418,84.41627468668898,-0.06764983805742203,True
3156700,MG,Sudeste,65.52,83.715,0.22386806331529296,0.2306343699938097,0.03,0.018779342723004695,0.16,0.18309859154929578,75.00682703875073,79.79948877292604,0.0067663066785167425,True
3156809,MG,Sudeste,100.0,147.47,0.29803425004364403,0.3669147912197549,0.014492753623188406,0.035211267605633804,0.0,0.035211267605633804,415.3582782853174,425.28633817634227,0.06888054117611087,True
3156908,MG,Sudeste,100.0,139.005,0.32260294002236634,0.18722134159583026,0.125,0.06896551724137931,0.125,0.06896551724137931,56.276224264542336,53.11846124795189,-0.13538159842653608,True
3157005,MG,Sudeste,100.0,148.51999999999998,0.1725230928688123,0.2118717739691586,0.0,0.05154639175257732,0.13636363636363635,0.08247422680412371,95.59238288015918,108.87026575354686,0.03934868110034631,True
3157104,MG,Sudeste,98.85,171.84,0.2597455479269132,0.351122277657159,0.058823529411764705,0.15384615384615385,0.0,0.0,265.31955249398476,192.06887757113026,0.0913767297302458,True
3157203,MG,Sudeste,100.0,126.37,0.15069653365421015,0.2153342446893551,0.05,0.04918032786885246,0.05,0.09836065573770492,65.3613202110424,98.96769337141933,0.06463771103514496,True
3157252,MG,Sudeste,100.0,165.52,0.32655300229205175,0.25933673098448046,0.2,0.16666666666666666,0.0,0.0,57.759031746144274,33.107500342686066,-0.0672162713075713,True
3157278,MG,Sudeste,100.0,122.505,0.13101877620165056,0.2955849741995285,0.0,0.16666666666666666,0.0,0.0,207.34085815396313,85.0104176452832,0.16456619799787794,True
3157807,MG,Sudeste,71.98,87.91,0.21704769396434326,0.2135347124238281,0.021739130434782608,0.021621621621621623,0.1391304347826087,0.11711711711711711,109.18129297227333,132.03687539275745,-0.0035129815405151588,True
3157906,MG,Sudeste,100.0,128.08,0.3261504857035507,0.030293655001668574,0.17647058823529413,0.0,0.0,0.0,107.71940840643242,63.115175134753514,-0.2958568307018821,True
3158003,MG,Sudeste,90.2,133.52,0.31864531148565123,0.04247838108894589,0.2,0.0,0.0,0.0,46.436214815564604,80.5621677161818,-0.27616693039670537,True
3158102,MG,Sudeste,100.0,147.21,0.1859499156428201,0.33249384616733835,0.0,0.125,0.16666666666666666,0.125,76.77847308128327,70.43875569108923,0.14654393052451825,True
3158201,MG,Sudeste,100.0,183.695,0.43508118612830254,0.0333209903130978,0.125,0.0,0.25,0.0,60.4182594421937,67.4499378812999,-0.4017601958152047,True
3158953,MG,Sudeste,100.0,85.92999999999999,0.02659123715716768,0.17286757681592907,0.0,0.02040816326530612,0.0,0.12244897959183673,57.813779255710905,69.71984713080926,0.14627633965876138,True
3159308,MG,Sudeste,100.0,144.145,0.12018255173709122,0.19261298675048988,0.0,0.045454545454545456,0.0,0.0,191.82474999612236,197.90823400807028,0.07243043501339866,True
3159506,MG,Sudeste,100.0,180.22,0.36402511958916506,0.025062075282256097,0.05555555555555555,0.0,0.1111111111111111,0.0,282.17584706024905,55.62421211269219,-0.33896304430690893,True
3159605,MG,Sudeste,98.07000000000001,82.895,0.29484127013002837,0.23781012227694026,0.05555555555555555,0.1111111111111111,0.2222222222222222,0.027777777777777776,43.63538731278736,86.73746688653475,-0.057031147853088104,True
3159803,MG,Sudeste,100.0,116.81000000000002,0.001991874775501533,0.19431371151506566,0.0,0.05555555555555555,0.0,0.1111111111111111,22.590591643071082,39.17049294365196,0.19232183673956413,True
3159902,MG,Sudeste,100.0,121.49,0.214643071554287,0.20364060447266696,0.045454545454545456,0.08333333333333333,0.09090909090909091,0.027777777777777776,115.33425481198357,97.47243947821394,-0.011002467081620032,True
3160306,MG,Sudeste,100.0,208.29,0.17085661121268775,0.03166238022283552,0.07692307692307693,0.0,0.0,0.0,99.16738693372211,65.07501720331244,-0.13919423098985223,True
3160405,MG,Sudeste,99.06000000000002,153.87000000000003,0.013704806701797342,0.10229834452055855,0.0,0.03333333333333333,0.0,0.03333333333333333,39.362034428168684,52.77974693952054,0.08859353781876121,True
3160702,MG,Sudeste,100.0,124.485,0.29721810174435725,0.16505724034442587,0.125,0.046511627906976744,0.0625,0.046511627906976744,98.38465508663077,97.79536430521112,-0.13216086139993138,True
3161007,MG,Sudeste,100.0,120.74,0.022086230552796463,0.20089152071062966,0.0,0.029411764705882353,0.0,0.11764705882352941,51.36317739213524,96.53642626844265,0.1788052901578332,True
3161106,MG,Sudeste,100.0,141.095,0.13530427088421354,0.12484289163430753,0.044444444444444446,0.037037037037037035,0.022222222222222223,0.07407407407407407,90.12329860485318,25.963944273403627,-0.010461379249906005,True
3161205,MG,Sudeste,100.0,146.14000000000001,0.03367870063808899,0.11563522830202645,0.0,0.0,0.0,0.1,67.96213399812014,59.783442234934334,0.08195652766393746,True
3161502,MG,Sudeste,98.76,163.10999999999999,0.16278234226901137,0.20241336144503527,0.0,0.05405405405405406,0.0,0.02702702702702703,252.8222828136112,159.54395882324172,0.03963101917602391,True
3161908,MG,Sudeste,100.0,147.67,0.015346897820959306,0.012895724611167687,0.0,0.0,0.0,0.0,41.71330202079537,38.20353081209468,-0.002451173209791619,True
3162005,MG,Sudeste,78.51,119.905,0.25583565235476075,0.18512438331821351,0.022727272727272728,0.03,0.0,0.02,337.24901225928284,195.27291760753857,-0.07071126903654723,True
3162104,MG,Sudeste,100.0,125.12,0.27441782748257204,0.04537602762300964,0.13333333333333333,0.0,0.06666666666666667,0.02564102564102564,42.60868849180812,52.52402387643422,-0.2290417998595624,True
3162203,MG,Sudeste,100.0,137.21,0.053322228132692384,0.10471912914123675,0.0,0.0,0.0,0.06666666666666667,96.08919044703612,85.99633475152594,0.05139690100854437,True
3162401,MG,Sudeste,100.0,188.91,0.10491317734909278,0.17213276070508376,0.0,0.012987012987012988,0.03125,0.06493506493506493,130.73276921106304,156.80419369538254,0.06721958335599099,True
3162500,MG,Sudeste,85.8,80.64999999999999,0.07763947029185003,0.18629814939746175,0.010526315789473684,0.0684931506849315,0.010526315789473684,0.0821917808219178,95.08618431347038,36.2081767382016,0.10865867910561172,True
3162575,MG,Sudeste,100.0,196.96,0.24845241329567636,0.025266464144545496,0.1111111111111111,0.0,0.0,0.0,136.8453627638782,55.916871212170285,-0.22318594915113085,True
3162609,MG,Sudeste,100.0,198.01,0.0764257006930965,0.22726575144484656,0.0,0.0,0.0,0.21428571428571427,129.1704523054775,76.1612999563619,0.15084005075175005,True
3162708,MG,Sudeste,100.0,146.37999999999997,0.1297057700983737,0.097432708191273,0.029411764705882353,0.0,0.0,0.014285714285714285,142.28988671552997,141.31696697112207,-0.03227306190710069,True
3162807,MG,Sudeste,91.08,137.63500000000002,0.1429274168336801,0.22770795130682223,0.05555555555555555,0.09302325581395349,0.0,0.023255813953488372,105.06969713118008,116.7981519664903,0.08478053447314213,True
3162906,MG,Sudeste,64.57,75.86000000000001,0.2123207538674773,0.004692149566594416,0.07894736842105263,0.0,0.02631578947368421,0.0,121.15677910000744,26.457044931438972,-0.2076286043008829,True
3162955,MG,Sudeste,100.0,93.1,0.14383605873736743,0.15661492811290095,0.0,0.0,0.125,0.1388888888888889,68.78094996309136,69.64394288617214,0.01277886937553352,True
3163706,MG,Sudeste,75.84,81.075,0.11324537651933558,0.1504857338820673,0.03636363636363636,0.0379746835443038,0.0,0.06329113924050633,103.78937048229993,74.20320642861839,0.03724035736273171,True
3164001,MG,Sudeste,98.98,146.52,0.08774970395307442,0.16012511887689007,0.0,0.08333333333333333,0.0,0.0,145.38499824223004,70.03322267924814,0.07237541492381565,True
3164100,MG,Sudeste,100.0,200.04500000000002,0.30000985440872896,0.0903072463529698,0.16666666666666666,0.0,0.0,0.0,91.34628860624298,149.04707672951375,-0.20970260805575916,True
3164209,MG,Sudeste,100.0,188.03,0.1486597088724626,0.1869410304598679,0.0,0.027777777777777776,0.08333333333333333,0.027777777777777776,127.99202318603923,192.88358751804773,0.0382813215874053,True
3164308,MG,Sudeste,98.21,98.18999999999998,0.07840803474022706,0.12034700596748907,0.0,0.0,0.0,0.05,132.00890490313685,129.29517097035145,0.041938971227262006,True
3164472,MG,Sudeste,100.0,131.845,0.041020961509814116,0.034937078334909874,0.0,0.0,0.0,0.0,78.47532650177892,69.76397231469853,-0.006083883174904242,True
3164704,MG,Sudeste,99.78,109.53,0.0,0.1816824286389927,0.0,0.03529411764705882,0.0,0.11764705882352941,10.363909499171967,56.39724418460617,0.1816824286389927,True
3164902,MG,Sudeste,100.0,152.17,0.14604444289383176,0.30116618125921135,0.0,0.16666666666666666,0.0,0.0,228.8557197463978,93.00200296843434,0.1551217383653796,True
3165008,MG,Sudeste,100.0,125.08,0.11137612451439956,0.1274782532708844,0.0,0.02702702702702703,0.0,0.0,179.21505575083123,144.2223291155143,0.016102128756484854,True
3165305,MG,Sudeste,99.15,205.76,0.2152852499003504,0.146552312110761,0.09090909090909091,0.0,0.0,0.0,132.74428503299,229.5829244776845,-0.06873293778958939,True
3165404,MG,Sudeste,50.23,110.91,0.0776011179340507,0.12229172340000219,0.0,0.0,0.0,0.0625,130.85350170159185,116.38849712430942,0.044690605465951494,True
3165503,MG,Sudeste,100.0,134.285,0.0839431838244784,0.05528314303044116,0.0,0.0,0.0,0.0,139.9345410083972,98.89697352141788,-0.028660040794037243,True
3165537,MG,Sudeste,85.97,97.75999999999999,0.12070083470301454,0.11301998160932308,0.0,0.043478260869565216,0.1111111111111111,0.043478260869565216,53.08896198432963,33.607454277436105,-0.007680853093691459,True
3165552,MG,Sudeste,98.78,149.99499999999998,0.23504985408988052,0.14475825295789652,0.125,0.05555555555555555,0.0,0.0,87.82387808951624,107.69122379072215,-0.090291601131984,True
3165701,MG,Sudeste,100.0,181.44,0.23311752064295596,0.14733655543055205,0.0,0.0,0.03225806451612903,0.10526315789473684,313.03981158057155,98.56890049536452,-0.08578096521240391,True
3166303,MG,Sudeste,99.05,150.89000000000001,0.08031754409514967,0.019708760783301586,0.0,0.0,0.0,0.0,134.74308171686832,47.95894022391049,-0.06060878331184809,True
3166709,MG,Sudeste,100.0,201.60999999999999,0.04585833837982464,0.0838745988750513,0.0,0.0,0.0,0.0,85.40184070982258,139.83633600195873,0.03801626049522666,True
3166808,MG,Sudeste,90.05,118.63,0.13562244937199774,0.02873313444821477,0.0,0.0,0.07692307692307693,0.0,117.37111231835152,60.88070631499865,-0.10688931492378298,True
3167103,MG,Sudeste,100.0,144.23,0.15459541215109535,0.09410147023688575,0.023255813953488372,0.020833333333333332,0.0,0.0,191.1505370614465,109.73386453389088,-0.06049394191420959,True
3167202,MG,Sudeste,84.8,92.05999999999999,0.1371115601289448,0.16929065715440123,0.02912621359223301,0.03314917127071823,0.08737864077669903,0.12154696132596685,43.82084783108177,38.365176089371666,0.03217909702545643,True
3167301,MG,Sudeste,100.0,150.66,0.23615789927898156,0.07130202035837242,0.0,0.0,0.0,0.0,357.88683573350175,121.83398760785245,-0.16485587892060916,True
3167806,MG,Sudeste,100.0,124.71,0.23466120474176322,0.12352794242744237,0.058823529411764705,0.0,0.0,0.09090909090909091,229.4019334743597,82.49664294779507,-0.11113326231432084,True
3167905,MG,Sudeste,96.99,174.37999999999997,0.07729285797605877,0.21279278243610428,0.0,0.043478260869565216,0.0,0.0,130.4121122799739,231.04784473618423,0.1354999244600455,True
3168002,MG,Sudeste,100.0,179.18,0.15382276103195486,0.13416233342455663,0.0,0.011235955056179775,0.05084745762711865,0.0449438202247191,176.16442003066228,131.29129947959396,-0.019660427607398223,True
3168309,MG,Sudeste,100.0,158.805,0.3207351792293352,0.3117601193665255,0.16666666666666666,0.1111111111111111,0.0,0.1111111111111111,121.02234252840442,88.01611768600145,-0.00897505986280972,True
3168408,MG,Sudeste,100.0,152.67499999999998,0.2968621394572506,0.2544712320767918,0.0,0.00847457627118644,0.0,0.01694915254237288,444.8076594323922,344.63114230196885,-0.04239090738045881,True
3168507,MG,Sudeste,99.07000000000001,115.42,0.009930334332065329,0.019363852990846777,0.0,0.0,0.0,0.0,33.95746554727434,47.46507572066826,0.009433518658781448,True
3168606,MG,Sudeste,100.0,122.775,0.3814399878509729,0.18574129086486524,0.16666666666666666,0.0989010989010989,0.14285714285714285,0.03296703296703297,28.615246555675483,31.89218130485405,-0.19569869698610765,True
3168705,MG,Sudeste,83.83,88.35,0.11399802935827257,0.19945961099971526,0.03508771929824561,0.033707865168539325,0.03508771929824561,0.14606741573033707,63.56184937405893,49.582793797566815,0.0854615816414427,True
3168804,MG,Sudeste,100.0,135.58,0.040450224467458815,0.31065267124434476,0.0,0.2,0.0,0.0,77.65810296531251,34.99176099713182,0.27020244677688593,True
3169000,MG,Sudeste,89.5,108.12,0.21851164593952485,0.27232139908351816,0.07692307692307693,0.13636363636363635,0.07692307692307693,0.045454545454545456,70.8417667285378,59.72594877724388,0.053809753143993305,True
3169307,MG,Sudeste,74.54,80.55499999999999,0.19158977879652822,0.24101638905761716,0.0625,0.07368421052631578,0.0625,0.11578947368421053,81.37639319660981,61.23316439657646,0.04942661026108894,True
3169356,MG,Sudeste,97.08,137.28,0.35835656769196367,0.14640293393349654,0.14285714285714285,0.06451612903225806,0.14285714285714285,0.03225806451612903,46.701054645364735,50.30699633274727,-0.21195363375846712,True
3169406,MG,Sudeste,59.45,64.395,0.27030101053289585,0.12081082834760778,0.046511627906976744,0.010101010101010102,0.18604651162790697,0.0,73.33288541768901,171.02930221435483,-0.14949018218528806,True
3169505,MG,Sudeste,100.0,178.37999999999997,0.3395295492031768,0.02716175492461545,0.2,0.0,0.0,0.0,76.33981198439291,58.63068881813657,-0.3123677942785613,True
3169604,MG,Sudeste,96.67999999999999,98.60000000000001,0.22808240940329494,0.16743751313011018,0.0,0.0,0.25,0.1320754716981132,32.49846785792908,93.69341140855802,-0.060644896273184756,True
3169703,MG,Sudeste,100.0,157.56500000000003,0.06789169753358351,0.13084352236918018,0.0,0.0,0.0,0.03076923076923077,116.95083499546058,168.46526643021633,0.06295182483559666,True
3169901,MG,Sudeste,60.19,82.645,0.07251764575767874,0.18359461698600296,0.010869565217391304,0.029850746268656716,0.010869565217391304,0.09950248756218906,86.5842605906254,93.60349087152267,0.11107697122832422,True
3170008,MG,Sudeste,100.0,179.35999999999999,0.36301631156374675,0.015232127469108063,0.0,0.0,0.42857142857142855,0.0,62.24076293858081,41.54896533706742,-0.3477841840946387,True
3170057,MG,Sudeste,100.0,149.56,0.016485592924880284,0.08342536438407555,0.0,0.0,0.0,0.07142857142857142,43.34376994336623,49.52872200529087,0.06693977145919527,True
3170107,MG,Sudeste,65.38,58.385,0.13832567205712556,0.18218317379046234,0.014598540145985401,0.03934426229508197,0.11678832116788321,0.12131147540983607,39.843994971907534,43.815356574370696,0.04385750173333677,True
3170206,MG,Sudeste,54.06,62.660000000000004,0.1320918198193093,0.12421581963594744,0.020289855072463767,0.019590382902938557,0.0927536231884058,0.060552092609082814,48.86481876769954,79.51233073891751,-0.007876000183361848,True
3170305,MG,Sudeste,100.0,130.4,0.28819115276954144,0.0977100209537918,0.0,0.0,0.14285714285714285,0.0,253.06316535789543,159.6469172690057,-0.19048113181574963,True
3170404,MG,Sudeste,53.82,82.35000000000001,0.28495024811406605,0.0966046215151787,0.15789473684210525,0.037037037037037035,0.05263157894736842,0.024691358024691357,22.554796451485533,47.52047877306595,-0.18834562659888734,True
3170503,MG,Sudeste,100.0,132.07,0.04584899653492851,0.0226546871281186,0.0,0.0,0.0,0.0,85.38846436492715,52.1771355871303,-0.02319430940680991,True
3170529,MG,Sudeste,100.0,100.12,0.04406607134330065,0.051899514717319496,0.0,0.0,0.0,0.0,82.83554012446737,94.05204408644396,0.007833443374018846,True
3170701,MG,Sudeste,71.72,73.60000000000001,0.14256323632476176,0.1651981844458047,0.034482758620689655,0.04878048780487805,0.08620689655172414,0.0975609756097561,41.59300673285508,29.04179210008616,0.02263494812104294,True
3170800,MG,Sudeste,95.06000000000002,122.3,0.1071184603355802,0.12376586955869122,0.0,0.04878048780487805,0.05555555555555555,0.024390243902439025,103.37966511773283,61.5672398947991,0.016647409223111018,True
3170909,MG,Sudeste,100.0,185.77,0.18578415647620433,0.1003252324387995,0.0,0.0,0.12,0.05555555555555555,135.12184648521364,93.65261866054253,-0.08545892403740483,True
3171006,MG,Sudeste,100.0,140.17,0.15206252592125172,0.0469796117833047,0.0,0.0,0.16666666666666666,0.0,28.256000533171648,87.0073629523534,-0.10508291413794701,True
3171030,MG,Sudeste,100.0,220.49499999999998,0.40035010501310625,0.15372400332443303,0.14285714285714285,0.05555555555555555,0.14285714285714285,0.0,106.83050924795239,120.52904870458964,-0.24662610168867322,True
3171204,MG,Sudeste,81.62,76.49000000000001,0.13973250189503422,0.23705858070563754,0.017699115044247787,0.025735294117647058,0.061946902654867256,0.14338235294117646,104.04144405936823,123.91391952162722,0.09732607881060332,True
3171303,MG,Sudeste,86.16,92.965,0.08488796881182023,0.07178420060025126,0.0,0.027777777777777776,0.07142857142857142,0.013888888888888888,51.62298726965906,45.42825396511835,-0.013103768211568972,True
3171402,MG,Sudeste,98.36,189.18,0.23726733411427292,0.07782833703300536,0.0,0.0,0.2,0.0,108.41517958268335,131.17885082355204,-0.15943899708126757,True
3171808,MG,Sudeste,100.0,151.285,0.10120788066965204,0.18803767279527966,0.0,0.045454545454545456,0.0,0.0,164.6554116804814,191.3569608762427,0.08682979212562762,True
3172004,MG,Sudeste,92.14,98.32000000000001,0.24243636206586963,0.3036483155015811,0.022727272727272728,0.07053941908713693,0.007575757575757576,0.016597510373443983,308.5530596808449,282.1843937940382,0.06121195343571148,True
3200102,ES,Sudeste,100.0,137.47,0.14565682882953393,0.10574850288370768,0.06451612903225806,0.0,0.0,0.1,89.73225283591046,45.626897082217646,-0.039908325945826245,True
3200201,ES,Sudeste,100.0,117.95,0.18524876332427723,0.16908483370558153,0.07407407407407407,0.05454545454545454,0.037037037037037035,0.05454545454545454,79.40162051769606,76.2223575297099,-0.0161639296186957,True
3200409,ES,Sudeste,100.0,151.74,0.10522012970946436,0.07407210519741042,0.05,0.0,0.0,0.05263157894736842,63.009896179900856,59.73191928536701,-0.031148024512053937,True
3200508,ES,Sudeste,100.0,193.82,0.08115089964939973,0.13002111554535123,0.0,0.0,0.0,0.037037037037037035,135.9363418745894,159.41969915133876,0.0488702158959515,True
3200607,ES,Sudeste,62.96999999999999,112.94500000000001,0.27180755614045615,0.10572013504747935,0.08888888888888889,0.023622047244094488,0.13333333333333333,0.03937007874015748,50.642633664363366,70.95939370005456,-0.1660874210929768,True
3200706,ES,Sudeste,100.0,199.24,0.20110625530813514,0.09429422549607175,0.1,0.0,0.0,0.07692307692307693,92.91619655667151,58.194302745276545,-0.10681202981206339,True
3200805,ES,Sudeste,80.01,136.92,0.21371543878749955,0.1191464731607642,0.017857142857142856,0.01818181818181818,0.08928571428571429,0.05454545454545454,175.31783329201414,82.81913568256383,-0.09456896562673535,True
3200904,ES,Sudeste,81.32000000000001,121.645,0.16799877633166097,0.1657172802012412,0.07142857142857142,0.038461538461538464,0.03571428571428571,0.023076923076923078,62.0443034533769,145.4481405595257,-0.0022814961304197523,True
3201001,ES,Sudeste,98.03,154.32,0.15042791008908932,0.04728713126721241,0.0,0.0,0.037037037037037035,0.0,188.63965784922746,87.44769210837642,-0.10314077882187692,True
3201100,ES,Sudeste,100.0,155.73000000000002,0.3410030454770721,0.22093820495305158,0.16666666666666666,0.024390243902439025,0.0,0.07317073170731707,150.04337341024527,191.8572139878349,-0.12006484052402053,True
3201209,ES,Sudeste,82.31000000000002,103.735,0.1831832196779972,0.1343866952226799,0.03418803418803419,0.021806853582554516,0.11965811965811966,0.06542056074766354,58.397359150146286,83.20378941667032,-0.04879652445531729,True
3201308,ES,Sudeste,32.28,71.36999999999999,0.24399200146231442,0.16485202314335146,0.05309734513274336,0.024390243902439025,0.17699115044247787,0.13414634146341464,32.884028342978795,35.0061158842606,-0.07913997831896297,True
3201407,ES,Sudeste,71.02,130.01500000000001,0.1760805656923238,0.08010316635297063,0.09090909090909091,0.0,0.0,0.04838709677419355,76.60811671576522,73.69574228653451,-0.09597739933935318,True
3201506,ES,Sudeste,97.0,126.465,0.12247652161050357,0.08960580840183585,0.0,0.039473684210526314,0.13157894736842105,0.02631578947368421,29.938223823415896,30.226451913394786,-0.03287071320866772,True
3201605,ES,Sudeste,100.0,121.62,0.0417650503970764,0.16217030002299884,0.0,0.04081632653061224,0.0,0.061224489795918366,79.54076803924143,87.42498827791502,0.12040524962592244,True
3201803,ES,Sudeste,97.3,137.71,0.5457518718851311,0.1493709371502918,0.3333333333333333,0.0,0.16666666666666666,0.125,114.67820625753774,76.70619850111383,-0.39638093473483926,True
3201902,ES,Sudeste,86.22,104.59,0.47533681428479335,0.050400478632493285,0.2,0.0,0.2,0.02127659574468085,13.255687392677173,65.19707848611168,-0.42493633565230005,True
3202108,ES,Sudeste,92.06000000000002,143.23,0.22992589558745677,0.2235542683349942,0.04838709677419355,0.0380952380952381,0.0,0.0380952380952381,245.03705232363666,210.19765664903267,-0.0063716272524625694,True
3202207,ES,Sudeste,20.95,145.105,0.11666189327279733,0.3732506355445915,0.0,0.09523809523809523,0.1111111111111111,0.23809523809523808,47.30570672975302,50.75170907753996,0.2565887422717942,True
3202306,ES,Sudeste,100.0,120.205,0.21718959760073642,0.16455362073821775,0.08888888888888889,0.058823529411764705,0.0,0.0392156862745098,139.81008315381663,79.78921066084061,-0.05263597686251867,True
3202405,ES,Sudeste,50.06,69.345,0.15381998116255124,0.23270927135235558,0.037037037037037035,0.0759493670886076,0.1111111111111111,0.12658227848101267,20.962850962362396,30.925070148020207,0.07888929018980434,True
3202454,ES,Sudeste,78.06000000000002,89.63499999999999,0.15116244846380783,0.26323892461776116,0.03571428571428571,0.10526315789473684,0.03571428571428571,0.10526315789473684,114.64433933949469,38.441120707473374,0.11207647615395333,True
3202652,ES,Sudeste,86.23,134.55,0.3010908371719467,0.2375858564514416,0.16666666666666666,0.14285714285714285,0.0,0.0,92.89411972820838,53.101345878944976,-0.06350498072050509,True
3202801,ES,Sudeste,90.11,109.46000000000001,0.3436995311839227,0.1836813971591319,0.06818181818181818,0.02631578947368421,0.20454545454545456,0.10526315789473684,108.66510202154028,94.08879226970839,-0.16001813402479081,True
3202900,ES,Sudeste,100.0,165.14000000000001,0.01686198303631182,0.02962090477779395,0.0,0.0,0.0,0.0,43.882713160869145,62.151881575175636,0.012758921741482132,True
3203007,ES,Sudeste,80.05,154.93,0.28251049340186374,0.14622067376836473,0.029411764705882353,0.009009009009009009,0.0,0.009009009009009009,361.08699834423385,198.44939215887953,-0.136289819633499,True
3203056,ES,Sudeste,84.08,116.30999999999999,0.11579298945395886,0.09750221920926426,0.043478260869565216,0.020833333333333332,0.0,0.020833333333333332,92.15636236411474,88.45120161093443,-0.018290770244694596,True
3203106,ES,Sudeste,88.13,120.95,0.17529603708481895,0.25370029010115397,0.0,0.09302325581395349,0.13333333333333333,0.023255813953488372,103.36683246342274,154.0159062984639,0.07840425301633502,True
3203130,ES,Sudeste,79.42,149.15,0.22968559580553422,0.0700093408421965,0.1111111111111111,0.0,0.0,0.045454545454545456,109.97364458308058,62.923890895145185,-0.1596762549633377,True
3203205,ES,Sudeste,65.38,89.645,0.13852583690470463,0.12884447057334225,0.035211267605633804,0.016891891891891893,0.035211267605633804,0.05405405405405406,98.26213073228038,100.09281959453308,-0.009681366331362379,True
3203304,ES,Sudeste,90.76,137.03,0.01624227189999284,0.07779551608077773,0.0,0.0,0.0,0.058823529411764705,42.99536489218092,57.29061210358416,0.06155324418078489,True
3203320,ES,Sudeste,78.03,122.77,0.06101561955199898,0.15907656512391077,0.0,0.028985507246376812,0.038461538461538464,0.08695652173913043,58.82434476001903,76.10406471960414,0.09806094557191179,True
3203346,ES,Sudeste,100.0,138.88,0.02074989090065851,0.09628477852467737,0.0,0.041666666666666664,0.0,0.0,49.44970737810974,68.114024166771,0.07553488762401886,True
3203403,ES,Sudeste,100.0,185.9,0.11553075190214887,0.14768316979822987,0.058823529411764705,0.01098901098901099,0.0,0.04395604395604396,58.822134468030086,152.4217795105582,0.032152417896081004,True
3203502,ES,Sudeste,99.32000000000001,170.12999999999997,0.23079978607503931,0.07404765928567203,0.041666666666666664,0.0,0.020833333333333332,0.0,234.57046020625202,125.76539662375926,-0.15675212678936729,True
3203601,ES,Sudeste,100.0,192.09,0.40760471056533226,0.21497157200351658,0.03125,0.0,0.03125,0.02631578947368421,503.7438885802251,294.51644397650233,-0.1926331385618157,True
3203700,ES,Sudeste,89.23,173.52,0.1451038945811947,0.08881000105224782,0.034482758620689655,0.03225806451612903,0.0,0.0,153.44652436399244,77.61898389620501,-0.05629389352894687,True
3203809,ES,Sudeste,98.9,131.555,0.10977497998669214,0.17837479693161387,0.0,0.0,0.07142857142857142,0.11363636363636363,87.25805171278076,132.50085708765263,0.06859981694492173,True
3203908,ES,Sudeste,99.78,99.86,0.1403319166989139,0.17708645791488103,0.014285714285714285,0.06153846153846154,0.04285714285714286,0.06153846153846154,136.19446742199025,63.88168821239747,0.036754541215967135,True
3204054,ES,Sudeste,99.2,132.805,0.22373797341050494,0.22319276489986786,0.0,0.008333333333333333,0.0,0.025,340.1030666986395,290.04144331877984,-0.0005452085106370796,True
3204104,ES,Sudeste,90.24,117.08,0.28095203376859296,0.16110828060089846,0.04285714285714286,0.0,0.02857142857142857,0.1016949152542373,294.11160252249397,122.76749485243971,-0.1198437531676945,True
3204203,ES,Sudeste,25.71,149.1,0.0038973538582839093,0.3173414717445552,0.0,0.0967741935483871,0.0,0.16129032258064516,25.31899761487898,63.81087938542949,0.31344411788627125,True
3204252,ES,Sudeste,95.27,193.595,0.31549391940428806,0.1245426541814636,0.0,0.0,0.029411764705882353,0.047619047619047616,434.56539923931246,138.29162282234742,-0.19095126522282446,True
3204302,ES,Sudeste,100.0,153.32,0.021770143382393834,0.17832309555278172,0.0,0.0,0.0,0.09302325581395349,50.91058038850973,158.30248487815948,0.1565529521703879,True
3204351,ES,Sudeste,100.0,127.11,0.3506966970170925,0.09978387789217384,0.14285714285714285,0.0,0.14285714285714285,0.1111111111111111,35.733084919831064,23.13851519621151,-0.25091281912491864,True
3204401,ES,Sudeste,100.0,189.71,0.13298788925773147,0.1435133008239872,0.0,0.0,0.1111111111111111,0.13333333333333333,70.68247603858381,57.85795850201144,0.010525411566255721,True
3204500,ES,Sudeste,94.82000000000001,133.52,0.042264850626260966,0.273063236488947,0.0,0.1111111111111111,0.0,0.1111111111111111,80.25641899670401,32.60705689517545,0.23079838586268603,True
3204559,ES,Sudeste,100.0,150.25499999999997,0.0768823392367381,0.04544619331000528,0.0,0.0,0.02857142857142857,0.02127659574468085,93.95855444508014,58.10316610362646,-0.031436145926732814,True
3204609,ES,Sudeste,100.0,138.1,0.18664242739192172,0.09619884958740237,0.0,0.05555555555555555,0.2,0.0,35.92669147931851,38.16027625073464,-0.09044357780451935,True
3204708,ES,Sudeste,84.88,116.425,0.0,0.14442579638678096,0.0,0.06451612903225806,0.0,0.03225806451612903,15.187192847711495,47.47598446896576,0.14442579638678096,True
3204807,ES,Sudeste,99.15,128.7,0.28473622570406365,0.2992721165486534,0.043478260869565216,0.06153846153846154,0.0,0.046153846153846156,334.0617912121012,258.1484821431862,0.014535890844589727,True
3204906,ES,Sudeste,77.08,84.75999999999999,0.17583692808084603,0.16009453134158563,0.043209876543209874,0.02416918429003021,0.030864197530864196,0.045317220543806644,139.96429404579493,140.17607763496903,-0.015742396739260395,True
3205002,ES,Sudeste,57.57,70.6,0.23575890408761058,0.22065550815210752,0.050724637681159424,0.02564102564102564,0.17391304347826086,0.18974358974358974,30.055348565315025,42.43194395889905,-0.015103395935503056,True
3205010,ES,Sudeste,63.46,92.43999999999998,0.34590797446099714,0.37447157862638863,0.1,0.15384615384615385,0.2,0.15384615384615385,49.19378749929603,32.37888315767298,0.0285636041653915,True
3205036,ES,Sudeste,73.49,143.12,0.03120671969483993,0.11819629639455602,0.0,0.02040816326530612,0.0,0.02040816326530612,64.42256873671214,119.52941427956162,0.08698957669971609,True
3205069,ES,Sudeste,90.1,146.85999999999999,0.16548214912592732,0.16742905527190052,0.1,0.058823529411764705,0.0,0.0196078431372549,41.90696484895437,108.52021838242247,0.001946906145973204,True
3205101,ES,Sudeste,100.0,136.83999999999997,0.24746670683179853,0.30262158751962903,0.0,0.07692307692307693,0.2727272727272727,0.20512820512820512,31.72476825677222,30.34056292429896,0.055154880687830504,True
3205150,ES,Sudeste,93.71,139.92,0.02289338148394034,0.18439436955963823,0.0,0.0,0.0,0.125,52.51891583113587,126.85534104606238,0.16150098807569788,True
3205200,ES,Sudeste,43.83,70.69,0.17455355319860014,0.21376051790207462,0.054455445544554455,0.0364741641337386,0.0891089108910891,0.1702127659574468,40.85865116349934,33.80871775225484,0.039206964703474484,True
3205309,ES,Sudeste,92.24,104.49000000000001,0.20650261071359496,0.16958814165284686,0.05,0.041666666666666664,0.15,0.11904761904761904,17.42219422995203,23.63459320134006,-0.036914469060748106,True
3300100,RJ,Sudeste,97.76,117.0,0.14220036352435292,0.24447628590738818,0.04065040650406504,0.05752212389380531,0.04878048780487805,0.08628318584070796,74.80788994698094,137.93968504565234,0.10227592238303526,True
3300159,RJ,Sudeste,100.0,133.16,0.09278647765907973,0.2526041551973599,0.0,0.034482758620689655,0.0,0.06896551724137931,152.59702359705224,220.80086132715434,0.1598176775382802,True
3300209,RJ,Sudeste,42.75,77.145,0.10763867029615168,0.15625994160289214,0.06818181818181818,0.08205128205128205,0.0,0.005128205128205128,27.421832269170157,60.81493794607936,0.04862127130674046,True
3300225,RJ,Sudeste,100.0,147.95,0.3384150325330846,0.06846479417332078,0.2,0.0,0.0,0.0,74.74396453278048,117.77143717808805,-0.2699502383597638,True
3300233,RJ,Sudeste,99.32000000000001,121.75,0.18188751385553117,0.2856988426731324,0.08823529411764706,0.09154929577464789,0.0,0.035211267605633804,90.66574505095772,187.99189508818463,0.10381132881760122,True
3300258,RJ,Sudeste,79.29,90.36,0.13998743112154746,0.2786513469489222,0.0,0.07142857142857142,0.10714285714285714,0.11904761904761904,85.6862918141149,115.87641532123072,0.13866391582737472,True
3300308,RJ,Sudeste,43.61,70.96000000000001,0.2860402698679222,0.1749421172493575,0.16666666666666666,0.07142857142857142,0.020833333333333332,0.014285714285714285,45.191496611963494,98.88560288514476,-0.1110981526185647,True
3300407,RJ,Sudeste,83.2,106.52,0.236674933162551,0.16742881444126123,0.06666666666666667,0.050239234449760764,0.09230769230769231,0.03588516746411483,99.56581134400086,106.52437308876543,-0.06924611872128977,True
3300456,RJ,Sudeste,35.02,78.66499999999999,0.22518267364910322,0.17995772618911493,0.09154929577464789,0.08333333333333333,0.09154929577464789,0.039473684210526314,30.619174866949656,48.879657001478876,-0.045224947459988285,True
3300506,RJ,Sudeste,88.56000000000002,87.17999999999999,0.2063555269017348,0.28704602836837617,0.07142857142857142,0.12658227848101267,0.023809523809523808,0.02531645569620253,131.91039876797936,127.09763784215045,0.08069050146664136,True
3300605,RJ,Sudeste,100.0,155.89499999999998,0.18141513396241607,0.2079549224439099,0.02564102564102564,0.027777777777777776,0.02564102564102564,0.0625,192.24280710428016,179.38598828628082,0.026539788481493826,True
3300704,RJ,Sudeste,73.63,63.980000000000004,0.18414270797567298,0.21372410634882594,0.024822695035460994,0.023554603854389723,0.09219858156028368,0.14346895074946467,114.3561934189824,95.07689642985017,0.02958139837315296,True
3300803,RJ,Sudeste,96.97,105.25,0.11801009265747243,0.15341932178045234,0.02857142857142857,0.078125,0.05714285714285714,0.015625,55.6165399388476,52.00380156296755,0.035409229122979904,True
3300902,RJ,Sudeste,99.25,119.73,0.10399265516720213,0.2429024636729556,0.0,0.020618556701030927,0.0,0.041237113402061855,168.642857902226,271.4944437764928,0.13890980850575346,True
3301009,RJ,Sudeste,48.76,51.24,0.1563897460519446,0.1431165753379019,0.05084745762711865,0.0448,0.07909604519774012,0.0528,35.16880567376988,62.16154899986786,-0.013273170714042715,True
3301108,RJ,Sudeste,100.0,144.4,0.15950556311453232,0.2118947477421208,0.03571428571428571,0.06097560975609756,0.03571428571428571,0.012195121951219513,126.590628355313,176.8724231446157,0.052389184627588486,True
3301207,RJ,Sudeste,100.0,135.665,0.1402526246455616,0.2456252527476508,0.038461538461538464,0.05084745762711865,0.0,0.0847457627118644,137.95444987868777,155.8507115105802,0.1053726281020892,True
3301306,RJ,Sudeste,93.68999999999998,93.77,0.21270841382337358,0.2312642198977923,0.0625,0.03571428571428571,0.125,0.125,33.159296825474975,117.25952535990703,0.01855580607441873,True
3301405,RJ,Sudeste,69.26,123.68499999999999,0.0015508005474339517,0.08687357367126128,0.0,0.043478260869565216,0.0,0.0,21.95902892021353,50.74740257249512,0.08532277312382733,True
3301504,RJ,Sudeste,94.03,101.04,0.3424328659851868,0.13603259560967226,0.10526315789473684,0.07407407407407407,0.10526315789473684,0.0,151.83686695853117,55.42290382372673,-0.20640027037551453,True
3301603,RJ,Sudeste,50.2,111.56000000000002,0.054318891165192035,0.11716618039132122,0.0,0.041666666666666664,0.0,0.0,97.51628633820773,98.01356075443059,0.06284728922612919,True
3301702,RJ,Sudeste,39.86,42.705,0.1989427269752117,0.11997719113769884,0.07300884955752213,0.04956896551724138,0.07300884955752213,0.021551724137931036,56.142094991039144,58.01202570766807,-0.07896553583751287,True
3301801,RJ,Sudeste,100.0,171.54,0.16208273623603903,0.15058205846349498,0.07692307692307693,0.022222222222222223,0.0,0.022222222222222223,86.60430340344848,159.72829914917125,-0.011500677772544043,True
3301850,RJ,Sudeste,52.99,73.34,0.1542940532270504,0.24120468061074968,0.0,0.03125,0.0821917808219178,0.140625,137.49268658418836,121.4673744648543,0.08691062738369928,True
3301876,RJ,Sudeste,100.0,135.8,0.1461140119039944,0.22420211546891283,0.0,0.05263157894736842,0.16666666666666666,0.15789473684210525,17.62613479397781,29.519532378114647,0.07808810356491844,True
3301900,RJ,Sudeste,67.26,82.705,0.23819132604023438,0.13803110720675998,0.07446808510638298,0.03439153439153439,0.1276595744680851,0.05026455026455026,40.603864645280076,80.4179693497275,-0.1001602188334744,True
3302007,RJ,Sudeste,55.46,82.245,0.3051645049001164,0.2782390118179454,0.061224489795918366,0.02702702702702703,0.22448979591836735,0.23648648648648649,43.39467163607626,63.230985771810914,-0.02692549308217096,True
3302106,RJ,Sudeste,98.17,151.75,0.13546386219452872,0.12664014591665831,0.0,0.027777777777777776,0.0425531914893617,0.013888888888888888,160.28859166515966,123.97505625900965,-0.008823716277870403,True
3302205,RJ,Sudeste,75.82000000000001,103.05,0.34507950611505656,0.1907958421413089,0.03278688524590164,0.06172839506172839,0.3114754098360656,0.09876543209876543,52.43338472551577,36.37279943454262,-0.15428366397374765,True
3302254,RJ,Sudeste,84.9,116.06500000000001,0.16205426644920456,0.22077801819631668,0.08333333333333333,0.07142857142857142,0.0,0.09523809523809523,72.79551894603044,62.89722238075289,0.05872375174711211,True
3302270,RJ,Sudeste,39.82,66.83500000000001,0.41165746188378055,0.19018344488607586,0.1111111111111111,0.07142857142857142,0.2777777777777778,0.07142857142857142,21.839670045483018,48.97777033428482,-0.2214740169977047,True
3302304,RJ,Sudeste,82.78,190.83,0.023940357339704763,0.06074869596182787,0.0,0.0,0.0,0.0,54.018053346219574,106.72295670432054,0.03680833862212311,True
3302403,RJ,Sudeste,58.26,67.65,0.2377908496918876,0.15916934403356425,0.08490566037735849,0.036,0.10377358490566038,0.092,47.596603677356775,54.840023660288,-0.07862150565832335,True
3302452,RJ,Sudeste,100.0,193.9,0.5407750021392533,0.31623558079759206,0.3076923076923077,0.07142857142857142,0.07692307692307693,0.07142857142857142,220.20718591511164,229.46854742427965,-0.22453942134166127,True
3302502,RJ,Sudeste,60.05,92.23,0.13785978555370426,0.06432872544333336,0.057692307692307696,0.020100502512562814,0.038461538461538464,0.020100502512562814,44.94333495311303,43.4448435945446,-0.0735310601103709,True
3302601,RJ,Sudeste,100.0,113.56499999999998,0.21771124130759092,0.2360525225777392,0.09090909090909091,0.06140350877192982,0.01818181818181818,0.07894736842105263,113.39434206811401,126.75009603353962,0.01834128127014828,True
3302700,RJ,Sudeste,98.31000000000002,98.68500000000002,0.16036341660476128,0.30331348734429053,0.05,0.04247787610619469,0.05,0.18938053097345134,79.20307864826374,125.08113117940215,0.14295007073952926,True
3302809,RJ,Sudeste,100.0,143.31,0.034063068942128565,0.11152204196846209,0.0,0.029411764705882353,0.0,0.029411764705882353,68.51250098225093,79.33245740833102,0.07745897302633353,True
3302858,RJ,Sudeste,74.77,103.115,0.21103306765544774,0.3868674198295414,0.045454545454545456,0.16129032258064516,0.1590909090909091,0.1532258064516129,24.576470290888754,34.9182211895172,0.17583435217409368,True
3302908,RJ,Sudeste,100.0,158.0,0.18455435544415244,0.13767053204116494,0.07142857142857142,0.07142857142857142,0.03571428571428571,0.0,85.74980687527867,63.45026214215322,-0.046883823402987496,True
3303005,RJ,Sudeste,100.0,109.58500000000001,0.23489714715021773,0.23027720604415253,0.021505376344086023,0.08163265306122448,0.0,0.01020408163265306,309.8921133940047,161.325717474063,-0.004619941106065201,True
3303104,RJ,Sudeste,100.0,162.53,0.19641741651741418,0.10647690716179621,0.02702702702702703,0.0,0.02702702702702703,0.0625,209.00746740521595,93.74367280833778,-0.08994050935561797,True
3303203,RJ,Sudeste,100.0,89.02499999999999,0.4170409047608814,0.3102124698159674,0.14814814814814814,0.12,0.2222222222222222,0.14666666666666667,16.77982026734714,22.075495823795016,-0.10682843494491401,True
3303302,RJ,Sudeste,74.41,87.73,0.18328797333510685,0.19676197844190982,0.08396946564885496,0.058524173027989825,0.061068702290076333,0.11195928753180662,25.173608626581508,35.23535659891838,0.013474005106802966,True
3303401,RJ,Sudeste,50.31,48.050000000000004,0.14631449059953586,0.12075027905409431,0.043478260869565216,0.034934497816593885,0.057971014492753624,0.05240174672489083,63.088226239887575,51.82499271113288,-0.025564211545441543,True
3303500,RJ,Sudeste,67.07,60.64,0.40023412961376414,0.2859757793443127,0.14391143911439114,0.11551724137931034,0.1992619926199262,0.11551724137931034,33.59494603418405,36.10163595003967,-0.11425835026945147,True
3303609,RJ,Sudeste,72.56,84.59,0.14129125258861766,0.16146266881789495,0.046511627906976744,0.07352941176470588,0.023255813953488372,0.014705882352941176,92.95851381602102,74.54508557040435,0.02017141622927729,True
3303708,RJ,Sudeste,100.0,182.01,0.3386080043491992,0.1825562821797119,0.14754098360655737,0.04964539007092199,0.04918032786885246,0.02127659574468085,125.95620755794569,147.79862311399606,-0.1560517221694873,True
3303807,RJ,Sudeste,76.21,78.39999999999999,0.11773508717394575,0.19057884794969837,0.0,0.030303030303030304,0.11764705882352941,0.12121212121212122,40.63780259906252,75.38048125880573,0.07284376077575262,True
3303856,RJ,Sudeste,100.0,165.43,0.23278254697830905,0.35678016452801403,0.10526315789473684,0.23529411764705882,0.05263157894736842,0.0,60.89990598558692,53.31138608679171,0.12399761754970498,True
3303906,RJ,Sudeste,65.75,68.71000000000001,0.13513935598184978,0.1636172772014422,0.05042016806722689,0.02631578947368421,0.05042016806722689,0.13157894736842105,41.65552280741094,32.325260002845035,0.028477921219592417,True
3303955,RJ,Sudeste,99.47,156.64000000000001,0.11941961681716545,0.1481871204085491,0.058823529411764705,0.061224489795918366,0.0,0.0,64.39049906124943,100.42513058141066,0.028767503591383636,True
3304003,RJ,Sudeste,100.0,191.08,0.24032706822092342,0.23659031506120307,0.04878048780487805,0.07142857142857142,0.0975609756097561,0.08928571428571429,136.61688804287715,93.01046983867226,-0.0037367531597203574,True
3304110,RJ,Sudeste,100.0,130.985,0.2270821082529428,0.2523056060566,0.08333333333333333,0.07142857142857142,0.08333333333333333,0.09523809523809523,61.29876749455436,108.04075597918468,0.025223497803657208,True
3304128,RJ,Sudeste,99.57000000000001,127.9,0.11434480662418821,0.1127033882294814,0.0,0.02857142857142857,0.06666666666666667,0.0,99.77909215069546,119.74950124356049,-0.0016414183947068145,True
3304144,RJ,Sudeste,34.47,36.135000000000005,0.23212224699830114,0.17044947678678907,0.0967741935483871,0.0380952380952381,0.0967741935483871,0.11428571428571428,22.774856490005806,38.5162946610452,-0.061672770211512074,True
3304151,RJ,Sudeste,100.0,140.66,0.00937694761992668,0.3265690650618031,0.0,0.06896551724137931,0.0,0.1724137931034483,33.16508549767887,122.78810644890791,0.3171921174418764,True
3304201,RJ,Sudeste,94.16,101.52499999999999,0.07313541054585174,0.13280587890116613,0.008849557522123894,0.022935779816513763,0.017699115044247787,0.06422018348623854,83.23427505574422,80.02237435580584,0.05967046835531439,True
3304300,RJ,Sudeste,100.0,129.565,0.2496227716980115,0.16202073184458232,0.11627906976744186,0.05747126436781609,0.046511627906976744,0.04597701149425287,69.03527071209352,70.57934341701,-0.08760203985342918,True
3304409,RJ,Sudeste,100.0,181.02,0.29522893116049237,0.02341287611971323,0.18181818181818182,0.0,0.0,0.0,51.95801777639553,53.26276669749923,-0.27181605504077916,True
3304508,RJ,Sudeste,100.0,156.35,0.11963153669445944,0.14156325593819272,0.0,0.0,0.0,0.027777777777777776,191.03576587844984,187.56974863882823,0.021931719243733272,True
3304524,RJ,Sudeste,49.1,62.339999999999996,0.3577809081437767,0.24311554377211872,0.14655172413793102,0.026737967914438502,0.11206896551724138,0.19786096256684493,76.58995430788696,62.04611317128544,-0.114665364371658,True
3304557,RJ,Sudeste,55.36,76.2,0.2342993824353164,0.2381784931583375,0.07773109243697479,0.06736111111111111,0.12815126050420167,0.14722222222222223,27.405554638806418,31.29291265165399,0.0038791107230211064,True
3304607,RJ,Sudeste,52.71999999999999,102.61,0.05371894154527005,0.1538384287484853,0.0,0.037037037037037035,0.0,0.037037037037037035,96.65723407121102,113.97453486090343,0.10011948720321526,True
3304706,RJ,Sudeste,81.45,101.63,0.18345340438839286,0.17703206891884107,0.05128205128205128,0.03125,0.01282051282051282,0.0546875,156.18288060881392,137.45772105760602,-0.006421335469551787,True
3304755,RJ,Sudeste,83.35,116.51,0.33641745018578817,0.1055847908182207,0.16666666666666666,0.02631578947368421,0.06666666666666667,0.02631578947368421,59.79063634876896,81.3670127274317,-0.23083265936756747,True
3304805,RJ,Sudeste,81.84,148.22,0.2458995934985104,0.1406975020290846,0.05263157894736842,0.024096385542168676,0.008771929824561403,0.060240963855421686,247.7816161569361,93.82454155677031,-0.1052020914694258,True
3304904,RJ,Sudeste,79.49,85.705,0.23466794211252723,0.16157942188750163,0.0748663101604278,0.042131350681536554,0.11051693404634581,0.0644361833952912,56.222686604871946,79.72285925943068,-0.0730885202250256,True
3305000,RJ,Sudeste,100.0,120.515,0.07791120739036175,0.17127383954082936,0.0,0.058823529411764705,0.023255813953488372,0.04411764705882353,102.10446107671201,83.25828035609878,0.09336263215046761,True
3305109,RJ,Sudeste,57.33,69.45500000000001,0.27065642120700023,0.19906226398597243,0.05426356589147287,0.06168831168831169,0.20930232558139536,0.11038961038961038,27.999041296801487,33.7035213204287,-0.0715941572210278,True
3305158,RJ,Sudeste,95.48,126.81000000000002,0.25687800518789683,0.17077304272425425,0.1,0.05660377358490566,0.03333333333333333,0.018867924528301886,130.93094442554514,119.00482377858113,-0.08610496246364258,True
3305208,RJ,Sudeste,61.62,63.95,0.31899652138803525,0.30366067488145526,0.0,0.04672897196261682,0.36363636363636365,0.24299065420560748,20.02816550620692,49.15086093943393,-0.015335846506579986,True
3305307,RJ,Sudeste,97.83,139.24499999999998,0.2831772464031243,0.30231090435794417,0.02857142857142857,0.06153846153846154,0.0,0.0,363.8465878402447,320.4366188980415,0.01913365795481986,True
3305505,RJ,Sudeste,44.910000000000004,66.025,0.31377922872298686,0.1986676697875091,0.18181818181818182,0.07462686567164178,0.045454545454545456,0.08955223880597014,21.4605641879764,31.506119620314877,-0.11511155893547775,True
3305554,RJ,Sudeste,96.87,95.53,0.2753368142847933,0.08332375417907881,0.06666666666666667,0.024390243902439025,0.2,0.04878048780487805,17.9975365171407,25.427759632043717,-0.19201306010571448,True
3305604,RJ,Sudeste,100.0,178.945,0.0999721916208283,0.2403040678901596,0.0,0.1,0.038461538461538464,0.05,114.60524775400793,86.27746880741334,0.1403318762693313,True
3305703,RJ,Sudeste,100.0,138.1,0.19163387512064503,0.22147776512862277,0.041666666666666664,0.12,0.041666666666666664,0.0,152.33770331819323,79.12941173040348,0.02984389000797774,True
3305752,RJ,Sudeste,99.31000000000002,146.35999999999999,0.40835803110038726,0.1938323244663861,0.16666666666666666,0.06666666666666667,0.16666666666666666,0.06666666666666667,37.27037076767436,70.40780210523967,-0.21452570663400117,True
3305802,RJ,Sudeste,43.02,54.769999999999996,0.2476601290436757,0.10797546472630813,0.08771929824561403,0.022727272727272728,0.12280701754385964,0.07954545454545454,31.79231626385552,25.67835334930998,-0.1396846643173676,True
3305901,RJ,Sudeste,100.0,154.29,0.13148634799410772,0.2916414559088759,0.0,0.18181818181818182,0.0,0.0,208.01036205055075,46.8212052085394,0.1601551079147682,True
3306008,RJ,Sudeste,100.0,142.41500000000002,0.24543370325243935,0.19164495798119402,0.08450704225352113,0.044444444444444446,0.08450704225352113,0.0962962962962963,83.58167629936322,77.81079478351049,-0.05378874527124533,True
3306107,RJ,Sudeste,84.6,120.09500000000001,0.10580320381588496,0.10681541207145802,0.021505376344086023,0.02631578947368421,0.0,0.05263157894736842,125.04585131732416,50.09486691187408,0.0010122082555730633,True
3306156,RJ,Sudeste,96.68999999999998,171.45,0.05473433039081641,0.007039313069305523,0.0,0.0,0.0,0.0,98.1111429673667,29.81788734397042,-0.04769501732151089,True
3306206,RJ,Sudeste,100.0,144.21,0.10323812421078742,0.17563698465093064,0.05263157894736842,0.046511627906976744,0.0,0.03488372093023256,54.51977977933169,127.5407500199086,0.07239886044014322,True
3306305,RJ,Sudeste,100.0,95.3,0.16441307919626388,0.14952285095736598,0.06578947368421052,0.02956298200514139,0.03070175438596491,0.033419023136246784,75.31398942575612,128.38972585259472,-0.014890228238897907,True
3500105,SP,Sudeste,100.0,110.99,0.06587471377384935,0.17394378977559619,0.0,0.031746031746031744,0.03225806451612903,0.09523809523809523,73.5691833660187,81.06710373723222,0.10806907600174684,True
3500303,SP,Sudeste,67.58,98.21,0.2923541576910541,0.10408520013677994,0.14285714285714285,0.015151515151515152,0.07142857142857142,0.030303030303030304,41.85828609184928,98.19335120155662,-0.18826895755427417,True
3500501,SP,Sudeste,78.22,106.75,0.3558210175633924,0.10137240560134364,0.0,0.058823529411764705,0.4166666666666667,0.0,51.93800847810453,38.54916640078987,-0.25444861196204877,True
3500709,SP,Sudeste,96.1,74.3,0.2296275250415522,0.13122115631912648,0.06666666666666667,0.02,0.13333333333333333,0.08,37.97527707542765,64.25032991579964,-0.09840636872242572,True
3500808,SP,Sudeste,100.0,157.48,0.21255597862662592,0.05066020088603848,0.0,0.0,0.14285714285714285,0.0,144.7631253968534,92.27750282342794,-0.16189577774058744,True
3501004,SP,Sudeste,94.89,124.86,0.18184581571791786,0.30212684432198095,0.05,0.05,0.05,0.1,109.96316757220562,219.42538934629965,0.12028102860406309,True
3501103,SP,Sudeste,100.0,182.24,0.2122839905139212,0.024339556923975547,0.0,0.0,0.1111111111111111,0.0,184.22450237904368,54.589656855021786,-0.18794443358994564,True
3501301,SP,Sudeste,100.0,127.875,0.2143767336593566,0.2031232903161139,0.06521739130434782,0.03669724770642202,0.021739130434782608,0.03669724770642202,159.33516446261143,185.70058833603812,-0.011253443343242714,True
3501608,SP,Sudeste,27.31,41.11000000000001,0.10764296293257014,0.23740961664746324,0.027777777777777776,0.07526881720430108,0.06944444444444445,0.12903225806451613,27.03453175524816,36.04160278901645,0.1297666537148931,True
3501707,SP,Sudeste,50.74,40.29,0.1861136118368962,0.18552701069110902,0.07407407407407407,0.03125,0.037037037037037035,0.09375,80.63997462394698,100.58620678577097,-0.00058660114578718,True
3501905,SP,Sudeste,100.0,146.67,0.27822031789322244,0.22293750350401917,0.0,0.05454545454545454,0.3,0.14545454545454545,41.524579086429995,39.21431066123508,-0.055282814389203266,True
3502101,SP,Sudeste,87.74,103.02,0.1268421734727706,0.14320179484925147,0.0,0.05555555555555555,0.10869565217391304,0.041666666666666664,64.91471369038219,53.15835791025169,0.016359621376480865,True
3502200,SP,Sudeste,60.8,118.52499999999999,0.09304663250379211,0.15936987866302021,0.0,0.03125,0.03571428571428571,0.09375,108.13734915457762,63.13248930565313,0.0663232461592281,True
3502507,SP,Sudeste,89.17,99.4,0.4331770815230268,0.08630075558594882,0.07142857142857142,0.0,0.35714285714285715,0.05555555555555555,38.256575571309654,73.57133477632077,-0.34687632593707796,True
3502606,SP,Sudeste,98.46,171.31,0.04502520026635388,0.06922111755257893,0.0,0.0,0.0,0.0,84.20889189990167,118.85439696664298,0.024195917286225048,True
3502705,SP,Sudeste,100.0,148.285,0.15017109410805163,0.2285994691207906,0.02857142857142857,0.06666666666666667,0.02857142857142857,0.06666666666666667,137.53278871584652,120.18997287526653,0.07842837501273897,True
3502754,SP,Sudeste,59.78000000000001,97.39999999999999,0.26132065983331615,0.4125814318980805,0.0,0.058823529411764705,0.2857142857142857,0.35294117647058826,35.259271324045976,41.113822763521746,0.15126077206476435,True
3502804,SP,Sudeste,83.33,82.295,0.2771761956508583,0.3231501112067059,0.1016949152542373,0.09933774834437085,0.13559322033898305,0.18543046357615894,27.98808586359391,36.31894163544352,0.045973915555847567,True
3502903,SP,Sudeste,60.93,79.22500000000001,0.2611709154582971,0.39743024365732676,0.0,0.029411764705882353,0.2857142857142857,0.4117647058823529,35.044856245581855,48.34626569685174,0.13625932819902964,True
3503208,SP,Sudeste,64.75,70.99,0.1720281472515938,0.19834035212432322,0.037037037037037035,0.01968503937007874,0.12345679012345678,0.16929133858267717,31.537105842325445,48.94551905686329,0.026312204872729422,True
3503307,SP,Sudeste,52.96,55.269999999999996,0.04383420357119833,0.1363979659356907,0.0,0.014084507042253521,0.05,0.1267605633802817,14.215916257635284,25.669641671582855,0.09256376236449237,True
3503406,SP,Sudeste,98.42999999999999,131.84,0.44535453353448495,0.1835816346963658,0.125,0.0,0.25,0.2,75.12839857033158,31.544021974058673,-0.26177289883811916,True
3503604,SP,Sudeste,93.25,103.65,0.17285046575120883,0.34706842508932967,0.0,0.1,0.16666666666666666,0.2,58.021711259745906,50.85540659180658,0.17421795933812084,True
3503802,SP,Sudeste,93.81000000000002,85.585,0.1095855089279958,0.0626202908159976,0.0,0.0,0.125,0.07142857142857142,15.856816435560738,13.711558430136186,-0.046965218111998205,True
3503901,SP,Sudeste,55.11,48.03000000000001,0.12304682694146474,0.1397307511120313,0.05,0.03260869565217391,0.05,0.07608695652173914,25.7704238346651,54.26595006822572,0.01668392417056655,True
3504008,SP,Sudeste,58.28000000000001,66.67,0.35707690961441485,0.21227340932181682,0.09302325581395349,0.08035714285714286,0.23255813953488372,0.08035714285714286,39.30075391694682,50.22288636282421,-0.14480350029259803,True
3504107,SP,Sudeste,51.94,73.39,0.381378740869383,0.23999636201795804,0.06382978723404255,0.078125,0.3191489361702128,0.125,28.102442425063256,38.672653515227225,-0.14138237885142496,True
3504206,SP,Sudeste,82.0,108.64,0.03318294235766063,0.23547568915561634,0.0,0.1111111111111111,0.0,0.05555555555555555,67.25227060202404,48.52537679632809,0.20229274679795572,True
3504305,SP,Sudeste,100.0,225.26,0.04849573038655301,0.04492116463520872,0.0,0.0,0.0,0.0,89.17825377369557,84.05992598373807,-0.003574565751344294,True
3504404,SP,Sudeste,77.05,143.93,0.5732929476461193,0.3179009304820907,0.2222222222222222,0.09090909090909091,0.2222222222222222,0.18181818181818182,84.37460483781157,51.440440841659665,-0.25539201716402854,True
3504503,SP,Sudeste,65.2,54.214999999999996,0.10761178500927722,0.14830815301525738,0.013888888888888888,0.007246376811594203,0.05555555555555555,0.11594202898550725,74.25533539140422,70.99105890438716,0.04069636800598016,True
3504602,SP,Sudeste,100.0,122.24000000000001,0.3876174486641625,0.285232864669946,0.15384615384615385,0.09302325581395349,0.15384615384615385,0.11627906976744186,51.20211277995742,82.39438160483975,-0.10238458399421646,True
3504800,SP,Sudeste,100.0,124.99,0.24321202471127468,0.23879103967055726,0.14285714285714285,0.0625,0.0,0.125,61.157309975968744,70.50633084170435,-0.004420985040717418,True
3505203,SP,Sudeste,48.02,44.31,0.12342343381633737,0.1096556813803312,0.03571428571428571,0.028169014084507043,0.03571428571428571,0.014084507042253521,74.92556525265842,98.56958160821617,-0.01376775243600617,True
3505302,SP,Sudeste,28.03,51.800000000000004,0.27311304074240667,0.07020586833051862,0.11904761904761904,0.0,0.047619047619047616,0.03278688524590164,95.33391054856916,79.10702173877611,-0.20290717241188805,True
3505351,SP,Sudeste,66.67,213.3,0.20709053739254665,0.14623706360280836,0.0,0.0,0.14285714285714285,0.06666666666666667,136.93730215042206,145.44478598126761,-0.060853473789738294,True
3505500,SP,Sudeste,54.05,64.44,0.23770097510641575,0.23843257472738624,0.04285714285714286,0.06341463414634146,0.17142857142857143,0.11707317073170732,52.85280218601607,77.97915069461574,0.0007315996209704967,True
3505609,SP,Sudeste,78.06000000000002,49.3,0.24921302172026671,0.19988263265667394,0.08695652173913043,0.03571428571428571,0.08695652173913043,0.14285714285714285,80.65733078943963,49.90895455187587,-0.04933038906359277,True
3505708,SP,Sudeste,62.11,59.144999999999996,0.09409247815307815,0.06335212984217115,0.04895104895104895,0.01488095238095238,0.0,0.017857142857142856,49.32944975829066,56.07318091093547,-0.03074034831090701,True
3505807,SP,Sudeste,96.11,110.88,0.11993840379461965,0.19958344857112897,0.037037037037037035,0.045454545454545456,0.0,0.06060606060606061,111.92660489194174,131.81020043079113,0.07964504477650933,True
3505906,SP,Sudeste,57.78000000000001,81.65,0.17660952930989693,0.20365337545010148,0.0425531914893617,0.030927835051546393,0.0851063829787234,0.13402061855670103,74.39072008208025,76.68107357891331,0.027043846140204553,True
3506003,SP,Sudeste,42.04,45.18,0.18622185446883027,0.13138816185697155,0.04794520547945205,0.014749262536873156,0.11643835616438356,0.10619469026548672,37.242270098727865,42.88482812220101,-0.05483369261185872,True
3506102,SP,Sudeste,71.28,80.48,0.17383471394279265,0.13567629348246985,0.06896551724137931,0.030927835051546393,0.06896551724137931,0.07216494845360824,33.95049705409465,56.993949659762684,-0.038158420460322806,True
3506300,SP,Sudeste,92.92999999999999,96.05499999999999,0.3007826391783671,0.16226969569503807,0.1111111111111111,0.0,0.1111111111111111,0.10714285714285714,72.29774912902947,117.59168730076726,-0.13851294348332904,True
3506359,SP,Sudeste,32.09,46.795,0.2727264306190613,0.2848627607960228,0.11627906976744186,0.1518987341772152,0.06976744186046512,0.02531645569620253,72.92374975791061,69.5965114155789,0.012136330176961474,True
3506508,SP,Sudeste,65.22,77.885,0.17721148659445396,0.2732913376710639,0.029411764705882353,0.06756756756756757,0.14705882352941177,0.1891891891891892,25.708979278389307,28.445471334975025,0.09607985107660993,True
3506607,SP,Sudeste,41.9,80.44500000000001,0.11364337647486691,0.06196259368500454,0.0,0.0,0.125,0.06666666666666667,25.548832993527565,24.77436295099714,-0.05168078278986237,True
3506706,SP,Sudeste,85.79,96.91499999999999,0.1881229771812337,0.193990943941666,0.0,0.045454545454545456,0.2,0.09090909090909091,38.04665224048264,85.76301006940912,0.005867966760432303,True
3506805,SP,Sudeste,87.08,108.47500000000001,0.015544276519725526,0.22807534191463164,0.0,0.0,0.0,0.25,41.99592344933137,32.48834810460884,0.2125310653949061,True
3507001,SP,Sudeste,41.89,52.58,0.1750003145014343,0.2604743202117072,0.08333333333333333,0.03488372093023256,0.041666666666666664,0.19767441860465115,39.02841469110011,69.64032478601732,0.08547400571027289,True
3507100,SP,Sudeste,29.640000000000004,39.92,0.2782833228445778,0.06876874230534721,0.1111111111111111,0.0,0.1111111111111111,0.06666666666666667,40.081562868371,34.51991025642296,-0.20951458053923058,True
3507407,SP,Sudeste,63.18,92.26,0.0648877308071778,0.08563665385283312,0.0,0.0,0.0,0.02564102564102564,112.6495331184178,110.17216812883782,0.020748923045655315,True
3507506,SP,Sudeste,58.21999999999999,70.765,0.1946355977604693,0.22648402456843325,0.0,0.024875621890547265,0.2127659574468085,0.1791044776119403,31.34678349730097,65.77687726313887,0.03184842680796396,True
3507605,SP,Sudeste,62.45,64.735,0.25813226796492583,0.32348524833821174,0.05128205128205128,0.008403361344537815,0.20512820512820512,0.3445378151260504,21.709539849867422,32.3810545470503,0.06535298037328591,True
3507803,SP,Sudeste,95.02,97.21,0.2448068336118192,0.28447937399890993,0.0,0.0,0.22727272727272727,0.2857142857142857,84.97530744053273,68.41963220112974,0.03967254038709073,True
3507902,SP,Sudeste,41.85,64.83,0.04724943174044155,0.052044290721344456,0.0,0.0,0.0,0.0,87.39371113587174,94.25934508361858,0.004794858980902907,True
3508009,SP,Sudeste,47.94,88.575,0.5138425674903326,0.32859225524203184,0.4,0.0625,0.2,0.25,27.14473149895522,42.17771541386619,-0.1852503122483008,True
3508108,SP,Sudeste,97.91,91.51,0.20221359256932775,0.24754713540718534,0.07142857142857142,0.03571428571428571,0.07142857142857142,0.17857142857142858,66.20342611675987,73.32633375146055,0.04533354283785759,True
3508405,SP,Sudeste,68.0,64.595,0.15017264677737976,0.19052356146398453,0.0,0.030303030303030304,0.15,0.15151515151515152,46.47161729635794,37.26188963520039,0.04035091468660476,True
3508504,SP,Sudeste,72.22,74.16,0.1975910219625603,0.3179950762078947,0.038461538461538464,0.13445378151260504,0.15384615384615385,0.10084033613445378,26.93255908786072,59.70106127290855,0.1204040542453344,True
3508603,SP,Sudeste,94.92,99.79,0.1564979864418439,0.1773438018232715,0.08,0.037037037037037035,0.0,0.09259259259259259,71.99899606220852,77.89231565997541,0.0208458153814276,True
3508702,SP,Sudeste,87.08,113.2,0.13012944070264648,0.14805823510884708,0.034482758620689655,0.047619047619047616,0.0,0.023809523809523808,132.00499306828573,99.57437933697051,0.0179287944062006,True
3508801,SP,Sudeste,89.25,157.60999999999999,0.23754195809396422,0.1688724518488721,0.13333333333333333,0.016129032258064516,0.0,0.04838709677419355,73.4938319361789,166.1600618130911,-0.06866950624509213,True
3509007,SP,Sudeste,42.99,73.155,0.1701308168291877,0.20708245520535223,0.046511627906976744,0.046511627906976744,0.09302325581395349,0.11627906976744186,46.67398728718637,70.39102818089194,0.036951638376164525,True
3509106,SP,Sudeste,100.0,192.31,0.2700840710747474,0.20581571367673562,0.125,0.1111111111111111,0.0,0.0,137.988462787842,75.79498078401814,-0.06426835739801179,True
3509205,SP,Sudeste,62.78000000000001,62.3,0.10825179393749554,0.12235258297378396,0.0,0.020202020202020204,0.0975609756097561,0.0707070707070707,52.27300456313991,62.78317372962445,0.01410078903628842,True
3509304,SP,Sudeste,100.0,105.38,0.02294181318620419,0.017125364790723643,0.0,0.0,0.0,0.0,52.588263926780435,44.259842649245975,-0.005816448395480546,True
3509403,SP,Sudeste,96.56000000000002,102.81000000000002,0.11958093507578038,0.25700150260871935,0.0,0.01935483870967742,0.023809523809523808,0.03225806451612903,161.07518846740638,305.66812884772196,0.13742056753293896,True
3509502,SP,Sudeste,47.910000000000004,69.575,0.23940470725360236,0.16575870745111618,0.041916167664670656,0.03420752565564424,0.18363273453093812,0.11630558722919042,41.99346904770678,37.61422676219128,-0.07364599980248618,True
3509601,SP,Sudeste,31.79,50.475,0.12165153924139381,0.18529036898491916,0.023809523809523808,0.04878048780487805,0.07142857142857142,0.08130081300813008,53.12543078068296,78.22266948323293,0.06363882974352535,True
3509700,SP,Sudeste,76.86,106.48,0.24143955595741728,0.13579775201560618,0.12,0.06382978723404255,0.0,0.02127659574468085,107.71218117531127,50.38089468048165,-0.10564180394181111,True
3509809,SP,Sudeste,100.0,143.2,0.3073187808005964,0.05734012963922739,0.0,0.0,0.25,0.0,145.95496856593329,101.84231918175762,-0.249978651161369,True
3509957,SP,Sudeste,84.02,70.97,0.4052477199584905,0.32152327627143906,0.3333333333333333,0.2,0.0,0.0,122.71081894876099,50.557097788853696,-0.08372444368705145,True
3510005,SP,Sudeste,39.65,55.705,0.06080136479308471,0.22714935284981777,0.0,0.06451612903225806,0.0,0.053763440860215055,106.79837183483956,138.92997149510933,0.16634798805673306,True
3510203,SP,Sudeste,99.96,128.4,0.3032362444479702,0.19318743207992062,0.041666666666666664,0.05,0.25,0.1,50.61716536247004,63.43787648813489,-0.11004881236804959,True
3510302,SP,Sudeste,55.38,75.005,0.09119169080628356,0.1966405296913243,0.0,0.0,0.07692307692307693,0.21428571428571427,53.75186396342504,32.30984093208332,0.10544883888504075,True
3510401,SP,Sudeste,24.580000000000002,38.300000000000004,0.15550325875363943,0.2927776467416586,0.0,0.024390243902439025,0.15384615384615385,0.24390243902439024,49.276300743447926,80.40253742586509,0.1372743879880192,True
3510500,SP,Sudeste,86.4,80.43999999999998,0.24890998735443695,0.2543363902769421,0.014705882352941176,0.024096385542168676,0.23529411764705882,0.21686746987951808,49.19579012957868,59.92768113339039,0.0054264029225051524,True
3510609,SP,Sudeste,24.94,44.699999999999996,0.20158126155367448,0.15352119193083089,0.06989247311827956,0.025,0.08602150537634409,0.105,50.27873008603871,54.059587846748954,-0.04806006962284359,True
3510708,SP,Sudeste,100.0,191.20499999999998,0.21150755039174474,0.19368658234838235,0.125,0.0,0.0,0.13513513513513514,54.11426533096734,127.43797237562939,-0.01782096804336239,True
3510807,SP,Sudeste,42.71999999999999,85.615,0.23770499939654238,0.17288070677054618,0.13636363636363635,0.07462686567164178,0.0,0.0,67.21876832050575,106.99746456554098,-0.0648242926259962,True
3511003,SP,Sudeste,100.0,171.36999999999998,0.03643818872872538,0.23063197781909567,0.0,0.04878048780487805,0.0,0.12195121951219512,71.91337327104422,92.11763922893701,0.19419378909037027,True
3511102,SP,Sudeste,86.82000000000001,100.365,0.168347466499863,0.12763880303651792,0.0425531914893617,0.012048192771084338,0.10638297872340426,0.09036144578313253,35.85195229715031,63.19309584153721,-0.04070866346334509,True
3511300,SP,Sudeste,100.0,119.33,0.6998318997611295,0.01424503573361586,0.3,0.0,0.4,0.0,67.22691316834671,40.135574337305535,-0.6855868640275136,True
3511409,SP,Sudeste,93.62,88.34500000000001,0.1954398450855301,0.21699509134541706,0.019230769230769232,0.06756756756756757,0.019230769230769232,0.013513513513513514,234.13924789284093,168.3622145780784,0.021555246259886945,True
3511508,SP,Sudeste,67.82,100.57000000000001,0.07280704252744709,0.2545487135300083,0.0,0.06666666666666667,0.07692307692307693,0.16666666666666666,27.427363943030905,31.815907949663078,0.18174167100256122,True
3511607,SP,Sudeste,88.14,124.02,0.27025690128888347,0.3109126205711343,0.07142857142857142,0.03125,0.14285714285714285,0.25,73.96850449887658,83.98180018855794,0.04065571928225081,True
3511706,SP,Sudeste,50.87,117.81000000000002,0.15938090575254993,0.1540591190529577,0.0,0.0,0.16666666666666666,0.13636363636363635,38.734998395754324,69.15429868512214,-0.00532178669959224,True
3511904,SP,Sudeste,81.43999999999998,100.25,0.05915789765531022,0.18383814168458906,0.0,0.1,0.0,0.0,104.44513395692681,68.19043348844403,0.12468024402927885,True
3512001,SP,Sudeste,64.08,94.66,0.2039263269379229,0.05432301656977752,0.07142857142857142,0.0,0.07142857142857142,0.0,68.65584594210483,97.52219339780702,-0.1496033103681454,True
3512209,SP,Sudeste,62.01,80.42999999999999,0.14474237808658574,0.15413682511028465,0.037037037037037035,0.022727272727272728,0.037037037037037035,0.022727272727272728,100.95013634084454,163.0995336070532,0.009394447023698904,True
3512308,SP,Sudeste,56.63,120.63,0.009711959816996204,0.2689492272871813,0.0,0.027777777777777776,0.0,0.19444444444444445,33.64478075509323,101.09213713517026,0.2592372674701851,True
3512605,SP,Sudeste,72.97,163.55,0.415888695026582,0.03884631195873919,0.2,0.0,0.0,0.0,185.6764881774021,75.36150233264746,-0.3770423830678428,True
3512803,SP,Sudeste,52.69,58.67,0.2713721561328885,0.27956637007675295,0.1111111111111111,0.06818181818181818,0.1111111111111111,0.1590909090909091,30.185642887555,73.89363808093889,0.008194213943864437,True
3513009,SP,Sudeste,30.71,25.689999999999998,0.13919498216023385,0.240255060907328,0.021897810218978103,0.02631578947368421,0.0948905109489051,0.19736842105263158,52.89963089702112,59.475309532457004,0.10106007874709416,True
3513108,SP,Sudeste,56.57,80.50999999999999,0.07090867604698504,0.15357188950932826,0.0,0.0,0.047619047619047616,0.12727272727272726,61.494523575134934,79.86847586808335,0.08266321346234322,True
3513306,SP,Sudeste,100.0,166.03,0.2894923646946005,0.12633518111044145,0.0,0.0,0.16666666666666666,0.0,225.03821462406546,200.6345400779202,-0.16315718358415904,True
3513405,SP,Sudeste,60.26,64.58500000000001,0.10817917009986923,0.23629907645213694,0.045454545454545456,0.014492753623188406,0.0,0.1956521739130435,77.00964653278754,81.35889179549991,0.12811990635226772,True
3513504,SP,Sudeste,76.17999999999999,104.27499999999999,0.1542171706147493,0.19867101447088326,0.0,0.041666666666666664,0.1590909090909091,0.125,40.85103735212707,57.805572306198,0.04445384385613396,True
3513603,SP,Sudeste,89.95,91.02,0.25548045750410864,0.16939487863310312,0.0,0.016,0.031914893617021274,0.0,345.49150243835317,227.92562556480382,-0.08608557887100551,True
3513702,SP,Sudeste,97.1,96.42999999999999,0.0,0.11698092658104749,0.0,0.030303030303030304,0.0,0.06060606060606061,19.736671529428357,46.07638727678359,0.11698092658104749,True
3513801,SP,Sudeste,82.53,84.005,0.08874140633151864,0.12310548101707319,0.019762845849802372,0.033854166666666664,0.02766798418972332,0.057291666666666664,69.62648118698868,51.37937027241313,0.03436407468555455,True
3513900,SP,Sudeste,51.52,86.255,0.135952652089105,0.10689712660371711,0.0,0.047619047619047616,0.045454545454545456,0.0,157.3464042843414,70.52498018819331,-0.029055525485387895,True
3514106,SP,Sudeste,63.18,89.24000000000001,0.20229466088948528,0.21664299546089913,0.06666666666666667,0.058823529411764705,0.0,0.03529411764705882,166.21154402988824,159.29738197982445,0.014348334571413851,True
3514403,SP,Sudeste,80.04,158.00499999999997,0.198791405160441,0.23316665757471378,0.028037383177570093,0.02631578947368421,0.037383177570093455,0.11842105263157894,197.2365784386441,148.428330246863,0.03437525241427278,True
3514502,SP,Sudeste,95.77,101.13999999999999,0.2771538870143991,0.11635486751655527,0.1,0.0,0.05,0.08,139.04176701834194,85.91989762702735,-0.1607990194978438,True
3514908,SP,Sudeste,79.95,79.1,0.18061516871474043,0.2131927984859066,0.0,0.0,0.2,0.23076923076923078,27.296416438755056,35.318827440707715,0.03257762977116618,True
3515004,SP,Sudeste,46.76,73.74,0.08254539577578543,0.13480416157443637,0.024793388429752067,0.03680981595092025,0.024793388429752067,0.049079754601226995,53.55840328757198,72.09065335006706,0.052258765798650936,True
3515103,SP,Sudeste,62.24,98.42,0.2228198548881794,0.25778676014346164,0.03418803418803419,0.041666666666666664,0.06837606837606838,0.13690476190476192,179.52644407383218,127.50781087597687,0.03496690525528223,True
3515129,SP,Sudeste,100.0,164.50500000000002,0.16361710695547102,0.12323207846239281,0.0,0.0,0.0,0.0,254.01756067111734,196.19128805139783,-0.04038502849307821,True
3515152,SP,Sudeste,51.03000000000001,84.96,0.02286789486386062,0.016027150822522526,0.0,0.0,0.0,0.0,52.48242220228681,42.68733861273486,-0.0068407440413380954,True
3515186,SP,Sudeste,73.88,97.425,0.2630852689169423,0.1580995959841068,0.11538461538461539,0.0,0.07692307692307693,0.16666666666666666,52.057463063494886,36.90032424186583,-0.10498567293283548,True
3515202,SP,Sudeste,100.0,148.66,0.046049635011984925,0.0957369968209427,0.0,0.0,0.0,0.05,85.67575338526937,94.05673853180818,0.04968736180895777,True
3515350,SP,Sudeste,100.0,220.84,0.17237300497314362,0.11395434962433044,0.0,0.0,0.058823529411764705,0.043478260869565216,192.71366020953792,128.3284390436284,-0.05841865534881317,True
3515400,SP,Sudeste,80.2,78.65,0.13805476914007975,0.1688324897588144,0.06666666666666667,0.0,0.0,0.09433962264150944,74.22811274423039,143.06069634661912,0.030777720618734655,True
3515509,SP,Sudeste,100.0,120.865,0.2073315963753245,0.13044985781380355,0.09090909090909091,0.0410958904109589,0.06060606060606061,0.0547945205479452,45.276798596850654,49.47640886582956,-0.07688173856152095,True
3515707,SP,Sudeste,30.45,64.325,0.18024636672341637,0.2511465096244563,0.05555555555555555,0.10434782608695652,0.05555555555555555,0.09565217391304348,88.76677953187524,35.156944822176364,0.07090014290103991,True
3516002,SP,Sudeste,96.38,100.35000000000001,0.16316078389883146,0.18576818465308984,0.0,0.04,0.03333333333333333,0.02,211.52079237109444,174.71664988236952,0.022607400754258378,True
3516200,SP,Sudeste,23.88,33.335,0.23936122719002523,0.1734931415148855,0.05042016806722689,0.02888086642599278,0.17647058823529413,0.13357400722021662,32.65687573749855,38.4525519993156,-0.06586808567513971,True
3516309,SP,Sudeste,47.53000000000001,57.15500000000001,0.21132272916922856,0.21875044731335241,0.0707070707070707,0.04524886877828054,0.08080808080808081,0.12669683257918551,69.02210047390595,76.73286128611649,0.0074277181441238516,True
3516408,SP,Sudeste,62.51,126.97500000000001,0.15953637304289014,0.24638676811439303,0.05405405405405406,0.03816793893129771,0.08108108108108109,0.19083969465648856,30.29539815990687,50.9944822406266,0.08685039507150288,True
3516705,SP,Sudeste,100.0,116.36,0.17156409781011392,0.1764933603900371,0.047619047619047616,0.027777777777777776,0.09523809523809523,0.1388888888888889,43.56744637381785,38.44593637919928,0.004929262579923183,True
3516903,SP,Sudeste,99.6,142.82999999999998,0.17399451603815197,0.11675724205266852,0.0,0.047619047619047616,0.1111111111111111,0.0,129.39879908949138,84.64342321741383,-0.05723727398548345,True
3517208,SP,Sudeste,62.86,98.28999999999999,0.2778435065774084,0.0445189685201291,0.0,0.0,0.25,0.0,103.75008952113595,83.48403182035591,-0.23332453805727932,True
3517406,SP,Sudeste,79.89,95.41,0.1628331553035538,0.10789436065617944,0.0625,0.0,0.0625,0.1,40.200531453380385,48.699495051917324,-0.05493879464737436,True
3517505,SP,Sudeste,86.13,128.96,0.278647920121536,0.19569470266931524,0.1111111111111111,0.04081632653061224,0.1111111111111111,0.08163265306122448,40.60362023270847,109.80931855181682,-0.08295321745222076,True
3517604,SP,Sudeste,100.0,143.51,0.026653038771325483,0.2764125475870338,0.0,0.041666666666666664,0.0,0.20833333333333334,57.90227138068837,64.51322499326352,0.24975950881570833,True
3517703,SP,Sudeste,69.0,127.16,0.09904706937752766,0.16236025232908408,0.0,0.0,0.06666666666666667,0.10638297872340426,77.87465980290483,118.67522923393913,0.06331318295155641,True
3517802,SP,Sudeste,100.0,141.11,0.1804601163915422,0.1101260558872072,0.05263157894736842,0.0,0.0,0.0,165.09194324450124,177.42511497508622,-0.070334060504335,True
3517901,SP,Sudeste,70.03,101.43999999999998,0.1478002078397092,0.022843310974785,0.0,0.0,0.125,0.0,74.45711202737026,52.44722117049893,-0.1249568968649242,True
3518107,SP,Sudeste,100.0,163.37000000000003,0.03515562773165986,0.31325065766284643,0.0,0.2,0.0,0.0,70.07690751541298,38.71175022344508,0.27809502993118657,True
3518206,SP,Sudeste,32.18,57.775,0.13280386857699208,0.21917691883901755,0.0,0.02564102564102564,0.06521739130434782,0.1794871794871795,128.02942018434516,53.18967379141238,0.08637305026202546,True
3518305,SP,Sudeste,58.37,5.6,0.2485561473240468,0.10092364807370317,0.11764705882352941,0.03571428571428571,0.058823529411764705,0.03571428571428571,49.11467309875458,42.7087068576757,-0.1476324992503436,True
3518404,SP,Sudeste,44.4,41.324999999999996,0.17862365851248763,0.16851227126570573,0.06382978723404255,0.030201342281879196,0.05319148936170213,0.06711409395973154,71.63939488136798,111.91164533279135,-0.0101113872467819,True
3518503,SP,Sudeste,99.66,114.46000000000001,0.4849299056961629,0.07833680531879554,0.2,0.0,0.2,0.045454545454545456,33.47457617468007,74.84777083340946,-0.40659310037736734,True
3518602,SP,Sudeste,40.7,32.275,0.21530937786310117,0.19587513947549962,0.045454545454545456,0.038461538461538464,0.13636363636363635,0.11538461538461539,59.22917898451496,72.75644444875365,-0.019434238387601555,True
3518701,SP,Sudeste,62.44,61.24,0.4559889116409429,0.2861361749096445,0.12605042016806722,0.09649122807017543,0.2857142857142857,0.14473684210526316,43.26720076711148,40.51618513303132,-0.16985273673129841,True
3518800,SP,Sudeste,42.83,49.69,0.19515004085443344,0.2041299510551331,0.06129597197898424,0.07046070460704607,0.09632224168126094,0.0921409214092141,46.603166162291735,45.02596859575406,0.008979910200699659,True
3519006,SP,Sudeste,97.74,118.66,0.3601190476190476,0.3333333333333333,0.017857142857142856,0.0,0.0,0.0,1126.1525824858822,527.4019362447398,-0.0267857142857143,True
3519071,SP,Sudeste,68.17,49.915,0.2214542239618057,0.25044055953335115,0.020833333333333332,0.027777777777777776,0.19791666666666666,0.21296296296296297,43.64194610872939,51.34373953208992,0.028986335571545452,True
3519105,SP,Sudeste,93.9,141.47,0.028533745455893506,0.2378471888577336,0.0,0.09523809523809523,0.0,0.047619047619047616,60.595206399372316,95.9760112935898,0.20931344340184008,True
3519204,SP,Sudeste,100.0,114.17,0.05471784164437915,0.123522901251015,0.0,0.0,0.0,0.1,98.08753315991535,71.07759611578587,0.06880505960663585,True
3519303,SP,Sudeste,63.38,65.26,0.27000588645706475,0.15088360909265902,0.15789473684210525,0.05,0.0,0.05,67.22483422967811,65.62918866893025,-0.11912227736440573,True
3519402,SP,Sudeste,79.7,149.7,0.5450285437162294,0.28831583709789316,0.3,0.1111111111111111,0.2,0.05555555555555555,71.79912027720967,124.18581122440125,-0.2567127066183363,True
3519501,SP,Sudeste,98.34,109.63,0.31614226416548574,0.23012721194236177,0.1,0.07692307692307693,0.1,0.07692307692307693,132.10315411912742,87.47379377855009,-0.08601505222312397,True
3519600,SP,Sudeste,39.38,46.82,0.23382877737205082,0.1395037895779993,0.07792207792207792,0.045871559633027525,0.05194805194805195,0.027522935779816515,121.97948096472746,86.41731480495623,-0.09432498779405152,True
3519709,SP,Sudeste,57.4,95.67,0.5018335029488524,0.2671566852911187,0.1111111111111111,0.0594059405940594,0.37037037037037035,0.16831683168316833,34.728812809419225,63.39214840798582,-0.23467681765773374,True
3519808,SP,Sudeste,100.0,133.57,0.32413578790297026,0.48968512608545334,0.1111111111111111,0.07692307692307693,0.1111111111111111,0.38461538461538464,105.73651579745494,78.3983143863525,0.16554933818248307,True
3519907,SP,Sudeste,89.95,137.81,0.26633775474911703,0.17226315919234658,0.0,0.0,0.07142857142857142,0.05555555555555555,311.4362195470176,196.6586661828567,-0.09407459555677045,True
3520004,SP,Sudeste,50.87,83.31000000000002,0.13061189106273607,0.13443686388332265,0.06666666666666667,0.03225806451612903,0.0,0.06451612903225806,63.57084907906852,61.96373284197291,0.0038249728205865807,True
3520103,SP,Sudeste,76.02,80.11,0.11252033817158028,0.12307086747639762,0.0,0.0,0.06896551724137931,0.10256410256410256,94.28093345835498,67.21161984339909,0.010550529304817341,True
3520202,SP,Sudeste,42.44,144.04,0.15929208467002767,0.2542391879728352,0.0,0.1,0.14285714285714285,0.1,68.49594006479438,43.465748291148216,0.0949471033028075,True
3520400,SP,Sudeste,100.0,169.9,0.16525015393063727,0.09384414720412805,0.08333333333333333,0.0,0.0,0.061224489795918366,77.3716271638308,77.25630158034308,-0.07140600672650922,True
3520426,SP,Sudeste,100.0,169.53,0.3078688431424637,0.17466551721626256,0.2,0.0625,0.0,0.0625,31.005669894747147,57.14298293182256,-0.13320332592620115,True
3520442,SP,Sudeste,100.0,136.99,0.02536840502532441,0.11627781142311797,0.0,0.024390243902439025,0.0,0.04878048780487805,56.062837709730786,72.61381766457086,0.09090940639779356,True
3520509,SP,Sudeste,50.71,49.12,0.15176730583125647,0.09731725597625882,0.0410958904109589,0.013422818791946308,0.0958904109589041,0.08053691275167785,28.412590715140748,29.156771280030828,-0.054450049854997656,True
3520608,SP,Sudeste,100.0,137.52,0.37495099572303164,0.3825453502733357,0.0,0.0,0.4,0.4,79.32972698235612,90.20388587200401,0.00759435455030405,True
3520707,SP,Sudeste,100.0,173.48,0.11736784090493126,0.014476333516352616,0.0,0.0,0.0,0.0,187.79443871494902,40.466763620560954,-0.10289150738857863,True
3520905,SP,Sudeste,53.33,70.19,0.2568615482268569,0.1908812482784263,0.06451612903225806,0.014925373134328358,0.03225806451612903,0.029850746268656716,208.4698151213751,223.52781952686894,-0.0659802999484306,True
3521002,SP,Sudeste,83.82000000000001,69.56,0.1990665221682867,0.048554211185608084,0.0,0.0,0.2222222222222222,0.045454545454545456,25.8208490811104,32.20284839728104,-0.15051231098267864,True
3521309,SP,Sudeste,100.0,149.315,0.02438627464130347,0.08816975663811807,0.0,0.0,0.0,0.034482758620689655,54.656550740186155,102.70021472000802,0.0637834819968146,True
3521408,SP,Sudeste,43.4,49.449999999999996,0.022858445203906647,0.0900711768047889,0.0,0.0,0.0,0.1,52.46889147981237,23.17894135171283,0.06721273160088226,True
3521705,SP,Sudeste,61.81,154.685,0.3666770662182081,0.22445305093770695,0.0,0.030303030303030304,0.38461538461538464,0.15151515151515152,67.48250237870707,85.84464372417312,-0.14222401528050116,True
3521804,SP,Sudeste,68.32,78.33,0.3930483261864076,0.18367667487097755,0.09090909090909091,0.0392156862745098,0.2727272727272727,0.0784313725490196,44.923758509590456,100.05746074763296,-0.20937165131543006,True
3521903,SP,Sudeste,99.22,103.0,0.27888672462841996,0.09006525582368524,0.16666666666666666,0.0,0.0,0.025,61.10062810194943,117.31804839849202,-0.18882146880473472,True
3522109,SP,Sudeste,82.85,80.38,0.07500000000000001,0.06442113717466905,0.05,0.019230769230769232,0.0,0.038461538461538464,17.025703307797205,22.39655899950063,-0.010578862825330965,True
3522158,SP,Sudeste,100.0,102.27,0.32296499667234285,0.3800067784339786,0.14285714285714285,0.0,0.0,0.42857142857142855,175.35351760385282,86.5689708372761,0.05704178176163577,True
3522208,SP,Sudeste,50.36,59.239999999999995,0.1372440820699375,0.23011042313991847,0.007246376811594203,0.05144694533762058,0.08695652173913043,0.10610932475884244,91.53424344582223,105.53014025611789,0.09286634106998098,True
3522307,SP,Sudeste,46.25,55.214999999999996,0.2474855023620112,0.2788355134062523,0.08064516129032258,0.07211538461538461,0.12903225806451613,0.15865384615384615,38.921630619403615,64.94723170817349,0.031350011044241094,True
3522406,SP,Sudeste,66.7,81.095,0.22133941401525442,0.23928282741450946,0.03614457831325301,0.026595744680851064,0.13253012048192772,0.1595744680851064,92.67169780794923,104.92469485399727,0.017943413399255037,True
3522505,SP,Sudeste,47.660000000000004,36.555,0.23153704136479167,0.16707964058698194,0.056338028169014086,0.018691588785046728,0.15492957746478872,0.1308411214953271,35.783637598338856,54.58446399673843,-0.06445740077780973,True
3522604,SP,Sudeste,66.07,78.20500000000001,0.2314430114119153,0.26234348358248005,0.0,0.02564102564102564,0.23076923076923078,0.21367521367521367,61.45083297360438,72.08247774182254,0.03090047217056474,True
3522703,SP,Sudeste,39.15,37.84499999999999,0.24953844797827562,0.15221580126536455,0.075,0.0,0.1,0.09900990099009901,90.43015618118447,113.40508627742484,-0.09732264671291108,True
3522802,SP,Sudeste,91.24,115.18500000000002,0.3111541251060073,0.11228536911941292,0.13333333333333333,0.0,0.06666666666666667,0.06896551724137931,95.21043821636307,93.94448737982478,-0.1988687559865944,True
3522901,SP,Sudeste,68.58,76.87,0.027876933350723797,0.11165868257195437,0.0,0.047619047619047616,0.0,0.0,59.65473421770764,77.34292841770942,0.08378174922123058,True
3523107,SP,Sudeste,34.65,27.34,0.24765730755373655,0.2961259378068367,0.07878787878787878,0.05583756345177665,0.12121212121212122,0.20812182741116753,52.97335248844213,62.569411517487495,0.048468630253100164,True
3523206,SP,Sudeste,43.58,87.285,0.23609449772142205,0.1879992138883952,0.043478260869565216,0.06493506493506493,0.017391304347826087,0.05194805194805195,242.58164110798234,84.25096971567675,-0.04809528383302686,True
3523404,SP,Sudeste,73.18999999999998,81.03999999999999,0.0837332673787191,0.1315210657693372,0.022222222222222223,0.032,0.044444444444444446,0.072,36.11367193126378,48.94843939695228,0.0477877983906181,True
3523503,SP,Sudeste,41.53000000000001,49.32,0.01669848887807441,0.15744423345397565,0.0,0.0,0.0,0.16666666666666666,43.6486101251962,35.9619276690218,0.14074574457590125,True
3523602,SP,Sudeste,69.5,105.78,0.01423965724961328,0.16353621956881795,0.0,0.0,0.0,0.1111111111111111,40.12787302585871,114.42383620498548,0.14929656231920466,True
3523800,SP,Sudeste,76.63,135.93,0.08018805031022243,0.048417098823855545,0.0,0.0,0.0,0.0,134.55766293200736,89.06566328284481,-0.03177095148636688,True
3523909,SP,Sudeste,28.46,21.015000000000004,0.025011205048764397,0.09131606875299675,0.0,0.02459016393442623,0.02702702702702703,0.04918032786885246,21.624314637393265,35.940437003289624,0.06630486370423236,True
3524006,SP,Sudeste,67.31,61.74,0.19930056700993087,0.1305120506573352,0.07692307692307693,0.02,0.07692307692307693,0.1,43.33392213974288,38.12895724408552,-0.06878851635259567,True
3524105,SP,Sudeste,100.0,105.18999999999998,0.14300879211462308,0.09188291790388765,0.0,0.0,0.15384615384615385,0.08823529411764706,31.385798716698474,40.54137499141267,-0.05112587421073543,True
3524303,SP,Sudeste,55.3,60.910000000000004,0.22361358881147098,0.16919723791570648,0.043478260869565216,0.016666666666666666,0.13043478260869565,0.15,82.80694544463725,37.91558465895048,-0.05441635089576449,True
3524402,SP,Sudeste,91.03,76.31000000000002,0.13725886901710507,0.14784969833924452,0.03333333333333333,0.037914691943127965,0.06666666666666667,0.08530805687203792,60.995442103343066,42.919724573658996,0.01059082932213945,True
3524501,SP,Sudeste,99.8,126.42,0.042706480427835765,0.2219941687363587,0.0,0.07142857142857142,0.0,0.07142857142857142,80.8887772308262,94.52671899758336,0.17928768830852293,True
3524709,SP,Sudeste,52.83,56.08,0.2111361251623814,0.4329578429610983,0.022727272727272728,0.05263157894736842,0.1590909090909091,0.40350877192982454,73.53792229965327,49.34553898224365,0.2218217177987169,True
3524808,SP,Sudeste,77.97,92.08,0.2252457184941089,0.19361660190540947,0.07272727272727272,0.031055900621118012,0.07272727272727272,0.07453416149068323,94.76290241639349,136.70803486197943,-0.031629116588699435,True
3525003,SP,Sudeste,61.26,57.07,0.14941121545496402,0.12385102633634562,0.045454545454545456,0.020833333333333332,0.09090909090909091,0.10416666666666667,21.930455556616355,21.570945743625202,-0.025560189118618404,True
3525102,SP,Sudeste,64.7,94.43500000000002,0.1260745227723466,0.20228618648552565,0.0,0.030303030303030304,0.13333333333333333,0.13636363636363635,32.88782547507084,73.12420084262021,0.07621166371317906,True
3525201,SP,Sudeste,87.98,66.825,0.17292641942160752,0.12137480623672406,0.0,0.022222222222222223,0.17647058823529413,0.06666666666666667,45.823593470959175,62.116032266833024,-0.051551613184883466,True
3525300,SP,Sudeste,42.03000000000001,43.585,0.15308646786538932,0.11356335566444704,0.07142857142857142,0.02727272727272727,0.03571428571428571,0.03636363636363636,40.691756558237934,78.1229172025814,-0.039523112200942276,True
3525508,SP,Sudeste,81.31000000000002,99.85000000000001,0.1215991083203703,0.1881298243882814,0.0,0.0,0.1,0.1875,68.32296702123374,53.74772076923722,0.06653071606791111,True
3525607,SP,Sudeste,94.18999999999998,160.14000000000001,0.0651270347604981,0.34316284132311875,0.0,0.041666666666666664,0.0,0.125,112.99218622923702,264.6996635734792,0.27803580656262067,True
3525706,SP,Sudeste,69.51,73.74000000000001,0.2836876566741826,0.1585223133786774,0.06666666666666667,0.03076923076923077,0.13333333333333333,0.07692307692307693,115.38257444014798,84.0743396946399,-0.12516534329550522,True
3525904,SP,Sudeste,58.45,58.75,0.1906244283430075,0.19099306195659227,0.024054982817869417,0.03316326530612245,0.140893470790378,0.14285714285714285,64.15935136392943,42.65931904761971,0.0003686336135847734,True
3526001,SP,Sudeste,97.27,153.61999999999998,0.2505267881318564,0.2733103549566654,0.0,0.06349206349206349,0.25,0.1111111111111111,64.63599038958903,135.2376142775905,0.022783566824808976,True
3526209,SP,Sudeste,85.6,130.23999999999998,0.1728893523686485,0.279219424568651,0.0,0.03614457831325301,0.18181818181818182,0.1566265060240964,39.05767782567118,145.30036038665133,0.10633007220000251,True
3526407,SP,Sudeste,75.72,91.625,0.08401492708414762,0.22649936319782502,0.0,0.0847457627118644,0.0,0.05084745762711865,140.03726831718123,98.2102752778717,0.1424844361136774,True
3526704,SP,Sudeste,43.92,62.915000000000006,0.1358846302717819,0.14493320033309776,0.04081632653061224,0.04838709677419355,0.061224489795918366,0.04838709677419355,49.78722097297661,62.59784358855028,0.009048570061315847,True
3526803,SP,Sudeste,74.04,87.765,0.29665490084848434,0.12859542217622516,0.06060606060606061,0.038461538461538464,0.21212121212121213,0.05128205128205128,48.06455708109254,56.88838746084362,-0.16805947867225918,True
3526902,SP,Sudeste,46.98,49.735,0.13580995221012873,0.12417799441520154,0.022556390977443608,0.030120481927710843,0.09774436090225563,0.08433734939759036,43.055746402609785,26.983847292983885,-0.011631957794927192,True
3527108,SP,Sudeste,48.27,70.59,0.18118078316538616,0.1378096284412413,0.07692307692307693,0.03773584905660377,0.05128205128205128,0.05660377358490566,49.57588321533705,64.96024956496004,-0.04337115472414485,True
3527207,SP,Sudeste,67.3,60.36,0.1703808178863061,0.11944693612628052,0.0625,0.027777777777777776,0.046875,0.041666666666666664,70.62191356699175,78.80581014472843,-0.050933881760025584,True
3527306,SP,Sudeste,58.12,33.96,0.06969593206007885,0.1375047354423362,0.0,0.023809523809523808,0.07142857142857142,0.09523809523809523,29.869904713197176,45.937088099248626,0.06780880338225737,True
3527405,SP,Sudeste,48.71999999999999,65.42,0.09553490884713692,0.12503358194164174,0.0,0.025,0.037037037037037035,0.05,110.039796138698,82.31048198764293,0.029498673094504824,True
3528007,SP,Sudeste,80.65,98.13,0.15945383976118832,0.08301484027078353,0.0,0.0,0.07142857142857142,0.027777777777777776,158.39191978097358,103.735794023282,-0.0764389994904048,True
3528106,SP,Sudeste,100.0,187.14000000000001,0.35513052800528544,0.05543614052195077,0.0,0.0,0.4,0.0,50.949314426916594,99.11604665283053,-0.29969438748333466,True
3528403,SP,Sudeste,73.26,64.4,0.2922280238079888,0.39206886329388335,0.0,0.03571428571428571,0.3333333333333333,0.42857142857142855,11.648371329163403,27.13282047923874,0.09984083948589456,True
3528502,SP,Sudeste,44.21,73.1,0.11065841497862093,0.1442848692802277,0.03508771929824561,0.03225806451612903,0.03508771929824561,0.08602150537634409,58.77994234641947,49.06911246315436,0.03362645430160678,True
3528700,SP,Sudeste,100.0,290.0,0.0872300953118928,0.16316074329426608,0.0,0.0,0.0,0.14285714285714285,144.6409841344851,74.03537179544631,0.07593064798237328,True
3528809,SP,Sudeste,77.15,96.655,0.07796103679815766,0.11641506024185691,0.0,0.027777777777777776,0.0,0.0,131.36886016816808,126.76875983957602,0.03845402344369925,True
3529005,SP,Sudeste,59.410000000000004,73.92,0.13123587698170291,0.19947538012187807,0.03787878787878788,0.020202020202020204,0.06060606060606061,0.14646464646464646,50.21638469593964,78.11473155151718,0.06823950314017516,True
3529203,SP,Sudeste,91.86,134.075,0.024975123234523937,0.1808644486498413,0.0,0.022727272727272728,0.0,0.11363636363636363,55.499707735584614,87.25183802922075,0.15588932541531736,True
3529302,SP,Sudeste,82.52,101.57000000000001,0.21573067616382105,0.26210039115503414,0.05405405405405406,0.05785123966942149,0.13513513513513514,0.15702479338842976,42.90444478742755,73.6662845144474,0.04636971499121309,True
3529401,SP,Sudeste,44.660000000000004,69.6,0.18835316779534755,0.27293696720092037,0.041379310344827586,0.036036036036036036,0.1310344827586207,0.22072072072072071,36.073809845687954,56.08026079915303,0.08458379940557281,True
3529500,SP,Sudeste,100.0,113.65,0.5090981644722268,0.2595403539638889,0.2,0.09090909090909091,0.2,0.09090909090909091,68.080477739616,81.9937332467069,-0.24955781050833786,True
3529708,SP,Sudeste,43.03000000000001,103.135,0.1284833730655371,0.1370761089699454,0.0,0.06451612903225806,0.0,0.0,203.71048030304942,77.4457430973064,0.008592735904408316,True
3529807,SP,Sudeste,76.08,93.49,0.4911303776702197,0.22722447209259217,0.2,0.0,0.2,0.25,42.35287083291441,31.27000972206739,-0.26390590557762755,True
3529906,SP,Sudeste,100.0,135.98,0.004220786235759753,0.23362964984892914,0.0,0.1111111111111111,0.0,0.05555555555555555,25.78211202959749,45.882081094964214,0.2294088636131694,True
3530102,SP,Sudeste,97.38,100.06000000000002,0.19048076540240924,0.16376822247279557,0.05,0.021739130434782608,0.05,0.10869565217391304,122.32732758755739,71.09661973339227,-0.02671254292961367,True
3530201,SP,Sudeste,100.0,188.74,0.34147588014606595,0.26641194894667103,0.0,0.0,0.36363636363636365,0.3,52.21577503286998,24.616482512608194,-0.07506393119939492,True
3530300,SP,Sudeste,21.0,21.18,0.2845666906780634,0.18987347597721774,0.050505050505050504,0.047619047619047616,0.1414141414141414,0.07936507936507936,141.20948999336522,89.70958392328356,-0.09469321470084566,True
3530508,SP,Sudeste,50.73,65.175,0.2178231343185276,0.18812302569115444,0.05102040816326531,0.05982905982905983,0.08163265306122448,0.06837606837606838,119.57800577154472,74.77287894107907,-0.029700108627373156,True
3530607,SP,Sudeste,51.11,34.005,0.17297165032535594,0.2322379705334835,0.033707865168539325,0.05183585313174946,0.12359550561797752,0.1511879049676026,39.86438565355816,51.154026714478874,0.059266320208127554,True
3530706,SP,Sudeste,41.25,53.57,0.07059147907666913,0.0506652308578643,0.018518518518518517,0.014492753623188406,0.037037037037037035,0.014492753623188406,34.54966936936344,42.96423920240936,-0.01992624821880483,True
3530805,SP,Sudeste,30.9,58.449999999999996,0.40543231807832114,0.2705900690314975,0.11363636363636363,0.11666666666666667,0.25,0.1,42.37175923044467,31.08129968520273,-0.13484224904682363,True
3531100,SP,Sudeste,61.9,69.44000000000001,0.12959933422613779,0.07604083384934772,0.08,0.045454545454545456,0.0,0.0,33.48351509888468,30.99159818882271,-0.053558500376790066,True
3531308,SP,Sudeste,47.71999999999999,47.435,0.05488429959562561,0.17475394512978587,0.0,0.047058823529411764,0.030303030303030304,0.07058823529411765,60.28645163205674,80.28115848214213,0.11986964553416027,True
3531407,SP,Sudeste,71.53,78.54,0.22698729076348023,0.2467769405167343,0.0,0.05357142857142857,0.011111111111111112,0.125,330.807889368804,101.11801873383462,0.019789649753254063,True
3531506,SP,Sudeste,81.49,108.86,0.16231230752556722,0.12141916882554102,0.037037037037037035,0.0,0.037037037037037035,0.07894736842105263,126.10806163045815,94.49270865714568,-0.0408931387000262,True
3531605,SP,Sudeste,100.0,165.79,0.08437016349422233,0.3488236696545891,0.0,0.0,0.0,0.4,140.545922099534,41.91868788114534,0.2644535061603668,True
3531803,SP,Sudeste,84.08,74.18999999999998,0.3170501558026541,0.25359937383668674,0.0625,0.044444444444444446,0.25,0.2,25.650883226542994,36.34233554868403,-0.06345078196596737,True
3531902,SP,Sudeste,92.49,104.28,0.12396792298640195,0.05724783518038351,0.0,0.0,0.1,0.02564102564102564,71.7148111717712,69.52295654820912,-0.06672008780601844,True
3532009,SP,Sudeste,71.47,68.29,0.16185194061406938,0.1239631308930101,0.0,0.06666666666666667,0.16666666666666666,0.0,42.27320898732407,54.0506622052719,-0.03788880972105928,True
3532157,SP,Sudeste,100.0,131.57,0.14899589155001347,0.36104244819956705,0.0,0.05,0.0,0.05,233.0818223637259,366.55016797993267,0.21204655664955357,True
3532405,SP,Sudeste,3.54,66.03999999999999,0.16090784763309546,0.13637356349545615,0.0,0.02631578947368421,0.021739130434782608,0.05263157894736842,222.84908755122711,92.41841566638392,-0.024534284137639306,True
3532504,SP,Sudeste,77.22,72.17,0.13509273305022979,0.11927365562494416,0.0,0.038461538461538464,0.07142857142857142,0.0,123.50988427052663,107.91520941919917,-0.015819077425285627,True
3532603,SP,Sudeste,100.0,170.22,0.2398369152678993,0.08898027566418384,0.14285714285714285,0.0,0.0,0.07692307692307693,56.32457848916378,50.585396100109016,-0.15085663960371545,True
3532900,SP,Sudeste,94.48,112.76,0.1474306579197962,0.03723455135927631,0.0,0.0,0.09090909090909091,0.0,116.7223199867341,73.05366422283315,-0.1101961065605199,True
3533007,SP,Sudeste,32.38,74.72,0.36332957433941854,0.3224961626023492,0.125,0.08,0.125,0.10666666666666667,114.59163338466055,175.78868215249733,-0.040833411737069336,True
3533403,SP,Sudeste,29.830000000000002,58.485,0.2646403796001842,0.2686183415366022,0.06666666666666667,0.023255813953488372,0.16666666666666666,0.2558139534883721,46.265902294997964,33.29345975408031,0.003977961936417973,True
3533502,SP,Sudeste,48.75,71.74499999999999,0.23172431095783796,0.09350342401873699,0.07142857142857142,0.0,0.10714285714285714,0.0625,63.626873337898495,75.16727949994973,-0.13822088693910098,True
3533601,SP,Sudeste,93.83,155.87000000000003,0.1762398850957747,0.22208019261791626,0.0,0.0,0.14285714285714285,0.2222222222222222,92.76305499060949,58.77352563125203,0.04584030752214155,True
3533908,SP,Sudeste,72.63,72.285,0.052242403157891845,0.11165272109337503,0.0,0.06521739130434782,0.03125,0.0,55.31485665482704,39.53647596591115,0.05941031793548318,True
3534302,SP,Sudeste,58.28000000000001,45.660000000000004,0.07546717211182638,0.14971008231420788,0.0,0.02127659574468085,0.023255813953488372,0.06382978723404255,98.60491048624947,108.28074253180172,0.0742429102023815,True
3534401,SP,Sudeste,43.88,43.985,0.18599005073806518,0.2172545272397259,0.029154518950437316,0.04630969609261939,0.13994169096209913,0.14616497829232997,47.76543696302927,47.87405021102034,0.031264476501660726,True
3534609,SP,Sudeste,75.59,104.365,0.21462068570108522,0.21455081328793826,0.07407407407407407,0.031578947368421054,0.07407407407407407,0.10526315789473684,74.96587810009824,126.98563838710324,-6.987241314695969e-05,True
3534708,SP,Sudeste,59.14,47.12,0.13669590511721819,0.17774455915073767,0.046875,0.019736842105263157,0.046875,0.13157894736842105,55.94890957162161,66.68408343982932,0.04104865403351948,True
3534757,SP,Sudeste,100.0,136.0,0.031381901292736915,0.09645372353300077,0.0,0.0,0.0,0.047619047619047616,64.67340671345606,98.07181310863635,0.06507182224026387,True
3534807,SP,Sudeste,81.11,151.845,0.3794760367452832,0.2373642607508193,0.15789473684210525,0.0,0.0,0.18181818181818182,223.97229710130043,131.3776233192807,-0.1421117759944639,True
3534906,SP,Sudeste,73.93999999999998,84.22,0.24101958409071628,0.0031390588993656394,0.11764705882352941,0.0,0.0,0.0,112.16450734532948,24.233214772653614,-0.23788052519135064,True
3535002,SP,Sudeste,100.0,158.84,0.47216417939890126,0.12753828991157168,0.375,0.0,0.125,0.10526315789473684,61.614116032820434,70.22027869126268,-0.3446258894873296,True
3535101,SP,Sudeste,100.0,107.28999999999999,0.02563995782270405,0.10579011989558973,0.0,0.0,0.0,0.08333333333333333,56.451667102153124,66.6081729877694,0.08015016207288568,True
3535200,SP,Sudeste,95.65,117.92999999999999,0.09082290199723603,0.19127845991380676,0.0,0.0196078431372549,0.0,0.0392156862745098,149.785430643721,202.28369608512216,0.10045555791657074,True
3535309,SP,Sudeste,93.41,102.14999999999999,0.2837089701146191,0.2261501933289619,0.08333333333333333,0.030927835051546393,0.041666666666666664,0.061855670103092786,194.68551313015777,199.48242408787064,-0.057558776785657184,True
3535408,SP,Sudeste,79.27,98.425,0.16429500390901927,0.18732356089635008,0.0,0.0,0.1,0.1875,129.45811017150933,52.593253031378886,0.023028556987330806,True
3535507,SP,Sudeste,81.56000000000002,93.89999999999999,0.1509797559830804,0.1667859071217706,0.023809523809523808,0.04040404040404041,0.07142857142857142,0.050505050505050504,95.11974204000681,108.37559310893964,0.015806151138690216,True
3535804,SP,Sudeste,98.86,108.27,0.10544606023711661,0.14459486300932842,0.0,0.07142857142857142,0.09090909090909091,0.0,56.60566582010429,73.3650316796519,0.039148802772211805,True
3536000,SP,Sudeste,94.26,117.845,0.23089365678092305,0.11268842355403677,0.07692307692307693,0.05,0.0,0.0,185.132872012093,73.70355202155605,-0.11820523322688628,True
3536307,SP,Sudeste,83.33,128.62,0.023661500236632497,0.026852665352916267,0.0,0.0,0.0,0.0,53.618765108328,58.18811149421435,0.00319116511628377,True
3536505,SP,Sudeste,82.55,74.17999999999999,0.192111800879367,0.07424854320322916,0.05172413793103448,0.008333333333333333,0.10344827586206896,0.041666666666666664,53.86596109024627,55.85039801160813,-0.11786325767613784,True
3536703,SP,Sudeste,84.92999999999999,97.02499999999999,0.2080115616778339,0.2273613422963453,0.05,0.058823529411764705,0.1,0.08823529411764706,84.66416235359893,108.18758529799582,0.019349780618511392,True
3537008,SP,Sudeste,100.0,134.32,0.020913362652532685,0.21648148909301862,0.0,0.043478260869565216,0.0,0.13043478260869565,49.683778330693556,72.59467723388335,0.19556812644048593,True
3537107,SP,Sudeste,84.42,88.625,0.15331059663799895,0.2364803651054779,0.06060606060606061,0.05714285714285714,0.030303030303030304,0.12857142857142856,71.05014370859747,74.22064807333068,0.08316976846747895,True
3537305,SP,Sudeste,85.99,79.02,0.3307722637847983,0.2017258443681073,0.08695652173913043,0.1095890410958904,0.21739130434782608,0.0136986301369863,33.704958942047924,56.01201600154874,-0.12904641941669098,True
3537404,SP,Sudeste,100.0,116.2,0.46542441928362577,0.2339663623372927,0.21428571428571427,0.08571428571428572,0.14285714285714285,0.08571428571428572,46.593656146137754,63.05350401336514,-0.23145805694633306,True
3537602,SP,Sudeste,89.57000000000001,87.47,0.0,0.09393961132315416,0.0,0.027777777777777776,0.0,0.05555555555555555,7.728663486310678,24.847796750426944,0.09393961132315416,True
3537800,SP,Sudeste,28.72,46.870000000000005,0.2621366491995134,0.16804792024579718,0.0,0.04,0.2857142857142857,0.07,36.427665288472696,86.5784070952909,-0.09408872895371623,True
3537909,SP,Sudeste,72.73,84.47500000000001,0.07706264117810636,0.33209195793679325,0.0,0.05555555555555555,0.047619047619047616,0.25,70.30622629376647,62.10420299102807,0.2550293167586869,True
3538006,SP,Sudeste,62.45,59.34499999999999,0.29270018794587827,0.1670280459627079,0.12371134020618557,0.046296296296296294,0.09278350515463918,0.10185185185185185,56.66845104279423,31.61115530551519,-0.12567214198317037,True
3538204,SP,Sudeste,61.36,68.97,0.13260872969991366,0.0013831151251213246,0.0,0.0,0.125,0.0,52.704829332834294,21.718924522449772,-0.13122561457479234,True
3538501,SP,Sudeste,89.72,112.08,0.38945868787817217,0.1594882489662499,0.18181818181818182,0.05555555555555555,0.09090909090909091,0.05555555555555555,72.76487219448015,59.043770256200595,-0.22997043891192226,True
3538600,SP,Sudeste,29.81,66.11,0.07547441187387745,0.16442971089097644,0.0,0.02040816326530612,0.05263157894736842,0.10204081632653061,61.739845766927715,83.25627674402311,0.08895529901709899,True
3538709,SP,Sudeste,60.29,55.705,0.16164029804827004,0.268678295438364,0.022900763358778626,0.022857142857142857,0.13740458015267176,0.25142857142857145,29.516382187782977,39.74055143700919,0.10703799739009398,True
3538808,SP,Sudeste,96.03,110.97500000000001,0.18922398695811868,0.06987849971466364,0.1111111111111111,0.02857142857142857,0.0,0.0,52.037718544446605,58.429656475061975,-0.11934548724345503,True
3538907,SP,Sudeste,50.910000000000004,110.64999999999999,0.18868834215127922,0.21675437304130868,0.0,0.06779661016949153,0.2,0.05084745762711865,38.85618364623853,120.66025364227713,0.02806603089002946,True
3539004,SP,Sudeste,100.0,142.68,0.17568454970313827,0.08598449679034192,0.07692307692307693,0.0,0.0,0.041666666666666664,106.08038657139427,90.55323001697508,-0.08970005291279634,True
3539103,SP,Sudeste,56.37,76.21,0.005812493625993718,0.08283035673008289,0.0,0.0,0.0,0.08333333333333333,28.061236470335896,33.732684876615785,0.07701786310408917,True
3539202,SP,Sudeste,100.0,142.82,0.5173132413740132,0.060622835677524356,0.23529411764705882,0.0,0.17647058823529413,0.0625,61.65079652456116,28.086419679790996,-0.4566904056964889,True
3539301,SP,Sudeste,62.2,69.295,0.14524224609186237,0.1967167792235326,0.03225806451612903,0.05263157894736842,0.0967741935483871,0.12280701754385964,36.942093766151025,34.20964767101828,0.05147453313167022,True
3539400,SP,Sudeste,54.93,79.385,0.24031208337690305,0.07808850255525239,0.11764705882352941,0.0,0.0,0.034482758620689655,111.15145546243626,88.26512902867645,-0.16222358082165067,True
3539509,SP,Sudeste,51.13,89.21,0.17976231386823088,0.2148463016826526,0.03333333333333333,0.09259259259259259,0.016666666666666666,0.037037037037037035,184.62007680851636,82.00728839420356,0.03508398781442171,True
3539806,SP,Sudeste,48.46999999999999,30.63,0.20571261867421653,0.2693443924493003,0.0375,0.07446808510638298,0.125,0.1595744680851064,76.837474892254,45.148328522529766,0.06363177377508378,True
3539905,SP,Sudeste,49.96999999999999,125.17,0.23206964056926488,0.1649689716011384,0.09090909090909091,0.0625,0.0,0.0,156.77741777531006,121.71507225095564,-0.06710066896812647,True
3540002,SP,Sudeste,100.0,163.91000000000003,0.20692675583913,0.4935241279705072,0.0,0.2222222222222222,0.2,0.16666666666666666,64.97129415670024,39.89465723917879,0.2865973721313772,True
3540200,SP,Sudeste,64.39,91.91,0.019250319338217105,0.09049778321469065,0.0,0.0,0.0,0.04918032786885246,47.302509834411644,87.58378010238363,0.07124746387647354,True
3540606,SP,Sudeste,92.67,79.495,0.2821194060953052,0.2079638777392156,0.0625,0.033707865168539325,0.1875,0.1348314606741573,54.09077158836519,75.86433943860683,-0.07415552835608963,True
3540705,SP,Sudeste,80.73,69.795,0.14659683400134435,0.12121390064562201,0.027777777777777776,0.058823529411764705,0.08333333333333333,0.029411764705882353,65.37682926751303,30.0390658127785,-0.025382933355722337,True
3540754,SP,Sudeste,72.05,102.98,0.20624205325415992,0.09138026953621278,0.0,0.0,0.17647058823529413,0.02631578947368421,93.52738362255266,117.54927033378847,-0.11486178371794714,True
3540804,SP,Sudeste,100.0,112.74000000000001,0.32579219596426434,0.1565616356286751,0.15384615384615385,0.0196078431372549,0.07692307692307693,0.058823529411764705,59.237766178964584,127.95982999342397,-0.16923056033558925,True
3540903,SP,Sudeste,89.47,48.025,0.1271340919804227,0.13811558566008175,0.0,0.0,0.125,0.1111111111111111,44.8658378779751,78.02469123905803,0.01098149367965906,True
3541000,SP,Sudeste,99.8,106.18499999999999,0.22538818216033638,0.16277362140230858,0.07317073170731707,0.04081632653061224,0.12195121951219512,0.11564625850340136,32.223550074439444,19.97316043729187,-0.06261456075802779,True
3541208,SP,Sudeste,100.0,144.92,0.27600628523521087,0.24059375345252712,0.016129032258064516,0.023255813953488372,0.016129032258064516,0.05813953488372093,360.05579824690363,241.3067025754438,-0.03541253178268375,True
3541307,SP,Sudeste,94.21,116.0,0.1981492464444298,0.19756878886032203,0.030927835051546393,0.02459016393442623,0.020618556701030927,0.09016393442622951,211.1535913080026,136.63417738649386,-0.0005804575841077686,True
3541406,SP,Sudeste,56.27,60.644999999999996,0.16553439476114445,0.22505619169151692,0.0,0.017857142857142856,0.16981132075471697,0.20535714285714285,43.59853152013415,45.85176654985392,0.05952179693037246,True
3541505,SP,Sudeste,92.16,100.895,0.18554504731183386,0.2524181863398742,0.046153846153846156,0.07142857142857142,0.03076923076923077,0.11428571428571428,147.6612191752522,84.29145894585373,0.06687313902804032,True
3541604,SP,Sudeste,80.14,119.64999999999999,0.2188944738867218,0.1597385626709758,0.0967741935483871,0.014925373134328358,0.03225806451612903,0.1044776119402985,84.82152200297502,85.25622826024073,-0.05915591121574601,True
3541703,SP,Sudeste,92.37,106.35,0.33867410753992233,0.12111362767957645,0.08823529411764706,0.0,0.058823529411764705,0.058823529411764705,241.32315013055293,119.31669018628008,-0.21756047986034588,True
3541901,SP,Sudeste,76.07000000000001,114.64,0.08824732535995561,0.3218405497611616,0.0,0.09090909090909091,0.0,0.18181818181818182,146.0975294006679,57.081479289571156,0.233593224401206,True
3542107,SP,Sudeste,85.12,132.16500000000002,0.3938154669564961,0.12638835754958727,0.0,0.0,0.4,0.125,106.34127302002055,43.79804012944084,-0.26742710940690884,True
3542206,SP,Sudeste,100.0,117.705,0.1757165902984627,0.1954460702489858,0.029411764705882353,0.02586206896551724,0.0,0.05172413793103448,208.1715842560743,179.116420328025,0.0197294799505231,True
3542404,SP,Sudeste,100.0,142.605,0.3447674933059405,0.18246106038872023,0.0,0.0,0.35714285714285715,0.1346153846153846,65.08025643477153,112.01688267059625,-0.16230643291722024,True
3542602,SP,Sudeste,100.0,122.94500000000001,0.0,0.13391255977459543,0.0,0.025,0.0,0.1,11.523028973986486,32.259002802231,0.13391255977459543,True
3542909,SP,Sudeste,52.52,86.255,0.03978410551230899,0.17593029366763463,0.0,0.058823529411764705,0.0,0.058823529411764705,76.70430454706307,71.46542517776713,0.13614618815532564,True
3543006,SP,Sudeste,93.38,97.665,0.3183112106022613,0.1271117325045252,0.058823529411764705,0.027777777777777776,0.11764705882352941,0.027777777777777776,201.4957161488206,107.21557084684369,-0.1911994780977361,True
3543303,SP,Sudeste,52.33,48.644999999999996,0.07582421372654968,0.19950485255741265,0.041666666666666664,0.0,0.0,0.21505376344086022,38.81707323920744,35.44705741873001,0.12368063883086297,True
3543402,SP,Sudeste,50.17,52.89,0.12268715986624175,0.18727761098068132,0.03048780487804878,0.034383954154727794,0.06707317073170732,0.1318051575931232,45.731962852888536,48.5910220638174,0.06459045111443958,True
3543808,SP,Sudeste,100.0,113.4,0.37802514008405647,0.04872210229482171,0.1,0.0,0.2,0.0,95.18152217206041,89.50238982533253,-0.32930303778923475,True
3543907,SP,Sudeste,47.27,48.96999999999999,0.18413880995349066,0.14887665530539237,0.0,0.02127659574468085,0.20833333333333334,0.10638297872340426,21.880983948779427,53.6703104739189,-0.03526215464809829,True
3544004,SP,Sudeste,13.1,37.24,0.1589833847576503,0.3117474344552695,0.0,0.034482758620689655,0.03278688524590164,0.19540229885057472,206.2252400234761,146.77035016165547,0.15276404969761917,True
3544103,SP,Sudeste,21.38,42.255,0.37539819841985267,0.22901641752703134,0.15384615384615385,0.04,0.15384615384615385,0.16,33.7056859554192,60.90051149653019,-0.14638178089282133,True
3544202,SP,Sudeste,100.0,162.35999999999999,0.2670059018863818,0.6461021769862119,0.0,0.2222222222222222,0.25,0.3333333333333333,88.23200505289131,49.15034396748732,0.37909627509983007,True
3544251,SP,Sudeste,100.0,155.53,0.22741299615506405,0.13569758088967432,0.014925373134328358,0.044444444444444446,0.0,0.0,313.30835546549065,118.58204976275648,-0.09171541526538973,True
3544806,SP,Sudeste,55.17,163.10999999999999,0.04466538060767607,0.11398004943221057,0.0,0.0,0.0,0.07142857142857142,83.69367548300096,93.2791813545013,0.0693146688245345,True
3544905,SP,Sudeste,98.84,122.67999999999999,0.1923029442113764,0.02419348786565556,0.1,0.0,0.0,0.0,80.31096421110999,54.380504367010914,-0.16810945634572083,True
3545001,SP,Sudeste,30.84,72.66499999999999,0.267971404655303,0.02725572753497098,0.1,0.0,0.1,0.0,63.12855243376618,58.765245756387515,-0.240715677120332,True
3545100,SP,Sudeste,0.0,136.49,0.05178605743600338,0.3338945974699786,0.0,0.08695652173913043,0.0,0.08695652173913043,93.8895875542862,201.9106780790066,0.28210854003397523,True
3545209,SP,Sudeste,50.48,48.31,0.04658901742880217,0.12521707020799036,0.0,0.021897810218978103,0.034482758620689655,0.08029197080291971,43.16183500437966,51.21058610230579,0.07862805277918819,True
3545308,SP,Sudeste,84.39,93.33500000000001,0.26671316026313857,0.27453253705572794,0.05,0.05333333333333334,0.2,0.17333333333333334,43.18734208014732,80.69903136948497,0.007819376792589372,True
3545407,SP,Sudeste,80.92,111.18499999999999,0.3586735941686983,0.17116239300497538,0.027777777777777776,0.034482758620689655,0.1111111111111111,0.034482758620689655,334.17455391485237,147.47276490575496,-0.18751120116372294,True
3545605,SP,Sudeste,90.49,112.35,0.28761118398687485,0.0749200838712985,0.1111111111111111,0.0,0.1111111111111111,0.04,53.43788479013974,76.80255330098076,-0.21269110011557635,True
3545704,SP,Sudeste,100.0,150.55,0.02929825579987336,0.01733513253220538,0.0,0.0,0.0,0.0,61.68988888991833,44.56020362603282,-0.01196312326766798,True
3545803,SP,Sudeste,28.140000000000004,38.175000000000004,0.3909956965284178,0.3457430920860874,0.125,0.075,0.22916666666666666,0.25833333333333336,23.445499730200563,29.42707246202623,-0.045252604442330424,True
3546009,SP,Sudeste,70.33,107.48,0.031570100948885585,0.022182731918404423,0.0,0.0,0.0,0.0,64.94288490944781,51.50135518930524,-0.009387369030481162,True
3546256,SP,Sudeste,100.0,165.4,0.12512293931215226,0.2795860831784481,0.0,0.0,0.0,0.16666666666666666,198.89876255529438,210.85366760315895,0.1544631438662958,True
3546306,SP,Sudeste,23.69,60.62,0.18906866101830522,0.030531114750228936,0.047619047619047616,0.0,0.09523809523809523,0.0,68.63177545654885,63.45518757671118,-0.15853754626807628,True
3546405,SP,Sudeste,58.839999999999996,101.735,0.2957122098318443,0.16015387625650596,0.08823529411764706,0.0297029702970297,0.14705882352941177,0.06930693069306931,69.04526058201736,98.26121516528451,-0.13555833357533836,True
3546603,SP,Sudeste,95.01,90.53,0.23327805982377442,0.24758507061112683,0.09375,0.09523809523809523,0.0625,0.09523809523809523,73.94966511167758,50.143186534246134,0.014307010787352414,True
3546702,SP,Sudeste,95.11,74.11,0.17829607836659986,0.2792679836796085,0.0,0.08333333333333333,0.2,0.16666666666666666,23.975771246581417,31.41393817354921,0.10097190531300862,True
3546801,SP,Sudeste,68.18,63.35,0.34496715339238126,0.14108379857427286,0.16279069767441862,0.06172839506172839,0.06976744186046512,0.012345679012345678,76.4651764120086,73.67423051600106,-0.2038833548181084,True
3546900,SP,Sudeste,39.3,76.49000000000001,0.06476468115695044,0.11796675095846626,0.0,0.0,0.0,0.09090909090909091,112.47334152253895,74.53371742873573,0.05320206980151582,True
3547304,SP,Sudeste,56.79,44.779999999999994,0.10526512091682003,0.10742032909989005,0.06521739130434782,0.013793103448275862,0.0,0.07586206896551724,30.390237298318134,48.69613433817417,0.002155208183070023,True
3547502,SP,Sudeste,61.64,66.065,0.17639760838997307,0.1838761276513553,0.043478260869565216,0.06666666666666667,0.08695652173913043,0.06666666666666667,69.77792053674457,56.15178266525758,0.007478519261382238,True
3547601,SP,Sudeste,51.15,35.505,0.050470261349965614,0.08462096334175154,0.0,0.0,0.0,0.05128205128205128,92.00553333859533,76.5306186888142,0.03415070199178592,True
3547700,SP,Sudeste,69.24,94.175,0.16286595946391572,0.35765025573816717,0.0,0.0035971223021582736,0.15384615384615385,0.02158273381294964,59.81876052065995,587.751550849252,0.19478429627425145,True
3547809,SP,Sudeste,42.77,54.315,0.16033804826369322,0.12608058065215683,0.02480916030534351,0.029372496662216287,0.10687022900763359,0.07343124165554073,61.88265424867743,45.00509149435225,-0.03425746761153639,True
3547908,SP,Sudeste,99.95,171.125,0.275852355013818,0.016268020236101795,0.0,0.0,0.25,0.0,100.89901135084088,43.03223326540978,-0.2595843347777162,True
3548005,SP,Sudeste,84.68999999999998,103.83,0.47182854511176997,0.1771165702083649,0.1111111111111111,0.07142857142857142,0.3333333333333333,0.07142857142857142,38.25812820518003,30.26765211484293,-0.29471197490340506,True
3548500,SP,Sudeste,50.83,59.085,0.16825725594841598,0.12312408833691363,0.08522727272727272,0.028634361233480177,0.03409090909090909,0.07268722466960352,34.8152376117421,43.291107762229565,-0.04513316761150235,True
3548609,SP,Sudeste,79.63,118.67,0.2947240382782099,0.24124228179953822,0.07692307692307693,0.13636363636363635,0.07692307692307693,0.0,179.96831042116327,72.28371105302436,-0.053481756478671705,True
3548708,SP,Sudeste,61.69,77.80499999999999,0.087159272588403,0.15506455619519452,0.011494252873563218,0.011594202898550725,0.06321839080459771,0.14057971014492754,40.49397427014848,40.39935912753242,0.06790528360679152,True
3548807,SP,Sudeste,92.47,71.47999999999999,0.15460559710071448,0.14230981199074044,0.0,0.0425531914893617,0.16216216216216217,0.06914893617021277,37.55186767441277,45.309247458953045,-0.012295785109974033,True
3548906,SP,Sudeste,54.19,42.225,0.12497022367915932,0.08151260859072221,0.02912621359223301,0.02262443438914027,0.07766990291262135,0.03619909502262444,38.62337340668031,42.420489100218646,-0.04345761508843711,True
3549102,SP,Sudeste,89.48,90.72000000000001,0.08672172768628536,0.15322619471497734,0.034482758620689655,0.06329113924050633,0.034482758620689655,0.05063291139240506,26.56437100067289,39.64212651729532,0.06650446702869198,True
3549409,SP,Sudeste,71.27,72.07,0.06507466724870205,0.17218572059139436,0.0,0.013157894736842105,0.022222222222222223,0.13157894736842105,85.02162176630368,72.85486259816946,0.10711105334269232,True
3549706,SP,Sudeste,45.88,68.71,0.16347248590250785,0.1661884557784346,0.03571428571428571,0.02702702702702703,0.07142857142857142,0.09009009009009009,87.43857858523178,86.56026957105891,0.0027159698759267603,True
3549805,SP,Sudeste,61.15,57.144999999999996,0.30989042945464446,0.25979570948644887,0.11538461538461539,0.04964539007092199,0.14743589743589744,0.1938534278959811,30.56173224585412,41.75985816096978,-0.05009471996819559,True
3549904,SP,Sudeste,47.17,54.21,0.2079363798876082,0.20365023420040956,0.06557377049180328,0.05976095617529881,0.12021857923497267,0.11752988047808766,25.726590269583937,35.44932286810996,-0.00428614568719865,True
3549953,SP,Sudeste,91.97,104.375,0.38008410607239923,0.3551006740467164,0.08333333333333333,0.08695652173913043,0.25,0.21739130434782608,71.16149549576309,68.5401772569534,-0.024983432025682817,True
3550100,SP,Sudeste,80.11,85.93999999999998,0.2553182567038494,0.15747750641657077,0.0,0.047619047619047616,0.25,0.07142857142857142,71.49676969894058,53.285344561731115,-0.09784075028727862,True
3550209,SP,Sudeste,89.83,114.7,0.24119750864794248,0.20235505021184091,0.02631578947368421,0.06349206349206349,0.15789473684210525,0.06349206349206349,110.3761365593442,93.41480220642102,-0.03884245843610157,True
3550308,SP,Sudeste,62.88,58.485,0.16427814286652062,0.19121579536817224,0.04396551724137931,0.040351267229879945,0.09698275862068965,0.1347265451311694,38.79189171925019,37.7461240980116,0.026937652501651616,True
3550407,SP,Sudeste,72.37,96.06000000000002,0.08530130968992869,0.06551624782112335,0.0,0.0,0.09090909090909091,0.05263157894736842,27.760921109881053,47.481009490381666,-0.01978506186880534,True
3550605,SP,Sudeste,45.12,65.82000000000001,0.15986665506814934,0.21377979530021962,0.023809523809523808,0.038834951456310676,0.11904761904761904,0.14563106796116504,48.068417316459644,59.6232289502325,0.05391314023207028,True
3550704,SP,Sudeste,100.0,109.015,0.10978347709353849,0.14282753366842724,0.038461538461538464,0.037037037037037035,0.019230769230769232,0.044444444444444446,70.18606299926495,88.90979346076067,0.03304405657488875,True
3550803,SP,Sudeste,100.0,150.84,0.18109891552043633,0.298181324484148,0.07692307692307693,0.17647058823529413,0.0,0.0,113.83307625607857,67.67109342516973,0.11708240896371169,True
3550902,SP,Sudeste,66.49,44.745000000000005,0.19199903121310063,0.18623436421859219,0.043478260869565216,0.07142857142857142,0.043478260869565216,0.07142857142857142,146.69550259754962,43.32318437022357,-0.0057646669945084494,True
3551009,SP,Sudeste,34.3,48.09499999999999,0.2378867617433471,0.1027565304588289,0.1270718232044199,0.03664921465968586,0.027624309392265192,0.02617801047120419,52.75926078685154,55.29600995932486,-0.1351302312845182,True
3551405,SP,Sudeste,100.0,106.465,0.2041341218725568,0.3200611871830585,0.0,0.07142857142857142,0.16666666666666666,0.21428571428571427,102.81596534142082,55.61760016233517,0.11592706531050168,True
3551504,SP,Sudeste,46.92,52.635,0.18377557553832985,0.10879936277711719,0.03571428571428571,0.0,0.10714285714285714,0.07575757575757576,71.6778615182265,80.42688673962097,-0.07497621276121266,True
3551603,SP,Sudeste,96.31000000000002,124.03,0.13941772287597848,0.15033790688937115,0.045454545454545456,0.03076923076923077,0.045454545454545456,0.046153846153846156,64.68017579417177,110.97995108624055,0.010920184013392675,True
3551702,SP,Sudeste,43.39,20.22,0.20915869641092497,0.13523148435715593,0.04918032786885246,0.023255813953488372,0.13114754098360656,0.0755813953488372,48.96767203378607,68.54642076944788,-0.07392721205376904,True
3551900,SP,Sudeste,67.44,96.04,0.348280352508221,0.41782385653957943,0.3333333333333333,0.23076923076923078,0.0,0.07692307692307693,41.14072618105051,44.156636252328745,0.06954350403135845,True
3552106,SP,Sudeste,94.28,96.31499999999998,0.07974912641326423,0.13176213610128498,0.037037037037037035,0.0625,0.0,0.03125,54.38062320117466,34.93890712670426,0.05201300968802075,True
3552205,SP,Sudeste,56.2,28.119999999999997,0.33774422027309126,0.1916737958133788,0.0967741935483871,0.07474226804123711,0.21505376344086022,0.08505154639175258,25.535736351123997,26.89363507695428,-0.14607042445971247,True
3552304,SP,Sudeste,100.0,190.34,0.16990566580110578,0.2656310928311352,0.0,0.1,0.14285714285714285,0.1,83.69325102032403,59.77752076165341,0.0957254270300294,True
3552403,SP,Sudeste,56.21,50.21,0.21903772626791027,0.2945242826237263,0.01818181818181818,0.027586206896551724,0.21818181818181817,0.2827586206896552,20.437911608155787,27.26296647661366,0.07548655635581605,True
3552502,SP,Sudeste,44.43,52.445,0.23937544236294178,0.24484227108839957,0.05405405405405406,0.05045871559633028,0.17567567567567569,0.17889908256880735,25.870184372695554,37.373755532016155,0.005466828725457784,True
3552601,SP,Sudeste,64.24,123.64,0.18088027169791815,0.03622152087399589,0.0,0.0,0.08695652173913043,0.0,169.57961710631844,71.60313220144427,-0.14465875082392227,True
3552700,SP,Sudeste,95.41,90.83500000000001,0.42732033985109175,0.0756419617886615,0.13333333333333333,0.0,0.2,0.047619047619047616,94.17233703750391,68.27199240203268,-0.35167837806243024,True
3552809,SP,Sudeste,60.13,72.245,0.02618243546387844,0.13208733176219623,0.012987012987012988,0.04245283018867924,0.0,0.06132075471698113,29.334777226160575,40.7142258925514,0.10590489629831779,True
3552908,SP,Sudeste,100.0,167.73,0.29427557248026404,0.3685115002392809,0.0,0.2222222222222222,0.25,0.0,127.27873758849057,70.10918077324197,0.07423592775901688,True
3553005,SP,Sudeste,99.33,145.605,0.15126115723434533,0.43855223268608917,0.0,0.11538461538461539,0.14285714285714285,0.23076923076923078,56.996663807887735,110.18079620161376,0.2872910754517438,True
3553302,SP,Sudeste,86.81000000000002,97.97,0.019151271187385462,0.05897328195812114,0.0,0.0,0.0,0.03571428571428571,47.160685361675384,59.34860413588975,0.039822010770735675,True
3553401,SP,Sudeste,95.68999999999998,118.905,0.1381671375399795,0.2851223355559729,0.027777777777777776,0.09375,0.027777777777777776,0.09375,123.04551796725171,108.955975529264,0.14695519801599338,True
3553609,SP,Sudeste,100.0,125.88499999999999,0.3912740242746443,0.2668298365958418,0.1111111111111111,0.16666666666666666,0.2222222222222222,0.0,62.39210749495795,43.836683508303956,-0.1244441876788025,True
3553708,SP,Sudeste,42.78000000000001,67.80499999999999,0.07444819768559424,0.17202616373431784,0.02127659574468085,0.017391304347826087,0.0,0.10434782608695652,80.64081050316283,97.71709095910289,0.0975779660487236,True
3553807,SP,Sudeste,96.65,80.245,0.2485546888307284,0.21101271663142046,0.0784313725490196,0.03508771929824561,0.0,0.10526315789473684,207.1817108070174,114.38335075559573,-0.03754197219930794,True
3553906,SP,Sudeste,100.0,160.64000000000001,0.4425683947058422,0.29517908323113534,0.0,0.0,0.5,0.26666666666666666,176.14932308803952,107.65076556085518,-0.14738931147470685,True
3554003,SP,Sudeste,52.67,66.03,0.331040692263987,0.23965752881984126,0.025,0.07954545454545454,0.325,0.125,32.07889656193742,35.13661915052573,-0.09138316344414577,True
3554102,SP,Sudeste,63.29,54.714999999999996,0.17902448891585918,0.2609026630052871,0.06896551724137931,0.08823529411764706,0.08620689655172414,0.1411764705882353,17.933775587978715,26.58649956894868,0.08187817408942791,True
3554300,SP,Sudeste,100.0,157.84,0.24668454926158875,0.26350737301787436,0.05263157894736842,0.009708737864077669,0.0,0.11650485436893204,259.9169873790122,229.94662626366767,0.016822823756285604,True
3554409,SP,Sudeste,100.0,149.445,0.12093877811844109,0.18053731699608483,0.0,0.0,0.0,0.16666666666666666,192.9075708958936,69.02831376219592,0.05959853887764374,True
3554508,SP,Sudeste,62.8,68.14,0.13081043345479695,0.11283946981531304,0.05714285714285714,0.0273972602739726,0.0,0.0273972602739726,84.31047974409516,88.07443260350112,-0.017970963639483917,True
3554805,SP,Sudeste,61.53000000000001,45.445,0.0,0.21743587667128295,0.0,0.09090909090909091,0.0,0.09090909090909091,14.388554625636369,21.705426582510164,0.21743587667128295,True
3555000,SP,Sudeste,78.12,86.22500000000001,0.11619167680951016,0.16822198336140864,0.02,0.018518518518518517,0.06,0.12037037037037036,67.83603155470813,69.73582292260241,0.052030306551898484,True
3555109,SP,Sudeste,100.0,108.88,0.08018764962875904,0.07142336651119136,0.0,0.0,0.0,0.058823529411764705,134.55708920663437,48.16649675852047,-0.00876428311756769,True
3555356,SP,Sudeste,100.0,163.09,0.39618726658377834,0.025365411344806417,0.3333333333333333,0.0,0.0,0.0,109.73739125898825,56.05855113640821,-0.37082185523897193,True
3555406,SP,Sudeste,100.0,101.63,0.18718836082052165,0.28089358907376594,0.014285714285714285,0.027472527472527472,0.14285714285714285,0.2087912087912088,77.756878348838,100.8410687170272,0.09370522825324429,True
3555604,SP,Sudeste,100.0,134.69,0.01727353322914303,0.27746745153360153,0.0,0.09375,0.0,0.0625,44.472001185054516,137.22330653921802,0.2601939183044585,True
3555802,SP,Sudeste,100.0,118.87,0.1502737846910989,0.04476742328157103,0.0,0.0,0.07142857142857142,0.0,145.24723753225325,83.83978773547854,-0.10550636140952786,True
3556008,SP,Sudeste,100.0,178.25,0.14732573989293882,0.07472930459554167,0.041666666666666664,0.0,0.0,0.041666666666666664,141.19825010360626,74.43721285592714,-0.07259643529739715,True
3556107,SP,Sudeste,76.73,124.13,0.31090576153974325,0.08013063633422003,0.2,0.0,0.0,0.043478260869565216,35.35415441284092,79.89714312265646,-0.23077512520552323,True
3556206,SP,Sudeste,35.4,30.23,0.3642731841134254,0.22656978282900245,0.14893617021276595,0.016260162601626018,0.14893617021276595,0.21138211382113822,34.48529207637027,43.885897246781994,-0.13770340128442296,True
3556305,SP,Sudeste,96.92,104.39,0.1639480733380105,0.35547567171480254,0.0,0.125,0.10714285714285714,0.16666666666666666,119.99491262368615,51.041620383679636,0.19152759837679204,True
3556404,SP,Sudeste,75.42,95.92999999999999,0.08458488372315973,0.1307537439960796,0.03571428571428571,0.0625,0.0,0.0,64.14583826072771,72.72317715857027,0.04616886027291989,True
3556453,SP,Sudeste,43.51,105.58000000000001,0.23706276144168603,0.17810890815229213,0.043478260869565216,0.04411764705882353,0.17391304347826086,0.08823529411764706,47.48615593625294,69.24976106973577,-0.0589538532893939,True
3556503,SP,Sudeste,48.61,51.545,0.132088028619742,0.22511454483786275,0.023809523809523808,0.06779661016949153,0.09523809523809523,0.13559322033898305,38.18104638992778,26.249514199801258,0.09302651621812075,True
3556602,SP,Sudeste,90.27,94.58,0.03348383348797188,0.0875669933596222,0.0,0.0,0.0,0.0625,67.68310879081513,66.66705873767222,0.05408315987165032,True
3556701,SP,Sudeste,38.07,23.43,0.0035539506907788045,0.0012258586703046451,0.0,0.0,0.0,0.0,24.827287544994324,21.49375309217584,-0.002328092020474159,True
3556800,SP,Sudeste,91.88,100.49,0.028727682110210415,0.07927668999669102,0.0,0.0,0.0,0.07692307692307693,60.87289925392628,36.69108399646852,0.050549007886480604,True
3557006,SP,Sudeste,52.99,27.425,0.222856759982747,0.2538673737173735,0.0,0.047619047619047616,0.24390243902439024,0.19047619047619047,32.67027149177238,41.86287886133139,0.03101061373462649,True
3557105,SP,Sudeste,97.86,116.995,0.15351436237637,0.15017524687964626,0.041666666666666664,0.03875968992248062,0.08333333333333333,0.06976744186046512,45.451149844509395,63.94287278496416,-0.003339115496723749,True
3557204,SP,Sudeste,75.26,124.8,0.08770626686510025,0.30850381552504014,0.0,0.07692307692307693,0.0,0.01282051282051282,145.32280180496784,280.1672367917795,0.2207975486599399,True
4100103,PR,Sul,68.3,130.4,0.15183626096065012,0.02469436428155638,0.0,0.0,0.07692307692307693,0.0,140.58724770602066,55.09769628826047,-0.12714189667909373,True
4100400,PR,Sul,43.5,46.699999999999996,0.1070905418234201,0.1272134735448487,0.05,0.015873015873015872,0.025,0.1111111111111111,34.30556228859127,28.322001976241935,0.020122931721428594,True
4100509,PR,Sul,94.28,135.385,0.3413418101792919,0.11876537907276119,0.0,0.0,0.375,0.125,37.75901810402566,32.882895383393425,-0.2225764311065307,True
4100608,PR,Sul,94.01,100.65,0.20990531875272678,0.15240000380795932,0.0,0.01818181818181818,0.15789473684210525,0.01818181818181818,122.09100561768656,176.08131590726592,-0.05750531494476746,True
4101002,PR,Sul,96.5,110.18999999999998,0.058380709319783425,0.11949875458091172,0.0,0.03571428571428571,0.0,0.03571428571428571,103.33229817980853,69.30591906492391,0.061118045261128295,True
4101101,PR,Sul,71.94,112.245,0.24389444707967584,0.20365562246898994,0.07547169811320754,0.015503875968992248,0.0,0.015503875968992248,206.86565311781638,258.58624171727007,-0.0402388246106859,True
4101200,PR,Sul,100.0,160.60999999999999,0.14873005928641897,0.15695926042023203,0.0,0.04,0.11764705882352941,0.08,85.01869755184619,58.147831952511694,0.008229201133813063,True
4101309,PR,Sul,69.54,123.63,0.07317627272495333,0.01590347843800509,0.0,0.0,0.0,0.0,124.51768085636999,42.51025533981203,-0.057272794286948245,True
4101408,PR,Sul,98.2,118.105,0.19286716135832077,0.18181763173500384,0.04411764705882353,0.023411371237458192,0.08088235294117647,0.09364548494983277,99.61187564834965,112.2419345106199,-0.011049529623316928,True
4101507,PR,Sul,85.4,88.13,0.17246081373696073,0.2494662679912461,0.03875968992248062,0.052307692307692305,0.06201550387596899,0.10461538461538461,105.58401327852135,133.2718943425081,0.07700545425428537,True
4101606,PR,Sul,67.54,106.495,0.14865331605971288,0.13229076379937704,0.0,0.05,0.16666666666666666,0.05,23.37444154392966,39.00657675496646,-0.01636255226033584,True
4101655,PR,Sul,100.0,198.46,0.23095833465243887,0.3589340578148221,0.0,0.1,0.09090909090909091,0.0,236.3234292656702,318.905724737571,0.12797572316238326,True
4101705,PR,Sul,97.43999999999998,112.505,0.12497215708892973,0.26438168454744304,0.0,0.058823529411764705,0.04,0.17647058823529413,148.47081599791008,50.434186264746955,0.13940952745851332,True
4101804,PR,Sul,48.07,84.3,0.18073499172197366,0.14054755915879746,0.07017543859649122,0.058333333333333334,0.07017543859649122,0.041666666666666664,39.713327394278664,43.39168511260958,-0.040187432563176195,True
4101853,PR,Sul,96.23,150.27,0.12650938660790767,0.4508086082249687,0.0,0.06060606060606061,0.0,0.030303030303030304,200.88398040182796,585.5955317799707,0.32429922161706104,True
4101903,PR,Sul,93.51,142.69,0.11851931464357712,0.29457849955406246,0.0,0.09090909090909091,0.1111111111111111,0.13636363636363635,49.965300112850784,75.10480070029931,0.17605918491048533,True
4102000,PR,Sul,83.76,92.41,0.10971009733124563,0.0761891085486436,0.015873015873015872,0.0,0.0,0.025974025974025976,142.73727643980163,96.22645787039907,-0.03352098878260204,True
4102109,PR,Sul,98.81000000000002,116.78,0.22165741672718475,0.15215838077470678,0.046511627906976744,0.027777777777777776,0.06976744186046512,0.041666666666666664,149.64663606972024,125.64447750753516,-0.06949903595247797,True
4102307,PR,Sul,100.0,116.75999999999999,0.017228578005362205,0.01488549748228127,0.0,0.0,0.0,0.0,44.407630968589864,41.052634868466875,-0.0023430805230809353,True
4102406,PR,Sul,76.86,91.86,0.12729111588809822,0.1273627642919724,0.016129032258064516,0.011764705882352941,0.0,0.047058823529411764,167.36120513793142,117.7645502749642,7.164840387419158e-05,True
4102505,PR,Sul,82.36,168.865,0.35244003966622817,0.135471903920858,0.015151515151515152,0.0,0.030303030303030304,0.10526315789473684,453.80619073485144,81.58021438226379,-0.21696813574537016,True
4102604,PR,Sul,100.0,159.14000000000001,0.20537138429775276,0.13358133458940163,0.0,0.038461538461538464,0.13333333333333333,0.0,146.43094042526093,128.40200304609857,-0.07179004970835112,True
4102802,PR,Sul,100.0,126.825,0.05180915284524355,0.06761917915455083,0.0,0.0,0.0,0.047619047619047616,93.92265727048598,56.78437847479847,0.01581002630930728,True
4102901,PR,Sul,96.06000000000002,123.92,0.10541472685094623,0.18271526617781103,0.0,0.0625,0.0,0.03125,170.67908538397867,107.89736971979681,0.0773005393268648,True
4103008,PR,Sul,98.57000000000001,153.57,0.06317945177187598,0.015843558008124637,0.0,0.0,0.0,0.0,110.20349276901344,42.424456833705946,-0.047335893763751344,True
4103057,PR,Sul,97.57000000000001,132.5,0.19887770441930555,0.10693516021813998,0.0,0.0,0.2,0.09090909090909091,53.44606663797546,58.73786937854512,-0.09194254420116557,True
4103107,PR,Sul,78.89,88.82000000000001,0.27334728655868923,0.009852386991314438,0.0,0.0,0.2857142857142857,0.0,52.47988553845035,33.8458547760447,-0.2634948995673748,True
4103206,PR,Sul,100.0,199.435,0.046800259352051704,0.35551375072933133,0.0,0.2857142857142857,0.0,0.0,86.75055286773447,51.498041084830106,0.30871349137727966,True
4103305,PR,Sul,100.0,135.74,0.3271170126756723,0.25961962683029416,0.2,0.0625,0.0,0.125,58.56662355480629,100.33024342329313,-0.06749738584537812,True
4103354,PR,Sul,100.0,204.29500000000002,0.2001416085826169,0.1335328946205923,0.0,0.0,0.16666666666666666,0.07692307692307693,97.0991893341564,114.37913318109997,-0.06660871396202458,True
4103370,PR,Sul,91.67,176.98000000000002,0.10464550380820065,0.16829624705619772,0.0,0.0,0.0,0.125,169.57765490256153,103.80485785254068,0.06365074324799708,True
4103453,PR,Sul,100.0,105.92999999999999,0.005917813169447149,0.20752370114083488,0.0,0.08333333333333333,0.0,0.08333333333333333,28.212040787162522,33.29359270890181,0.20160588797138773,True
4103503,PR,Sul,100.0,180.82,0.21500824064062787,0.10177760998913334,0.1111111111111111,0.0,0.0,0.0625,88.95752121330779,87.01487132998656,-0.11323063065149454,True
4103602,PR,Sul,89.89,101.77,0.00880201114788993,0.20806891819035145,0.0,0.08571428571428572,0.0,0.05714285714285714,32.34184890700232,61.837373582688244,0.19926690704246153,True
4103701,PR,Sul,95.36,75.49000000000001,0.05344161868453194,0.09671257362720251,0.013513513513513514,0.02531645569620253,0.0,0.02531645569620253,67.23566953581852,72.06396045412703,0.04327095494267057,True
4103800,PR,Sul,100.0,110.99,0.32151567954724275,0.1496282823081753,0.0,0.0,0.3333333333333333,0.07407407407407407,61.67471093863207,141.00205697363677,-0.17188739723906746,True
4103909,PR,Sul,100.0,127.07000000000001,0.35911815896344995,0.2092927467926405,0.0,0.01,0.029411764705882353,0.01,546.6647488022558,285.3882006861504,-0.14982541217080944,True
4104006,PR,Sul,62.35,51.21999999999999,0.2033836919903399,0.1277332362926139,0.043478260869565216,0.044444444444444446,0.13043478260869565,0.044444444444444446,53.84028199785956,51.386950174028065,-0.075650455697726,True
4104055,PR,Sul,100.0,170.20000000000002,0.11250891965329224,0.18096940832693068,0.0,0.0,0.0,0.16666666666666666,180.83707566682875,69.64701410800335,0.06846048867363844,True
4104204,PR,Sul,67.55,82.38499999999999,0.0723800895328375,0.07840995219502225,0.04,0.037383177570093455,0.0,0.009345794392523364,37.46520634571668,39.98786368592378,0.006029862662184748,True
4104253,PR,Sul,100.0,97.31000000000002,0.17153823542325528,0.0,0.0,0.0,0.18181818181818182,0.0,37.12304858952193,11.38269629436187,-0.17153823542325528,True
4104303,PR,Sul,80.59,76.93999999999998,0.11574619422587118,0.025267358535011837,0.024390243902439025,0.0,0.07317073170731707,0.0125,41.235507957121975,40.22688767567812,-0.09047883569085935,True
4104402,PR,Sul,96.54,133.925,0.18192736157200531,0.30228402142955824,0.0,0.05555555555555555,0.2,0.2222222222222222,29.17531128482046,54.29246944809286,0.12035665985755292,True
4104428,PR,Sul,88.7,140.25,0.17620929825644996,0.07912845787604589,0.09090909090909091,0.0,0.0,0.043478260869565216,76.7924455283466,78.46214983681736,-0.09708084038040407,True
4104451,PR,Sul,100.0,158.885,0.03416956847668323,0.04701685757046582,0.0,0.0,0.0,0.0,68.66499489766532,87.06069422690443,0.01284728909378259,True
4104501,PR,Sul,100.0,136.71,0.13950957154482507,0.18995892659467306,0.0,0.05263157894736842,0.11764705882352941,0.10526315789473684,71.81612081171647,46.55608107516992,0.05044935504984799,True
4104600,PR,Sul,100.0,191.15,0.1483725595632095,0.07441610512819305,0.0625,0.0,0.0,0.0,97.95110122444116,126.29296464909507,-0.07395645443501644,True
4104808,PR,Sul,78.38,88.925,0.23496882798758634,0.07164217621455711,0.061224489795918366,0.016042780748663103,0.16326530612244897,0.0481283422459893,14.73416123895119,27.448624116771438,-0.16332665177302924,True
4104907,PR,Sul,100.0,99.97500000000001,0.1539473870989111,0.19226238781665167,0.041666666666666664,0.07547169811320754,0.0625,0.07547169811320754,72.22329367454817,38.195341146425946,0.03831500071774058,True
4105102,PR,Sul,95.03,113.08500000000001,0.04695048656614653,0.12141353243745892,0.0,0.0,0.0,0.029411764705882353,86.96565931092141,156.66673763980234,0.07446304587131239,True
4105409,PR,Sul,100.0,141.08999999999997,0.15740383182743675,0.1224306112982037,0.034482758620689655,0.047619047619047616,0.034482758620689655,0.0,127.77223876538585,92.76697317902597,-0.034973220529233046,True
4105508,PR,Sul,73.9,96.68500000000002,0.32194185917493867,0.1685855581100131,0.1388888888888889,0.05357142857142857,0.1111111111111111,0.08928571428571429,42.93366926753989,33.98999400302511,-0.15335630106492557,True
4105607,PR,Sul,92.9,122.08,0.07687201772778032,0.09043515138734336,0.0,0.0,0.0,0.07142857142857142,129.8095220668589,59.565853818299395,0.013563133659563034,True
4105805,PR,Sul,81.38,108.13499999999999,0.007872983653640676,0.11444019745454768,0.0,0.03125,0.0,0.057291666666666664,31.01159858508216,44.565033810073814,0.106567213800907,True
4105904,PR,Sul,100.0,91.71,0.15297841656650257,0.08128484225948364,0.02631578947368421,0.0,0.02631578947368421,0.05555555555555555,149.22871359083038,66.38917885676327,-0.07169357430701893,True
4106209,PR,Sul,61.18,81.19500000000001,0.10221703896321715,0.17193286292117488,0.0,0.06666666666666667,0.05263157894736842,0.06666666666666667,100.0319184071811,39.050532325041445,0.06971582395795772,True
4106308,PR,Sul,100.0,163.60999999999999,0.05535592143731544,0.17236102574370715,0.0,0.06666666666666667,0.0,0.06666666666666667,99.00118303057947,39.663607541903595,0.11700510430639172,True
4106407,PR,Sul,81.06000000000002,92.9,0.05731021034499467,0.20271160610824984,0.0,0.06956521739130435,0.0,0.043478260869565216,101.79947852200206,106.00470765598166,0.14540139576325517,True
4106506,PR,Sul,100.0,135.01,0.10017440648134562,0.10241020689200069,0.0,0.02631578947368421,0.1,0.02631578947368421,37.6454933244654,76.8214085166227,0.0022358004106550616,True
4106555,PR,Sul,100.0,186.17,0.15507782052493083,0.3671657148294812,0.0,0.09090909090909091,0.0,0.18181818181818182,241.79037838263827,121.9814050683448,0.21208789430455036,True
4106605,PR,Sul,100.0,123.39,0.2735212061104939,0.06191827563965891,0.15789473684210525,0.0,0.0,0.02702702702702703,72.25832907194355,74.47058973535658,-0.211602930470835,True
4106704,PR,Sul,88.42,155.76,0.28157898221065913,0.19404888206280982,0.06666666666666667,0.0,0.0,0.2,279.73670298758054,46.53180141548646,-0.08753010014784932,True
4106803,PR,Sul,98.73,108.61,0.007924812703865632,0.013543330846603672,0.0,0.0,0.0,0.0,31.085811254969048,39.130821348164744,0.00561851814273804,True
4106852,PR,Sul,100.0,181.53,0.11388845872189715,0.17363282243283698,0.0,0.0,0.0,0.1,182.81240180246277,142.8286898090673,0.05974436371093983,True
4106902,PR,Sul,49.2,58.435,0.0831830314073046,0.14041655258063063,0.025490196078431372,0.026124818577648767,0.045098039215686274,0.10159651669085631,27.48635485078494,37.15189410828715,0.05723352117332603,True
4107009,PR,Sul,100.0,179.52,0.03041380257476288,0.14101443366570246,0.0,0.08333333333333333,0.0,0.0,63.28721132181575,42.669129246425996,0.11060063109093958,True
4107124,PR,Sul,99.98,220.75,0.18192695936950565,0.0367454515983591,0.0,0.0,0.0,0.0,280.2349624367807,72.35333498775817,-0.14518150777114655,True
4107157,PR,Sul,71.54,136.0,0.14668257886593217,0.19969006580215312,0.0,0.0,0.0,0.2,229.76945005854682,54.60926578734162,0.053007486936220954,True
4107207,PR,Sul,69.65,97.235,0.06422963977133966,0.13231809441497783,0.0,0.020833333333333332,0.034482758620689655,0.041666666666666664,68.42098362515942,112.15104140586256,0.06808845464363816,True
4107504,PR,Sul,100.0,140.51,0.23267720653205323,0.1584375733049202,0.0,0.01818181818181818,0.07142857142857142,0.01818181818181818,263.23855545318736,184.726354742675,-0.07423963322713303,True
4107603,PR,Sul,95.08,106.77,0.28774802175038733,0.2675234329235039,0.05555555555555555,0.06896551724137931,0.16666666666666666,0.13793103448275862,103.21770128405726,81.52844653625584,-0.02022458882688344,True
4107652,PR,Sul,61.96,50.54,0.08579578595203691,0.05246549705232549,0.0,0.013333333333333334,0.08333333333333333,0.02666666666666667,37.978805902693225,32.750282376306316,-0.033330288899711416,True
4107751,PR,Sul,100.0,130.24,0.07138760063598608,0.224930405248269,0.0,0.14285714285714285,0.0,0.0,121.95652778298212,34.98033423905852,0.15354280461228292,True
4107850,PR,Sul,91.42,160.4,0.05074935490947344,0.15283942947941556,0.0,0.0,0.0,0.1111111111111111,92.40516015231104,99.10738050478177,0.10209007456994212,True
4107900,PR,Sul,100.0,92.03,0.04646536372044105,0.06840898972527154,0.0,0.0,0.0,0.0,86.27102451737092,117.69153223938432,0.02194362600483049,True
4108007,PR,Sul,99.77,122.31000000000002,0.02013295243913495,0.024144713470795415,0.0,0.0,0.0,0.0,48.56632923039428,54.31066557874491,0.004011761031660465,True
4108304,PR,Sul,66.12,96.885,0.27778862142733607,0.18891637655323784,0.059322033898305086,0.05829596412556054,0.19491525423728814,0.09865470852017937,45.406927114695755,41.19284590724401,-0.08887224487409823,True
4108320,PR,Sul,100.0,129.37,0.509014953578173,0.21490453927645445,0.14285714285714285,0.0,0.2857142857142857,0.2222222222222222,83.0961479025297,48.49889411974795,-0.29411041430171847,True
4108403,PR,Sul,99.89,90.02,0.2512560762547983,0.13858380870120598,0.05,0.010638297872340425,0.2,0.11702127659574468,21.0547452460164,48.42703687678754,-0.1126722675535923,True
4108601,PR,Sul,82.4,109.52,0.15476768740395272,0.08091755526785699,0.02564102564102564,0.016129032258064516,0.05128205128205128,0.0,121.89981239544659,100.960109018047,-0.07385013213609573,True
4108809,PR,Sul,88.92,110.25,0.0729243336299995,0.1656261715691429,0.0,0.047619047619047616,0.041666666666666664,0.07142857142857142,71.85272184480878,64.95320639523723,0.09270183793914338,True
4108908,PR,Sul,100.0,159.4,0.17815812211322624,0.21156909060788098,0.0,0.0,0.08333333333333333,0.2,170.2300343886785,71.61853264944534,0.03341096849465475,True
4108957,PR,Sul,96.61,178.2,0.205073633677527,0.04977219687267995,0.0,0.0,0.2,0.0,62.31785669947855,91.00599295752116,-0.15530143680484707,True
4109302,PR,Sul,100.0,127.41,0.1541387190458529,0.19347543877169657,0.07692307692307693,0.09375,0.0,0.0,75.22947166811429,95.41364752368015,0.039336719725843655,True
4109401,PR,Sul,75.79,64.465,0.11388275679130058,0.07065641778593268,0.06,0.02586206896551724,0.02,0.02586206896551724,28.82955391257491,32.89804500667758,-0.0432263390053679,True
4109609,PR,Sul,91.0,103.66499999999999,0.02724229598304114,0.17894679063697352,0.0,0.11538461538461539,0.0,0.0,58.74601346628937,28.143388715260013,0.15170449465393238,True
4109708,PR,Sul,100.0,182.1,0.13141102018974143,0.09729043187182841,0.030303030303030304,0.0,0.030303030303030304,0.07894736842105263,104.77789159269527,59.943397362391295,-0.03412058831791302,True
4109807,PR,Sul,98.01,94.95,0.022159916627528205,0.0801109610249879,0.0,0.013513513513513514,0.0,0.02702702702702703,51.46868656731002,71.49574993877665,0.05795104439745969,True
4110003,PR,Sul,93.01,139.325,0.06491763763500338,0.044462181089618726,0.0,0.0,0.0,0.0,112.69235592784902,83.40271937461556,-0.020455456545384658,True
4110078,PR,Sul,80.01,98.25,0.19247134675048105,0.12448118771986826,0.0,0.0,0.07407407407407407,0.08695652173913043,202.34792738028034,88.82323467176981,-0.0679901590306128,True
4110102,PR,Sul,92.89,112.205,0.11520169132498786,0.35157242041244274,0.0,0.14285714285714285,0.125,0.14285714285714285,27.780143524010313,36.98701048800715,0.23637072908745488,True
4110409,PR,Sul,100.0,157.37000000000003,0.1190191667092202,0.23171517279337212,0.0,0.0,0.0,0.0,190.15892921318297,351.52541115320884,0.11269600608415191,True
4110508,PR,Sul,100.0,160.85999999999999,0.011000003948979896,0.00666502493517135,0.0,0.0,0.0,0.0,35.48909766909726,29.281953893125426,-0.0043349790138085455,True
4110607,PR,Sul,100.0,133.36,0.013164775253018592,0.10146495949443057,0.0,0.0,0.0,0.0625,38.58877743305094,86.5671952129703,0.08830018424141198,True
4110706,PR,Sul,54.54,64.11,0.21605974426434493,0.08748168228585382,0.023809523809523808,0.023809523809523808,0.16666666666666666,0.047619047619047616,68.75359664007792,34.08662301056276,-0.12857806197849111,True
4111001,PR,Sul,100.0,177.72,0.07363216713699774,0.09516071613891969,0.0,0.0,0.0,0.0,125.17046421546074,155.99663396560715,0.021528549001921943,True
4111209,PR,Sul,100.0,113.41,0.3097995025475111,0.010091889323709123,0.0,0.0,0.3333333333333333,0.0,44.89862161722696,34.18879194070431,-0.29970761322380196,True
4111258,PR,Sul,62.96999999999999,72.52000000000001,0.0015029409343366206,0.13543557507846762,0.0,0.011111111111111112,0.0,0.011111111111111112,21.890499984176877,175.85280046981234,0.133932634144131,True
4111308,PR,Sul,100.0,195.96,0.2485793642761987,0.06757456758876239,0.0,0.0,0.2,0.0,124.61258155153733,116.49674487024882,-0.1810047966874363,True
4111407,PR,Sul,97.68999999999998,151.29500000000002,0.04017094583617756,0.22805644899023686,0.0,0.075,0.0,0.025,77.25821115213476,153.81822533172343,0.1878855031540593,True
4111506,PR,Sul,92.65,114.105,0.1917112552210708,0.16466322501666286,0.0,0.03669724770642202,0.060240963855421686,0.027522935779816515,218.62429103734053,142.14714465686518,-0.027048030204407936,True
4111704,PR,Sul,100.0,128.98,0.11178814752000674,0.011275934176452548,0.0,0.0,0.0,0.0,179.80502078334123,35.88419498989251,-0.10051221334355419,True
4111803,PR,Sul,77.28,87.22000000000001,0.25291863516946794,0.17281482459993264,0.10526315789473684,0.06944444444444445,0.05263157894736842,0.027777777777777776,89.7322472933624,83.16451500010169,-0.0801038105695353,True
4111902,PR,Sul,94.74,74.255,0.05141525306610026,0.081610719929543,0.0,0.0,0.0,0.037037037037037035,93.35864241489433,90.10211194230655,0.030195466863442738,True
4112009,PR,Sul,65.04,87.45,0.18343145457541496,0.19570168242610958,0.06976744186046512,0.05172413793103448,0.0,0.0,132.54193008951236,188.86495730158342,0.01227022785069462,True
4112108,PR,Sul,99.0,98.09,0.31156890957165584,0.16991470855110505,0.0,0.010101010101010102,0.3333333333333333,0.04040404040404041,47.43218954502914,190.62063419064484,-0.1416542010205508,True
4112207,PR,Sul,100.0,153.405,0.041516560778857445,0.02409337621363707,0.0,0.0,0.0,0.0,79.18496221360577,54.237157094567515,-0.017423184565220375,True
4112306,PR,Sul,100.0,140.78,0.06033865901010891,0.18073679519706815,0.0,0.0,0.0,0.038461538461538464,106.13583545075196,230.2499843975313,0.12039813618695924,True
4112405,PR,Sul,95.63,114.82000000000001,0.24359677623221657,0.32138934019236665,0.0,0.047058823529411764,0.02564102564102564,0.0,336.35116169621995,378.8540612564824,0.07779256396015008,True
4112504,PR,Sul,94.17,125.125,0.34901848371446464,0.3316522207384741,0.0,0.007633587786259542,0.041666666666666664,0.04580152671755725,467.1847591672645,420.73246016555294,-0.017366262975990532,True
4112702,PR,Sul,95.64,118.51,0.019687760817181803,0.011862945244337508,0.0,0.0,0.0,0.0,47.92887091825046,36.72472088052364,-0.007824815572844295,True
4112751,PR,Sul,68.99,99.93999999999998,0.12229537148405642,0.07838946680346037,0.0,0.0,0.0625,0.05263157894736842,116.39372072104639,65.91383715307744,-0.04390590468059605,True
4112801,PR,Sul,87.68999999999998,97.665,0.41768086515926883,0.2515357448490934,0.06666666666666667,0.03076923076923077,0.0,0.046153846153846156,474.6174516489906,255.88250494696356,-0.16614512031017542,True
4112959,PR,Sul,99.45,180.15,0.15566961075850497,0.15609104633746101,0.0,0.0,0.09090909090909091,0.16666666666666666,128.5194624112799,34.024334208651226,0.00042143557895604755,True
4113106,PR,Sul,100.0,152.77,0.054361016250692104,0.14547269824911696,0.0,0.0,0.0,0.125,97.57660415322857,71.12441154076124,0.09111168199842486,True
4113205,PR,Sul,78.38,82.71,0.011551422544252767,0.1825402565240612,0.0,0.07142857142857142,0.0,0.05357142857142857,36.27865962330752,60.44977928029013,0.17098883397980844,True
4113304,PR,Sul,100.0,119.46,0.2255718040209686,0.23891087470272826,0.10256410256410256,0.0625,0.0,0.0234375,122.44057213111543,198.16944106104407,0.013339070681759657,True
4113429,PR,Sul,100.0,177.75,0.2826266730440768,0.13417468690507175,0.0625,0.0,0.0,0.0,290.1860768118423,211.85972466239716,-0.14845198613900504,True
4113502,PR,Sul,60.19,86.645,0.20993100399542067,0.1772105518776134,0.016666666666666666,0.027777777777777776,0.03333333333333333,0.1111111111111111,242.69300468022854,74.3423402090612,-0.032720452117807275,True
4113700,PR,Sul,58.03000000000001,57.5,0.046645995421017494,0.08038877712248518,0.006779661016949152,0.015734265734265736,0.01694915254237288,0.04020979020979021,50.69194533419064,50.57545392311481,0.03374278170146769,True
4113759,PR,Sul,100.0,143.67,0.3807216615184126,0.3333333333333333,0.0,0.0,0.05405405405405406,0.0,553.2292856404836,539.1605322014235,-0.047388328185079265,True
4113908,PR,Sul,90.05,130.32,0.17730094141836367,0.21091091340079265,0.038461538461538464,0.05555555555555555,0.0,0.1111111111111111,191.0029717132822,62.93559493269895,0.03360997198242899,True
4114104,PR,Sul,95.05,68.14,0.15721869022512214,0.3345100705608029,0.0,0.0,0.13636363636363635,0.38461538461538464,73.67840652360745,21.42341737493495,0.17729138033568076,True
4114203,PR,Sul,90.87,114.39,0.16756268976326938,0.09620394697818463,0.0,0.0,0.05063291139240506,0.06557377049180328,196.10758698757908,75.17558054619494,-0.07135874278508475,True
4114302,PR,Sul,81.22,89.28,0.032506049215537056,0.16371959185028898,0.0,0.07407407407407407,0.0,0.037037037037037035,66.28304490548739,48.574559465977075,0.13121354263475193,True
4114401,PR,Sul,100.0,167.76,0.1605508774995661,0.3416083491202718,0.0,0.21052631578947367,0.1111111111111111,0.0,110.14920249043296,56.70785458232884,0.18105747162070573,True
4114500,PR,Sul,88.16,109.575,0.11504439782194109,0.23776134829599008,0.0,0.037037037037037035,0.07142857142857142,0.14814814814814814,94.80319414942767,94.66367813377708,0.12271695047404899,True
4114609,PR,Sul,99.3,102.97,0.176717065844031,0.09363597214639566,0.08333333333333333,0.017543859649122806,0.041666666666666664,0.05263157894736842,41.486586317109484,50.064016916859664,-0.08308109369763533,True
4114807,PR,Sul,97.25,90.25,0.12761676651508352,0.18797950806557864,0.0,0.0,0.1111111111111111,0.20833333333333334,62.991704988525775,27.38037974882717,0.06036274155049512,True
4114906,PR,Sul,100.0,161.34,0.1654924230541921,0.3209369939380547,0.0,0.0,0.14285714285714285,0.3125,77.37404343913411,86.99821304083889,0.1554445708838626,True
4115002,PR,Sul,100.0,144.76,0.14892840701831145,0.20798126390985672,0.0,0.0,0.0,0.0,232.98519301682614,317.5414439098782,0.05905285689154527,True
4115200,PR,Sul,70.06,85.44500000000001,0.1835880364046674,0.12985495417284001,0.025906735751295335,0.023809523809523808,0.14507772020725387,0.0992063492063492,44.854416250142016,30.002211419615676,-0.05373308223182738,True
4115408,PR,Sul,100.0,132.06,0.1101801530702954,0.01650634187280662,0.0,0.0,0.0625,0.0,99.04625437069664,43.37347982259948,-0.09367381119748877,True
4115457,PR,Sul,98.1,191.365,0.1530103375012581,0.057260606828595684,0.0,0.0,0.0,0.0,238.83000317864324,101.72845253615495,-0.0957497306726624,True
4115606,PR,Sul,97.05,115.39999999999999,0.15058132105351135,0.07008963623932733,0.0,0.0,0.08333333333333333,0.038461538461538464,130.74352972192654,71.81719340459203,-0.08049168481418402,True
4115705,PR,Sul,77.33,75.39999999999999,0.008991767885008373,0.08390201184454403,0.0,0.0,0.0,0.06976744186046512,32.613556646763364,52.29643894769592,0.07491024395953566,True
4115754,PR,Sul,99.55,120.06000000000002,0.3589403703012369,0.26649388552287895,0.0,0.0,0.4,0.2727272727272727,56.404528585836516,58.9692908739375,-0.09244648477835793,True
4115804,PR,Sul,65.62,78.18500000000002,0.19028272977651384,0.03601639437950521,0.03225806451612903,0.0,0.12903225806451613,0.03571428571428571,60.94080666211765,26.477233502863566,-0.15426633539700862,True
4115903,PR,Sul,41.67,156.37999999999997,0.3333333333333333,0.18216608246049693,0.0,0.0,0.0,0.0,497.08882971167503,280.57735657553195,-0.1511672508728364,True
4116109,PR,Sul,84.83,125.27,0.17969767003354428,0.12905801281243717,0.0,0.0625,0.11764705882352941,0.0,129.3604144767593,70.2951037518157,-0.05063965722110711,True
4116208,PR,Sul,100.0,149.74,0.1200060210095549,0.11573463207904287,0.0,0.0,0.0,0.1111111111111111,191.5719802357142,45.977985527602044,-0.0042713889305120295,True
4116307,PR,Sul,100.0,155.02,0.3915171289786661,0.2718226994132396,0.0,0.07142857142857142,0.3333333333333333,0.07142857142857142,161.90796691592544,165.87489694068495,-0.11969442956542647,True
4116703,PR,Sul,86.38,101.7,0.044023588588966836,0.12952178836546352,0.0,0.0,0.0,0.14285714285714285,82.77471017273997,25.868626569828997,0.08549819977649668,True
4116802,PR,Sul,88.51,103.09,0.1933422560199814,0.11422182444474951,0.0,0.0,0.058823529411764705,0.09090909090909091,222.738985754959,69.17145449111969,-0.07912043157523188,True
4116901,PR,Sul,86.8,92.15,0.0853011497883639,0.08766840714239665,0.0,0.0,0.07142857142857142,0.1,52.21461037065527,16.180273009649422,0.002367257354032759,True
4116950,PR,Sul,100.0,171.96,0.35156832585051007,0.13868553420920696,0.0,0.0,0.3333333333333333,0.0625,104.70631405795623,139.8623687173841,-0.2128827916413031,True
4117008,PR,Sul,84.46,96.88,0.23291367273167335,0.16239907240711568,0.0,0.0,0.0,0.0,353.24151206369356,252.27348866023576,-0.07051460032455767,True
4117107,PR,Sul,89.24,136.11999999999998,0.21786498268781193,0.18591895719409546,0.0,0.043478260869565216,0.05555555555555555,0.08695652173913043,261.9547319726104,83.41129241238879,-0.03194602549371647,True
4117222,PR,Sul,100.0,134.055,0.09606118155465218,0.05193402258089447,0.0,0.0,0.0,0.0,157.28598698967895,94.10145499937552,-0.04412715897375771,True
4117271,PR,Sul,100.0,204.43,0.35281520158719926,0.2159705966844316,0.0,0.0,0.022222222222222223,0.06976744186046512,547.0229231043277,241.40201287989808,-0.13684460490276765,True
4117305,PR,Sul,90.16,156.125,0.02089740105284025,0.016439389633530175,0.0,0.0,0.0,0.0,49.66092333096464,43.277612651388644,-0.004458011419310074,True
4117503,PR,Sul,80.06000000000002,74.24,0.15852339184128528,0.03844176148976043,0.02702702702702703,0.0,0.08108108108108109,0.03333333333333333,86.89388298497504,32.93886585523343,-0.12008163035152485,True
4117602,PR,Sul,70.52,79.83500000000001,0.10571737555267892,0.07765008818896497,0.0625,0.02702702702702703,0.0,0.02702702702702703,36.87425192470619,38.94761694816458,-0.028067287363713944,True
4117701,PR,Sul,100.0,152.48499999999999,0.16445452115715162,0.09023172026319312,0.045454545454545456,0.02857142857142857,0.022727272727272728,0.02857142857142857,129.05928775785014,51.70715723951515,-0.0742228008939585,True
4117800,PR,Sul,100.0,132.03,0.049966232169725684,0.016924466717741275,0.0,0.0,0.0,0.0,91.28382705603461,43.972181920244736,-0.03304176545198441,True
4117909,PR,Sul,100.0,113.085,0.011767950548574168,0.0962835591504246,0.0,0.012048192771084338,0.0,0.012048192771084338,36.5887004447431,116.6030525134246,0.08451560860185042,True
4118006,PR,Sul,100.0,158.55,0.23775397326527636,0.3346172084977408,0.023809523809523808,0.0,0.0,0.5,309.0338551538728,21.576825402128698,0.09686323523246443,True
4118204,PR,Sul,64.94,85.705,0.17945579579146365,0.13693948933012795,0.04716981132075472,0.03076923076923077,0.07547169811320754,0.06153846153846154,80.64501901368322,72.482780074031,-0.042516306461335696,True
4118402,PR,Sul,100.0,91.3,0.13855045405134217,0.19324354861587192,0.03125,0.015151515151515152,0.09375,0.18181818181818182,33.32169633847876,35.65973129441405,0.054693094564529754,True
4118501,PR,Sul,82.5,89.0,0.15128899781401545,0.12064581703271006,0.07017543859649122,0.02857142857142857,0.017543859649122806,0.05714285714285714,63.61885487582808,59.390565164533726,-0.030643180781305387,True
4118600,PR,Sul,100.0,177.585,0.16033114349979125,0.22160840167240328,0.0,0.05,0.0,0.05,249.31247500702918,166.8981808993151,0.06127725817261204,True
4118808,PR,Sul,93.61,104.9,0.13453334284689755,0.08252488001338314,0.0,0.0,0.125,0.0625,55.46063287384359,59.44738769078613,-0.052008462833514416,True
4118907,PR,Sul,92.88,88.39,0.015164117312232953,0.1606023975694799,0.0,0.05263157894736842,0.0,0.05263157894736842,41.45158336114424,70.58971099699738,0.14543828025724692,True
4119103,PR,Sul,100.0,160.195,0.05328845449242223,0.1786360078589215,0.0,0.03571428571428571,0.0,0.07142857142857142,96.04083084937092,109.15083154741467,0.12534755336649928,True
4119152,PR,Sul,83.78,84.61,0.20589748191045343,0.09446668826656304,0.08333333333333333,0.015873015873015872,0.08333333333333333,0.05555555555555555,30.965051661281024,51.17168324390209,-0.11143079364389039,True
4119301,PR,Sul,99.67999999999999,122.965,0.11145315352683892,0.11871764937149362,0.030303030303030304,0.0625,0.0,0.0,114.240169400639,55.48900610537065,0.007264495844654703,True
4119400,PR,Sul,25.7,141.195,0.29134749183684466,0.16135885826217639,0.18181818181818182,0.043478260869565216,0.0,0.08695652173913043,46.400285694452755,48.244325112914076,-0.12998863357466828,True
4119509,PR,Sul,75.84,71.7,0.07029903399846166,0.04059890643362389,0.023255813953488372,0.010752688172043012,0.023255813953488372,0.010752688172043012,41.25569454156854,41.278393070747,-0.029700127564837767,True
4119608,PR,Sul,100.0,114.52499999999999,0.13052268567314326,0.10003432126238679,0.01694915254237288,0.011904761904761904,0.0,0.011904761904761904,170.22694254077697,122.4617826160102,-0.030488364410756474,True
4119905,PR,Sul,78.51,81.52,0.1412669933101829,0.18239698787686884,0.023076923076923078,0.04017857142857143,0.046153846153846156,0.12946428571428573,114.51316887311481,32.09534103184218,0.04112999456668595,True
4119954,PR,Sul,50.589999999999996,57.51,0.1461140119039944,0.00887153940583367,0.0,0.0,0.16666666666666666,0.0,17.278461068814234,32.4414046123875,-0.13724247249816074,True
4120002,PR,Sul,96.52,120.43999999999998,0.151722871587856,0.08627959429808446,0.05263157894736842,0.0,0.0,0.05555555555555555,123.94382934277662,73.54103447824771,-0.06544327728977153,True
4120150,PR,Sul,100.0,225.08,0.32767904604501946,0.11751253075461505,0.14285714285714285,0.0,0.0,0.0,182.10344237396748,188.00161634996186,-0.21016651529040442,True
4120358,PR,Sul,94.35,122.01,0.08786716821912412,0.12779588160884467,0.0,0.0,0.0,0.08333333333333333,145.55319227167905,98.11765121565692,0.03992871338972055,True
4120507,PR,Sul,93.67999999999999,138.86,0.021226655670675085,0.1525643166870894,0.0,0.0,0.0,0.16666666666666666,50.13237446032269,28.974501688330214,0.1313376610164143,True
4120606,PR,Sul,93.91,104.52,0.1650270604013256,0.16512794029867883,0.007936507936507936,0.02358490566037736,0.0,0.0,238.9903172177537,205.52496356450942,0.00010087989735324543,True
4120655,PR,Sul,100.0,166.62000000000003,0.21155798169477064,0.29504229651719927,0.0,0.0625,0.16666666666666666,0.125,113.4459972613809,151.051043449083,0.08348431482242863,True
4120705,PR,Sul,96.15,129.64,0.052887185230062986,0.021219576778869837,0.0,0.0,0.0,0.0,95.46626382230852,50.12223837913989,-0.03166760845119315,True
4120903,PR,Sul,71.81,139.955,0.27852258290369225,0.072342998522371,0.13333333333333333,0.037037037037037035,0.06666666666666667,0.0,48.486181089334686,43.775981172787745,-0.20617958438132125,True
4121000,PR,Sul,84.36,181.51500000000001,0.1782538375467983,0.22425979297539755,0.05555555555555555,0.08695652173913043,0.0,0.043478260869565216,155.65268075308848,99.5057613583581,0.046005955428599254,True
4121109,PR,Sul,100.0,139.97,0.2304282397520472,0.12941800483215757,0.0,0.0,0.2,0.09090909090909091,98.62245812577429,90.93047021179213,-0.10101023491988964,True
4121208,PR,Sul,100.0,124.43999999999998,0.18366198322196617,0.16022887369694774,0.0,0.02666666666666667,0.0,0.0,282.7192979947287,191.8910772064499,-0.023433109525018425,True
4121505,PR,Sul,92.92,122.58,0.05914910083213354,0.055996631421872396,0.0,0.0,0.0,0.0,104.43253801446536,99.91859900426184,-0.0031524694102611425,True
4121703,PR,Sul,100.0,129.37,0.03073300935987705,0.2243665644884821,0.0,0.06666666666666667,0.0,0.13333333333333333,63.74427522066232,30.442244401312678,0.19363355512860506,True
4121802,PR,Sul,59.15,77.84,0.17317989821066784,0.26432232377193576,0.0,0.09090909090909091,0.0,0.045454545454545456,267.71027291529117,145.9000540354143,0.09114242556126792,True
4121901,PR,Sul,100.0,115.285,0.3119814848894843,0.24631107944787417,0.0,0.0,0.0,0.03,466.4566571778291,334.7658764596371,-0.06567040544161012,True
4122008,PR,Sul,91.18999999999998,126.85,0.19653352486980777,0.0,0.1111111111111111,0.0,0.0,0.0,62.50405589215837,18.132351686381565,-0.19653352486980777,True
4122156,PR,Sul,100.0,148.665,0.17144714753969037,0.1599303203181362,0.047619047619047616,0.020833333333333332,0.0,0.020833333333333332,162.95247739528216,177.8403769701093,-0.011516827221554171,True
4122206,PR,Sul,72.93,92.89,0.07641687635378173,0.20973331330756817,0.0,0.07246376811594203,0.06666666666666667,0.043478260869565216,45.47107461161798,109.83336852179373,0.13331643695378642,True
4122305,PR,Sul,85.97,109.75,0.10525519925981461,0.0878414397885525,0.05263157894736842,0.023255813953488372,0.0,0.023255813953488372,57.40797711462569,66.37420943372477,-0.017413759471262114,True
4122404,PR,Sul,79.68999999999998,73.655,0.018762513000199293,0.08786009399735752,0.0,0.0,0.0,0.06521739130434782,46.60403261796794,63.675597533294884,0.06909758099715822,True
4122503,PR,Sul,100.0,119.245,0.20268337845776085,0.03788941827002245,0.034482758620689655,0.0,0.0,0.0,235.89309073251036,73.99135113116182,-0.1647939601877384,True
4122602,PR,Sul,100.0,115.42,0.10779499290294223,0.2163434224759155,0.0,0.0,0.0,0.016666666666666666,174.08732647643637,308.5933158251393,0.10854842957297328,True
4122701,PR,Sul,61.24,118.19000000000001,0.15760883018827146,0.4721784668644022,0.0,0.17647058823529413,0.125,0.17647058823529413,88.50182342454181,95.2893493461617,0.3145696366761307,True
4123006,PR,Sul,84.13,92.91999999999999,0.1201398523494231,0.0969231577210521,0.0,0.0,0.1,0.1,66.23349632512148,32.99011473040345,-0.023216694628371004,True
4123303,PR,Sul,100.0,137.14000000000001,0.09372614236106905,0.23925726841675873,0.0,0.0,0.0,0.05172413793103448,153.94250506025526,297.39537277769017,0.14553112605568969,True
4123402,PR,Sul,94.59,130.73,0.03909190996249164,0.2331888572348312,0.0,0.0625,0.0,0.125,75.7131677306868,62.484711422784756,0.19409694727233956,True
4123501,PR,Sul,91.27,111.55499999999999,0.16141477506860688,0.09728538068358702,0.1,0.019230769230769232,0.0,0.019230769230769232,36.08299765464378,93.59442152674991,-0.06412939438501986,True
4123857,PR,Sul,95.04,139.56,0.1886088943152428,0.023267501737035547,0.08333333333333333,0.0,0.0,0.0,110.81840038487637,53.054608897484705,-0.16534139257820726,True
4123907,PR,Sul,87.5,152.86999999999998,0.1700322076060416,0.12064183814278989,0.043478260869565216,0.0,0.0,0.07142857142857142,169.82008906125816,102.81802345731064,-0.049390369463251704,True
4123956,PR,Sul,100.0,208.58,0.2565005540426493,0.1424667635727145,0.0,0.0,0.2,0.0,135.95472729215044,223.7329337168097,-0.11403379046993481,True
4124103,PR,Sul,95.87,87.10000000000001,0.13725856120668084,0.13892863740744144,0.010869565217391304,0.0,0.0,0.015873015873015872,192.92967224657997,198.74136797736122,0.0016700762007605952,True
4124202,PR,Sul,100.0,140.39,0.3914435236852698,0.22020737067074375,0.0,0.0,0.06666666666666667,0.06666666666666667,496.5495428164659,251.360946050535,-0.17123615301452605,True
4124400,PR,Sul,100.0,139.595,0.19183722246516666,0.20950789099365735,0.037037037037037035,0.02564102564102564,0.0,0.02564102564102564,214.8766545666975,232.46809571603717,0.017670668528490696,True
4124509,PR,Sul,87.84,169.87000000000003,0.27018360753220866,0.035801291592780435,0.0,0.0,0.2,0.0,155.5471359366826,71.00141681618662,-0.2343823159394282,True
4124608,PR,Sul,95.87,106.26,0.4308935141629072,0.050181680791575374,0.045454545454545456,0.0,0.18181818181818182,0.0,310.85935782023677,91.59232233776403,-0.38071183337133185,True
4124707,PR,Sul,94.23,161.58,0.275100748060257,0.099200040832859,0.16666666666666666,0.0,0.0,0.08333333333333333,55.67958665833668,57.172010065851715,-0.17590070722739803,True
4125001,PR,Sul,100.0,131.505,0.12525740313458983,0.225305950070272,0.0,0.022222222222222223,0.1,0.1111111111111111,73.56118428005335,155.14117419691496,0.10004854693568216,True
4125100,PR,Sul,92.02,115.80499999999999,0.028543801276780512,0.01125563693686716,0.0,0.0,0.0,0.0,60.609605067931554,35.85513190009195,-0.017288164339913353,True
4125209,PR,Sul,100.0,111.96,0.177085785431389,0.013601197466852084,0.0,0.0,0.0,0.0,273.30301130560855,39.21367905764092,-0.1634845879645369,True
4125506,PR,Sul,54.9,81.24,0.13745768755222723,0.062179816569853955,0.06796116504854369,0.003289473684210526,0.02912621359223301,0.039473684210526314,34.030660269174604,52.15561269891553,-0.07527787098237328,True
4125605,PR,Sul,66.48,105.33,0.012662509112087241,0.12329913490323946,0.0,0.023809523809523808,0.0,0.03571428571428571,37.86959560065162,100.31676358763144,0.11063662579115222,True
4125704,PR,Sul,100.0,132.2,0.3350081105966941,0.049075173191347785,0.07692307692307693,0.0,0.23076923076923078,0.037037037037037035,44.5267749375407,43.51530822525665,-0.2859329374053463,True
4125803,PR,Sul,99.26,120.82000000000001,0.08044474703545536,0.11903409824087441,0.0,0.0,0.0,0.03571428571428571,134.92522030085885,145.34812588253527,0.03858935120541905,True
4125902,PR,Sul,100.0,131.52,0.2425489025684236,0.3616134646695903,0.0,0.0,0.0,0.03225806451612903,367.03794722998475,1015.4879301774903,0.11906456210116673,True
4126108,PR,Sul,100.0,139.36499999999998,0.2911469698867113,0.016129857609806196,0.14285714285714285,0.0,0.0,0.0,129.79411205724483,42.83440179191224,-0.2750171122769051,True
4126207,PR,Sul,100.0,173.165,0.29167962132311875,0.38906935601666415,0.16666666666666666,0.1111111111111111,0.0,0.2222222222222222,79.41844436869678,59.23530031964907,0.0973897346935454,True
4126256,PR,Sul,42.06,54.565,0.017418779736086118,0.15229357389528864,0.0,0.017241379310344827,0.0,0.13793103448275862,44.67997588312839,27.627479475144266,0.1348747941592025,True
4126405,PR,Sul,100.0,186.96,0.06969118724422775,0.1946435469963057,0.0,0.0,0.0,0.18181818181818182,119.52747754015829,70.20694368237233,0.12495235975207795,True
4126504,PR,Sul,100.0,109.85,0.15322872452412886,0.013557045527007783,0.0,0.0,0.16666666666666666,0.0,29.92585000103247,39.15045904256618,-0.13967167899712107,True
4126603,PR,Sul,83.02,99.09,0.19812280877205574,0.08017271261298366,0.015625,0.03225806451612903,0.0,0.0,269.86583116981467,65.25147507868253,-0.11795009615907208,True
4126702,PR,Sul,100.0,143.44,0.2609034492940339,0.2074773844955253,0.0,0.03571428571428571,0.058823529411764705,0.0,319.4781023671591,240.11241591957236,-0.053426064798508616,True
4126801,PR,Sul,100.0,110.27,0.5632931653026152,0.012933654901112842,0.14285714285714285,0.0,0.42857142857142855,0.0,42.181839637031345,38.25784220839069,-0.5503595104015023,True
4127007,PR,Sul,93.79,143.58499999999998,0.04532273397498543,0.0494331736057254,0.0,0.0,0.0,0.0,84.63492268385502,90.52055435339334,0.004110439630739968,True
4127106,PR,Sul,85.65,79.08500000000001,0.24834388420451142,0.12541390777092712,0.04,0.043478260869565216,0.06,0.03260869565217391,214.10512220402913,64.99857256515807,-0.1229299764335843,True
4127205,PR,Sul,100.0,159.37999999999997,0.16664694924346393,0.15636731865492232,0.025,0.0,0.0,0.057971014492753624,204.6606377846846,170.86569693272358,-0.010279630588541616,True
4127304,PR,Sul,97.14,190.85999999999999,0.054151587550458964,0.18099215779007805,0.0,0.07894736842105263,0.0,0.0,97.2767286407933,109.33241706534162,0.1268405702396191,True
4127502,PR,Sul,77.9,131.5,0.2985464984794499,0.2064741670772926,0.18181818181818182,0.11538461538461539,0.0,0.0,56.70835619086987,67.55912355413385,-0.09207233140215731,True
4127601,PR,Sul,79.43999999999998,121.24000000000001,0.00992867983898048,0.10310298722633074,0.0,0.05263157894736842,0.0,0.0,33.95509652162939,54.32628064374144,0.09317430738735026,True
4127700,PR,Sul,71.89,90.285,0.0626202908159976,0.08163973601594252,0.0,0.022857142857142857,0.07142857142857142,0.022857142857142857,18.979518504892777,58.850873446020714,0.019019445199944918,True
4127809,PR,Sul,100.0,162.69,0.18809570067428166,0.2766345194140181,0.0625,0.07894736842105263,0.0,0.05263157894736842,154.82963450550963,180.2117479536618,0.08853881873973646,True
4127858,PR,Sul,97.35,125.72,0.1361316839627145,0.11877532915817274,0.0,0.034482758620689655,0.0,0.0,214.66189788336277,115.74733586153212,-0.017356354804541757,True
4127908,PR,Sul,100.0,173.54,0.2010106778759989,0.029632873404338917,0.0,0.0,0.043478260869565216,0.0,252.9821327166586,62.16901914043925,-0.17137780447165998,True
4127965,PR,Sul,100.0,147.56,0.2151115320809729,0.07968569694593636,0.125,0.0,0.0,0.0,59.27471303780761,133.8383562067535,-0.13542583513503653,True
4128005,PR,Sul,100.0,113.13,0.28401732814875746,0.08764695593729468,0.10526315789473684,0.0,0.10526315789473684,0.014285714285714285,68.19317665543124,127.30500266795032,-0.19637037221146278,True
4128104,PR,Sul,81.4,87.425,0.21540924798358452,0.19082900840359618,0.09523809523809523,0.05263157894736842,0.07142857142857142,0.11842105263157894,33.95958468984755,31.284808401371667,-0.02458023957998834,True
4128203,PR,Sul,70.46,92.21,0.09598969476456484,0.1389427594744162,0.024390243902439025,0.017241379310344827,0.024390243902439025,0.10344827586206896,74.18089160622509,51.797041361585336,0.04295306470985136,True
4128401,PR,Sul,97.79,145.04000000000002,0.06740849839156285,0.1209119166462094,0.0,0.023809523809523808,0.0,0.0,116.25895470321588,141.7307512162118,0.05350341825464655,True
4128500,PR,Sul,100.0,150.1,0.13102799624515113,0.14523406721188253,0.05,0.0,0.0,0.10810810810810811,99.96350947948648,91.98713302985198,0.014206070966731404,True
4128534,PR,Sul,100.0,180.76,0.04718119747404665,0.016971243415391062,0.0,0.0,0.0,0.0,87.29600826335216,44.03916025779897,-0.030209954058655588,True
4128559,PR,Sul,100.0,157.54,0.2750247710545154,0.08149453311465583,0.09090909090909091,0.0,0.09090909090909091,0.0,104.16546761092752,136.42838170183788,-0.19353023793985957,True
4128609,PR,Sul,98.91,132.37,0.15940745250353866,0.1561023063407762,0.0,0.0,0.14285714285714285,0.06451612903225806,68.6611322669813,162.27014297629086,-0.003305146162762451,True
4128658,PR,Sul,85.76,183.67,0.06777972370237612,0.17025282089522858,0.0,0.0,0.0,0.0625,116.79050257695596,185.0627460325467,0.10247309719285247,True
4128708,PR,Sul,100.0,108.17999999999999,0.23237202669462823,0.22928576853461496,0.125,0.08333333333333333,0.0,0.08333333333333333,83.98956664380431,64.45413137478691,-0.003086258160013261,True
4200101,SC,Sul,100.0,160.99,0.22389700305561488,0.061888450843301177,0.03225806451612903,0.0,0.06451612903225806,0.0,190.05938089287542,108.35494209482306,-0.1620085522123137,True
4200200,SC,Sul,100.0,159.23,0.017303182489251237,0.16177119268053133,0.0,0.0,0.0,0.15384615384615385,44.514455189965865,58.251192418489374,0.14446801019128008,True
4200408,SC,Sul,99.72,161.33,0.20589174154541226,0.05814103215056347,0.0,0.0,0.0,0.0,314.5495111466742,102.98911067084312,-0.1477507093948488,True
4200507,SC,Sul,96.12,169.12000000000003,0.06122503832617354,0.17944417833330165,0.0,0.09090909090909091,0.0,0.0,107.40501895483239,81.42438623003972,0.1182191400071281,True
4200705,SC,Sul,100.0,100.17999999999999,0.05136443095939244,0.017361343922129267,0.0,0.0,0.0,0.0,93.28587156125737,44.597735033983675,-0.03400308703726318,True
4200903,SC,Sul,100.0,130.64,0.49869996098831465,0.16198764733884666,0.14285714285714285,0.0,0.03571428571428571,0.034482758620689655,382.1516619374015,208.39813375464746,-0.33671231364946796,True
4201000,SC,Sul,100.0,126.73,0.06709952490250876,0.21477104356646104,0.0,0.024390243902439025,0.0,0.04878048780487805,115.81654359501597,213.64371675438966,0.14767151866395228,True
4201109,SC,Sul,100.0,145.1,0.31509477186679774,0.09477401270416669,0.0,0.0,0.0,0.0,470.9144918807167,155.44292336850205,-0.22032075916263105,True
4201257,SC,Sul,100.0,172.42000000000002,0.021894978055777007,0.42009464734583374,0.0,0.125,0.0,0.25,51.08932791264943,38.959424086671426,0.39819966929005673,True
4201307,SC,Sul,82.71,94.355,0.0,0.18371350236592054,0.0,0.04878048780487805,0.0,0.0975609756097561,15.818560641376795,55.55339458348926,0.18371350236592054,True
4201406,SC,Sul,80.17,72.38,0.17918950555626523,0.14885486967442163,0.03278688524590164,0.007874015748031496,0.09836065573770492,0.10236220472440945,82.42299746864208,87.47260727087459,-0.030334635881843597,True
4201505,SC,Sul,80.35,105.645,0.17736749184251646,0.20564427600011193,0.0,0.02857142857142857,0.0,0.05714285714285714,273.7063793936457,181.09764929714623,0.028276784157595464,True
4201604,SC,Sul,98.11,137.38,0.06465108639611346,0.08557924119192198,0.0,0.0,0.0,0.0,112.31068813702862,142.2771690287664,0.02092815479580852,True
4201703,SC,Sul,88.5,154.25499999999997,0.25188976659017204,0.03766296632933705,0.0,0.0,0.2222222222222222,0.0,101.45707979768785,73.66710048318758,-0.214226800260835,True
4201950,SC,Sul,88.58,120.755,0.10505142039228664,0.12183200287483384,0.0,0.0,0.09090909090909091,0.07692307692307693,56.04059128369153,97.62493041756781,0.0167805824825472,True
4202008,SC,Sul,76.65,86.35,0.23177486246861995,0.22281319754937876,0.10526315789473684,0.056910569105691054,0.07894736842105263,0.13821138211382114,26.422788325687126,43.0488522624912,-0.008961664919241191,True
4202073,SC,Sul,96.8,89.34,0.15284102993641904,0.2486172314803831,0.0,0.07692307692307693,0.1111111111111111,0.11538461538461539,99.10967215756632,65.66835927093908,0.09577620154396405,True
4202107,SC,Sul,100.0,70.88000000000001,0.1252405816319952,0.07911538566359043,0.0,0.0,0.14285714285714285,0.06666666666666667,17.181605083364037,49.33499995322307,-0.04612519596840477,True
4202156,SC,Sul,100.0,131.67,0.10233100395414048,0.2741055598374557,0.0,0.14285714285714285,0.0,0.0,166.2635827195464,105.39295994461033,0.17177455588331525,True
4202206,SC,Sul,100.0,169.10999999999999,0.31596762408847284,0.2459671984424749,0.0,0.14285714285714285,0.3333333333333333,0.0,53.73059453115845,65.10237162975413,-0.07000042564599795,True
4202305,SC,Sul,99.76,140.605,0.047199151026990585,0.2314191019382753,0.0,0.014492753623188406,0.045454545454545456,0.21739130434782608,30.262572976607107,47.08222801371253,0.18421995091128474,True
4202404,SC,Sul,96.42999999999999,125.31499999999998,0.1320765354611224,0.1313233197154586,0.013793103448275862,0.015,0.1103448275862069,0.095,40.714469323666286,56.30615305996424,-0.00075321574566381,True
4202438,SC,Sul,99.76,173.215,0.5435637965246222,0.092970642029026,0.2,0.0,0.2,0.0,117.43092045168076,152.8607237716151,-0.45059315449559617,True
4202453,SC,Sul,100.0,110.57000000000001,0.0015552696098905298,0.25226604905957906,0.0,0.1,0.0,0.1,21.965428054586134,40.64046196668554,0.2507107794496885,True
4202602,SC,Sul,91.67,166.31,0.16043838653890788,0.26239111950790706,0.0,0.0,0.0,0.03333333333333333,249.46603352730082,353.60613075485094,0.10195273296899918,True
4202800,SC,Sul,93.8,129.97,0.04162537741980279,0.11121684149396949,0.0,0.041666666666666664,0.0,0.041666666666666664,79.34077393343522,37.19064305148292,0.06959146407416669,True
4202875,SC,Sul,100.0,140.61,0.11975101225052422,0.12407376167750535,0.0,0.0,0.0,0.0,191.2068398217944,197.39647237025702,0.004322749426981132,True
4202909,SC,Sul,89.73,118.55499999999999,0.1502332371045917,0.09103140789396941,0.07228915662650602,0.021621621621621623,0.012048192771084338,0.02702702702702703,64.46598856645801,69.71777008488486,-0.05920182921062228,True
4203006,SC,Sul,80.58,106.83500000000001,0.32310454536512556,0.20040272184468808,0.06060606060606061,0.01818181818181818,0.24242424242424243,0.18181818181818182,47.89768724893597,39.402247141870426,-0.12270182352043749,True
4203204,SC,Sul,84.2,74.7,0.21497500557284452,0.19383130573597773,0.041666666666666664,0.034482758620689655,0.16666666666666666,0.13793103448275862,28.846619425199428,50.07305370743352,-0.021143699836866786,True
4203303,SC,Sul,88.7,88.365,0.05096713219152961,0.01263521054821748,0.0,0.0,0.0,0.0,92.71698978206408,37.83050749658528,-0.03833192164331213,True
4203402,SC,Sul,66.45,192.91,0.3333333333333333,0.19249418098705012,0.0,0.0,0.0,0.18181818181818182,516.7867274501461,67.12932235960727,-0.1408391523462832,True
4203501,SC,Sul,100.0,145.48,0.22121448414684908,0.20322451821705348,0.04,0.02702702702702703,0.0,0.05405405405405406,250.57730751993924,184.82732168994332,-0.0179899659297956,True
4203600,SC,Sul,90.02,94.145,0.20323940373617969,0.06330334448686821,0.0784313725490196,0.030303030303030304,0.0,0.0,142.29593190588795,45.295709336434776,-0.13993605924931146,True
4203808,SC,Sul,67.13,91.61500000000001,0.1507891698771635,0.0875992276004037,0.029411764705882353,0.0,0.08823529411764706,0.08,61.7167939859793,44.74544424188563,-0.06318994227675981,True
4203907,SC,Sul,98.0,60.04,0.022013770777674316,0.08934992437257698,0.0,0.0,0.0,0.1,51.2594241234977,22.146198740676404,0.06733615359490266,True
4203956,SC,Sul,100.0,143.55,0.2765941446444553,0.1325663156620126,0.058823529411764705,0.029411764705882353,0.17647058823529413,0.058823529411764705,67.92089045385794,72.54458430583223,-0.1440278289824427,True
4204202,SC,Sul,95.05,102.41999999999999,0.19524948211215462,0.14690183754458547,0.08641975308641975,0.020100502512562814,0.06172839506172839,0.11557788944723618,36.21011471641515,41.82626437633135,-0.048347644567569154,True
4204301,SC,Sul,95.93999999999998,101.01,0.06081502503512845,0.1870539070656243,0.0,0.05426356589147287,0.047619047619047616,0.07751937984496124,47.04168704339976,73.71805567046344,0.12623888203049585,True
4204400,SC,Sul,94.81000000000002,101.07000000000001,0.03320894466316819,0.27772317012619396,0.0,0.15789473684210525,0.0,0.0,67.28950262743363,78.2750121294229,0.24451422546302576,True
4204509,SC,Sul,87.85,106.265,0.13172160411264058,0.04390493097844853,0.0,0.0,0.125,0.0,51.434577262407394,82.6048074243635,-0.08781667313419206,True
4204558,SC,Sul,100.0,111.27,0.07173741270084232,0.14452970629843628,0.0,0.0,0.0,0.10344827586206896,122.45741458640512,96.82806965414537,0.07279229359759397,True
4204608,SC,Sul,73.24,84.75999999999999,0.12071780010566052,0.21915513828781794,0.011235955056179775,0.046948356807511735,0.10112359550561797,0.14553990610328638,41.517885978185,50.00841708244947,0.09843733818215741,True
4204707,SC,Sul,100.0,127.81000000000002,0.14274413950142298,0.17614015942629804,0.0,0.037037037037037035,0.043478260869565216,0.07407407407407407,169.5517908702226,99.41516871651163,0.033396019924875064,True
4204806,SC,Sul,77.28,76.47,0.0806881326854895,0.11700341251252366,0.0,0.031914893617021274,0.0,0.0,135.27371788711199,118.72546320491232,0.03631527982703417,True
4204905,SC,Sul,98.59,123.09,0.16399574052664784,0.005765646066100935,0.06666666666666667,0.0,0.0,0.0,111.3723154201585,27.99415666697775,-0.1582300944605469,True
4205001,SC,Sul,100.0,157.41,0.04391828983540958,0.08602116815702593,0.0,0.0,0.0,0.03225806451612903,82.62393562442531,102.41636775470833,0.04210287832161635,True
4205191,SC,Sul,100.0,154.25,0.1929649663235246,0.30432788746210304,0.0,0.14285714285714285,0.0,0.0,296.0399976965889,148.6675253376959,0.11136292113857843,True
4205308,SC,Sul,100.0,156.35999999999999,0.2269043759053586,0.019596530936254745,0.0625,0.0,0.0625,0.0,131.94244690685522,47.79824122297968,-0.20730784496910387,True
4205407,SC,Sul,97.98,106.56000000000002,0.11303256064170589,0.19470859549215558,0.03333333333333333,0.033112582781456956,0.06111111111111111,0.15894039735099338,33.28031602191194,27.89902380333335,0.08167603485044969,True
4205456,SC,Sul,91.67,127.125,0.21294486436206128,0.19001117606589596,0.08,0.09090909090909091,0.04,0.030303030303030304,102.61176798924315,58.515567286359804,-0.022933688296165322,True
4205506,SC,Sul,96.17,109.325,0.07145252923458172,0.12442645041057734,0.0,0.0,0.047619047619047616,0.09615384615384616,62.273252818732196,77.19944596201992,0.05297392117599563,True
4205704,SC,Sul,100.0,159.17000000000002,0.006172928530516503,0.095551039152613,0.0,0.0,0.0,0.09523809523809523,28.577333841770695,37.003038269781534,0.0893781106220965,True
4205803,SC,Sul,81.02,143.11499999999998,0.02452928345203382,0.1445190237288351,0.0,0.05,0.0,0.05,54.86132133921476,56.515904313490516,0.11998974027680129,True
4205902,SC,Sul,84.82000000000001,95.25,0.09223652336433907,0.12107694784483844,0.03125,0.03409090909090909,0.03125,0.045454545454545456,45.462303724879284,62.82544005842767,0.028840424480499366,True
4206009,SC,Sul,100.0,144.84,0.638776056297395,0.1252405816319952,0.2,0.0,0.4,0.14285714285714285,27.53177147051972,17.8097563501188,-0.5135354746653997,True
4206207,SC,Sul,100.0,126.65,0.3174716573171671,0.20645777863991147,0.08333333333333333,0.04878048780487805,0.16666666666666666,0.04878048780487805,86.11678547298592,149.35453433636954,-0.11101387867725562,True
4206306,SC,Sul,87.71,113.485,0.19983322383823915,0.09403427457333159,0.125,0.05263157894736842,0.0,0.0,37.398100575744984,41.34102670806303,-0.10579894926490756,True
4206405,SC,Sul,100.0,162.09,0.12524153976716398,0.14037682584592556,0.0,0.08333333333333333,0.1,0.0,73.53846993655374,41.75615518186136,0.015135286078761578,True
4206504,SC,Sul,81.8,102.71000000000001,0.10970518894802722,0.151594415320103,0.0,0.045454545454545456,0.09523809523809523,0.06818181818181818,57.26999747002708,53.58609395449827,0.04188922637207579,True
4206603,SC,Sul,100.0,144.95,0.2019844077485589,0.25397270874572253,0.0,0.0,0.0,0.05555555555555555,308.95470144159225,313.65644641019594,0.051988300997163645,True
4206652,SC,Sul,100.0,81.35000000000001,0.028730256018596332,0.006653721030294999,0.0,0.0,0.0,0.0,60.876584766443564,29.265768125541793,-0.02207653498830133,True
4206702,SC,Sul,100.0,145.0,0.28847626124092773,0.298768204729018,0.14814814814814814,0.09090909090909091,0.0,0.18181818181818182,114.60591433369677,24.04478812978553,0.01029194348809026,True
4206900,SC,Sul,100.0,145.01000000000002,0.25773973637730346,0.06502117191189313,0.10526315789473684,0.0,0.05263157894736842,0.047619047619047616,96.6354568037714,53.06435943091741,-0.19271856446541033,True
4207007,SC,Sul,100.0,131.35,0.19904134267113643,0.10958629879608961,0.05,0.012658227848101266,0.1,0.06329113924050633,71.81993891003283,70.015330715648,-0.08945504387504682,True
4207205,SC,Sul,100.0,147.29,0.2045604105815053,0.13744289611525967,0.125,0.0,0.0,0.016666666666666666,44.166836405342906,195.6177028958915,-0.06711751446624561,True
4207304,SC,Sul,100.0,144.09,0.1603497076536286,0.10894281587890065,0.04081632653061224,0.0,0.061224489795918366,0.07608695652173914,84.81812938468363,80.21882146026812,-0.05140689177472796,True
4207502,SC,Sul,94.38,127.88,0.1278898249536979,0.12737935931279737,0.05263157894736842,0.05454545454545454,0.02631578947368421,0.03636363636363636,56.78366892906053,39.329029751989204,-0.0005104656409005426,True
4207650,SC,Sul,100.0,154.655,0.039795275658115824,0.06028115844552393,0.0,0.0,0.0,0.0,76.7202987885117,106.0535018868658,0.020485882787408108,True
4207700,SC,Sul,100.0,134.33,0.38734503239824997,0.014769719098969543,0.2222222222222222,0.0,0.0,0.0,97.07642595429859,40.88685481069121,-0.3725753132992804,True
4207908,SC,Sul,100.0,170.15,0.04886427130250618,0.04957163082001007,0.0,0.0,0.0,0.0,89.70595793220771,90.71880763977556,0.0007073595175038916,True
4208005,SC,Sul,100.0,148.57,0.20690759002466413,0.10290699943054987,0.06666666666666667,0.0,0.0,0.07692307692307693,172.81667736022672,70.52670988057194,-0.10400059059411426,True
4208104,SC,Sul,100.0,127.63,0.09992286095861316,0.24673876138114534,0.0,0.02127659574468085,0.08333333333333333,0.1702127659574468,58.20699741652414,113.67091217231689,0.14681590042253218,True
4208203,SC,Sul,100.0,91.30499999999999,0.27543257283200107,0.18166283609086534,0.06557377049180328,0.035897435897435895,0.19672131147540983,0.1282051282051282,26.33866796605827,41.81982006105811,-0.09376973674113573,True
4208302,SC,Sul,91.61,111.78,0.0926018189985131,0.1419335877609994,0.0,0.014285714285714285,0.1,0.11428571428571428,26.802502132964765,48.82349178002713,0.04933176876248631,True
4208401,SC,Sul,100.0,126.21,0.11385067007112883,0.21533658639593092,0.0,0.14285714285714285,0.047619047619047616,0.0,122.98204867865462,21.24319438500118,0.1014859163248021,True
4208500,SC,Sul,100.0,105.56000000000002,0.08770846474022287,0.06002173646323895,0.0,0.0,0.07692307692307693,0.02631578947368421,48.764323094742444,72.64780189126718,-0.027686728276983916,True
4208708,SC,Sul,98.98,113.245,0.349570736616025,0.1816572303693072,0.016666666666666666,0.0425531914893617,0.0,0.0,484.4828795077698,188.45253120267492,-0.1679135062467178,True
4208807,SC,Sul,100.0,163.9,0.19707215651919469,0.23093254780243752,0.10526315789473684,0.06451612903225806,0.0,0.06451612903225806,75.83560686846809,130.84916834608708,0.033860391283242836,True
4208906,SC,Sul,64.27,56.305,0.14394961706801152,0.10282435672017194,0.013513513513513514,0.013333333333333334,0.12162162162162163,0.057777777777777775,44.15996025970522,65.80401151988148,-0.04112526034783957,True
4209003,SC,Sul,100.0,126.985,0.13094423191660276,0.056580629484066704,0.03571428571428571,0.0,0.03571428571428571,0.058823529411764705,85.69440057336037,26.913567398809274,-0.07436360243253606,True
4209102,SC,Sul,81.83,91.53999999999999,0.1432046957709275,0.10579103694284986,0.059880239520958084,0.020703933747412008,0.05389221556886228,0.06832298136645963,28.527162402677902,40.98386104814864,-0.03741365882807765,True
4209300,SC,Sul,85.16,99.23500000000001,0.2897150452891668,0.18078339298265358,0.03571428571428571,0.023054755043227664,0.23214285714285715,0.10086455331412104,66.45719278756803,102.46487439865994,-0.10893165230651322,True
4209409,SC,Sul,97.28,126.11500000000001,0.1427998506624416,0.2439434282657626,0.034482758620689655,0.04225352112676056,0.034482758620689655,0.16901408450704225,106.86117771896367,66.11858218578625,0.10114357760332099,True
4209607,SC,Sul,99.25,148.05,0.3094343926197425,0.2901788405094666,0.18181818181818182,0.1111111111111111,0.0,0.1111111111111111,72.29844881440523,57.11444542682812,-0.01925555211027591,True
4209706,SC,Sul,100.0,150.0,0.1122857495573189,0.5383909318796092,0.0,0.16666666666666666,0.0,0.2777777777777778,180.51752420699668,83.98319768490705,0.4261051823222903,True
4209854,SC,Sul,79.43999999999998,122.615,0.28311065110503536,0.23947400370567806,0.08333333333333333,0.0,0.0,0.2222222222222222,246.13300966156888,83.67927163138687,-0.0436366473993573,True
4210100,SC,Sul,98.73,120.11500000000001,0.2445757351161579,0.0327082211302054,0.058823529411764705,0.0,0.14705882352941177,0.024390243902439025,58.995183692108974,35.9554287548911,-0.2118675139859525,True
4210308,SC,Sul,100.0,188.55,0.17050656667036942,0.20140365180728337,0.0,0.058823529411764705,0.14285714285714285,0.058823529411764705,84.55366535652837,107.94006459954063,0.030897085136913943,True
4210407,SC,Sul,74.79,87.7,0.39409346401833273,0.11245615208031896,0.0,0.0,0.5,0.07692307692307693,106.73932978722085,84.19989336012569,-0.2816373119380138,True
4210506,SC,Sul,95.07000000000001,106.345,0.4124950697901779,0.16949519718200634,0.125,0.046511627906976744,0.25,0.06976744186046512,28.077786511415688,74.95690969287409,-0.24299987260817157,True
4210605,SC,Sul,100.0,135.105,0.14689184356020496,0.1325470553469177,0.07142857142857142,0.041666666666666664,0.0,0.041666666666666664,76.65401842779657,67.73282185690105,-0.014344788213287246,True
4210803,SC,Sul,100.0,149.87000000000003,0.1452983319860744,0.23796347932118317,0.0,0.0,0.0,0.25,227.78738293034434,46.64691504657591,0.09266514733510878,True
4211058,SC,Sul,100.0,153.55,0.32841391401479414,0.007320963644988359,0.0,0.0,0.3333333333333333,0.0,71.55211357519923,30.221175482685688,-0.3210929503698058,True
4211108,SC,Sul,100.0,180.97,0.07031598033018664,0.3575835133321964,0.0,0.14285714285714285,0.0,0.14285714285714285,120.42210252044688,45.59413820068702,0.28726753300200975,True
4211207,SC,Sul,99.82000000000001,167.965,0.15911829716548342,0.19743598961654857,0.03125,0.0625,0.0,0.0625,180.45673773054148,89.74743051626389,0.038317692451065144,True
4211306,SC,Sul,71.86,104.00999999999999,0.12664282965380755,0.15320857835132495,0.0,0.030303030303030304,0.13636363636363635,0.10606060606060606,29.89762649314617,40.89067771226203,0.026565748697517405,True
4211504,SC,Sul,100.0,211.94,0.008960327859339971,0.09615401040737084,0.0,0.0,0.0,0.1,32.56853849119159,31.88879268346517,0.08719368254803087,True
4211603,SC,Sul,100.0,153.68,0.2794532265766359,0.33957325409436506,0.0,0.13333333333333333,0.2727272727272727,0.13333333333333333,77.52543449223194,52.21630799876583,0.06012002751772916,True
4211702,SC,Sul,100.0,136.51500000000001,0.03966701999891794,0.19384308463176425,0.0,0.06666666666666667,0.0,0.0,76.53665284370149,154.10995165812378,0.1541760646328463,True
4211751,SC,Sul,100.0,121.3,0.18375455088568007,0.2303816293867355,0.0,0.05063291139240506,0.0,0.0,282.8518432264006,240.86602033689843,0.046627078501055436,True
4211900,SC,Sul,81.13,70.16,0.12437686468606565,0.16563856853286824,0.0273972602739726,0.03954802259887006,0.0821917808219178,0.1016949152542373,35.81090459053252,44.3126179392596,0.04126170384680258,True
4212007,SC,Sul,100.0,184.08,0.20762762017746017,0.16013029991531066,0.0,0.037037037037037035,0.0,0.0,317.03507064129616,169.47633628749767,-0.047497320262149506,True
4212056,SC,Sul,100.0,136.66,0.11879305462687287,0.07481651872507303,0.0,0.0,0.0,0.0,189.83516519952948,126.866306470998,-0.04397653590179984,True
4212106,SC,Sul,96.32000000000001,111.99,0.19706200952548086,0.22791971496347202,0.0,0.06382978723404255,0.06666666666666667,0.06382978723404255,218.21970501619393,128.87086942381438,0.030857705437991156,True
4212205,SC,Sul,100.0,123.36,0.21511842055023264,0.10985006202106623,0.020833333333333332,0.02,0.020833333333333332,0.0,256.8627832544726,134.07370628568808,-0.10526835852916641,True
4212304,SC,Sul,100.0,144.81,0.025749065359255963,0.11117170031899937,0.0,0.0,0.0,0.1,56.60789534784072,53.392232531157376,0.08542263495974341,True
4212502,SC,Sul,99.97,132.56,0.6333333333333333,0.39411097681294127,0.2,0.10526315789473684,0.4,0.2631578947368421,14.080587856579818,27.627968233702465,-0.23922235652039203,True
4212601,SC,Sul,75.0,116.97,0.1409813933131454,0.02174053749782135,0.0,0.0,0.0,0.0,221.60607064957705,50.868188491900575,-0.11924085581532406,True
4212650,SC,Sul,100.0,173.16,0.3156182305326742,0.3315065442483699,0.2,0.125,0.0,0.125,42.10181627827466,69.02506373507073,0.015888313715695712,True
4212908,SC,Sul,100.0,111.5,0.13602185068553643,0.11124190582331402,0.0,0.06666666666666667,0.14285714285714285,0.0,35.17589685763197,35.83547067549154,-0.024779944862222417,True
4213203,SC,Sul,86.98,131.415,0.22068277215514528,0.17900173890597987,0.03571428571428571,0.045454545454545456,0.14285714285714285,0.09090909090909091,79.69213366670436,64.3003569752057,-0.04168103324916542,True
4213302,SC,Sul,97.77,167.61999999999998,0.0695243294655951,0.32320512911881677,0.0,0.16666666666666666,0.0,0.0,119.28855822386792,124.55899957671346,0.25368079965322166,True
4213401,SC,Sul,100.0,131.46,0.26690532543463835,0.05355952964857838,0.0,0.0,0.0,0.0,401.91327606488466,96.42897631974012,-0.21334579578605997,True
4213609,SC,Sul,83.51,112.48,0.12532957634456504,0.13414135657277906,0.03571428571428571,0.037037037037037035,0.03571428571428571,0.07407407407407407,77.65492119475532,39.278174534974845,0.008811780228214022,True
4213807,SC,Sul,98.55,126.96,0.14730558208806407,0.09959262608852115,0.0,0.0,0.1,0.06666666666666667,105.13139865171057,78.65582827737636,-0.04771295599954292,True
4214003,SC,Sul,98.35,142.115,0.21641740894679484,0.12659845706824727,0.07692307692307693,0.0,0.07692307692307693,0.125,67.84308321163341,44.098876169345786,-0.08981895187854758,True
4214201,SC,Sul,100.0,127.01,0.06964037587814634,0.364748860637613,0.0,0.08333333333333333,0.0,0.25,119.4547220657451,49.20335614830053,0.2951084847594667,True
4214508,SC,Sul,100.0,162.74,0.07245871934353268,0.02032068017547056,0.0,0.0,0.0,0.0,123.49023482001661,48.83513169667176,-0.05213803916806212,True
4214706,SC,Sul,98.77,146.29500000000002,0.034389568075341326,0.007690039493122294,0.0,0.0,0.0,0.0,68.98000660479863,30.749645596683628,-0.02669952858221903,True
4214805,SC,Sul,88.56000000000002,83.03,0.15988409781648788,0.32146681975646907,0.06666666666666667,0.09836065573770492,0.06666666666666667,0.18032786885245902,21.79821874071372,42.41258356977334,0.1615827219399812,True
4214904,SC,Sul,100.0,144.41,0.0983230316717541,0.0694803166131655,0.0,0.0,0.0,0.0,160.5246713828049,119.22553736444718,-0.028842715058588597,True
4215000,SC,Sul,94.22,95.55,0.27137997178147966,0.22782035201176223,0.13333333333333333,0.06,0.06666666666666667,0.12,38.25886187274687,66.44372153811541,-0.04355961976971742,True
4215075,SC,Sul,100.0,146.81,0.2596167896430492,0.21770248457393912,0.0,0.034482758620689655,0.0,0.0,391.47701110706106,257.3985584066876,-0.041914305069110064,True
4215109,SC,Sul,100.0,137.17,0.24292384852418591,0.2780385165413026,0.0,0.047619047619047616,0.25,0.19047619047619047,53.74953877943919,76.472910019444,0.03511466801711671,True
4215307,SC,Sul,100.0,186.94,0.06799267919326261,0.29364811146664205,0.0,0.1111111111111111,0.0,0.1111111111111111,117.09542800926016,62.082004337816336,0.22565543227337942,True
4215406,SC,Sul,100.0,159.45,0.1069060392090028,0.1351210871505262,0.0,0.0,0.0,0.0,172.8144567875897,213.21485057521897,0.028215047941523408,True
4215455,SC,Sul,100.0,157.35,0.12627913793421353,0.09719046327157226,0.0,0.0,0.0,0.05555555555555555,200.5542933105424,89.16402416827809,-0.02908867466264127,True
4215505,SC,Sul,61.82,61.90500000000001,0.02078381921105514,0.07203245847800753,0.0,0.0,0.0,0.0,49.498288443908876,122.87988296595762,0.05124863926695239,True
4215604,SC,Sul,100.0,167.62000000000003,0.17795316856460555,0.2960161202401955,0.0,0.14285714285714285,0.0,0.0,274.5449946692138,136.76612189042459,0.11806295167558997,True
4215653,SC,Sul,100.0,142.97,0.5083066264878693,0.0029947292682615764,0.09090909090909091,0.0,0.36363636363636365,0.0,95.84083791562678,24.026552925262383,-0.5053118972196077,True
4215703,SC,Sul,100.0,172.98,0.30979523945475396,0.18137836611862182,0.09090909090909091,0.0,0.18181818181818182,0.18518518518518517,39.8341125411033,46.98627282044544,-0.12841687333613214,True
4215752,SC,Sul,100.0,130.4,0.11022386207757014,0.23798974216270957,0.0,0.08333333333333333,0.0,0.0,177.56516111690814,181.5255529206217,0.12776588008513945,True
4215802,SC,Sul,60.9,83.78999999999999,0.13715146558876581,0.1391566356912488,0.0,0.07352941176470588,0.12,0.014705882352941176,65.48596045458791,42.605656510276006,0.002005170102482995,True
4216008,SC,Sul,100.0,157.43499999999997,0.2730212502687688,0.24467144829040688,0.022727272727272728,0.05555555555555555,0.0,0.08333333333333333,361.8566232277544,146.14590332401866,-0.0283498019783619,True
4216057,SC,Sul,93.79,132.79,0.2747171224719102,0.04655903806017156,0.1,0.0,0.0,0.0,198.31768396966126,86.40515436966648,-0.22815808441173865,True
4216206,SC,Sul,77.89,82.09,0.3041172742036145,0.09205005732203639,0.125,0.024390243902439025,0.125,0.04878048780487805,29.807079854370993,37.92272629013254,-0.21206721688157812,True
4216305,SC,Sul,93.6,131.60999999999999,0.12929454073293167,0.1314615354324288,0.0,0.03333333333333333,0.14285714285714285,0.06666666666666667,25.543236591381312,52.694390826570945,0.0021669946994971323,True
4216404,SC,Sul,100.0,121.13,0.03554773164986811,0.17251175385459586,0.0,0.0,0.0,0.16666666666666666,70.63835092440938,57.536718498717136,0.13696402220472775,True
4216503,SC,Sul,90.28,100.63499999999999,0.17346371468948757,0.17740077166911106,0.018518518518518517,0.011235955056179775,0.018518518518518517,0.06741573033707865,205.09606702888058,164.99428108132872,0.003937056979623488,True
4216602,SC,Sul,72.0,78.43999999999998,0.15890417270556356,0.13230233906632616,0.058823529411764705,0.025925925925925925,0.07058823529411765,0.08148148148148149,32.31791646137146,51.21097304224432,-0.026601833639237404,True
4216701,SC,Sul,100.0,123.52,0.21618652937750435,0.05673292121079966,0.08695652173913043,0.0,0.0,0.0,142.5241752805803,100.97287321553102,-0.15945360816670467,True
4216909,SC,Sul,100.0,111.175,0.2050896116960291,0.22599658547500234,0.034482758620689655,0.07142857142857142,0.10344827586206896,0.10714285714285714,109.4797754320235,55.42549209291222,0.020906973778973242,True
4217006,SC,Sul,100.0,144.92000000000002,0.023664962136139778,0.0360626601062512,0.0,0.0,0.0,0.0,53.62372211225148,71.3756635971877,0.012397697970111421,True
4217204,SC,Sul,91.79,99.015,0.21354313628358226,0.07655900011850675,0.0625,0.025,0.125,0.025,34.35451422030989,44.283516598562656,-0.13698413616507552,True
4217501,SC,Sul,100.0,116.69500000000001,0.17324335222463505,0.21622189435815548,0.045454545454545456,0.0967741935483871,0.045454545454545456,0.03225806451612903,113.11421526957416,80.9947248411692,0.042978542133520425,True
4217600,SC,Sul,100.0,141.95499999999998,0.15943730517984284,0.3961140119039944,0.0,0.16666666666666666,0.16666666666666666,0.16666666666666666,38.8157552697725,17.640008967151577,0.2366767067241516,True
4217709,SC,Sul,99.66,111.84,0.2624482061722301,0.1868328955384635,0.0,0.02127659574468085,0.2631578947368421,0.1276595744680851,65.18883882150134,81.31032951959571,-0.07561531063376659,True
4217808,SC,Sul,100.0,116.285,0.05782817975329625,0.20223932749337642,0.0,0.125,0.0,0.0,102.54114545479264,40.843337860574884,0.14441114774008018,True
4218004,SC,Sul,100.0,107.67999999999999,0.12326675235797008,0.183596995881174,0.0,0.05128205128205128,0.09375,0.10256410256410256,78.55645526908229,43.73325544622492,0.06033024352320393,True
4218103,SC,Sul,69.07,129.96,0.35640396679185876,0.12280388254527025,0.0,0.0,0.02631578947368421,0.0,613.8565155077519,195.578165447252,-0.2336000842465885,True
4218202,SC,Sul,99.73,108.82000000000001,0.14510000957259378,0.1818797518712834,0.03571428571428571,0.024390243902439025,0.07142857142857142,0.14634146341463414,61.13150726212883,44.0791276382949,0.03677974229868963,True
4218301,SC,Sul,100.0,169.125,0.09810706712581099,0.1060807070020861,0.0,0.0,0.0,0.05263157894736842,160.21543736277593,105.56420424835677,0.007973639876275113,True
4218400,SC,Sul,100.0,154.50499999999997,0.16359789774714825,0.04223432422726548,0.0,0.0,0.0,0.0,253.99005550500183,80.21270903941839,-0.12136357351988278,True
4218707,SC,Sul,99.61,103.55499999999999,0.2924813198812459,0.19092869573599275,0.14285714285714285,0.04054054054054054,0.06349206349206349,0.11486486486486487,52.003073749639015,61.8609000827453,-0.10155262414525318,True
4218756,SC,Sul,100.0,142.39,0.06333693028918994,0.021503165299554084,0.0,0.0,0.0,0.0,110.42898216480543,50.528301410931995,-0.041833764989635855,True
4218806,SC,Sul,100.0,147.58,0.32859434623294503,0.07987080141717386,0.10526315789473684,0.0,0.10526315789473684,0.05555555555555555,132.02185021331186,64.3644505281244,-0.2487235448157712,True
4218905,SC,Sul,100.0,163.54,0.27674343586344796,0.09749547606212258,0.058823529411764705,0.0,0.11764705882352941,0.037037037037037035,141.975899921535,112.84708137516814,-0.17924795980132538,True
4219002,SC,Sul,100.0,150.58,0.2258644651011404,0.22799848368589531,0.043478260869565216,0.08695652173913043,0.13043478260869565,0.08695652173913043,86.02991669949213,50.28078518201905,0.0021340185847549265,True
4219309,SC,Sul,66.24,95.605,0.14655679020751386,0.15397599390145222,0.0,0.05555555555555555,0.11904761904761904,0.05555555555555555,80.14872520561116,51.15091550233921,0.007419203693938364,True
4219358,SC,Sul,97.4,195.53,0.12834517912337606,0.14442506315247539,0.0,0.0,0.0,0.058823529411764705,203.51260398917813,152.69572873379272,0.016079884029099323,True
4219507,SC,Sul,92.87,87.03,0.21217202708189736,0.28633323886205303,0.0625,0.14285714285714285,0.125,0.05357142857142857,32.39125859201123,55.6531806164741,0.07416121178015567,True
4219606,SC,Sul,94.61,191.62000000000003,0.09789570965644481,0.1862331355846954,0.0,0.05263157894736842,0.0,0.0,159.91280009595124,173.35817937602621,0.08833742592825058,True
4219705,SC,Sul,100.0,98.68999999999998,0.07790272781660348,0.009056933492126069,0.0,0.0,0.038461538461538464,0.0,83.00455615779254,32.70686558582387,-0.06884579432447742,True
4220000,SC,Sul,100.0,146.915,0.1053437475995243,0.06924845286105567,0.0,0.0,0.09090909090909091,0.043478260869565216,56.459167013625326,64.31522745495147,-0.03609529473846863,True
4300034,RS,Sul,95.17,209.83,0.15290910574436758,0.28296679775057887,0.0,0.09090909090909091,0.0,0.0,238.68505205714712,229.65573423458468,0.13005769200621128,True
4300109,RS,Sul,71.93,37.040000000000006,0.025838912549527554,0.06725266912943824,0.0,0.0,0.0,0.045454545454545456,56.73654520430055,58.97668432050207,0.041413756579910685,True
4300307,RS,Sul,100.0,171.48,0.02735482570781958,0.13973806598663213,0.0,0.030303030303030304,0.0,0.0,58.90714185434969,154.7406003760743,0.11238324027881255,True
4300406,RS,Sul,98.0,92.16499999999999,0.042152994652308234,0.042725156791630185,0.0,0.0,0.02857142857142857,0.03389830508474576,44.23050861275823,38.362938573886474,0.0005721621393219509,True
4300505,RS,Sul,100.0,196.71,0.06412905326172078,0.20428808999654535,0.0,0.03333333333333333,0.0,0.06666666666666667,111.56320246047173,156.9728414138046,0.14015903673482458,True
4300604,RS,Sul,55.660000000000004,66.09,0.13990721425703345,0.1559533131737304,0.047619047619047616,0.03986710963455149,0.03968253968253968,0.059800664451827246,67.97772959329335,82.349114472412,0.01604609891669695,True
4300646,RS,Sul,100.0,158.22,0.1674816263781766,0.09340977892222907,0.0,0.0,0.07692307692307693,0.0,162.9894397961929,153.489512475035,-0.07407184745594753,True
4301008,RS,Sul,100.0,95.63,0.03561593400174597,0.06357105396494346,0.0,0.0,0.0,0.0625,70.73600809936151,32.30789681605103,0.027955119963197488,True
4301057,RS,Sul,100.0,140.45999999999998,0.4849230269445719,0.3375467063685003,0.2,0.3333333333333333,0.2,0.0,33.46472666906806,25.771497260351143,-0.14737632057607158,True
4301107,RS,Sul,95.67,115.34,0.0361850851887156,0.12655728535995747,0.0,0.027777777777777776,0.0,0.027777777777777776,71.5509608907204,106.42167239161557,0.09037220017124187,True
4301206,RS,Sul,96.27,119.125,0.12100883405480839,0.08837889904128324,0.0,0.0,0.0,0.0,193.00788217029813,146.28592633512434,-0.03262993501352515,True
4301305,RS,Sul,61.74,124.375,0.2791493334365628,0.15977133075092032,0.043478260869565216,0.05555555555555555,0.17391304347826086,0.027777777777777776,107.74882447002206,94.31858368576347,-0.11937800268564247,True
4301404,RS,Sul,99.28,135.63,0.13142052287873363,0.028172490113552124,0.0,0.0,0.06666666666666667,0.0,124.22936642700456,60.07793426434972,-0.1032480327651815,True
4301503,RS,Sul,100.0,118.31000000000002,0.025401881391496437,0.2643368222057897,0.0,0.15384615384615385,0.0,0.0,56.11077164834155,67.80303962037716,0.23893494081429326,True
4301602,RS,Sul,80.27,77.715,0.19474193732733294,0.2104662464125753,0.062146892655367235,0.05945945945945946,0.02824858757062147,0.03783783783783784,129.64413181734375,145.89406315954264,0.01572430908524236,True
4301800,RS,Sul,100.0,144.89,0.19260535893098624,0.0347673797574036,0.0,0.0,0.14285714285714285,0.0,116.19635160715215,69.52098533233853,-0.15783797917358264,True
4302006,RS,Sul,79.46,155.29999999999998,0.21915609456109092,0.12143207338672804,0.05263157894736842,0.0,0.05263157894736842,0.038461538461538464,154.4312278033971,145.3330946736791,-0.09772402117436288,True
4302105,RS,Sul,56.32,55.504999999999995,0.22870019254538254,0.04535039244868513,0.0,0.0,0.2608695652173913,0.04838709677419355,17.525549568837825,23.934148620081455,-0.1833498000966974,True
4302303,RS,Sul,96.95,93.73,0.2225560972624476,0.0883185135182509,0.058823529411764705,0.0,0.058823529411764705,0.06666666666666667,138.22770145669224,62.51271952246751,-0.1342375837441967,True
4302352,RS,Sul,99.67,106.52,0.23433252803877322,0.04200782128182774,0.14285714285714285,0.0,0.0,0.0,48.44298948470137,79.88838535906498,-0.19232470675694546,True
4302402,RS,Sul,80.72,148.86999999999998,0.056726505602454215,0.026393242718767848,0.0,0.0,0.0,0.0,100.96368687269437,57.53027616559772,-0.030333262883686367,True
4302451,RS,Sul,89.31000000000002,158.835,0.23267458927331877,0.18836243175301737,0.058823529411764705,0.045454545454545456,0.0,0.045454545454545456,226.5573504208029,134.76283227419765,-0.044312157520301404,True
4302501,RS,Sul,100.0,178.26,0.47382842950592396,0.174244840720409,0.125,0.0,0.25,0.08695652173913043,115.89943012407119,160.0785159564074,-0.29958358878551494,True
4302600,RS,Sul,100.0,214.19,0.37275361998892487,0.09125716098342564,0.2,0.0,0.0,0.0,123.91249538915545,150.40723479887387,-0.28149645900549924,True
4302709,RS,Sul,79.67,105.45,0.19773797593446923,0.14461918470463406,0.1,0.013888888888888888,0.0,0.027777777777777776,88.09324486915773,162.11474510621127,-0.05311879122983518,True
4302808,RS,Sul,51.18,56.065,0.2893487164195107,0.13263912307436762,0.08888888888888889,0.058823529411764705,0.1111111111111111,0.029411764705882353,103.65494592555814,46.398544846421224,-0.1567095933451431,True
4302907,RS,Sul,100.0,167.305,0.12025522074079567,0.18728405932443581,0.0,0.07692307692307693,0.05263157894736842,0.0,125.86032204971141,122.68942290601456,0.06702883858364014,True
4303004,RS,Sul,42.51,76.89999999999999,0.3118062835774199,0.3182339386645781,0.10975609756097561,0.08333333333333333,0.12195121951219512,0.19791666666666666,77.384931662091,47.98011584389545,0.006427655087158202,True
4303103,RS,Sul,61.88,61.69500000000001,0.14766689790712345,0.1202320832742316,0.04225352112676056,0.05161290322580645,0.07042253521126761,0.01935483870967742,52.02480452505705,56.74475998610692,-0.027434814632891852,True
4303301,RS,Sul,97.59,148.8,0.13680952475410774,0.2796997821109767,0.0,0.0625,0.0,0.03125,215.63248049425755,246.7669772825101,0.14289025735686894,True
4303400,RS,Sul,100.0,144.74,0.08922119588369877,0.029457660888184457,0.0,0.0,0.0,0.0,147.49198929096943,61.91813689264607,-0.05976353499551432,True
4303509,RS,Sul,41.51,89.645,0.28353105706953036,0.22615135388184338,0.06451612903225806,0.09090909090909091,0.1935483870967742,0.06818181818181818,44.18926660013282,62.71446312566512,-0.05737970318768698,True
4303608,RS,Sul,100.0,165.06,0.24910678658345745,0.05945434920709403,0.1111111111111111,0.0,0.0,0.0,137.78234286631337,104.86961522861706,-0.18965243737636342,True
4303707,RS,Sul,93.68999999999998,119.0,0.2595734481287073,0.33385710698242704,0.041666666666666664,0.0,0.041666666666666664,0.3333333333333333,249.61861203675215,79.34608010717854,0.07428365885371974,True
4303806,RS,Sul,100.0,160.07,0.043239757129986386,0.11952183843712096,0.0,0.0,0.0,0.1111111111111111,81.65236227981514,51.40078787542988,0.07628208130713457,True
4303905,RS,Sul,98.17999999999999,100.7,0.340936369457889,0.21220708581974257,0.0,0.1,0.36666666666666664,0.05,47.63932086715186,46.046130471877,-0.12872928363814645,True
4304002,RS,Sul,97.92,149.49499999999998,0.27144678800689676,0.20245317711209376,0.0,0.0,0.0,0.02702702702702703,408.4160782813218,275.69886239890803,-0.06899361089480299,True
4304200,RS,Sul,65.81,112.875,0.16145560246299562,0.08983287391791796,0.041666666666666664,0.0,0.020833333333333332,0.01098901098901099,135.27832607220768,134.57331719948618,-0.07162272854507766,True
4304309,RS,Sul,100.0,111.21,0.13033419818865283,0.28017602364595007,0.0,0.06666666666666667,0.0,0.1,206.36062869056536,152.19772955655705,0.14984182545729724,True
4304408,RS,Sul,60.1,53.035000000000004,0.42349487360534377,0.22382179858107507,0.21739130434782608,0.10810810810810811,0.08695652173913043,0.05405405405405406,50.057722130696526,40.173193247497835,-0.1996730750242687,True
4304507,RS,Sul,45.24,70.89,0.08445241636852806,0.11205552587321044,0.01639344262295082,0.037037037037037035,0.0,0.024691358024691357,105.45368125723108,69.64422712654034,0.02760310950468238,True
4304606,RS,Sul,74.89,86.16,0.20856282995254274,0.2042948861656967,0.05263157894736842,0.013404825737265416,0.11403508771929824,0.18498659517426275,62.1831132770617,51.258100163954985,-0.004267943786846057,True
4304630,RS,Sul,80.34,66.265,0.2779971479201472,0.263107073712241,0.14285714285714285,0.08,0.07142857142857142,0.13333333333333333,21.300856965391336,57.276292459275226,-0.014890074207906168,True
4304663,RS,Sul,81.53,122.09,0.12980617328785055,0.39001359595034424,0.0,0.03571428571428571,0.1111111111111111,0.35714285714285715,66.12665963983142,53.15943863005789,0.2602074226624937,True
4304689,RS,Sul,100.0,196.03,0.1412619509869265,0.005947210805885431,0.0,0.0,0.125,0.0,65.09515198092473,28.254134498681058,-0.1353147401810411,True
4304705,RS,Sul,73.85,83.26,0.258759524705402,0.08993531826437967,0.0625,0.015151515151515152,0.1125,0.015151515151515152,114.78994973721508,96.95221730019718,-0.1688242064410223,True
4304804,RS,Sul,56.87,46.86,0.027969049029565318,0.10404594243456863,0.0,0.05263157894736842,0.0,0.0,59.78663226398866,55.676473697315586,0.07607689340500332,True
4305108,RS,Sul,58.27,50.64,0.1045582839056177,0.10248931004104078,0.02531645569620253,0.021739130434782608,0.0759493670886076,0.07971014492753623,16.049382198579213,14.72888107150625,-0.002068973864576912,True
4305124,RS,Sul,100.0,180.78,0.05150597512179554,0.051537947109712406,0.0,0.0,0.0,0.0,93.48854496841506,93.53432482690373,3.197198791686506e-05,True
4305173,RS,Sul,94.1,114.4,0.16263932156369942,0.008583318733722332,0.0,0.0,0.14285714285714285,0.0,73.28876157213641,32.02870892336488,-0.15405600282997708,True
4305207,RS,Sul,96.01,102.52,0.1446242241963049,0.0,0.045454545454545456,0.0,0.0,0.0,129.19437222097486,19.587085355469753,-0.1446242241963049,True
4305306,RS,Sul,97.04,146.75,0.08623111291014714,0.10136398631530148,0.0,0.0,0.0,0.05,143.2105671987747,102.11387853320396,0.015132873405154346,True
4305355,RS,Sul,98.06000000000002,132.625,0.0916182178578344,0.08553985064420458,0.037037037037037035,0.0,0.0,0.010638297872340425,71.37566674162261,128.86649933076433,-0.006078367213629823,True
4305405,RS,Sul,100.0,178.89000000000001,0.12503095344692358,0.16534203819453203,0.0,0.0,0.0,0.0,198.7670503857515,256.4874448782638,0.040311084747608444,True
4305454,RS,Sul,83.12,82.01,0.24980270773622137,0.2267110938343727,0.0,0.0,0.25,0.22727272727272727,63.59919849123085,59.06448799402736,-0.023091613901848662,True
4305702,RS,Sul,100.0,163.9,0.06050968701750612,0.13219162880420654,0.0,0.0,0.0,0.045454545454545456,106.38072600921852,151.96109279845427,0.07168194178670043,True
4305801,RS,Sul,100.0,144.28500000000003,0.04421294561990202,0.16203983617847154,0.0,0.047619047619047616,0.0,0.047619047619047616,83.04584558360628,89.70614823312539,0.11782689055856951,True
4305900,RS,Sul,100.0,223.115,0.2010702123346506,0.15596422071802926,0.0,0.05263157894736842,0.05555555555555555,0.0,237.90673683020393,130.01690692198017,-0.04510599161662135,True
4306007,RS,Sul,100.0,135.8,0.048542411374793745,0.11939275385157777,0.0,0.07142857142857142,0.0,0.0,89.24509506743463,37.27878662480937,0.07085034247678403,True
4306106,RS,Sul,100.0,122.77,0.26341517634828016,0.23169110111722824,0.046511627906976744,0.047619047619047616,0.18604651162790697,0.15873015873015872,63.473238423951756,49.96008021770218,-0.03172407523105192,True
4306205,RS,Sul,60.21,113.27,0.18601784389224735,0.4020482593018838,0.0,0.21052631578947367,0.2,0.05263157894736842,35.032366600183174,77.1817102254007,0.21603041540963647,True
4306304,RS,Sul,100.0,161.99,0.16078048846925194,0.1895745329044901,0.0,0.07142857142857142,0.0,0.0,249.95588038951607,137.77025190002166,0.02879404443523817,True
4306403,RS,Sul,85.7,111.715,0.002565786419450402,0.0,0.0,0.0,0.0,0.0,23.412360809045715,12.3622098921695,-0.002565786419450402,True
4306502,RS,Sul,63.73,120.67999999999999,0.1561871609994967,0.16266748028677128,0.0,0.02127659574468085,0.0,0.0425531914893617,243.37881417441517,153.5426386957527,0.006480319287274577,True
4306601,RS,Sul,62.58,83.485,0.16922525360019391,0.264438507540078,0.025974025974025976,0.06989247311827956,0.025974025974025976,0.03225806451612903,173.65519677214604,207.77169518929364,0.09521325393988411,True
4306734,RS,Sul,100.0,234.89000000000001,0.04901488292541496,0.1770313269099853,0.0,0.0,0.0,0.15384615384615385,89.92161480038388,80.101781983312,0.12801644398457035,True
4306767,RS,Sul,83.29,97.04499999999999,0.09174826924678517,0.21347495809518097,0.043478260869565216,0.0975609756097561,0.0,0.04878048780487805,57.727352464983085,54.63098231645656,0.1217266888483958,True
4306809,RS,Sul,87.84,106.68999999999998,0.003868836003480654,0.05761401853732706,0.0,0.0,0.0,0.05,25.278163639816533,39.469436812265116,0.05374518253384641,True
4306908,RS,Sul,49.94,83.725,0.15778028928297705,0.16145058490213077,0.05714285714285714,0.043478260869565216,0.0,0.06521739130434782,122.9279153094105,75.66482121922724,0.0036702956191537184,True
4306932,RS,Sul,95.2,114.57000000000001,0.025126233893586716,0.03615479392473882,0.0,0.0,0.0,0.0,55.716079160658815,71.50758761715647,0.011028560031152101,True
4307005,RS,Sul,72.88,113.32000000000001,0.10127509971683762,0.04762450943707259,0.02857142857142857,0.018518518518518517,0.05714285714285714,0.018518518518518517,31.65413851971545,24.910179815202007,-0.053650590279765036,True
4307104,RS,Sul,95.88,169.6,0.27426156024424064,0.09461651881818225,0.14285714285714285,0.0,0.0,0.0,105.61633287235453,155.21741196671027,-0.1796450414260584,True
4307500,RS,Sul,91.81000000000002,92.355,0.21015982321913715,0.282475394196426,0.0,0.0851063829787234,0.16666666666666666,0.0851063829787234,111.44401048077455,134.58108707941955,0.07231557097728883,True
4307609,RS,Sul,80.47,77.895,0.11025939557426113,0.09979109914673351,0.03571428571428571,0.04,0.03571428571428571,0.02,56.07632105085765,51.60829584489184,-0.010468296427527626,True
4307708,RS,Sul,85.75,86.625,0.2569491448936848,0.21741852815076057,0.10810810810810811,0.06077348066298342,0.05405405405405406,0.07734806629834254,87.60737939321663,103.42935082531851,-0.03953061674292424,True
4307807,RS,Sul,67.45,77.48,0.11893637446540725,0.12640440263546554,0.07142857142857142,0.0,0.0,0.13636363636363635,36.625308843872794,29.55622904272925,0.0074680281700582885,True
4307815,RS,Sul,99.52,228.01,0.08381764094680413,0.05904314658725514,0.0,0.0,0.0,0.0,139.75477942494058,104.28082488516537,-0.024774494359548996,True
4307906,RS,Sul,56.12,63.019999999999996,0.006028528317809603,0.16392741638621477,0.0,0.03225806451612903,0.0,0.11290322580645161,28.370570930416903,43.45011094499788,0.15789888806840519,True
4308300,RS,Sul,99.97,183.24,0.04039364388684748,0.238113323397172,0.0,0.09090909090909091,0.0,0.09090909090909091,77.57708670256618,51.312925105283874,0.19771967951032454,True
4308409,RS,Sul,83.79,138.71,0.030225718641829217,0.20500856103381607,0.0,0.0,0.0,0.16666666666666666,63.0178988268877,104.06805204818156,0.17478284239198685,True
4308508,RS,Sul,97.47,101.47500000000001,0.023072433262718274,0.22414003526895246,0.0,0.08928571428571429,0.0,0.05357142857142857,52.77529541929026,81.66165313520865,0.2010676020062342,True
4308607,RS,Sul,39.13,47.035000000000004,0.0,0.07572544387410012,0.0,0.0,0.0,0.07692307692307693,13.859504180273097,31.60614697680391,0.07572544387410012,True
4308706,RS,Sul,100.0,182.76500000000001,0.027574993735151446,0.19008701970539996,0.0,0.1111111111111111,0.0,0.0,59.222394730123206,53.27347270350548,0.1625120259702485,True
4308904,RS,Sul,84.98,97.58000000000001,0.079077874800565,0.1310896821160492,0.0,0.045454545454545456,0.0,0.045454545454545456,132.96803147518693,52.75547069078564,0.052011807315484215,True
4309001,RS,Sul,100.0,109.28,0.028853307382129795,0.16150717014780316,0.0,0.0625,0.0,0.03125,61.05277881556089,77.53004825098516,0.13265386276567337,True
4309100,RS,Sul,100.0,100.55499999999999,0.019848910020542804,0.1893759170679048,0.0,0.09523809523809523,0.0,0.047619047619047616,48.15961627398547,26.571257073258735,0.16952700704736198,True
4309209,RS,Sul,67.11,86.855,0.20538173058454434,0.14556424801517392,0.0594059405940594,0.05357142857142857,0.1188118811881188,0.06547619047619048,37.08181696404539,30.91450071195989,-0.05981748256937042,True
4309308,RS,Sul,35.29,54.025,0.20169510636532723,0.0815935191148937,0.05128205128205128,0.02564102564102564,0.1282051282051282,0.017094017094017096,37.46026084921577,60.039900879678825,-0.12010158725043353,True
4309407,RS,Sul,98.99,99.71,0.1283833149637685,0.05479214725250299,0.0,0.0,0.14285714285714285,0.03225806451612903,24.238476096913036,57.7003444199377,-0.07359116771126552,True
4309506,RS,Sul,100.0,141.6,0.03942725227033607,0.12534818820545007,0.0,0.05263157894736842,0.0,0.0,76.19333566513957,86.17860573296305,0.085920935935114,True
4309571,RS,Sul,100.0,136.5,0.10425548314963023,0.26718639958033374,0.0,0.05555555555555555,0.0,0.0,169.01919445889288,282.99290481168384,0.1629309164307035,True
4309605,RS,Sul,99.13,111.39,0.21166371110590138,0.2678078289110589,0.03773584905660377,0.0625,0.018867924528301886,0.1875,218.07984509342958,33.59839620187189,0.056144117805157545,True
4309654,RS,Sul,100.0,117.13,0.09629492879204024,0.1770839442269526,0.0,0.041666666666666664,0.0,0.0,157.62068358338385,183.8082494202326,0.08078901543491235,True
4309704,RS,Sul,100.0,149.54,0.09482043217873638,0.017056866903408754,0.0,0.0,0.0,0.0,155.50939020761277,44.16176230478306,-0.07776356527532763,True
4309951,RS,Sul,90.45,188.02,0.31517689477408706,0.04356780820120512,0.1,0.0,0.0,0.0,256.25098030690305,82.12209008205592,-0.27160908657288196,True
4310009,RS,Sul,100.0,97.29,0.068946738961495,0.15935429859761,0.0,0.02,0.0,0.0,118.46152139366292,204.95753593550376,0.09040755963611499,True
4310108,RS,Sul,90.06000000000002,107.55,0.03946944227669921,0.09969119340148455,0.0,0.0425531914893617,0.0,0.0,76.25374643865682,71.0874933131586,0.06022175112478534,True
4310207,RS,Sul,82.43999999999998,90.85000000000001,0.30078058676124325,0.3742797380597672,0.14285714285714285,0.13953488372093023,0.09523809523809523,0.18604651162790697,24.035748590923486,22.420949531859975,0.07349915129852397,True
4310330,RS,Sul,21.640000000000004,106.01,0.4120247430570311,0.3572881152618127,0.125,0.11538461538461539,0.25,0.19230769230769232,27.4043378868603,42.10163155759325,-0.05473662779521837,True
4310405,RS,Sul,100.0,108.91,0.1640930632173117,0.358823141553234,0.0,0.0,0.14285714285714285,0.4,75.37033646058386,56.23667178855725,0.19473007833592232,True
4310413,RS,Sul,83.33,173.78,0.43322715959593405,0.38203800396799814,0.1111111111111111,0.0,0.0,0.05555555555555555,401.4195193632609,663.5374214190266,-0.05118915562793591,True
4310439,RS,Sul,100.0,194.48,0.03179619618560002,0.17717788439606497,0.0,0.09090909090909091,0.0,0.0,65.2666248022774,78.17933884636565,0.14538168821046493,True
4310504,RS,Sul,100.0,140.565,0.19470688541293935,0.12985303252417363,0.08333333333333333,0.05555555555555555,0.0,0.0,119.54995533991278,86.34882606515902,-0.06485385288876572,True
4310603,RS,Sul,77.04,68.49,0.3490246796594939,0.3046546997543865,0.09302325581395349,0.050505050505050504,0.16279069767441862,0.1717171717171717,115.35012410920024,131.9335597245631,-0.04436997990510738,True
4310801,RS,Sul,53.08,60.275,0.25353649138019413,0.19598298511743428,0.16666666666666666,0.11538461538461539,0.0,0.0,24.802288011967025,52.53707279049925,-0.057553506262759846,True
4310850,RS,Sul,100.0,185.23,0.13908181297186484,0.06928993413806336,0.0,0.0,0.0,0.0,218.8861109324067,118.95293364673134,-0.06979187883380147,True
4311007,RS,Sul,87.26,94.83,0.13753023179861307,0.21534763293123585,0.038461538461538464,0.03773584905660377,0.038461538461538464,0.1320754716981132,85.77551342578488,81.24519451926002,0.07781740113262278,True
4311106,RS,Sul,64.48,115.79,0.11180678306084951,0.08167103167834934,0.0,0.0,0.0,0.0,179.83170452990277,136.68110540767552,-0.030135751382500173,True
4311205,RS,Sul,89.42,117.91,0.16374685916064607,0.340405723916263,0.047619047619047616,0.23076923076923078,0.047619047619047616,0.0,92.15039007270389,29.86525017598478,0.17665886475561693,True
4311254,RS,Sul,100.0,131.06,0.15822274357012306,0.2890581117478075,0.0,0.1,0.0,0.1,246.29351194884325,93.3220602380836,0.13083536817768443,True
4311304,RS,Sul,74.55,105.21000000000001,0.265038332980402,0.2366028925736051,0.1,0.09523809523809523,0.1,0.09523809523809523,58.928763338283176,34.41809124887636,-0.028435440406796936,True
4311403,RS,Sul,71.54,79.755,0.23766840714239668,0.07117742897436649,0.1,0.02040816326530612,0.1,0.04081632653061224,10.601677934434154,26.585929609672036,-0.16649097816803018,True
4311502,RS,Sul,100.0,128.365,0.1554195558791982,0.2043641183550628,0.0,0.06451612903225806,0.0,0.0,242.27970035409726,173.79369479948093,0.048944562475864595,True
4311627,RS,Sul,100.0,67.67999999999999,0.05462983791487264,0.13681672682522938,0.0,0.0,0.0,0.09090909090909091,97.96152290701019,101.52450792758117,0.08218688891035675,True
4311718,RS,Sul,95.8,200.21,0.4303688124294752,0.061052823591336076,0.14285714285714285,0.0,0.14285714285714285,0.0,149.81351615725958,107.15842915218931,-0.36931598883813915,True
4311809,RS,Sul,99.81000000000002,93.07000000000001,0.06075169099452167,0.20922645479856827,0.0,0.08928571428571429,0.03571428571428571,0.05357142857142857,61.895061811062526,60.30728489044263,0.14847476380404662,True
4311908,RS,Sul,100.0,162.03,0.045252388836803194,0.055517936753758615,0.0,0.0,0.0,0.0,84.53419730888852,99.23316855112502,0.010265547916955421,True
4312054,RS,Sul,100.0,176.35999999999999,0.07765929676107972,0.025505548997869183,0.0,0.0,0.0,0.0,130.9368064518424,56.25921059939916,-0.05215374776321054,True
4312104,RS,Sul,100.0,148.99,0.10099229762824999,0.04414685787494803,0.0,0.0,0.0,0.0,164.34672392688876,82.95121625934601,-0.05684543975330196,True
4312179,RS,Sul,100.0,194.98,0.3915769485902232,0.2932526507952483,0.1,0.0,0.0,0.0,365.6462315914314,439.6393264343728,-0.09832429779497487,True
4312203,RS,Sul,100.0,167.1,0.035858980236102456,0.2208557074720261,0.0,0.043478260869565216,0.0,0.043478260869565216,71.08401968512783,188.01462729579302,0.18499672723592364,True
4312401,RS,Sul,42.2,104.93499999999999,0.25706453359737635,0.22419376502662045,0.05,0.012658227848101266,0.2,0.20253164556962025,29.37172434260161,59.33001708559971,-0.03287076857075591,True
4312443,RS,Sul,100.0,113.96,0.08647652568579375,0.19408184814980406,0.0,0.0,0.0,0.16666666666666666,143.5619673735037,88.42237587448328,0.1076053224640103,True
4312500,RS,Sul,63.089999999999996,108.56000000000002,0.3556115033549366,0.07912014213903046,0.375,0.0,0.0,0.058823529411764705,51.638010528667685,59.187309726982775,-0.2764913612159061,True
4312658,RS,Sul,100.0,122.22,0.13405692928865703,0.1337897064495228,0.038461538461538464,0.045454545454545456,0.0,0.045454545454545456,129.0829947344008,56.62156535539827,-0.0002672228391342457,True
4312708,RS,Sul,69.11,91.41,0.1551078455885792,0.15997628825809002,0.05263157894736842,0.04878048780487805,0.0,0.0,128.79068563285034,144.03309811696346,0.0048684426695108085,True
4313060,RS,Sul,56.64,98.73,0.29980166035673406,0.21553245463899803,0.08333333333333333,0.1,0.16666666666666666,0.05,60.81557610034062,50.80763965185292,-0.08426920571773602,True
4313102,RS,Sul,100.0,187.96,0.039402928717924585,0.10395084478936958,0.0,0.0,0.0,0.05555555555555555,76.15850740265444,98.84403874913853,0.064547916071445,True
4313375,RS,Sul,97.18999999999998,109.535,0.18632440413709178,0.31684951884952156,0.0,0.0,0.2,0.35714285714285715,35.47132224672385,25.105234448989204,0.13052511471242978,True
4313391,RS,Sul,97.12,196.18,0.14916069948249444,0.2595225378957643,0.0,0.14285714285714285,0.0,0.0,233.31780655859086,84.51190986526888,0.11036183841326985,True
4313409,RS,Sul,95.04,87.06000000000002,0.35491290700826106,0.16735214815626556,0.08791208791208792,0.07380073800738007,0.24175824175824176,0.03690036900369004,35.63109877122848,54.53455617535499,-0.1875607588519955,True
4313490,RS,Sul,100.0,163.85,0.34266331701280195,0.03379960778539303,0.2,0.0,0.0,0.0,80.82697265873401,68.13525779975059,-0.3088637092274089,True
4313508,RS,Sul,64.14,91.77,0.095587297040295,0.18165576915774106,0.0,0.0392156862745098,0.03333333333333333,0.11764705882352941,114.76407289480409,47.93628288279108,0.08606847211744606,True
4313656,RS,Sul,91.54,103.605,0.19036433262232144,0.25354355602487355,0.04,0.10638297872340426,0.04,0.02127659574468085,156.19173199183425,127.58183772668723,0.06317922340255211,True
4313706,RS,Sul,96.98,116.155,0.17006749892873724,0.21218390003785972,0.029411764705882353,0.024691358024691357,0.08823529411764706,0.12345679012345678,89.32093227648545,115.55126987381496,0.04211640110912249,True
4313805,RS,Sul,97.85,133.94,0.14353478057832658,0.13658705827951825,0.0,0.0,0.0,0.03125,225.2621995074629,176.08577605421138,-0.006947722298808329,True
4313904,RS,Sul,93.9,100.955,0.1490878156119388,0.16437826339199368,0.08333333333333333,0.0,0.0,0.1875,54.22919501352579,18.46523521158581,0.015290447780054894,True
4313953,RS,Sul,89.54,128.52,0.13155883079284814,0.15106789288881048,0.0,0.0,0.07142857142857142,0.125,118.44978148065688,79.13602531616729,0.019509062095962343,True
4314001,RS,Sul,83.39,97.3,0.08804705359991011,0.0411595192118499,0.0,0.0,0.0,0.0,145.81076547288197,78.6737236739601,-0.04688753438806021,True
4314027,RS,Sul,72.35,168.89000000000001,0.31420620869994864,0.21878779278700777,0.16666666666666666,0.04878048780487805,0.0,0.0,111.67367932706158,228.2437628351512,-0.09541841591294087,True
4314050,RS,Sul,68.07,98.61500000000001,0.1925624582819325,0.1371755447301017,0.1111111111111111,0.0641025641025641,0.0,0.0,56.81798886014198,78.47638188805875,-0.055386913551830785,True
4314100,RS,Sul,45.17,59.945,0.14941579510520542,0.1283616454988674,0.01904761904761905,0.020771513353115726,0.11428571428571428,0.06231454005934718,49.30939851301656,80.6993837615246,-0.02105414960633803,True
4314209,RS,Sul,88.97,93.53,0.42680528941907603,0.13691420622289469,0.23529411764705882,0.0,0.0,0.09523809523809523,153.57854233937385,96.22988209461799,-0.28989108319618134,True
4314407,RS,Sul,93.83,98.57000000000001,0.2036435357497679,0.19775787044952425,0.023474178403755867,0.03088803088803089,0.1596244131455399,0.1583011583011583,60.53555778305132,37.845555917759164,-0.005885665300243648,True
4314498,RS,Sul,71.25,154.18,0.13403447418163558,0.0654617531283726,0.0,0.0,0.0,0.0,211.65895770808973,113.47146076026418,-0.06857272105326298,True
4314506,RS,Sul,100.0,156.05,0.5179565356361345,0.16462024772338088,0.1,0.08,0.4,0.0,69.3145413825247,83.6290508790635,-0.3533362879127536,True
4314605,RS,Sul,68.97,99.97,0.2648937922487435,0.21380573828646776,0.02564102564102564,0.061855670103092786,0.01282051282051282,0.0,327.8673324424295,193.02706796041724,-0.051088053962275726,True
4314704,RS,Sul,100.0,168.17,0.18195508268698013,0.01829216982019985,0.041666666666666664,0.0,0.0,0.0,190.78310597149718,45.93056044359185,-0.16366291286678028,True
4314803,RS,Sul,59.14,55.21,0.07406695369256132,0.2192633358989468,0.0,0.10714285714285714,0.06666666666666667,0.017857142857142856,42.10628143173253,81.15724938738205,0.14519638220638548,True
4314902,RS,Sul,67.48,96.635,0.15595473816059185,0.14342874814680853,0.05186972255729795,0.05187319884726225,0.061519903498190594,0.04438040345821326,54.41364793547176,57.985775852127645,-0.012525990013783322,True
4315008,RS,Sul,100.0,160.55,0.3215196978713881,0.14285371856682122,0.08695652173913043,0.0,0.0,0.043478260869565216,293.3480014484915,169.70869428580937,-0.1786659793045669,True
4315107,RS,Sul,72.48,105.65,0.18177062174213682,0.2898633104210906,0.041666666666666664,0.06349206349206349,0.0,0.047619047619047616,190.51898113904775,238.6410203486435,0.10809268867895377,True
4315156,RS,Sul,100.0,131.08,0.34049990982476913,0.30462687446694026,0.027777777777777776,0.075,0.0,0.025,447.63003158911187,263.4574273687521,-0.035873035357828875,True
4315305,RS,Sul,96.21,119.14,0.2550869864209853,0.2264879369784697,0.05555555555555555,0.08928571428571429,0.1111111111111111,0.03571428571428571,126.19016567472855,107.43964426824147,-0.028599049442515623,True
4315354,RS,Sul,91.05,179.02,0.1235242047911513,0.10686836827145518,0.0,0.0,0.0,0.0,196.60957614865845,172.7605167512507,-0.016655836519696113,True
4315404,RS,Sul,100.0,143.76,0.19834005653408907,0.05418551591864154,0.0,0.0,0.2,0.0,52.67622260556942,97.32530978933463,-0.14415454061544752,True
4315503,RS,Sul,92.66,177.665,0.19301442527512608,0.11301016423634878,0.018867924528301886,0.0625,0.0,0.0,255.58608060268278,47.31660648815979,-0.0800042610387773,True
4315552,RS,Sul,100.0,123.45,0.15954314432214634,0.05105687069402817,0.0,0.0,0.0,0.0,248.1841594660752,92.8454840113267,-0.10848627362811816,True
4315602,RS,Sul,79.57000000000001,100.58500000000001,0.20385459265681535,0.270523630367374,0.028901734104046242,0.06569343065693431,0.1329479768786127,0.16058394160583941,82.66736151053598,64.41595484597161,0.06666903771055863,True
4315701,RS,Sul,61.46,85.0,0.12621807048995703,0.08276824533430063,0.043478260869565216,0.02631578947368421,0.0,0.02631578947368421,107.08376493295589,48.6965942920571,-0.0434498251556564,True
4315750,RS,Sul,100.0,156.49,0.2754616148031185,0.22817387100734243,0.1111111111111111,0.05555555555555555,0.0,0.05555555555555555,175.51913638466388,157.39292719399955,-0.04728774379577605,True
4315800,RS,Sul,83.17999999999999,226.77,0.08795481349673964,0.13707819598246668,0.0,0.024390243902439025,0.0,0.0,145.67868926663834,163.6315493964965,0.049123382485727035,True
4315909,RS,Sul,100.0,157.79,0.036072343046455214,0.18575302884305475,0.0,0.1,0.0,0.0,71.3895283475888,70.93231063929005,0.14968068579659954,True
4316006,RS,Sul,100.0,115.27,0.012449702432593041,0.05958183208799151,0.0,0.0,0.0,0.037037037037037035,37.56488324751219,58.559520012400846,0.047132129655398466,True
4316105,RS,Sul,97.8,147.665,0.08318610314068137,0.12606104676632035,0.0,0.03125,0.0,0.0,138.85049685515673,133.1229201013681,0.042874943625638984,True
4316204,RS,Sul,100.0,192.84,0.10727541773514777,0.15498301377901377,0.0,0.07692307692307693,0.0,0.0,173.3433602983645,76.43839535178884,0.047707596043866,True
4316303,RS,Sul,100.0,106.43999999999998,0.21772174421998056,0.1718442519310788,0.041666666666666664,0.02702702702702703,0.0,0.0,241.9964589807443,207.74884944495344,-0.045877492288901756,True
4316402,RS,Sul,57.32,79.225,0.10727047610520221,0.128973301462781,0.0,0.007462686567164179,0.013888888888888888,0.029850746268656716,155.9015465169383,150.91187997073612,0.02170282535757878,True
4316451,RS,Sul,100.0,164.365,0.03715162942392477,0.19177949953573648,0.0,0.02857142857142857,0.0,0.05714285714285714,72.9349304588935,161.24503624828182,0.1546278701118117,True
4316600,RS,Sul,85.13,95.15,0.024849882903782212,0.11050032853513482,0.0,0.02857142857142857,0.0,0.02857142857142857,55.320379361216965,80.72925060652828,0.0856504456313526,True
4316709,RS,Sul,42.6,129.27,0.0785604111534953,0.21798496848550938,0.0,0.04081632653061224,0.0,0.0,132.22708872875862,244.19973287330342,0.1394245573320141,True
4316808,RS,Sul,89.16,86.165,0.14146992813983894,0.07890998164541096,0.05,0.03636363636363636,0.05,0.0,52.149983591084805,54.62541100098903,-0.06255994649442798,True
4316907,RS,Sul,44.08,55.075,0.32112194773323655,0.22140638845077582,0.054945054945054944,0.042735042735042736,0.26373626373626374,0.1623931623931624,30.464622982512555,41.12541428610176,-0.09971555928246073,True
4317103,RS,Sul,76.62,58.730000000000004,0.2069519645749921,0.43767080249522133,0.03225806451612903,0.09420289855072464,0.14516129032258066,0.2971014492753623,64.56225820221135,71.14611470042306,0.23071883792022924,True
4317202,RS,Sul,78.85,84.16,0.26003678267499336,0.25273148934409057,0.03225806451612903,0.024691358024691357,0.22580645161290322,0.2222222222222222,39.339066947428215,49.629950057002524,-0.007305293330902796,True
4317301,RS,Sul,100.0,157.315,0.42433816783824435,0.20864721014451,0.17073170731707318,0.07042253521126761,0.12195121951219512,0.056338028169014086,107.55232571311618,96.51950765333136,-0.21569095769373436,True
4317400,RS,Sul,76.1,78.67,0.11315644178869773,0.06733922080166421,0.015384615384615385,0.0,0.03076923076923077,0.045454545454545456,110.09634912294264,59.100615410328835,-0.045817220987033516,True
4317509,RS,Sul,71.63,86.30499999999999,0.17443603400586633,0.1734427430253027,0.10526315789473684,0.08602150537634409,0.0,0.021505376344086023,43.42353139516628,56.33297369214026,-0.000993290980563638,True
4317608,RS,Sul,81.02,85.56500000000001,0.1184071523214348,0.09244218966700932,0.041666666666666664,0.05,0.041666666666666664,0.0,47.48626223622099,44.713495954751096,-0.02596496265442548,True
4317707,RS,Sul,100.0,135.92,0.25539183805888105,0.10015051868309237,0.08333333333333333,0.0,0.08333333333333333,0.07692307692307693,101.83473378288731,66.57977674417944,-0.15524131937578867,True
4317806,RS,Sul,100.0,151.05,0.21155056696066146,0.1841671898480482,0.0,0.023809523809523808,0.0,0.0,322.65223617572013,232.30433279561564,-0.027383377112613266,True
4317905,RS,Sul,98.83,114.22,0.16248418432665124,0.16757412595021703,0.034482758620689655,0.03125,0.034482758620689655,0.09375,135.04666346151308,74.87993775304867,0.005089941623565797,True
4318002,RS,Sul,98.5,117.23,0.12557170128372414,0.1619831261183171,0.05357142857142857,0.03305785123966942,0.0,0.06611570247933884,84.48002892777218,97.68077266297496,0.036411424834592976,True
4318200,RS,Sul,78.41,94.59,0.1289698424702691,0.06466761792239709,0.030303030303030304,0.0,0.0,0.0,139.32186100848895,112.33435919983002,-0.06430222454787202,True
4318309,RS,Sul,100.0,115.825,0.23304963079938054,0.15282619303253614,0.0625,0.01948051948051948,0.0234375,0.06493506493506493,189.77687826011044,115.21279650226609,-0.0802234377668444,True
4318408,RS,Sul,45.839999999999996,92.235,0.02553549172931183,0.1418947299918878,0.0,0.010638297872340425,0.0,0.0,56.302084818286446,200.06480037823957,0.11635923826257596,True
4318465,RS,Sul,100.0,184.01,0.15316537054877546,0.31082770417724054,0.0,0.09090909090909091,0.0,0.0,239.05199096979564,269.5490419918583,0.15766233362846507,True
4318507,RS,Sul,72.76,114.485,0.2590697669605494,0.39674027594476685,0.15,0.045454545454545456,0.0,0.36363636363636365,68.52209170073418,33.719653669522835,0.13767050898421745,True
4318606,RS,Sul,99.35,91.755,0.14322897423581754,0.13859450233751014,0.0,0.06666666666666667,0.0,0.0,224.82432335408103,75.00094268099451,-0.004634471898307402,True
4318705,RS,Sul,35.23,55.455,0.20581792787644027,0.310429326850741,0.06140350877192982,0.10869565217391304,0.10526315789473684,0.14347826086956522,50.42372533023134,50.66801993997218,0.10461139897430072,True
4318804,RS,Sul,100.0,116.68999999999998,0.09142464999079775,0.13477034566267468,0.015384615384615385,0.037037037037037035,0.0,0.027777777777777776,117.60381161207579,98.29460096406874,0.04334569567187693,True
4318903,RS,Sul,99.35,106.85,0.12670994049825812,0.13783180886335183,0.0,0.05,0.06382978723404255,0.0125,121.04554392532441,94.01444773320797,0.011121868365093712,True
4319000,RS,Sul,73.9,102.885,0.16344770695457203,0.10103718164273116,0.021739130434782608,0.018518518518518517,0.021739130434782608,0.018518518518518517,179.7943023524338,101.39039685507626,-0.06241052531184087,True
4319158,RS,Sul,100.0,148.8,0.047028335620168185,0.05263118356566843,0.0,0.0,0.0,0.0,87.0771293479381,95.09970169300558,0.005602847945500242,True
4319208,RS,Sul,94.13,136.77,0.04687674231219111,0.030508020456561633,0.0,0.0,0.0,0.0,86.86006683042842,63.42211945787119,-0.01636872185562948,True
4319307,RS,Sul,89.71,149.665,0.3387949700768822,0.13568682978370897,0.10526315789473684,0.045454545454545456,0.05263157894736842,0.0,212.69633916690418,116.39714946053256,-0.20310814029317323,True
4319406,RS,Sul,95.72,112.34,0.01578608442141663,0.008742610617052806,0.0,0.0,0.0,0.0,42.34216189874063,32.25679483082327,-0.0070434738043638236,True
4319604,RS,Sul,79.92,109.61500000000001,0.10780660860740438,0.203146819141575,0.0,0.08108108108108109,0.1111111111111111,0.05405405405405406,34.62605478215072,68.61817384641837,0.09534021053417063,True
4319737,RS,Sul,100.0,137.63,0.24178456863641345,0.3500393059531361,0.0,0.05,0.0,0.0,365.9435173391529,413.56011135253965,0.10825473731672264,True
4319802,RS,Sul,79.38,144.66,0.19667245120176904,0.18480087912514898,0.0,0.1111111111111111,0.2,0.0,50.28842187428201,45.70438540294441,-0.011871572076620068,True
4319901,RS,Sul,43.62,68.865,0.17354877824207254,0.22750509455156534,0.03773584905660377,0.06,0.09433962264150944,0.12,68.7643550786226,65.99231257496783,0.0539563163094928,True
4320008,RS,Sul,90.16,88.46000000000001,0.22764927612703956,0.1964043200378051,0.029411764705882353,0.01532567049808429,0.16666666666666666,0.13793103448275862,73.31579139072485,94.90309084233027,-0.031244956089234444,True
4320107,RS,Sul,64.08,126.67999999999999,0.07641119097600026,0.1531249099786799,0.0,0.0625,0.0,0.03125,129.14967621870105,65.52770778483405,0.07671371900267963,True
4320206,RS,Sul,98.98,117.15,0.01419885776809009,0.11451536582850637,0.0,0.058823529411764705,0.0,0.0,40.069453308717556,57.36822954089151,0.10031650806041628,True
4320263,RS,Sul,96.07000000000001,165.025,0.22251690454589076,0.08549391174112278,0.0,0.0,0.05,0.0,275.5895931653579,142.1549880060329,-0.13702299280476798,True
4320305,RS,Sul,67.74,116.36000000000001,0.08111486813595367,0.038616582395831656,0.0,0.0,0.0,0.0,135.88474928700984,75.03255854260466,-0.042498285740122016,True
4320404,RS,Sul,100.0,113.49,0.02754328733687177,0.19235720590309965,0.0,0.0,0.0,0.2,59.176995162532855,44.10953429210319,0.16481391856622787,True
4320503,RS,Sul,100.0,126.33,0.026631248987035006,0.1584570083180416,0.0,0.0,0.0,0.03125,57.87107115491852,207.40078907504045,0.1318257593310066,True
4320602,RS,Sul,93.62,205.51,0.09827149222175553,0.05591569203995343,0.0,0.0,0.0,0.0,160.45087338395496,99.80270400705216,-0.0423558001818021,True
4320677,RS,Sul,100.0,163.6,0.04911188021645137,0.029320716278474976,0.0,0.0,0.0,0.0,90.06050270028486,61.72204946543975,-0.01979116393797639,True
4320701,RS,Sul,92.63,120.96,0.12538863630009156,0.0992875775684781,0.0,0.041666666666666664,0.0,0.0,199.2792071663821,72.41365406944186,-0.02610105873161346,True
4320800,RS,Sul,99.83,102.96000000000001,0.33300655865086054,0.17941709226729818,0.14,0.06896551724137931,0.04,0.034482758620689655,145.6563266838771,85.23000552491337,-0.15358946638356236,True
4320909,RS,Sul,98.5,96.495,0.11482261135373568,0.10373364876832525,0.038461538461538464,0.029411764705882353,0.0,0.029411764705882353,101.54187481790117,68.18045961940105,-0.011088962585410436,True
4321006,RS,Sul,99.81000000000002,132.17,0.16904651306761181,0.02599652754222624,0.05555555555555555,0.0,0.0,0.0,142.46895214626306,56.962230015648686,-0.14304998552538556,True
4321204,RS,Sul,92.27,84.91,0.3715410466984349,0.22653249075904577,0.19230769230769232,0.11764705882352941,0.07692307692307693,0.0392156862745098,42.136240592533504,42.19331944828742,-0.14500855593938913,True
4321303,RS,Sul,68.86,81.015,0.03610954808815976,0.18739491208382075,0.0,0.041666666666666664,0.0,0.125,71.44280127977959,41.65961438434326,0.151285363995661,True
4321402,RS,Sul,100.0,110.655,0.01340882179525921,0.1593284592176893,0.0,0.1,0.0,0.0,38.93822133367676,33.09565621481588,0.14591963742243008,True
4321451,RS,Sul,93.7,72.58500000000001,0.2656371170902563,0.1900639306107983,0.0,0.125,0.2857142857142857,0.0,41.4398942777717,23.409703524872572,-0.07557318647945799,True
4321501,RS,Sul,77.1,77.89,0.08848349754369528,0.07726188065365394,0.05,0.0,0.0,0.06382978723404255,39.045147596905345,50.24215227783867,-0.011221616890041336,True
4321600,RS,Sul,54.56,49.935,0.4467519190663274,0.26120457851679313,0.08695652173913043,0.06060606060606061,0.34782608695652173,0.16666666666666666,36.03828213163353,54.363304464535595,-0.18554734054953426,True
4321709,RS,Sul,45.04,94.495,0.08687947161368684,0.07025953460144971,0.0,0.0,0.0,0.0,144.1389351743645,120.34127934859445,-0.01661993701223713,True
4321808,RS,Sul,96.54,137.69,0.3926746252986898,0.1447226586700516,0.21052631578947367,0.08695652173913043,0.05263157894736842,0.0,63.75984733383253,40.19691628909943,-0.2479519666286382,True
4321857,RS,Sul,100.0,148.43,0.40297715229347486,0.3237025046791605,0.0,0.18181818181818182,0.42857142857142855,0.0,119.4596521253621,92.7285876183936,-0.07927464761431435,True
4321907,RS,Sul,100.0,111.24000000000001,0.3403563576569202,0.16372021251825866,0.2222222222222222,0.045454545454545456,0.0,0.09090909090909091,29.794563912349652,42.4191365349809,-0.17663614513866152,True
4321956,RS,Sul,100.0,138.96,0.051256073369185896,0.10048376652415193,0.0,0.0,0.0,0.0,93.13071714424926,163.61857145656867,0.049227693154966036,True
4322004,RS,Sul,97.71,114.55,0.2265221095048045,0.08537398087493037,0.0,0.015384615384615385,0.1935483870967742,0.0,101.1280887538802,108.94001577283713,-0.14114812862987414,True
4322103,RS,Sul,100.0,126.3,0.0567561024372397,0.3640623248722472,0.0,0.09090909090909091,0.0,0.18181818181818182,101.00606581114873,117.5377416512676,0.3073062224350075,True
4322152,RS,Sul,100.0,190.16,0.11528710050474834,0.2291684103543035,0.0,0.1111111111111111,0.0,0.0,184.81508061811212,109.23310017804332,0.11388130984955515,True
4322202,RS,Sul,41.03000000000001,96.22,0.3745559725815174,0.1450042247237954,0.15789473684210525,0.013333333333333334,0.10526315789473684,0.02666666666666667,84.7904234984856,165.25408128112977,-0.229551747857722,True
4322301,RS,Sul,100.0,125.55,0.04047816196648009,0.2983575923688562,0.0,0.047619047619047616,0.0,0.19047619047619047,77.69810594401523,105.56726656759523,0.2578794304023761,True
4322400,RS,Sul,66.95,77.795,0.22416140889025146,0.39664207680535835,0.08620689655172414,0.05844155844155844,0.08620689655172414,0.3181818181818182,47.3376360960045,62.744537876315746,0.17248066791510688,True
4322509,RS,Sul,93.81000000000002,76.83,0.1569863047352256,0.20630555019812036,0.036585365853658534,0.044444444444444446,0.036585365853658534,0.0962962962962963,120.01898435822544,98.8029157237699,0.04931924546289476,True
4322533,RS,Sul,95.09,141.38,0.08838939867147358,0.22083251881767058,0.0,0.05084745762711865,0.0,0.0,146.30096048268962,226.73209234604536,0.132443120146197,True
4322608,RS,Sul,67.41,74.205,0.1395004433788189,0.15420753053908387,0.06451612903225806,0.06451612903225806,0.03225806451612903,0.06451612903225806,40.423499515647315,20.988610347872367,0.014707087160264976,True
4322707,RS,Sul,76.18999999999998,116.0,0.13892017824128652,0.08845563168991726,0.0,0.0,0.13333333333333333,0.08,51.28118565935857,45.97170699817764,-0.05046454655136927,True
4322806,RS,Sul,85.49,83.78,0.1836126406733883,0.11059453238617135,0.0,0.0,0.17647058823529413,0.0967741935483871,61.124915927275595,56.61515927066488,-0.07301810828721696,True
4323002,RS,Sul,49.44,65.87,0.16077668086966987,0.11733026220089694,0.06382978723404255,0.041935483870967745,0.0425531914893617,0.025806451612903226,59.439038866218965,65.2762686739555,-0.043446418668772926,True
4323804,RS,Sul,91.9,105.625,0.18085550673241071,0.3357511522801243,0.0,0.1111111111111111,0.2,0.16666666666666666,27.64055019943984,52.62930218509658,0.1548956455477136,True
5000203,MS,Centro-Oeste,100.0,83.905,0.1396812575894398,0.09757378805199274,0.0,0.0,0.1111111111111111,0.07692307692307693,80.26653618007664,62.890223127371,-0.04210746953744707,True
5000609,MS,Centro-Oeste,84.61,84.005,0.09725677817223943,0.17682775974135548,0.0,0.022900763358778626,0.022727272727272728,0.022900763358778626,130.4683594544157,194.99968505151608,0.07957098156911604,True
5000708,MS,Centro-Oeste,99.35,130.64000000000001,0.3340967988504797,0.144250030487097,0.04918032786885246,0.0,0.11475409836065574,0.03333333333333333,248.44200068669028,184.44297608532227,-0.1898467683633827,True
5000807,MS,Centro-Oeste,100.0,137.2,0.21315448273209234,0.19194588996507472,0.07142857142857142,0.1111111111111111,0.0,0.0,171.53376917286297,55.93514071295274,-0.021208592767017614,True
5000856,MS,Centro-Oeste,99.79,130.48,0.1571226758140159,0.2660501428036588,0.0,0.07142857142857142,0.14285714285714285,0.14285714285714285,65.38961991070876,67.94495636510187,0.1089274669896429,True
5000906,MS,Centro-Oeste,85.07000000000001,112.875,0.23351651549528304,0.12151049677369535,0.1111111111111111,0.0,0.0,0.045454545454545456,115.45903891433966,136.66705746579578,-0.11200601872158769,True
5001003,MS,Centro-Oeste,81.4,86.95,0.40797419732112483,0.16479550239753857,0.21428571428571427,0.05405405405405406,0.07142857142857142,0.05405405405405406,53.996543358072266,71.752866498769,-0.24317869492358626,True
5001102,MS,Centro-Oeste,100.0,128.22,0.23637193539352988,0.22563602784583148,0.024390243902439025,0.023474178403755867,0.032520325203252036,0.051643192488262914,264.98487288914254,227.57498447058714,-0.010735907547698403,True
5001243,MS,Centro-Oeste,98.88,128.895,0.055101098736371715,0.29900323203614426,0.0,0.1,0.0,0.03333333333333333,98.63630902839844,191.24896183914655,0.24390213329977256,True
5001904,MS,Centro-Oeste,100.0,108.05,0.015453206328871868,0.20332932638416973,0.0,0.043478260869565216,0.0,0.13043478260869565,41.86552241012606,53.762437299444414,0.18787612005529786,True
5002100,MS,Centro-Oeste,84.46,126.00999999999999,0.2887723661292262,0.012334351348443781,0.07692307692307693,0.0,0.11538461538461539,0.0,123.16545287045281,37.39971502830099,-0.2764380147807824,True
5002159,MS,Centro-Oeste,100.0,122.56000000000002,0.2606520352691362,0.27038268896892154,0.14285714285714285,0.06896551724137931,0.0,0.06896551724137931,86.12920779653206,172.19503303850527,0.009730653699785319,True
5002209,MS,Centro-Oeste,94.5,74.02499999999999,0.32771839678595577,0.11927798960272235,0.05555555555555555,0.0,0.2222222222222222,0.08108108108108109,90.71129043576163,88.74835785660315,-0.20844040718323342,True
5002308,MS,Centro-Oeste,100.0,121.05499999999999,0.30730302357565165,0.07358217720555192,0.1111111111111111,0.0,0.1111111111111111,0.0,81.63411807098439,125.09888493195169,-0.2337208463700997,True
5002407,MS,Centro-Oeste,58.0,72.905,0.06665797197566302,0.16620385809857968,0.0,0.05555555555555555,0.0,0.05555555555555555,115.1842954358202,68.65967642202486,0.09954588612291666,True
5002605,MS,Centro-Oeste,100.0,154.60999999999999,0.016327691652498894,0.011206665192299823,0.0,0.0,0.0,0.0,43.11767521558136,35.78501053190969,-0.005121026460199071,True
5002704,MS,Centro-Oeste,53.67,86.73,0.22283493745868663,0.20868385869273348,0.03617571059431524,0.043478260869565216,0.1731266149870801,0.13679745493107104,43.7854070585954,53.442383148483444,-0.014151078765953146,True
5002803,MS,Centro-Oeste,100.0,208.49,0.24848744222166233,0.027664004095310477,0.0,0.0,0.0,0.0,375.5411878061318,59.34984635129559,-0.22082343812635186,True
5002902,MS,Centro-Oeste,93.34,123.55499999999999,0.17677608550682714,0.13408112021273938,0.0,0.030303030303030304,0.2,0.06060606060606061,21.799332978020843,70.56171007321765,-0.042694965294087756,True
5002951,MS,Centro-Oeste,99.55,79.99000000000001,0.25755626769065626,0.11048274492694586,0.1,0.02857142857142857,0.05,0.02857142857142857,110.98044528604522,80.70407309499211,-0.14707352276371038,True
5003157,MS,Centro-Oeste,68.31,86.745,0.1976456870355448,0.11676113843138536,0.06666666666666667,0.0,0.0,0.034482758620689655,159.55479920362205,143.63947116835575,-0.08088454860415945,True
5003207,MS,Centro-Oeste,79.53,99.47500000000001,0.12482966267409502,0.28549468892927865,0.047058823529411764,0.07258064516129033,0.0,0.16129032258064516,97.40536795758197,70.17346847987096,0.16066502625518364,True
5003256,MS,Centro-Oeste,100.0,94.12,0.01594926965446031,0.16590813587082323,0.0,0.1,0.0,0.0,42.575822592458195,42.516924196809235,0.14995886621636292,True
5003306,MS,Centro-Oeste,99.77,100.07000000000001,0.24009861957640444,0.16821799232870446,0.03125,0.012987012987012988,0.15625,0.09090909090909091,100.26955417959816,118.59351431622379,-0.07188062724769997,True
5003488,MS,Centro-Oeste,94.22,135.905,0.18767627254137612,0.22045326675125254,0.07142857142857142,0.02857142857142857,0.0,0.08571428571428572,135.0521822252794,166.43651151922145,0.032776994209876426,True
5003702,MS,Centro-Oeste,72.5,85.36,0.12541737733042346,0.17528850186472428,0.024390243902439025,0.043859649122807015,0.07317073170731707,0.10087719298245613,55.08342367308877,49.89603542508323,0.049871124534300815,True
5003801,MS,Centro-Oeste,100.0,118.89,0.20293085209771716,0.08748365936662872,0.0625,0.020833333333333332,0.03125,0.0,136.84354175907657,100.25799315757585,-0.11544719273108844,True
5004007,MS,Centro-Oeste,86.52,131.315,0.05262542529182305,0.09701336974359516,0.0,0.0,0.0,0.0,95.0914565703543,158.64940050834295,0.04438794445177211,True
5004106,MS,Centro-Oeste,100.0,105.63,0.18374183825767973,0.1360203169391069,0.0,0.0,0.04,0.08,232.6215949337379,114.07834351478208,-0.047721521318572824,True
5004304,MS,Centro-Oeste,84.57000000000001,110.36500000000001,0.24798296268873304,0.2184268045677615,0.0,0.04918032786885246,0.021739130434782608,0.0,347.5296815605579,226.86809229418154,-0.029556158120971537,True
5004502,MS,Centro-Oeste,100.0,101.5,0.14634810190066533,0.0631665545482927,0.0,0.0,0.125,0.030303030303030304,72.37787927609811,72.14559722807968,-0.08318154735237263,True
5004601,MS,Centro-Oeste,95.38,116.11,0.288113901250024,0.14407385748896215,0.03125,0.04,0.0,0.0,365.1621903914585,140.1216492321279,-0.14404004376106186,True
5004700,MS,Centro-Oeste,96.49,105.88,0.08130590594406709,0.23535331555101352,0.0,0.11764705882352941,0.047619047619047616,0.058823529411764705,76.38204682206326,30.209881448290062,0.15404740960694643,True
5004809,MS,Centro-Oeste,100.0,161.08,0.20819150440566384,0.31226350497346034,0.0,0.0196078431372549,0.0,0.0,317.84248181129584,424.7465329881712,0.1040720005677965,True
5005004,MS,Centro-Oeste,94.17,103.36500000000001,0.21147790437553227,0.1959735458140895,0.0,0.031914893617021274,0.046153846153846156,0.031914893617021274,264.6112170344129,191.73794231396954,-0.015504358561442777,True
5005152,MS,Centro-Oeste,100.0,104.02,0.18822566732920376,0.2069283402127623,0.0,0.03225806451612903,0.0,0.0,289.2539186495249,246.74956363208625,0.018702672883558535,True
5005202,MS,Centro-Oeste,96.71,113.83,0.10140466597780869,0.2737729376399515,0.0,0.10526315789473684,0.06666666666666667,0.10526315789473684,81.25044109667165,53.524500156004805,0.1723682716621428,True
5005400,MS,Centro-Oeste,87.07000000000001,85.46,0.24044158728940723,0.2095453381153836,0.047619047619047616,0.01652892561983471,0.06349206349206349,0.09090909090909091,182.0421630007087,170.16170761874187,-0.030896249174023643,True
5005608,MS,Centro-Oeste,85.06000000000002,106.22000000000001,0.2727843549106251,0.2395228448517987,0.06896551724137931,0.0392156862745098,0.10344827586206896,0.13725490196078433,132.34767003280226,106.1808967492302,-0.03326151005882638,True
5005681,MS,Centro-Oeste,100.0,109.41,0.1726032033981094,0.14302212665797304,0.03225806451612903,0.017857142857142856,0.03225806451612903,0.03571428571428571,157.10670739030726,141.3421922041516,-0.029581076740136353,True
5005707,MS,Centro-Oeste,74.21,96.89,0.05785517340199438,0.10268405382034837,0.0,0.0,0.04,0.0975609756097561,52.36775154769691,44.300702204975586,0.04482888041835399,True
5005806,MS,Centro-Oeste,91.86,132.37,0.136931060865273,0.08319926272582415,0.0,0.0,0.125,0.045454545454545456,58.89386298335202,81.81019721052104,-0.053731798139448866,True
5006002,MS,Centro-Oeste,96.79,118.62,0.020651235378311844,0.19992174901503645,0.0,0.0,0.0,0.19230769230769232,49.308445099896005,64.59716953705455,0.1792705136367246,True
5006200,MS,Centro-Oeste,58.02,98.44500000000001,0.02544709815005926,0.1764919363748631,0.0,0.03076923076923077,0.0,0.1076923076923077,56.175516349662786,71.17992548386518,0.15104483822480383,True
5006309,MS,Centro-Oeste,100.0,103.72,0.22635432801963273,0.10491360965598838,0.13636363636363635,0.020618556701030927,0.0,0.010309278350515464,50.96603700027101,112.7355367399184,-0.12144071836364435,True
5006408,MS,Centro-Oeste,90.01,100.85,0.24572844740294522,0.01784776090923446,0.0,0.0,0.2,0.0,120.53042778118234,45.29422287496733,-0.22788068649371077,True
5006606,MS,Centro-Oeste,82.15,81.49000000000001,0.20622498018505186,0.18071752141976494,0.08045977011494253,0.05389221556886228,0.022988505747126436,0.04790419161676647,113.35678923043605,102.6187194748159,-0.025507458765286928,True
5006903,MS,Centro-Oeste,57.23,139.5,0.1897348825763117,0.1817491368512058,0.058823529411764705,0.023809523809523808,0.0,0.023809523809523808,165.07310048155847,198.95386329049904,-0.00798574572510588,True
5007109,MS,Centro-Oeste,81.62,92.60000000000001,0.13217192111620907,0.06648603919227003,0.0,0.0,0.125,0.0625,52.079374475268345,36.48178839735155,-0.06568588192393904,True
5007208,MS,Centro-Oeste,67.14,100.42,0.17468582564823204,0.12180480293950316,0.058823529411764705,0.015384615384615385,0.029411764705882353,0.046153846153846156,106.60412539252074,103.16738751022402,-0.05288102270872888,True
5007695,MS,Centro-Oeste,100.0,118.395,0.11670702782563085,0.11939184104697773,0.0,0.041666666666666664,0.125,0.041666666666666664,29.93559573287814,48.89621242849506,0.0026848132213468795,True
5007703,MS,Centro-Oeste,69.14,95.5,0.1110782533153841,0.10139722801185763,0.0,0.0,0.0,0.09090909090909091,178.78854172316915,50.80824819318692,-0.009681025303526464,True
5007901,MS,Centro-Oeste,81.82000000000001,96.715,0.024535849662424163,0.16977797326647912,0.0,0.03278688524590164,0.0,0.09836065573770492,54.87072332520508,68.94686900554727,0.14524212360405495,True
5007935,MS,Centro-Oeste,95.11,138.64,0.1757025693748824,0.13243092032016066,0.0,0.06666666666666667,0.0,0.0,271.3224201865697,66.17546979293303,-0.04327164905472175,True
5007950,MS,Centro-Oeste,90.57000000000001,97.15,0.1152800565564709,0.0663574061332975,0.0,0.0,0.0,0.0,184.80499457165854,114.75392301838383,-0.0489226504231734,True
5007976,MS,Centro-Oeste,100.0,140.8,0.12088476438261334,0.20375965808159796,0.0,0.0,0.0,0.2,192.83023003147596,60.436409196256555,0.08287489369898463,True
5008008,MS,Centro-Oeste,100.0,109.895,0.5901517182751348,0.5495728311670973,0.16666666666666666,0.2222222222222222,0.5,0.2222222222222222,29.501546100516848,50.41038657998579,-0.040578887108037476,True
5008305,MS,Centro-Oeste,74.7,106.705,0.141229855701054,0.14913774126791457,0.07142857142857142,0.05319148936170213,0.03571428571428571,0.06382978723404255,23.714581774799363,38.9140622966898,0.007907885566860562,True
5008404,MS,Centro-Oeste,100.0,110.47,0.21988166383181482,0.08946113313958916,0.058823529411764705,0.0,0.0,0.0,208.23949299225245,147.83554921127808,-0.13042053069222564,True
5100201,MT,Centro-Oeste,100.0,145.23,0.016303926158002364,0.23428990588811333,0.0,0.034482758620689655,0.0,0.1724137931034483,43.08364602171972,64.71842562948623,0.21798597973011097,True
5100250,MT,Centro-Oeste,96.79,99.02,0.1642506132214963,0.11513342746211704,0.06521739130434782,0.024390243902439025,0.021739130434782608,0.07317073170731707,87.56087547565649,40.3581031550126,-0.049117185759379275,True
5100300,MT,Centro-Oeste,100.0,146.73499999999999,0.014437755991360992,0.13937136525351895,0.0,0.045454545454545456,0.0,0.045454545454545456,40.4115254652247,64.61379751948998,0.12493360926215796,True
5100359,MT,Centro-Oeste,100.0,183.72,0.17941565372544654,0.21465748522751682,0.0,0.09090909090909091,0.0,0.0,276.6390891584025,131.84540511469245,0.035241831502070275,True
5100805,MT,Centro-Oeste,92.29,122.23,0.2557326075452403,0.09149346707490631,0.0,0.0,0.0,0.0,385.9153517180866,150.74559534924478,-0.164239140470334,True
5101258,MT,Centro-Oeste,66.33,118.845,0.2661857690403747,0.16459965078168684,0.16666666666666666,0.0,0.0,0.14285714285714285,42.91445991610471,76.09570602689075,-0.10158611825868788,True
5101407,MT,Centro-Oeste,57.53000000000001,78.16499999999999,0.1533418978442424,0.08006745154605907,0.045454545454545456,0.0,0.0,0.04,141.67698252944052,84.17293528512751,-0.07327444629818333,True
5101704,MT,Centro-Oeste,68.06,102.66,0.15623385953707344,0.07575776852563765,0.045454545454545456,0.0,0.045454545454545456,0.08333333333333333,88.7587647975596,23.605629655957454,-0.0804760910114358,True
5101803,MT,Centro-Oeste,93.59,98.495,0.2154927756824364,0.22108835474530275,0.03333333333333333,0.01694915254237288,0.16666666666666666,0.2033898305084746,47.486426089867706,44.59008497964114,0.0055955790628663404,True
5101902,MT,Centro-Oeste,89.62,102.91,0.1546824662674809,0.058963905557259,0.0,0.0,0.045454545454545456,0.0,184.1651383848035,104.16736171393076,-0.09571856071022189,True
5102504,MT,Centro-Oeste,60.07,88.035,0.1508570548585808,0.24069507859787068,0.058823529411764705,0.05343511450381679,0.0392156862745098,0.13740458015267176,60.177453976167655,77.13085203801595,0.08983802373928987,True
5102603,MT,Centro-Oeste,65.38,68.41,0.17983373288970672,0.24124904389162335,0.05555555555555555,0.03508771929824561,0.0,0.017543859649122806,157.91489183027778,267.79209653631966,0.061415311001916634,True
5102637,MT,Centro-Oeste,95.38,88.39999999999999,0.25283184122112945,0.1916290501397826,0.16666666666666666,0.03225806451612903,0.0,0.12903225806451613,23.79331776432718,62.868567796994746,-0.06120279108134685,True
5102678,MT,Centro-Oeste,95.31000000000002,117.75,0.09633875761780972,0.177924474742381,0.05,0.011494252873563218,0.0,0.09195402298850575,50.29289032469355,134.3864363802502,0.08158571712457127,True
5102702,MT,Centro-Oeste,94.42999999999999,108.28,0.1371922912453783,0.18543562146131537,0.05263157894736842,0.058823529411764705,0.0,0.0196078431372549,103.13786902629779,134.3033524860072,0.048243330215937075,True
5103205,MT,Centro-Oeste,83.07000000000001,88.32000000000001,0.18534439989737472,0.2682321957165931,0.06896551724137931,0.043478260869565216,0.034482758620689655,0.21739130434782608,93.71716325903493,37.538548495434725,0.0828877958192184,True
5103254,MT,Centro-Oeste,46.27,91.12,0.025333472872848158,0.03882982824005928,0.0,0.0,0.0,0.0,56.01281926854951,75.3378997243112,0.013496355367211124,True
5103304,MT,Centro-Oeste,96.02,115.14,0.07877843848973624,0.22549461217448857,0.0,0.0,0.0,0.11475409836065574,132.53927640459946,198.56740213684458,0.14671617368475232,True
5103353,MT,Centro-Oeste,88.11,96.45,0.015083257248458447,0.16065680259492285,0.0,0.05,0.0,0.05,41.335801937524,79.62317042194657,0.1455735453464644,True
5103379,MT,Centro-Oeste,71.67,174.82500000000002,0.034084845540576184,0.13004418071503843,0.0,0.0,0.0,0.03571428571428571,68.54368232755512,161.11317680544667,0.09595933517446224,True
5103403,MT,Centro-Oeste,46.13,62.980000000000004,0.1294954528772871,0.14440346178176677,0.04519774011299435,0.0365296803652968,0.062146892655367235,0.08904109589041095,30.070382229670436,36.27380302213004,0.014908008904479686,True
5103452,MT,Centro-Oeste,100.0,147.61999999999998,0.04644003397175118,0.013080441646053433,0.0,0.0,0.0,0.0,86.23475550858763,38.46802233321964,-0.03335959232569775,True
5103502,MT,Centro-Oeste,100.0,156.345,0.2246592415411622,0.10479825146635299,0.14285714285714285,0.058823529411764705,0.0,0.0,34.59206197488474,43.45454605100168,-0.11986099007480921,True
5103601,MT,Centro-Oeste,100.0,177.84,0.04640804461991534,0.16246182479221075,0.0,0.0,0.0,0.023255813953488372,86.18895078715468,223.17029251181702,0.11605378017229541,True
5103908,MT,Centro-Oeste,96.91,113.535,0.09036686410741408,0.4076955680077401,0.0,0.047619047619047616,0.0,0.23809523809523808,149.13244184252986,202.3492274573243,0.317328703900326,True
5104104,MT,Centro-Oeste,85.85,101.53,0.10982012385809276,0.16514010200320997,0.04,0.0136986301369863,0.0,0.0684931506849315,91.0746183622252,140.7966992194708,0.055319978145117216,True
5104203,MT,Centro-Oeste,98.63,159.58,0.1658768328555416,0.18610104652065645,0.045454545454545456,0.0,0.0,0.07407407407407407,159.625430166616,193.22646005675387,0.020224213665114843,True
5104609,MT,Centro-Oeste,96.43999999999998,143.02,0.1392223730247743,0.1676188153550242,0.0,0.0,0.09090909090909091,0.09375,104.96909019363845,142.06302148468384,0.028396442330249905,True
5104807,MT,Centro-Oeste,99.9,101.85000000000001,0.27188925951735615,0.25708882116590615,0.1,0.013333333333333334,0.06666666666666667,0.17333333333333334,110.58179815452394,141.63426847249167,-0.014800438351450007,True
5105002,MT,Centro-Oeste,82.46,153.81,0.09871295273099431,0.05123710017304227,0.0,0.0,0.0,0.0,161.08298921278143,93.10354991783869,-0.047475852557952045,True
5105101,MT,Centro-Oeste,67.5,90.24,0.11076871302135032,0.1403113265921906,0.05555555555555555,0.04081632653061224,0.0,0.04081632653061224,59.02248500485154,81.74408289221486,0.029542613570840273,True
5105150,MT,Centro-Oeste,84.93999999999998,91.56000000000002,0.011359303649388983,0.10128364054371647,0.0,0.0,0.0,0.08,36.003569571267654,64.33979945291267,0.08992433689432748,True
5105176,MT,Centro-Oeste,67.34,102.81000000000002,0.08081826903349154,0.039277201827335975,0.0,0.0,0.0,0.0,135.4600567413384,75.9784823358886,-0.041541067206155566,True
5105200,MT,Centro-Oeste,96.08,134.65,0.06183983825605123,0.3026910147132797,0.0,0.06382978723404255,0.0,0.10638297872340426,108.28533499466842,182.51688050878766,0.24085117645722848,True
5105259,MT,Centro-Oeste,87.85,99.19500000000001,0.053349187882232516,0.08295664176542092,0.0,0.01282051282051282,0.05263157894736842,0.02564102564102564,30.059312607653006,78.79868985994476,0.029607453883188403,True
5105507,MT,Centro-Oeste,100.0,104.32000000000001,0.08774941668500863,0.15566892015885836,0.0,0.047619047619047616,0.0,0.047619047619047616,145.38458691055322,80.5837991762061,0.06791950347384973,True
5105580,MT,Centro-Oeste,98.64,122.85,0.09605027521405937,0.13359903607109785,0.0,0.05263157894736842,0.0,0.0,157.27037048405953,97.99278033740971,0.03754876085703848,True
5105606,MT,Centro-Oeste,89.66,104.52,0.4098052495957437,0.1295708301465061,0.16666666666666666,0.0,0.16666666666666666,0.125,39.34260531536393,48.35493992278279,-0.2802344194492376,True
5105622,MT,Centro-Oeste,76.99,91.46,0.20431249321337885,0.16110867758653535,0.07142857142857142,0.029411764705882353,0.03571428571428571,0.04411764705882353,114.0409707975002,131.87396129112636,-0.0432038156268435,True
5105903,MT,Centro-Oeste,85.17999999999999,133.66500000000002,0.2191776779649446,0.218128400820555,0.0,0.012048192771084338,0.0,0.012048192771084338,333.57329818042155,291.0695143343229,-0.0010492771443895987,True
5106109,MT,Centro-Oeste,78.23,128.47,0.3519694138741708,0.13139764015808253,0.0,0.07692307692307693,0.42857142857142855,0.0,46.422997265614725,42.66711189025385,-0.22057177371608827,True
5106224,MT,Centro-Oeste,88.13,81.875,0.23076898661510592,0.2098303558662034,0.09090909090909091,0.08695652173913043,0.09090909090909091,0.043478260869565216,40.79676015956447,78.84462540872345,-0.02093863074890251,True
5106232,MT,Centro-Oeste,86.1,111.7,0.24148626725986633,0.2512058501659805,0.0,0.16666666666666666,0.0,0.0,365.5163873514643,21.46510343489117,0.009719582906114188,True
5106257,MT,Centro-Oeste,83.6,78.5,0.03379647983549086,0.15338261961797806,0.0,0.03636363636363636,0.0,0.03636363636363636,68.13077896958671,115.61353162606667,0.1195861397824872,True
5106281,MT,Centro-Oeste,100.0,151.75,0.29322205348563135,0.2595454686322084,0.16666666666666666,0.0,0.0,0.021739130434782608,81.62701289161268,364.08573329069674,-0.03367658485342295,True
5106299,MT,Centro-Oeste,98.74,124.94999999999997,0.3077285516796208,0.0011894484038999836,0.16666666666666666,0.0,0.0,0.0,102.39849060560962,21.44161817807931,-0.3065391032757208,True
5106307,MT,Centro-Oeste,77.54,91.61500000000001,0.073500053241222,0.18806679486743433,0.0,0.014084507042253521,0.0,0.07042253521126761,124.98129376197718,170.37408557295421,0.11456674162621233,True
5106372,MT,Centro-Oeste,79.06000000000002,96.86,0.10860181604716321,0.1843774845230362,0.0,0.0,0.06666666666666667,0.17391304347826086,91.5558532141067,65.43056479294314,0.075775668475873,True
5106422,MT,Centro-Oeste,78.7,86.22500000000001,0.09200205660716224,0.08249899452215961,0.0,0.045454545454545456,0.038461538461538464,0.0,103.19301858608206,40.238870597011775,-0.009503062085002623,True
5106505,MT,Centro-Oeste,81.6,100.9,0.1628347194494037,0.14268748009497076,0.038461538461538464,0.04225352112676056,0.0,0.014084507042253521,170.28916447905354,115.61609630365267,-0.02014723935443294,True
5106752,MT,Centro-Oeste,62.49,74.01,0.1705391180848942,0.22899071110467675,0.06896551724137931,0.05223880597014925,0.034482758620689655,0.05970149253731343,72.51786504764428,160.48189118282968,0.05845159301978256,True
5106778,MT,Centro-Oeste,100.0,144.3,0.04237759313807413,0.1114748487986577,0.0,0.0,0.0,0.1111111111111111,80.41785206898864,39.87851256784679,0.06909725566058357,True
5106802,MT,Centro-Oeste,100.0,187.73,0.10608878432071969,0.03793052619382619,0.0,0.0,0.0,0.0,171.64425075498144,74.05021249878753,-0.0681582581268935,True
5106828,MT,Centro-Oeste,98.89,171.5,0.15596925393147476,0.021357843399279826,0.0,0.0,0.1111111111111111,0.0,103.58889478791916,50.32021875910682,-0.13461141053219494,True
5107008,MT,Centro-Oeste,98.67,90.18999999999998,0.17046075123666088,0.282531165992808,0.0,0.029850746268656716,0.14285714285714285,0.1791044776119403,84.48806342782662,135.34369537582234,0.1120704147561471,True
5107040,MT,Centro-Oeste,66.41,69.875,0.42417624295873646,0.19774043546246714,0.07142857142857142,0.04,0.35714285714285715,0.14,25.368508779083733,41.22326840282803,-0.22643580749626932,True
5107065,MT,Centro-Oeste,100.0,100.23,0.09096155693124927,0.07944412342844492,0.0,0.0,0.0,0.038461538461538464,149.9839670398435,85.2116404707443,-0.011517433502804347,True
5107180,MT,Centro-Oeste,68.45,140.20499999999998,0.16186914319748513,0.14053307554442251,0.0,0.05,0.06666666666666667,0.0,167.8279544470238,113.57358547400818,-0.021336067653062618,True
5107305,MT,Centro-Oeste,100.0,140.83,0.12250424779140906,0.1646565353918834,0.0,0.06666666666666667,0.07142857142857142,0.0,105.48475942579229,112.31849041244239,0.04215228760047435,True
5107602,MT,Centro-Oeste,72.64,86.05,0.20744041155744963,0.2033580632639057,0.017857142857142856,0.023255813953488372,0.16071428571428573,0.14534883720930233,76.66841809509641,78.51594940095082,-0.004082348293543925,True
5107701,MT,Centro-Oeste,86.71,114.18499999999999,0.16497093429626933,0.20680749628022044,0.03125,0.09090909090909091,0.0,0.045454545454545456,188.83697671754936,63.54606746382857,0.04183656198395111,True
5107776,MT,Centro-Oeste,83.32000000000001,138.23,0.045720469138479505,0.24458232339114055,0.0,0.09523809523809523,0.0,0.0,85.20442932661001,165.39611991068415,0.19886185425266106,True
5107859,MT,Centro-Oeste,100.0,102.78,0.20005176124708526,0.16744716998562617,0.0,0.02857142857142857,0.0,0.02857142857142857,306.18739514909043,162.26995272866407,-0.03260459126145909,True
5107875,MT,Centro-Oeste,86.67999999999999,72.55,0.18138488633716904,0.09966129030560919,0.0,0.0,0.18181818181818182,0.025,51.222212100989516,131.0583607549652,-0.08172359603155985,True
5107909,MT,Centro-Oeste,88.34,67.39500000000001,0.2663536393066092,0.09431212956256518,0.04,0.013157894736842105,0.22,0.07894736842105263,39.04464078458657,27.418172482685335,-0.17204150974404403,True
5107925,MT,Centro-Oeste,99.77,89.495,0.10343621912053422,0.1938776957437336,0.04,0.046875,0.04,0.09375,31.72162568662699,78.98378859607675,0.09044147662319937,True
5107941,MT,Centro-Oeste,100.0,142.59,0.04498088580757079,0.11854509215016704,0.0,0.0,0.0,0.09090909090909091,84.14543917818267,75.3618291490044,0.07356420634259625,True
5107958,MT,Centro-Oeste,82.62,74.395,0.1091058082458242,0.21185568870518293,0.05172413793103448,0.02830188679245283,0.0,0.16037735849056603,64.87057584533723,60.98014776344565,0.10274988045935872,True
5108006,MT,Centro-Oeste,98.12,112.645,0.11125147360156382,0.19838537551326169,0.0,0.06451612903225806,0.0,0.03225806451612903,179.03657134864312,124.73930331367083,0.08713390191169787,True
5108055,MT,Centro-Oeste,100.0,131.87,0.17721432439061247,0.0224427434843313,0.0,0.0,0.04,0.0,223.27501748930882,51.873658992387725,-0.15477158090628118,True
5108402,MT,Centro-Oeste,45.46999999999999,91.675,0.11934084013532745,0.08444277915179813,0.040268456375838924,0.008620689655172414,0.03355704697986577,0.0603448275862069,62.006291808363216,46.38335582016488,-0.03489806098352932,True
5108600,MT,Centro-Oeste,65.21,120.98,0.11736174756773832,0.1497858647385423,0.0,0.09090909090909091,0.0625,0.0,109.32939286902878,38.957417866611806,0.032424117170803984,True
5108956,MT,Centro-Oeste,98.0,126.3,0.033888961212557495,0.009513020080133563,0.0,0.0,0.0,0.0,68.26320064965113,33.35992411668115,-0.02437594113242393,True
5200050,GO,Centro-Oeste,100.0,83.10000000000001,0.3597334796947824,0.2339541710518501,0.14285714285714285,0.0,0.14285714285714285,0.25,48.67261915378165,40.90609074485015,-0.12577930864293232,True
5200100,GO,Centro-Oeste,89.96,121.86,0.013700046218577,0.0842133481270195,0.0,0.0,0.0,0.08333333333333333,39.355218015979,35.71295431145573,0.0705133019084425,True
5200134,GO,Centro-Oeste,92.22,131.875,0.04557542091461253,0.09642305099256354,0.0,0.0,0.0,0.07692307692307693,84.99673854491907,61.24251264169999,0.05084763007795101,True
5200258,GO,Centro-Oeste,30.84,55.43,0.17944633143244873,0.09679970682815597,0.06796116504854369,0.01744186046511628,0.04854368932038835,0.05232558139534884,69.7783287551428,55.19728042161528,-0.08264662460429276,True
5200308,GO,Centro-Oeste,100.0,143.29500000000002,0.11685843664036735,0.08540324966596684,0.03571428571428571,0.018867924528301886,0.0,0.0,110.35749983519608,101.50043525591028,-0.031455186974400515,True
5200803,GO,Centro-Oeste,100.0,165.75,0.04023702066491913,0.30514561074245977,0.0,0.0,0.0,0.3333333333333333,77.35282198200619,38.23483490459153,0.26490859007754064,True
5200902,GO,Centro-Oeste,100.0,116.39,0.05700002862396731,0.12502341259036945,0.0,0.0,0.0,0.0,101.35533737784374,198.75625282925205,0.06802338396640215,True
5201108,GO,Centro-Oeste,71.35,82.91,0.21223999506783464,0.17367165354934033,0.06666666666666667,0.046511627906976744,0.10909090909090909,0.09069767441860466,43.510067512600784,54.66332431981761,-0.03856834151849431,True
5201306,GO,Centro-Oeste,100.0,151.34,0.3512136752727417,0.1252405816319952,0.14285714285714285,0.0,0.14285714285714285,0.14285714285714285,36.47333264690066,18.532167124863737,-0.22597309364074653,True
5201405,GO,Centro-Oeste,50.96999999999999,68.87,0.156524680398062,0.15138348467373533,0.04430379746835443,0.02564102564102564,0.08860759493670886,0.11396011396011396,37.47670082098259,38.37421723087051,-0.005141195724326669,True
5201603,GO,Centro-Oeste,100.0,184.415,0.07972277517058474,0.057587679851081625,0.0,0.0,0.0,0.0,133.89144755289777,102.19677989583649,-0.022135095319503112,True
5201702,GO,Centro-Oeste,98.87,137.395,0.43495907346726237,0.19264884020915188,0.23076923076923078,0.08333333333333333,0.07692307692307693,0.041666666666666664,68.69210799597396,64.29887993505855,-0.2423102332581105,True
5202155,GO,Centro-Oeste,98.16,146.79,0.0793357724867189,0.01025363533226242,0.0,0.0,0.0,0.0,133.33730846876603,34.42039184628213,-0.06908213715445648,True
5202502,GO,Centro-Oeste,71.61,87.845,0.034578589260223405,0.11045295928505716,0.0,0.0,0.0,0.05263157894736842,69.25066112643074,111.82471864964313,0.07587437002483376,True
5203203,GO,Centro-Oeste,63.18,101.485,0.23955328368423173,0.10419008454148285,0.125,0.0,0.0,0.05,94.2722218734336,106.16049512789769,-0.13536319914274889,True
5203302,GO,Centro-Oeste,97.98,101.645,0.09489962424401832,0.06273446816963604,0.038461538461538464,0.024390243902439025,0.0,0.0,73.01466740976147,57.18069786849034,-0.03216515607438228,True
5203401,GO,Centro-Oeste,100.0,145.34,0.01979092671601092,0.18614203572863286,0.0,0.0,0.0,0.18181818181818182,48.07659148731663,58.03385066775858,0.16635110901262193,True
5203500,GO,Centro-Oeste,83.55,95.56500000000001,0.18172357971798328,0.20169333044773302,0.019230769230769232,0.05263157894736842,0.0,0.013157894736842105,238.6396904710766,178.9781103611373,0.01996975072974974,True
5203807,GO,Centro-Oeste,100.0,151.07999999999998,0.08542127913395561,0.30453284976214867,0.0,0.02127659574468085,0.0,0.02127659574468085,142.05098726368232,383.3845087045748,0.21911157062819306,True
5203906,GO,Centro-Oeste,100.0,104.21000000000001,0.12562865085635938,0.33260535527470225,0.0,0.13636363636363635,0.0,0.09090909090909091,199.62287777109205,88.98583624640355,0.20697670441834287,True
5204250,GO,Centro-Oeste,98.76,172.405,0.16084696214763033,0.05563152589586002,0.0,0.0,0.14285714285714285,0.0,70.72232871091168,99.39581389131394,-0.10521543625177032,True
5204300,GO,Centro-Oeste,100.0,152.46,0.009604512778719255,0.31394356253797745,0.0,0.15789473684210525,0.0,0.05263157894736842,33.49093013372622,64.0695697867007,0.3043390497592582,True
5204409,GO,Centro-Oeste,89.1,105.97,0.11890340063718753,0.17820131193753658,0.0,0.017241379310344827,0.0,0.06896551724137931,189.9931667836078,151.29658827715735,0.059297911300349046,True
5204508,GO,Centro-Oeste,66.87,62.99,0.038171235456084765,0.06296592788243718,0.0,0.02197802197802198,0.034482758620689655,0.01098901098901099,31.108631790937665,48.898597858506776,0.02479469242635242,True
5204706,GO,Centro-Oeste,100.0,167.85999999999999,0.025830427217292652,0.2858384650946466,0.0,0.047619047619047616,0.0,0.19047619047619047,56.72439527762244,87.64145361828685,0.26000803787735394,True
5204904,GO,Centro-Oeste,100.0,120.8,0.07725150931572136,0.16114312947784257,0.0,0.0,0.0,0.15,130.35290620796283,62.17996633257584,0.0838916201621212,True
5205109,GO,Centro-Oeste,43.05,39.824999999999996,0.1469020727537854,0.20312202078839897,0.07407407407407407,0.05172413793103448,0.037037037037037035,0.13793103448275862,24.493990989259622,26.344962758561564,0.05621994803461358,True
5205307,GO,Centro-Oeste,100.0,129.345,0.07893974983787433,0.033519942605545805,0.0,0.0,0.0,0.0,132.77025393122634,67.73481249772833,-0.045419807232328524,True
5205471,GO,Centro-Oeste,100.0,107.645,0.03848659594653212,0.16632859864554397,0.0,0.08333333333333333,0.0,0.0,74.84643432443424,78.91582412038808,0.12784200269901186,True
5205497,GO,Centro-Oeste,99.49,107.25,0.15141162023312837,0.10272737401151842,0.043478260869565216,0.04,0.08695652173913043,0.04,34.001133525725805,30.706648799186457,-0.04868424622160995,True
5205513,GO,Centro-Oeste,100.0,108.42999999999999,0.098966631343871,0.1277805786511698,0.0,0.06451612903225806,0.09090909090909091,0.0,47.327939999875476,64.13571484140171,0.02881394730729879,True
5205901,GO,Centro-Oeste,72.07,76.38,0.06402047787316958,0.27688867834887176,0.0,0.11764705882352941,0.0,0.058823529411764705,111.40773618367487,89.68328785976668,0.21286820047570218,True
5206206,GO,Centro-Oeste,80.29,108.955,0.05784656988440092,0.18494496303692737,0.0,0.03508771929824561,0.05,0.12280701754385964,39.80242104171245,55.034784996765005,0.12709839315252644,True
5206404,GO,Centro-Oeste,100.0,179.45000000000002,0.02456218006353613,0.14782324059857646,0.0,0.0,0.0,0.15384615384615385,54.90842514218283,38.2794823646969,0.12326106053504032,True
5206701,GO,Centro-Oeste,100.0,185.67,0.07901927012487495,0.3324577593416772,0.0,0.1111111111111111,0.0,0.1111111111111111,132.88411696330726,117.65253039753551,0.25343848921680223,True
5207402,GO,Centro-Oeste,100.0,169.49499999999998,0.027124625261562917,0.2427609165144346,0.0,0.047619047619047616,0.0,0.14285714285714285,58.577523818678365,85.73607600620778,0.21563629125287168,True
5207808,GO,Centro-Oeste,100.0,201.55,0.15174440938460054,0.2032239731974508,0.0,0.07692307692307693,0.0,0.07692307692307693,237.01735361214966,48.95174548326999,0.051479563812850265,True
5208004,GO,Centro-Oeste,63.77,75.68999999999998,0.09015561620020643,0.17104195005906114,0.03076923076923077,0.046511627906976744,0.015384615384615385,0.06395348837209303,63.431143610587455,84.46992734903716,0.08088633385885471,True
5208103,GO,Centro-Oeste,100.0,150.21,0.057931251352115604,0.20238813023758565,0.0,0.0,0.0,0.03225806451612903,102.68873099812585,269.03919617124234,0.14445687888547004,True
5208301,GO,Centro-Oeste,100.0,229.03500000000003,0.06361796179916104,0.2611912647540516,0.0,0.07142857142857142,0.0,0.07142857142857142,110.83138387941868,150.65202198230006,0.19757330295489053,True
5208400,GO,Centro-Oeste,98.67999999999999,150.525,0.03532350183204282,0.12912736883144288,0.0,0.07142857142857142,0.0,0.0,70.31728207640157,51.2175287943281,0.09380386699940006,True
5208608,GO,Centro-Oeste,94.56000000000002,104.62,0.16819801622076122,0.15091433394659415,0.04081632653061224,0.024539877300613498,0.02040816326530612,0.049079754601226995,147.29269946199358,121.51189979081077,-0.017283682274167073,True
5208707,GO,Centro-Oeste,58.77,55.089999999999996,0.1607578867980875,0.24119737244546002,0.04488778054862843,0.05560791705937795,0.09975062344139651,0.16588124410933083,28.29597741337005,37.43651569278907,0.08043948564737252,True
5208806,GO,Centro-Oeste,100.0,95.91,0.1342161903341688,0.21333967943008297,0.0,0.0425531914893617,0.11428571428571428,0.11702127659574468,68.45616545504923,86.9208651668473,0.07912348909591418,True
5208905,GO,Centro-Oeste,100.0,159.99500000000003,0.055455610620469206,0.185619070423638,0.0,0.045454545454545456,0.0,0.09090909090909091,99.1439253808362,73.7755419789936,0.1301634598031688,True
5209101,GO,Centro-Oeste,100.0,142.875,0.012725341175203167,0.12406730905275408,0.0,0.023809523809523808,0.0,0.07142857142857142,37.959563198709,56.58450878336779,0.11134196787755091,True
5209200,GO,Centro-Oeste,100.0,125.35,0.018691832865560115,0.0,0.0,0.0,0.0,0.0,46.50282757028191,16.18003551260753,-0.018691832865560115,True
5209705,GO,Centro-Oeste,97.06000000000002,138.805,0.23088777266867658,0.054473822090591165,0.09090909090909091,0.0,0.09090909090909091,0.041666666666666664,40.96684682220915,45.433913933506396,-0.1764139505780854,True
5209903,GO,Centro-Oeste,72.88,174.98499999999999,0.03677429669903064,0.14478008864667907,0.0,0.07142857142857142,0.0,0.0,72.39463753767372,73.63025145542686,0.10800579194764844,True
5209952,GO,Centro-Oeste,89.42999999999999,110.82000000000001,0.18169635645183838,0.1410905440017966,0.0,0.0,0.0,0.015151515151515152,279.9047681127575,202.74264651278054,-0.04060581245004177,True
5210000,GO,Centro-Oeste,99.09,129.94,0.15397431150782986,0.12470128117674115,0.0,0.015625,0.1388888888888889,0.0390625,65.86291260374536,115.70025356689604,-0.029273030331088717,True
5210109,GO,Centro-Oeste,100.0,112.44500000000001,0.2008996267561877,0.11158190604102622,0.07692307692307693,0.0,0.07692307692307693,0.11764705882352941,45.62357422796945,31.827222467078595,-0.08931772071516147,True
5210208,GO,Centro-Oeste,86.71,78.895,0.16888805516243438,0.1501544259348717,0.0,0.03333333333333333,0.1388888888888889,0.1,87.21751450775503,37.61688369929972,-0.018733629227562693,True
5210802,GO,Centro-Oeste,100.0,159.81,0.07187932433411222,0.14522738823609477,0.0,0.0,0.0,0.1111111111111111,122.66061416554572,88.2078964991122,0.07334806390198255,True
5210901,GO,Centro-Oeste,90.59,99.58,0.04668368718390929,0.29652064612638485,0.0,0.018633540372670808,0.0,0.012422360248447204,86.58363621009165,388.7035578746605,0.24983695894247554,True
5211206,GO,Centro-Oeste,100.0,121.245,0.07956787171002566,0.24527938323672066,0.0,0.08108108108108109,0.038461538461538464,0.10810810810810811,85.3888324186994,61.09258185280309,0.165711511526695,True
5211404,GO,Centro-Oeste,100.0,198.85999999999999,0.2378744772875626,0.13359926397373323,0.04,0.0,0.0,0.029411764705882353,274.4323186749438,174.11516989751598,-0.10427521331382938,True
5211503,GO,Centro-Oeste,70.8,72.275,0.2922789614688427,0.18168954969208373,0.11594202898550725,0.05138339920948617,0.050724637681159424,0.043478260869565216,125.54886408443384,114.9548807893148,-0.11058941177675896,True
5211701,GO,Centro-Oeste,100.0,167.41,0.06526082522199102,0.6392477941538951,0.0,0.2,0.0,0.6,113.18375731359403,28.207240645927115,0.573986968931904,True
5211800,GO,Centro-Oeste,76.41,97.12,0.1252405816319952,0.1773182774435783,0.0,0.04938271604938271,0.14285714285714285,0.06172839506172839,16.248693158409527,90.08344482693735,0.05207769581158311,True
5211909,GO,Centro-Oeste,74.66,80.05499999999999,0.172429734572087,0.021118182904375945,0.05555555555555555,0.0,0.07407407407407407,0.02,54.32802980278178,24.87103242013467,-0.15131155166771104,True
5212204,GO,Centro-Oeste,98.2,121.155,0.21113363893677883,0.08589924470961147,0.1111111111111111,0.0,0.0,0.02,83.40957974143271,117.62935104275248,-0.12523439422716737,True
5212501,GO,Centro-Oeste,40.2,55.205,0.0788292971918377,0.15525342425631292,0.011235955056179775,0.0335195530726257,0.0449438202247191,0.09497206703910614,52.06136310308667,50.8296120107781,0.07642412706447521,True
5213004,GO,Centro-Oeste,95.63,135.86,0.03276382733849057,0.3056805622629536,0.0,0.0,0.0,0.3076923076923077,66.65215069962753,71.18802667926349,0.272916734924463,True
5213087,GO,Centro-Oeste,68.56,96.97,0.021125987649328288,0.1655300542725927,0.0,0.029850746268656716,0.0,0.05970149253731343,49.98823053709913,117.69954729251668,0.1444040666232644,True
5213103,GO,Centro-Oeste,100.0,99.88,0.05264280625880255,0.10973488571770462,0.0,0.04081632653061224,0.029411764705882353,0.04081632653061224,58.195722299435296,37.96247194072559,0.05709207945890207,True
5213509,GO,Centro-Oeste,95.23,156.9,0.056258550353787885,0.03414839338012997,0.0,0.0,0.0,0.0,100.29363391512754,68.63467482728954,-0.022110156973657917,True
5213806,GO,Centro-Oeste,89.57000000000001,95.45,0.17041338985884172,0.16508263494102,0.058823529411764705,0.04424778761061947,0.058823529411764705,0.04424778761061947,63.56591400820817,105.53582858073464,-0.005330754917821728,True
5214002,GO,Centro-Oeste,89.36,114.62,0.15954601806487823,0.15919092110417007,0.0,0.0,0.0,0.07317073170731707,248.18827430359926,155.82851761397515,-0.0003550969607081511,True
5214051,GO,Centro-Oeste,100.0,169.65,0.2827499703511995,0.20840440606857158,0.05,0.030303030303030304,0.0,0.0,317.2102606749724,253.06214797773475,-0.0743455642826279,True
5214507,GO,Centro-Oeste,100.0,142.49,0.011488794720619125,0.09772500101806278,0.0,0.01694915254237288,0.0,0.01694915254237288,36.188984470456276,101.98849992556262,0.08623620629744365,True
5214606,GO,Centro-Oeste,95.26,120.255,0.08916731501811079,0.1421992174885415,0.0,0.03773584905660377,0.021739130434782608,0.05660377358490566,120.12568356529181,71.24558802847557,0.053031902470430714,True
5214838,GO,Centro-Oeste,100.0,109.24,0.1456515508128843,0.21593477908305925,0.0,0.018518518518518517,0.0,0.05555555555555555,228.29314778766093,219.41664559482814,0.07028322827017494,True
5215231,GO,Centro-Oeste,66.56,115.78,0.09785180316648996,0.12460129856258137,0.022727272727272728,0.03,0.045454545454545456,0.06,53.976902378396986,58.3994402387136,0.026749495396091408,True
5215306,GO,Centro-Oeste,100.0,149.70499999999998,0.21152124822451085,0.01920106462762039,0.05,0.0,0.0,0.0,215.2197048243532,47.231983294526714,-0.19232018359689046,True
5215603,GO,Centro-Oeste,99.45,130.895,0.14155969984885958,0.01760627966376869,0.0,0.0,0.14285714285714285,0.0,43.10539913593533,44.948452156116744,-0.1239534201850909,True
5215801,GO,Centro-Oeste,91.67,154.93,0.1618850855725913,0.25054264004573484,0.0,0.09090909090909091,0.0,0.0,251.53752427132244,183.22842557918904,0.08865755447314355,True
5216403,GO,Centro-Oeste,100.0,164.18,0.13708385421483588,0.13533430050837375,0.0,0.0,0.08333333333333333,0.08,111.41685777906415,113.09605441841605,-0.0017495537064621258,True
5216809,GO,Centro-Oeste,100.0,182.8,0.2699789895289958,0.10214417230357437,0.0,0.0,0.0,0.037037037037037035,406.31437579153754,119.50342869532739,-0.16783481722542143,True
5217104,GO,Centro-Oeste,93.46,99.07000000000001,0.21682974084926657,0.07720904044314023,0.03571428571428571,0.0,0.05357142857142857,0.05555555555555555,186.25553679384456,60.553144173360266,-0.13962070040612634,True
5217203,GO,Centro-Oeste,100.0,119.53,0.29521643092249517,0.01718416217549904,0.1111111111111111,0.0,0.1111111111111111,0.0,64.32764020320931,44.34403309625609,-0.2780322687469961,True
5217302,GO,Centro-Oeste,100.0,104.9,0.1528374294225674,0.13008587720152462,0.01694915254237288,0.018867924528301886,0.0,0.05660377358490566,202.17884411525637,94.42554700017205,-0.022751552221042776,True
5217401,GO,Centro-Oeste,74.42999999999999,75.67999999999999,0.1951645194318919,0.07428727004428386,0.07692307692307693,0.0,0.07692307692307693,0.06451612903225806,37.41162311606372,45.12131902327343,-0.12087724938760804,True
5217609,GO,Centro-Oeste,100.0,93.7,0.09468149507918222,0.1144161769787376,0.012345679012345678,0.028846153846153848,0.024691358024691357,0.04807692307692308,97.79917468901034,61.26092484569361,0.01973468189955538,True
5217708,GO,Centro-Oeste,97.04,101.66499999999999,0.2545653282664188,0.20311375283742397,0.08,0.07142857142857142,0.08,0.07142857142857142,111.99498305213224,67.4923422078626,-0.05145157542899484,True
5218003,GO,Centro-Oeste,70.04,82.69500000000001,0.11491508832836951,0.19953732955454867,0.03571428571428571,0.07142857142857142,0.03571428571428571,0.07142857142857142,62.74268649563793,62.37135466678645,0.08462224122617916,True
5218300,GO,Centro-Oeste,92.82000000000001,110.81000000000002,0.23511133568389286,0.1663421480980874,0.0784313725490196,0.04878048780487805,0.0,0.012195121951219513,187.93252285298848,137.83965693151097,-0.06876918758580547,True
5218508,GO,Centro-Oeste,88.42999999999999,96.115,0.11317100766523956,0.2065805418353776,0.015873015873015872,0.041379310344827586,0.015873015873015872,0.06206896551724138,127.76744914610784,148.74560505939806,0.09340953417013804,True
5218607,GO,Centro-Oeste,100.0,135.45999999999998,0.3687490496789777,0.14868238094843697,0.2222222222222222,0.04,0.0,0.04,70.44932164160663,96.50842877888414,-0.22006666873054073,True
5218805,GO,Centro-Oeste,37.8,83.08,0.15697804547235394,0.08620286909207783,0.03296703296703297,0.021929824561403508,0.0989010989010989,0.03070175438596491,49.55364291443446,57.52905978327024,-0.07077517638027611,True
5218904,GO,Centro-Oeste,100.0,159.22,0.004597775884085393,0.1649037145161202,0.0,0.04878048780487805,0.0,0.04878048780487805,26.321913708396032,89.85434998237046,0.16030593863203482,True
5219308,GO,Centro-Oeste,100.0,137.25,0.03338619961106969,0.1588944813337577,0.0,0.009009009009009009,0.0,0.07207207207207207,67.54330938015893,137.43355313964872,0.125508281722688,True
5219704,GO,Centro-Oeste,98.1,100.0,0.2739607186480765,0.2671675235307892,0.16666666666666666,0.09090909090909091,0.0,0.06060606060606061,54.04720817445002,130.95430744740457,-0.006793195117287265,True
5219738,GO,Centro-Oeste,100.0,142.16,0.03747442458124145,0.37410339247894014,0.0,0.0,0.0,0.45454545454545453,73.3971324546286,78.11606592787419,0.3366289678976987,True
5219753,GO,Centro-Oeste,84.33,87.895,0.022032162008632727,0.15416410934121155,0.0,0.06349206349206349,0.0,0.031746031746031744,51.285758049085885,64.2622762342989,0.13213194733257883,True
5219803,GO,Centro-Oeste,100.0,147.165,0.02889461560955681,0.025356123776708234,0.0,0.0,0.0,0.0,61.11192699273852,56.04525250904902,-0.003538491832848576,True
5220108,GO,Centro-Oeste,99.31000000000002,107.16499999999999,0.19270838953602315,0.17662929027203447,0.08333333333333333,0.045454545454545456,0.041666666666666664,0.09090909090909091,64.38414706841145,60.903309440465904,-0.016079099263988678,True
5220207,GO,Centro-Oeste,100.0,111.94500000000001,0.21215025655237726,0.12927982961895093,0.07692307692307693,0.027777777777777776,0.038461538461538464,0.05555555555555555,110.01387150427507,75.45053677234878,-0.08287042693342633,True
5220405,GO,Centro-Oeste,84.99,102.82000000000001,0.02407569223174362,0.2576634506958392,0.0,0.1,0.0,0.05,54.21183586053278,111.13391784528764,0.23358775846409557,True
5220454,GO,Centro-Oeste,100.0,89.05499999999999,0.21127165501229095,0.1724922450794141,0.1,0.034482758620689655,0.06666666666666667,0.12643678160919541,23.78502582427719,33.94695607519991,-0.038779409932876846,True
5220603,GO,Centro-Oeste,100.0,126.09,0.023463809080781432,0.15758777817662872,0.0,0.046153846153846156,0.0,0.0,53.33569628061353,146.25458247645003,0.13412396909584728,True
5220686,GO,Centro-Oeste,100.0,121.9,0.4571177537468828,0.019465755038362096,0.16666666666666666,0.0,0.16666666666666666,0.0,107.08815027230997,47.61098661388797,-0.4376519987085207,True
5221403,GO,Centro-Oeste,87.92999999999999,81.32000000000001,0.10509684818079587,0.24610880966206564,0.017241379310344827,0.05263157894736842,0.06896551724137931,0.15789473684210525,46.62020674036485,60.887158398910955,0.14101196148126977,True
5221502,GO,Centro-Oeste,100.0,156.25,0.12025691705002042,0.14462636697671816,0.0,0.0,0.0,0.05,191.93123175481747,164.0601569352098,0.024369449926697734,True
5221601,GO,Centro-Oeste,94.36,94.645,0.019073509806403887,0.24818659639005913,0.0,0.056074766355140186,0.0,0.102803738317757,47.049340861406,125.62276436859877,0.22911308658365526,True
5221858,GO,Centro-Oeste,83.76,81.55,0.09425966511253414,0.0771656286425752,0.020833333333333332,0.01875,0.0625,0.025,31.50405870979201,58.57595104169993,-0.01709403646995894,True
5222005,GO,Centro-Oeste,100.0,117.0,0.1884730646625788,0.10524243125890381,0.03225806451612903,0.03571428571428571,0.0,0.0,220.32393425758008,93.72484365034859,-0.08323063340367498,True
5300108,DF,Centro-Oeste,56.5,78.93500000000002,0.13613796936529454,0.11957805668496921,0.027202838557066823,0.01489051094890511,0.07332939089296274,0.07532846715328467,64.19387393213825,64.41727551189085,-0.016559912680325334,True
