cod_municipio;nome;municipio_uf;uf;regiao;populacao_2022;no_ranking
1100015;Alta Floresta D'Oeste;Alta Floresta D'Oeste (RO);RO;Norte;21494;True
1100023;Ariquemes;Ariquemes (RO);RO;Norte;96833;True
1100031;Cabixi;Cabixi (RO);RO;Norte;5351;True
1100049;Cacoal;Cacoal (RO);RO;Norte;86887;True
1100056;Cerejeiras;Cerejeiras (RO);RO;Norte;15890;True
1100064;Colorado do Oeste;Colorado do Oeste (RO);RO;Norte;15663;True
1100072;Corumbiara;Corumbiara (RO);RO;Norte;7519;False
1100080;Costa Marques;Costa Marques (RO);RO;Norte;12627;True
1100098;Espigão D'Oeste;Espigão D'Oeste (RO);RO;Norte;29414;True
1100106;Guajará-Mirim;Guajará-Mirim (RO);RO;Norte;39387;True
1100114;Jaru;Jaru (RO);RO;Norte;50591;True
1100122;Ji-Paraná;Ji-Paraná (RO);RO;Norte;124333;True
1100130;Machadinho D'Oeste;Machadinho D'Oeste (RO);RO;Norte;30707;True
1100148;Nova Brasilândia D'Oeste;Nova Brasilândia D'Oeste (RO);RO;Norte;15679;True
1100155;Ouro Preto do Oeste;Ouro Preto do Oeste (RO);RO;Norte;35044;True
1100189;Pimenta Bueno;Pimenta Bueno (RO);RO;Norte;35079;True
1100205;Porto Velho;Porto Velho (RO);RO;Norte;460434;True
1100254;Presidente Médici;Presidente Médici (RO);RO;Norte;19327;True
1100262;Rio Crespo;Rio Crespo (RO);RO;Norte;3471;False
1100288;Rolim de Moura;Rolim de Moura (RO);RO;Norte;56406;True
1100296;Santa Luzia D'Oeste;Santa Luzia D'Oeste (RO);RO;Norte;7419;True
1100304;Vilhena;Vilhena (RO);RO;Norte;95832;True
1100320;São Miguel do Guaporé;São Miguel do Guaporé (RO);RO;Norte;21635;True
1100338;Nova Mamoré;Nova Mamoré (RO);RO;Norte;25444;True
1100346;Alvorada D'Oeste;Alvorada D'Oeste (RO);RO;Norte;13117;True
1100379;Alto Alegre dos Parecis;Alto Alegre dos Parecis (RO);RO;Norte;11479;True
1100403;Alto Paraíso;Alto Paraíso (RO);RO;Norte;16320;True
1100452;Buritis;Buritis (RO);RO;Norte;27992;True
1100502;Novo Horizonte do Oeste;Novo Horizonte do Oeste (RO);RO;Norte;7667;True
1100601;Cacaulândia;Cacaulândia (RO);RO;Norte;4150;False
1100700;Campo Novo de Rondônia;Campo Novo de Rondônia (RO);RO;Norte;8844;True
1100809;Candeias do Jamari;Candeias do Jamari (RO);RO;Norte;22310;True
1100908;Castanheiras;Castanheiras (RO);RO;Norte;3233;False
1100924;Chupinguaia;Chupinguaia (RO);RO;Norte;9324;True
1100940;Cujubim;Cujubim (RO);RO;Norte;14863;True
1101005;Governador Jorge Teixeira;Governador Jorge Teixeira (RO);RO;Norte;8001;True
1101104;Itapuã do Oeste;Itapuã do Oeste (RO);RO;Norte;8548;False
1101203;Ministro Andreazza;Ministro Andreazza (RO);RO;Norte;6466;True
1101302;Mirante da Serra;Mirante da Serra (RO);RO;Norte;9235;True
1101401;Monte Negro;Monte Negro (RO);RO;Norte;11548;True
1101435;Nova União;Nova União (RO);RO;Norte;6200;True
1101450;Parecis;Parecis (RO);RO;Norte;4125;False
1101468;Pimenteiras do Oeste;Pimenteiras do Oeste (RO);RO;Norte;2156;True
1101476;Primavera de Rondônia;Primavera de Rondônia (RO);RO;Norte;3076;True
1101484;São Felipe D'Oeste;São Felipe D'Oeste (RO);RO;Norte;5258;True
1101492;São Francisco do Guaporé;São Francisco do Guaporé (RO);RO;Norte;16286;True
1101500;Seringueiras;Seringueiras (RO);RO;Norte;11171;True
1101559;Teixeirópolis;Teixeirópolis (RO);RO;Norte;4256;True
1101609;Theobroma;Theobroma (RO);RO;Norte;8113;True
1101708;Urupá;Urupá (RO);RO;Norte;10725;True
1101757;Vale do Anari;Vale do Anari (RO);RO;Norte;7788;True
1101807;Vale do Paraíso;Vale do Paraíso (RO);RO;Norte;6479;True
1200013;Acrelândia;Acrelândia (AC);AC;Norte;14021;False
1200054;Assis Brasil;Assis Brasil (AC);AC;Norte;8100;False
1200104;Brasiléia;Brasiléia (AC);AC;Norte;26000;True
1200138;Bujari;Bujari (AC);AC;Norte;12917;True
1200179;Capixaba;Capixaba (AC);AC;Norte;10392;False
1200203;Cruzeiro do Sul;Cruzeiro do Sul (AC);AC;Norte;91888;True
1200252;Epitaciolândia;Epitaciolândia (AC);AC;Norte;18757;True
1200302;Feijó;Feijó (AC);AC;Norte;35426;False
1200328;Jordão;Jordão (AC);AC;Norte;9222;False
1200336;Mâncio Lima;Mâncio Lima (AC);AC;Norte;19294;True
1200344;Manoel Urbano;Manoel Urbano (AC);AC;Norte;11996;False
1200351;Marechal Thaumaturgo;Marechal Thaumaturgo (AC);AC;Norte;17093;False
1200385;Plácido de Castro;Plácido de Castro (AC);AC;Norte;16560;True
1200393;Porto Walter;Porto Walter (AC);AC;Norte;10735;False
1200401;Rio Branco;Rio Branco (AC);AC;Norte;364756;True
1200427;Rodrigues Alves;Rodrigues Alves (AC);AC;Norte;14938;False
1200435;Santa Rosa do Purus;Santa Rosa do Purus (AC);AC;Norte;6723;False
1200450;Senador Guiomard;Senador Guiomard (AC);AC;Norte;21454;True
1200500;Sena Madureira;Sena Madureira (AC);AC;Norte;41343;True
1200609;Tarauacá;Tarauacá (AC);AC;Norte;43467;True
1200708;Xapuri;Xapuri (AC);AC;Norte;18243;True
1200807;Porto Acre;Porto Acre (AC);AC;Norte;16693;True
1300029;Alvarães;Alvarães (AM);AM;Norte;15866;True
1300060;Amaturá;Amaturá (AM);AM;Norte;10819;False
1300086;Anamã;Anamã (AM);AM;Norte;9962;True
1300102;Anori;Anori (AM);AM;Norte;17194;True
1300144;Apuí;Apuí (AM);AM;Norte;20647;True
1300201;Atalaia do Norte;Atalaia do Norte (AM);AM;Norte;15314;True
1300300;Autazes;Autazes (AM);AM;Norte;41564;True
1300409;Barcelos;Barcelos (AM);AM;Norte;18834;True
1300508;Barreirinha;Barreirinha (AM);AM;Norte;31051;True
1300607;Benjamin Constant;Benjamin Constant (AM);AM;Norte;37648;True
1300631;Beruri;Beruri (AM);AM;Norte;20718;True
1300680;Boa Vista do Ramos;Boa Vista do Ramos (AM);AM;Norte;23785;True
1300706;Boca do Acre;Boca do Acre (AM);AM;Norte;35447;True
1300805;Borba;Borba (AM);AM;Norte;33080;True
1300839;Caapiranga;Caapiranga (AM);AM;Norte;13469;True
1300904;Canutama;Canutama (AM);AM;Norte;16869;False
1301001;Carauari;Carauari (AM);AM;Norte;28742;True
1301100;Careiro;Careiro (AM);AM;Norte;30792;True
1301159;Careiro da Várzea;Careiro da Várzea (AM);AM;Norte;19637;False
1301209;Coari;Coari (AM);AM;Norte;70616;True
1301308;Codajás;Codajás (AM);AM;Norte;23549;True
1301407;Eirunepé;Eirunepé (AM);AM;Norte;33170;True
1301506;Envira;Envira (AM);AM;Norte;17186;True
1301605;Fonte Boa;Fonte Boa (AM);AM;Norte;25871;True
1301654;Guajará;Guajará (AM);AM;Norte;13815;True
1301704;Humaitá;Humaitá (AM);AM;Norte;57473;True
1301803;Ipixuna;Ipixuna (AM);AM;Norte;24311;True
1301852;Iranduba;Iranduba (AM);AM;Norte;61163;True
1301902;Itacoatiara;Itacoatiara (AM);AM;Norte;103598;True
1301951;Itamarati;Itamarati (AM);AM;Norte;10937;False
1302009;Itapiranga;Itapiranga (AM);AM;Norte;10162;False
1302108;Japurá;Japurá (AM);AM;Norte;8858;False
1302207;Juruá;Juruá (AM);AM;Norte;10742;False
1302306;Jutaí;Jutaí (AM);AM;Norte;25172;True
1302405;Lábrea;Lábrea (AM);AM;Norte;45448;True
1302504;Manacapuru;Manacapuru (AM);AM;Norte;101883;True
1302553;Manaquiri;Manaquiri (AM);AM;Norte;17107;True
1302603;Manaus;Manaus (AM);AM;Norte;2063689;True
1302702;Manicoré;Manicoré (AM);AM;Norte;53914;True
1302801;Maraã;Maraã (AM);AM;Norte;15529;True
1302900;Maués;Maués (AM);AM;Norte;61204;True
1303007;Nhamundá;Nhamundá (AM);AM;Norte;20136;True
1303106;Nova Olinda do Norte;Nova Olinda do Norte (AM);AM;Norte;27062;True
1303205;Novo Airão;Novo Airão (AM);AM;Norte;15761;True
1303304;Novo Aripuanã;Novo Aripuanã (AM);AM;Norte;23818;True
1303403;Parintins;Parintins (AM);AM;Norte;96372;True
1303502;Pauini;Pauini (AM);AM;Norte;19373;True
1303536;Presidente Figueiredo;Presidente Figueiredo (AM);AM;Norte;30668;True
1303569;Rio Preto da Eva;Rio Preto da Eva (AM);AM;Norte;24936;True
1303601;Santa Isabel do Rio Negro;Santa Isabel do Rio Negro (AM);AM;Norte;14164;False
1303700;Santo Antônio do Içá;Santo Antônio do Içá (AM);AM;Norte;28211;True
1303809;São Gabriel da Cachoeira;São Gabriel da Cachoeira (AM);AM;Norte;51795;True
1303908;São Paulo de Olivença;São Paulo de Olivença (AM);AM;Norte;32967;True
1303957;São Sebastião do Uatumã;São Sebastião do Uatumã (AM);AM;Norte;11670;True
1304005;Silves;Silves (AM);AM;Norte;11559;True
1304062;Tabatinga;Tabatinga (AM);AM;Norte;66764;True
1304104;Tapauá;Tapauá (AM);AM;Norte;19599;False
1304203;Tefé;Tefé (AM);AM;Norte;73669;True
1304237;Tonantins;Tonantins (AM);AM;Norte;19247;False
1304260;Uarini;Uarini (AM);AM;Norte;14431;True
1304302;Urucará;Urucará (AM);AM;Norte;18631;True
1304401;Urucurituba;Urucurituba (AM);AM;Norte;23945;False
1400027;Amajari;Amajari (RR);RR;Norte;13927;True
1400050;Alto Alegre;Alto Alegre (RR);RR;Norte;21096;True
1400100;Boa Vista;Boa Vista (RR);RR;Norte;413486;True
1400159;Bonfim;Bonfim (RR);RR;Norte;13923;True
1400175;Cantá;Cantá (RR);RR;Norte;18682;True
1400209;Caracaraí;Caracaraí (RR);RR;Norte;20957;True
1400233;Caroebe;Caroebe (RR);RR;Norte;10656;True
1400282;Iracema;Iracema (RR);RR;Norte;10023;False
1400308;Mucajaí;Mucajaí (RR);RR;Norte;18095;True
1400407;Normandia;Normandia (RR);RR;Norte;13986;True
1400456;Pacaraima;Pacaraima (RR);RR;Norte;19305;True
1400472;Rorainópolis;Rorainópolis (RR);RR;Norte;32647;True
1400506;São João da Baliza;São João da Baliza (RR);RR;Norte;8858;True
1400605;São Luiz do Anauá;São Luiz do Anauá (RR);RR;Norte;7315;True
1400704;Uiramutã;Uiramutã (RR);RR;Norte;13751;False
1500107;Abaetetuba;Abaetetuba (PA);PA;Norte;158188;True
1500131;Abel Figueiredo;Abel Figueiredo (PA);PA;Norte;6136;True
1500206;Acará;Acará (PA);PA;Norte;59023;True
1500305;Afuá;Afuá (PA);PA;Norte;37765;True
1500347;Água Azul do Norte;Água Azul do Norte (PA);PA;Norte;18080;True
1500404;Alenquer;Alenquer (PA);PA;Norte;69377;True
1500503;Almeirim;Almeirim (PA);PA;Norte;34280;True
1500602;Altamira;Altamira (PA);PA;Norte;126279;True
1500701;Anajás;Anajás (PA);PA;Norte;28011;True
1500800;Ananindeua;Ananindeua (PA);PA;Norte;478778;True
1500859;Anapu;Anapu (PA);PA;Norte;31850;True
1500909;Augusto Corrêa;Augusto Corrêa (PA);PA;Norte;44573;True
1500958;Aurora do Pará;Aurora do Pará (PA);PA;Norte;23774;True
1501006;Aveiro;Aveiro (PA);PA;Norte;18290;True
1501105;Bagre;Bagre (PA);PA;Norte;31892;False
1501204;Baião;Baião (PA);PA;Norte;51641;True
1501253;Bannach;Bannach (PA);PA;Norte;4031;True
1501303;Barcarena;Barcarena (PA);PA;Norte;126650;True
1501402;Belém;Belém (PA);PA;Norte;1303403;True
1501451;Belterra;Belterra (PA);PA;Norte;18099;True
1501501;Benevides;Benevides (PA);PA;Norte;63567;True
1501576;Bom Jesus do Tocantins;Bom Jesus do Tocantins (PA);PA;Norte;18005;True
1501600;Bonito;Bonito (PA);PA;Norte;12622;True
1501709;Bragança;Bragança (PA);PA;Norte;123082;True
1501725;Brasil Novo;Brasil Novo (PA);PA;Norte;24718;True
1501758;Brejo Grande do Araguaia;Brejo Grande do Araguaia (PA);PA;Norte;6783;False
1501782;Breu Branco;Breu Branco (PA);PA;Norte;45712;True
1501808;Breves;Breves (PA);PA;Norte;106968;True
1501907;Bujaru;Bujaru (PA);PA;Norte;24383;True
1501956;Cachoeira do Piriá;Cachoeira do Piriá (PA);PA;Norte;19630;False
1502004;Cachoeira do Arari;Cachoeira do Arari (PA);PA;Norte;23981;True
1502103;Cametá;Cametá (PA);PA;Norte;134184;True
1502152;Canaã dos Carajás;Canaã dos Carajás (PA);PA;Norte;77079;True
1502202;Capanema;Capanema (PA);PA;Norte;70394;True
1502301;Capitão Poço;Capitão Poço (PA);PA;Norte;56506;True
1502400;Castanhal;Castanhal (PA);PA;Norte;192256;True
1502509;Chaves;Chaves (PA);PA;Norte;20757;False
1502608;Colares;Colares (PA);PA;Norte;12868;False
1502707;Conceição do Araguaia;Conceição do Araguaia (PA);PA;Norte;44617;True
1502756;Concórdia do Pará;Concórdia do Pará (PA);PA;Norte;26881;True
1502764;Cumaru do Norte;Cumaru do Norte (PA);PA;Norte;14036;True
1502772;Curionópolis;Curionópolis (PA);PA;Norte;19950;True
1502806;Curralinho;Curralinho (PA);PA;Norte;33903;True
1502855;Curuá;Curuá (PA);PA;Norte;14117;False
1502905;Curuçá;Curuçá (PA);PA;Norte;41262;True
1502939;Dom Eliseu;Dom Eliseu (PA);PA;Norte;58484;True
1502954;Eldorado do Carajás;Eldorado do Carajás (PA);PA;Norte;28192;True
1503002;Faro;Faro (PA);PA;Norte;8728;False
1503044;Floresta do Araguaia;Floresta do Araguaia (PA);PA;Norte;17898;True
1503077;Garrafão do Norte;Garrafão do Norte (PA);PA;Norte;24703;True
1503093;Goianésia do Pará;Goianésia do Pará (PA);PA;Norte;26362;True
1503101;Gurupá;Gurupá (PA);PA;Norte;31786;True
1503200;Igarapé-Açu;Igarapé-Açu (PA);PA;Norte;35797;True
1503309;Igarapé-Miri;Igarapé-Miri (PA);PA;Norte;64831;True
1503408;Inhangapi;Inhangapi (PA);PA;Norte;10325;False
1503457;Ipixuna do Pará;Ipixuna do Pará (PA);PA;Norte;30329;True
1503507;Irituia;Irituia (PA);PA;Norte;30955;True
1503606;Itaituba;Itaituba (PA);PA;Norte;123314;True
1503705;Itupiranga;Itupiranga (PA);PA;Norte;49754;True
1503754;Jacareacanga;Jacareacanga (PA);PA;Norte;24042;True
1503804;Jacundá;Jacundá (PA);PA;Norte;37707;True
1503903;Juruti;Juruti (PA);PA;Norte;50881;True
1504000;Limoeiro do Ajuru;Limoeiro do Ajuru (PA);PA;Norte;29569;True
1504059;Mãe do Rio;Mãe do Rio (PA);PA;Norte;34353;True
1504109;Magalhães Barata;Magalhães Barata (PA);PA;Norte;8115;False
1504208;Marabá;Marabá (PA);PA;Norte;266533;True
1504307;Maracanã;Maracanã (PA);PA;Norte;25971;True
1504406;Marapanim;Marapanim (PA);PA;Norte;26573;True
1504422;Marituba;Marituba (PA);PA;Norte;111785;True
1504455;Medicilândia;Medicilândia (PA);PA;Norte;27094;True
1504505;Melgaço;Melgaço (PA);PA;Norte;27881;True
1504604;Mocajuba;Mocajuba (PA);PA;Norte;27198;True
1504703;Moju;Moju (PA);PA;Norte;84094;True
1504752;Mojuí dos Campos;Mojuí dos Campos (PA);PA;Norte;23501;False
1504802;Monte Alegre;Monte Alegre (PA);PA;Norte;60012;True
1504901;Muaná;Muaná (PA);PA;Norte;45368;True
1504950;Nova Esperança do Piriá;Nova Esperança do Piriá (PA);PA;Norte;20478;True
1504976;Nova Ipixuna;Nova Ipixuna (PA);PA;Norte;13955;True
1505007;Nova Timboteua;Nova Timboteua (PA);PA;Norte;12806;False
1505031;Novo Progresso;Novo Progresso (PA);PA;Norte;33638;True
1505064;Novo Repartimento;Novo Repartimento (PA);PA;Norte;60732;True
1505106;Óbidos;Óbidos (PA);PA;Norte;52229;True
1505205;Oeiras do Pará;Oeiras do Pará (PA);PA;Norte;33844;True
1505304;Oriximiná;Oriximiná (PA);PA;Norte;68294;True
1505403;Ourém;Ourém (PA);PA;Norte;17855;True
1505437;Ourilândia do Norte;Ourilândia do Norte (PA);PA;Norte;32467;True
1505486;Pacajá;Pacajá (PA);PA;Norte;41097;True
1505494;Palestina do Pará;Palestina do Pará (PA);PA;Norte;6885;True
1505502;Paragominas;Paragominas (PA);PA;Norte;105550;True
1505536;Parauapebas;Parauapebas (PA);PA;Norte;267836;True
1505551;Pau D'Arco;Pau D'Arco (PA);PA;Norte;6931;True
1505601;Peixe-Boi;Peixe-Boi (PA);PA;Norte;8285;True
1505635;Piçarra;Piçarra (PA);PA;Norte;12832;True
1505650;Placas;Placas (PA);PA;Norte;18668;True
1505700;Ponta de Pedras;Ponta de Pedras (PA);PA;Norte;24984;True
1505809;Portel;Portel (PA);PA;Norte;62503;True
1505908;Porto de Moz;Porto de Moz (PA);PA;Norte;40597;True
1506005;Prainha;Prainha (PA);PA;Norte;35577;True
1506104;Primavera;Primavera (PA);PA;Norte;10851;True
1506112;Quatipuru;Quatipuru (PA);PA;Norte;11524;True
1506138;Redenção;Redenção (PA);PA;Norte;85597;True
1506161;Rio Maria;Rio Maria (PA);PA;Norte;18384;True
1506187;Rondon do Pará;Rondon do Pará (PA);PA;Norte;53143;True
1506195;Rurópolis;Rurópolis (PA);PA;Norte;35769;True
1506203;Salinópolis;Salinópolis (PA);PA;Norte;44772;True
1506302;Salvaterra;Salvaterra (PA);PA;Norte;24129;True
1506351;Santa Bárbara do Pará;Santa Bárbara do Pará (PA);PA;Norte;21087;False
1506401;Santa Cruz do Arari;Santa Cruz do Arari (PA);PA;Norte;7445;False
1506500;Santa Izabel do Pará;Santa Izabel do Pará (PA);PA;Norte;73019;True
1506559;Santa Luzia do Pará;Santa Luzia do Pará (PA);PA;Norte;20370;True
1506583;Santa Maria das Barreiras;Santa Maria das Barreiras (PA);PA;Norte;16548;True
1506609;Santa Maria do Pará;Santa Maria do Pará (PA);PA;Norte;24624;True
1506708;Santana do Araguaia;Santana do Araguaia (PA);PA;Norte;32413;True
1506807;Santarém;Santarém (PA);PA;Norte;331942;True
1506906;Santarém Novo;Santarém Novo (PA);PA;Norte;6116;False
1507003;Santo Antônio do Tauá;Santo Antônio do Tauá (PA);PA;Norte;27461;True
1507102;São Caetano de Odivelas;São Caetano de Odivelas (PA);PA;Norte;16666;False
1507151;São Domingos do Araguaia;São Domingos do Araguaia (PA);PA;Norte;21092;False
1507201;São Domingos do Capim;São Domingos do Capim (PA);PA;Norte;30599;True
1507300;São Félix do Xingu;São Félix do Xingu (PA);PA;Norte;65418;True
1507409;São Francisco do Pará;São Francisco do Pará (PA);PA;Norte;14894;True
1507458;São Geraldo do Araguaia;São Geraldo do Araguaia (PA);PA;Norte;24255;True
1507466;São João da Ponta;São João da Ponta (PA);PA;Norte;4430;False
1507474;São João de Pirabas;São João de Pirabas (PA);PA;Norte;20689;True
1507508;São João do Araguaia;São João do Araguaia (PA);PA;Norte;13664;True
1507607;São Miguel do Guamá;São Miguel do Guamá (PA);PA;Norte;52894;True
1507706;São Sebastião da Boa Vista;São Sebastião da Boa Vista (PA);PA;Norte;25643;True
1507755;Sapucaia;Sapucaia (PA);PA;Norte;5847;True
1507805;Senador José Porfírio;Senador José Porfírio (PA);PA;Norte;22576;True
1507904;Soure;Soure (PA);PA;Norte;24204;True
1507953;Tailândia;Tailândia (PA);PA;Norte;72493;True
1507961;Terra Alta;Terra Alta (PA);PA;Norte;10400;False
1507979;Terra Santa;Terra Santa (PA);PA;Norte;18782;True
1508001;Tomé-Açu;Tomé-Açu (PA);PA;Norte;67585;True
1508035;Tracuateua;Tracuateua (PA);PA;Norte;28595;True
1508050;Trairão;Trairão (PA);PA;Norte;15242;True
1508084;Tucumã;Tucumã (PA);PA;Norte;39550;True
1508100;Tucuruí;Tucuruí (PA);PA;Norte;91306;True
1508126;Ulianópolis;Ulianópolis (PA);PA;Norte;37972;True
1508159;Uruará;Uruará (PA);PA;Norte;43558;True
1508209;Vigia;Vigia (PA);PA;Norte;50832;True
1508308;Viseu;Viseu (PA);PA;Norte;58692;True
1508357;Vitória do Xingu;Vitória do Xingu (PA);PA;Norte;15607;True
1508407;Xinguara;Xinguara (PA);PA;Norte;52893;True
1600055;Serra do Navio;Serra do Navio (AP);AP;Norte;4673;False
1600105;Amapá;Amapá (AP);AP;Norte;7943;True
1600154;Pedra Branca do Amapari;Pedra Branca do Amapari (AP);AP;Norte;12847;False
1600204;Calçoene;Calçoene (AP);AP;Norte;10612;True
1600212;Cutias;Cutias (AP);AP;Norte;4461;False
1600238;Ferreira Gomes;Ferreira Gomes (AP);AP;Norte;6666;False
1600253;Itaubal;Itaubal (AP);AP;Norte;5599;False
1600279;Laranjal do Jari;Laranjal do Jari (AP);AP;Norte;35114;True
1600303;Macapá;Macapá (AP);AP;Norte;442933;True
1600402;Mazagão;Mazagão (AP);AP;Norte;21924;False
1600501;Oiapoque;Oiapoque (AP);AP;Norte;27482;True
1600535;Porto Grande;Porto Grande (AP);AP;Norte;17848;True
1600550;Pracuúba;Pracuúba (AP);AP;Norte;3803;False
1600600;Santana;Santana (AP);AP;Norte;107618;True
1600709;Tartarugalzinho;Tartarugalzinho (AP);AP;Norte;12945;False
1600808;Vitória do Jari;Vitória do Jari (AP);AP;Norte;11291;True
1700251;Abreulândia;Abreulândia (TO);TO;Norte;2576;False
1700301;Aguiarnópolis;Aguiarnópolis (TO);TO;Norte;4497;False
1700350;Aliança do Tocantins;Aliança do Tocantins (TO);TO;Norte;5147;False
1700400;Almas;Almas (TO);TO;Norte;6499;True
1700707;Alvorada;Alvorada (TO);TO;Norte;8802;True
1701002;Ananás;Ananás (TO);TO;Norte;10325;True
1701051;Angico;Angico (TO);TO;Norte;2876;False
1701101;Aparecida do Rio Negro;Aparecida do Rio Negro (TO);TO;Norte;4856;False
1701309;Aragominas;Aragominas (TO);TO;Norte;5290;False
1701903;Araguacema;Araguacema (TO);TO;Norte;5927;True
1702000;Araguaçu;Araguaçu (TO);TO;Norte;8133;True
1702109;Araguaína;Araguaína (TO);TO;Norte;171301;True
1702158;Araguanã;Araguanã (TO);TO;Norte;4310;True
1702208;Araguatins;Araguatins (TO);TO;Norte;31918;True
1702307;Arapoema;Arapoema (TO);TO;Norte;5550;True
1702406;Arraias;Arraias (TO);TO;Norte;10287;True
1702554;Augustinópolis;Augustinópolis (TO);TO;Norte;17484;True
1702703;Aurora do Tocantins;Aurora do Tocantins (TO);TO;Norte;3342;False
1702901;Axixá do Tocantins;Axixá do Tocantins (TO);TO;Norte;10262;False
1703008;Babaçulândia;Babaçulândia (TO);TO;Norte;7880;False
1703057;Bandeirantes do Tocantins;Bandeirantes do Tocantins (TO);TO;Norte;3407;False
1703073;Barra do Ouro;Barra do Ouro (TO);TO;Norte;4476;False
1703107;Barrolândia;Barrolândia (TO);TO;Norte;4846;False
1703206;Bernardo Sayão;Bernardo Sayão (TO);TO;Norte;4229;False
1703305;Bom Jesus do Tocantins;Bom Jesus do Tocantins (TO);TO;Norte;4038;False
1703602;Brasilândia do Tocantins;Brasilândia do Tocantins (TO);TO;Norte;1974;False
1703701;Brejinho de Nazaré;Brejinho de Nazaré (TO);TO;Norte;4725;True
1703800;Buriti do Tocantins;Buriti do Tocantins (TO);TO;Norte;10307;False
1703826;Cachoeirinha;Cachoeirinha (TO);TO;Norte;1961;False
1703842;Campos Lindos;Campos Lindos (TO);TO;Norte;8653;False
1703867;Cariri do Tocantins;Cariri do Tocantins (TO);TO;Norte;4007;False
1703883;Carmolândia;Carmolândia (TO);TO;Norte;2201;False
1703891;Carrasco Bonito;Carrasco Bonito (TO);TO;Norte;3318;False
1703909;Caseara;Caseara (TO);TO;Norte;4847;False
1704105;Centenário;Centenário (TO);TO;Norte;2131;False
1704600;Chapada de Areia;Chapada de Areia (TO);TO;Norte;1501;False
1705102;Chapada da Natividade;Chapada da Natividade (TO);TO;Norte;3117;False
1705508;Colinas do Tocantins;Colinas do Tocantins (TO);TO;Norte;34233;True
1705557;Combinado;Combinado (TO);TO;Norte;4756;False
1705607;Conceição do Tocantins;Conceição do Tocantins (TO);TO;Norte;3887;True
1706001;Couto Magalhães;Couto Magalhães (TO);TO;Norte;5331;False
1706100;Cristalândia;Cristalândia (TO);TO;Norte;6371;False
1706258;Crixás do Tocantins;Crixás do Tocantins (TO);TO;Norte;1470;False
1706506;Darcinópolis;Darcinópolis (TO);TO;Norte;5827;False
1707009;Dianópolis;Dianópolis (TO);TO;Norte;17739;True
1707108;Divinópolis do Tocantins;Divinópolis do Tocantins (TO);TO;Norte;7024;True
1707207;Dois Irmãos do Tocantins;Dois Irmãos do Tocantins (TO);TO;Norte;6327;True
1707306;Dueré;Dueré (TO);TO;Norte;4248;False
1707405;Esperantina;Esperantina (TO);TO;Norte;7530;False
1707553;Fátima;Fátima (TO);TO;Norte;3467;False
1707652;Figueirópolis;Figueirópolis (TO);TO;Norte;5211;False
1707702;Filadélfia;Filadélfia (TO);TO;Norte;7712;False
1708205;Formoso do Araguaia;Formoso do Araguaia (TO);TO;Norte;18881;True
1708254;Tabocão;Tabocão (TO);TO;Norte;3455;False
1708304;Goianorte;Goianorte (TO);TO;Norte;4738;False
1709005;Goiatins;Goiatins (TO);TO;Norte;12433;True
1709302;Guaraí;Guaraí (TO);TO;Norte;24775;True
1709500;Gurupi;Gurupi (TO);TO;Norte;85125;True
1709807;Ipueiras;Ipueiras (TO);TO;Norte;1590;False
1710508;Itacajá;Itacajá (TO);TO;Norte;6819;True
1710706;Itaguatins;Itaguatins (TO);TO;Norte;5172;False
1710904;Itapiratins;Itapiratins (TO);TO;Norte;3577;False
1711100;Itaporã do Tocantins;Itaporã do Tocantins (TO);TO;Norte;2404;False
1711506;Jaú do Tocantins;Jaú do Tocantins (TO);TO;Norte;3334;False
1711803;Juarina;Juarina (TO);TO;Norte;2243;False
1711902;Lagoa da Confusão;Lagoa da Confusão (TO);TO;Norte;15288;False
1711951;Lagoa do Tocantins;Lagoa do Tocantins (TO);TO;Norte;3516;False
1712009;Lajeado;Lajeado (TO);TO;Norte;3357;False
1712157;Lavandeira;Lavandeira (TO);TO;Norte;1626;False
1712405;Lizarda;Lizarda (TO);TO;Norte;2999;False
1712454;Luzinópolis;Luzinópolis (TO);TO;Norte;2717;False
1712504;Marianópolis do Tocantins;Marianópolis do Tocantins (TO);TO;Norte;4615;True
1712702;Mateiros;Mateiros (TO);TO;Norte;2748;False
1712801;Maurilândia do Tocantins;Maurilândia do Tocantins (TO);TO;Norte;3095;False
1713205;Miracema do Tocantins;Miracema do Tocantins (TO);TO;Norte;18566;True
1713304;Miranorte;Miranorte (TO);TO;Norte;12701;True
1713601;Monte do Carmo;Monte do Carmo (TO);TO;Norte;5694;True
1713700;Monte Santo do Tocantins;Monte Santo do Tocantins (TO);TO;Norte;2396;False
1713809;Palmeiras do Tocantins;Palmeiras do Tocantins (TO);TO;Norte;4872;False
1713957;Muricilândia;Muricilândia (TO);TO;Norte;3367;False
1714203;Natividade;Natividade (TO);TO;Norte;8754;True
1714302;Nazaré;Nazaré (TO);TO;Norte;4521;False
1714880;Nova Olinda;Nova Olinda (TO);TO;Norte;10367;False
1715002;Nova Rosalândia;Nova Rosalândia (TO);TO;Norte;3362;False
1715101;Novo Acordo;Novo Acordo (TO);TO;Norte;3969;False
1715150;Novo Alegre;Novo Alegre (TO);TO;Norte;1846;False
1715259;Novo Jardim;Novo Jardim (TO);TO;Norte;2230;False
1715507;Oliveira de Fátima;Oliveira de Fátima (TO);TO;Norte;1164;False
1715705;Palmeirante;Palmeirante (TO);TO;Norte;4798;False
1715754;Palmeirópolis;Palmeirópolis (TO);TO;Norte;6975;False
1716109;Paraíso do Tocantins;Paraíso do Tocantins (TO);TO;Norte;52360;True
1716208;Paranã;Paranã (TO);TO;Norte;10542;True
1716307;Pau D'Arco;Pau D'Arco (TO);TO;Norte;4043;False
1716505;Pedro Afonso;Pedro Afonso (TO);TO;Norte;14055;True
1716604;Peixe;Peixe (TO);TO;Norte;9317;True
1716653;Pequizeiro;Pequizeiro (TO);TO;Norte;4921;False
1716703;Colméia;Colméia (TO);TO;Norte;8941;False
1717008;Pindorama do Tocantins;Pindorama do Tocantins (TO);TO;Norte;4478;False
1717206;Piraquê;Piraquê (TO);TO;Norte;2282;False
1717503;Pium;Pium (TO);TO;Norte;7128;True
1717800;Ponte Alta do Bom Jesus;Ponte Alta do Bom Jesus (TO);TO;Norte;4220;False
1717909;Ponte Alta do Tocantins;Ponte Alta do Tocantins (TO);TO;Norte;7586;False
1718006;Porto Alegre do Tocantins;Porto Alegre do Tocantins (TO);TO;Norte;2866;False
1718204;Porto Nacional;Porto Nacional (TO);TO;Norte;64418;True
1718303;Praia Norte;Praia Norte (TO);TO;Norte;9044;False
1718402;Presidente Kennedy;Presidente Kennedy (TO);TO;Norte;3047;False
1718451;Pugmil;Pugmil (TO);TO;Norte;2193;False
1718501;Recursolândia;Recursolândia (TO);TO;Norte;3421;False
1718550;Riachinho;Riachinho (TO);TO;Norte;3960;True
1718659;Rio da Conceição;Rio da Conceição (TO);TO;Norte;1768;False
1718709;Rio dos Bois;Rio dos Bois (TO);TO;Norte;2738;False
1718758;Rio Sono;Rio Sono (TO);TO;Norte;4841;False
1718808;Sampaio;Sampaio (TO);TO;Norte;4215;False
1718840;Sandolândia;Sandolândia (TO);TO;Norte;3723;False
1718865;Santa Fé do Araguaia;Santa Fé do Araguaia (TO);TO;Norte;7216;False
1718881;Santa Maria do Tocantins;Santa Maria do Tocantins (TO);TO;Norte;2680;False
1718899;Santa Rita do Tocantins;Santa Rita do Tocantins (TO);TO;Norte;2219;False
1718907;Santa Rosa do Tocantins;Santa Rosa do Tocantins (TO);TO;Norte;4653;False
1719004;Santa Tereza do Tocantins;Santa Tereza do Tocantins (TO);TO;Norte;2781;False
1720002;Santa Terezinha do Tocantins;Santa Terezinha do Tocantins (TO);TO;Norte;2406;False
1720101;São Bento do Tocantins;São Bento do Tocantins (TO);TO;Norte;5654;False
1720150;São Félix do Tocantins;São Félix do Tocantins (TO);TO;Norte;1783;False
1720200;São Miguel do Tocantins;São Miguel do Tocantins (TO);TO;Norte;13241;False
1720259;São Salvador do Tocantins;São Salvador do Tocantins (TO);TO;Norte;2385;False
1720309;São Sebastião do Tocantins;São Sebastião do Tocantins (TO);TO;Norte;4100;False
1720499;São Valério;São Valério (TO);TO;Norte;4422;False
1720655;Silvanópolis;Silvanópolis (TO);TO;Norte;5108;False
1720804;Sítio Novo do Tocantins;Sítio Novo do Tocantins (TO);TO;Norte;10830;False
1720853;Sucupira;Sucupira (TO);TO;Norte;1577;False
1720903;Taguatinga;Taguatinga (TO);TO;Norte;14011;True
1720937;Taipas do Tocantins;Taipas do Tocantins (TO);TO;Norte;2021;False
1720978;Talismã;Talismã (TO);TO;Norte;2456;False
1721000;Palmas;Palmas (TO);TO;Norte;302692;True
1721109;Tocantínia;Tocantínia (TO);TO;Norte;7459;True
1721208;Tocantinópolis;Tocantinópolis (TO);TO;Norte;22615;True
1721257;Tupirama;Tupirama (TO);TO;Norte;1909;False
1721307;Tupiratins;Tupiratins (TO);TO;Norte;1874;False
1722081;Wanderlândia;Wanderlândia (TO);TO;Norte;10522;True
1722107;Xambioá;Xambioá (TO);TO;Norte;10517;True
2100055;Açailândia;Açailândia (MA);MA;Nordeste;106550;True
2100105;Afonso Cunha;Afonso Cunha (MA);MA;Nordeste;6144;True
2100154;Água Doce do Maranhão;Água Doce do Maranhão (MA);MA;Nordeste;12142;True
2100204;Alcântara;Alcântara (MA);MA;Nordeste;18467;True
2100303;Aldeias Altas;Aldeias Altas (MA);MA;Nordeste;23286;True
2100402;Altamira do Maranhão;Altamira do Maranhão (MA);MA;Nordeste;6447;True
2100436;Alto Alegre do Maranhão;Alto Alegre do Maranhão (MA);MA;Nordeste;24048;True
2100477;Alto Alegre do Pindaré;Alto Alegre do Pindaré (MA);MA;Nordeste;25710;True
2100501;Alto Parnaíba;Alto Parnaíba (MA);MA;Nordeste;11109;True
2100550;Amapá do Maranhão;Amapá do Maranhão (MA);MA;Nordeste;7170;True
2100600;Amarante do Maranhão;Amarante do Maranhão (MA);MA;Nordeste;37085;True
2100709;Anajatuba;Anajatuba (MA);MA;Nordeste;25322;True
2100808;Anapurus;Anapurus (MA);MA;Nordeste;13793;True
2100832;Apicum-Açu;Apicum-Açu (MA);MA;Nordeste;17519;True
2100873;Araguanã;Araguanã (MA);MA;Nordeste;11181;True
2100907;Araioses;Araioses (MA);MA;Nordeste;39052;True
2100956;Arame;Arame (MA);MA;Nordeste;25517;True
2101004;Arari;Arari (MA);MA;Nordeste;29472;True
2101103;Axixá;Axixá (MA);MA;Nordeste;11790;True
2101202;Bacabal;Bacabal (MA);MA;Nordeste;103711;True
2101251;Bacabeira;Bacabeira (MA);MA;Nordeste;16966;False
2101301;Bacuri;Bacuri (MA);MA;Nordeste;16290;True
2101350;Bacurituba;Bacurituba (MA);MA;Nordeste;5252;False
2101400;Balsas;Balsas (MA);MA;Nordeste;101767;True
2101509;Barão de Grajaú;Barão de Grajaú (MA);MA;Nordeste;18984;True
2101608;Barra do Corda;Barra do Corda (MA);MA;Nordeste;84532;True
2101707;Barreirinhas;Barreirinhas (MA);MA;Nordeste;65589;True
2101731;Belágua;Belágua (MA);MA;Nordeste;8460;False
2101772;Bela Vista do Maranhão;Bela Vista do Maranhão (MA);MA;Nordeste;11750;True
2101806;Benedito Leite;Benedito Leite (MA);MA;Nordeste;5469;True
2101905;Bequimão;Bequimão (MA);MA;Nordeste;19584;True
2101939;Bernardo do Mearim;Bernardo do Mearim (MA);MA;Nordeste;5840;True
2101970;Boa Vista do Gurupi;Boa Vista do Gurupi (MA);MA;Nordeste;7574;True
2102002;Bom Jardim;Bom Jardim (MA);MA;Nordeste;33100;True
2102036;Bom Jesus das Selvas;Bom Jesus das Selvas (MA);MA;Nordeste;28599;True
2102077;Bom Lugar;Bom Lugar (MA);MA;Nordeste;12212;True
2102101;Brejo;Brejo (MA);MA;Nordeste;34120;True
2102150;Brejo de Areia;Brejo de Areia (MA);MA;Nordeste;9218;False
2102200;Buriti;Buriti (MA);MA;Nordeste;29685;True
2102309;Buriti Bravo;Buriti Bravo (MA);MA;Nordeste;22455;True
2102325;Buriticupu;Buriticupu (MA);MA;Nordeste;55499;True
2102358;Buritirana;Buritirana (MA);MA;Nordeste;12918;True
2102374;Cachoeira Grande;Cachoeira Grande (MA);MA;Nordeste;9732;True
2102408;Cajapió;Cajapió (MA);MA;Nordeste;10121;True
2102507;Cajari;Cajari (MA);MA;Nordeste;16412;True
2102556;Campestre do Maranhão;Campestre do Maranhão (MA);MA;Nordeste;12301;True
2102606;Cândido Mendes;Cândido Mendes (MA);MA;Nordeste;19932;True
2102705;Cantanhede;Cantanhede (MA);MA;Nordeste;24303;True
2102754;Capinzal do Norte;Capinzal do Norte (MA);MA;Nordeste;11374;True
2102804;Carolina;Carolina (MA);MA;Nordeste;24062;True
2102903;Carutapera;Carutapera (MA);MA;Nordeste;24238;True
2103000;Caxias;Caxias (MA);MA;Nordeste;156973;True
2103109;Cedral;Cedral (MA);MA;Nordeste;10208;True
2103125;Central do Maranhão;Central do Maranhão (MA);MA;Nordeste;7094;True
2103158;Centro do Guilherme;Centro do Guilherme (MA);MA;Nordeste;12342;True
2103174;Centro Novo do Maranhão;Centro Novo do Maranhão (MA);MA;Nordeste;16267;True
2103208;Chapadinha;Chapadinha (MA);MA;Nordeste;81386;True
2103257;Cidelândia;Cidelândia (MA);MA;Nordeste;12878;True
2103307;Codó;Codó (MA);MA;Nordeste;114275;True
2103406;Coelho Neto;Coelho Neto (MA);MA;Nordeste;41658;True
2103505;Colinas;Colinas (MA);MA;Nordeste;40316;True
2103554;Conceição do Lago-Açu;Conceição do Lago-Açu (MA);MA;Nordeste;14915;True
2103604;Coroatá;Coroatá (MA);MA;Nordeste;59566;True
2103703;Cururupu;Cururupu (MA);MA;Nordeste;31558;True
2103752;Davinópolis;Davinópolis (MA);MA;Nordeste;14404;False
2103802;Dom Pedro;Dom Pedro (MA);MA;Nordeste;23053;True
2103901;Duque Bacelar;Duque Bacelar (MA);MA;Nordeste;10223;True
2104008;Esperantinópolis;Esperantinópolis (MA);MA;Nordeste;18311;True
2104057;Estreito;Estreito (MA);MA;Nordeste;33294;True
2104073;Feira Nova do Maranhão;Feira Nova do Maranhão (MA);MA;Nordeste;8048;True
2104081;Fernando Falcão;Fernando Falcão (MA);MA;Nordeste;10873;True
2104099;Formosa da Serra Negra;Formosa da Serra Negra (MA);MA;Nordeste;17719;True
2104107;Fortaleza dos Nogueiras;Fortaleza dos Nogueiras (MA);MA;Nordeste;12640;True
2104206;Fortuna;Fortuna (MA);MA;Nordeste;16976;True
2104305;Godofredo Viana;Godofredo Viana (MA);MA;Nordeste;10186;False
2104404;Gonçalves Dias;Gonçalves Dias (MA);MA;Nordeste;17206;True
2104503;Governador Archer;Governador Archer (MA);MA;Nordeste;10231;True
2104552;Governador Edison Lobão;Governador Edison Lobão (MA);MA;Nordeste;18411;True
2104602;Governador Eugênio Barros;Governador Eugênio Barros (MA);MA;Nordeste;13930;True
2104628;Governador Luiz Rocha;Governador Luiz Rocha (MA);MA;Nordeste;7063;True
2104651;Governador Newton Bello;Governador Newton Bello (MA);MA;Nordeste;10713;True
2104677;Governador Nunes Freire;Governador Nunes Freire (MA);MA;Nordeste;23128;True
2104701;Graça Aranha;Graça Aranha (MA);MA;Nordeste;6023;True
2104800;Grajaú;Grajaú (MA);MA;Nordeste;73872;True
2104909;Guimarães;Guimarães (MA);MA;Nordeste;10290;True
2105005;Humberto de Campos;Humberto de Campos (MA);MA;Nordeste;25680;True
2105104;Icatu;Icatu (MA);MA;Nordeste;24794;True
2105153;Igarapé do Meio;Igarapé do Meio (MA);MA;Nordeste;13974;True
2105203;Igarapé Grande;Igarapé Grande (MA);MA;Nordeste;10231;True
2105302;Imperatriz;Imperatriz (MA);MA;Nordeste;273110;True
2105351;Itaipava do Grajaú;Itaipava do Grajaú (MA);MA;Nordeste;13828;True
2105401;Itapecuru Mirim;Itapecuru Mirim (MA);MA;Nordeste;60440;True
2105427;Itinga do Maranhão;Itinga do Maranhão (MA);MA;Nordeste;22513;True
2105450;Jatobá;Jatobá (MA);MA;Nordeste;7471;True
2105476;Jenipapo dos Vieiras;Jenipapo dos Vieiras (MA);MA;Nordeste;17076;True
2105500;João Lisboa;João Lisboa (MA);MA;Nordeste;24709;True
2105609;Joselândia;Joselândia (MA);MA;Nordeste;14924;True
2105658;Junco do Maranhão;Junco do Maranhão (MA);MA;Nordeste;5146;False
2105708;Lago da Pedra;Lago da Pedra (MA);MA;Nordeste;44403;True
2105807;Lago do Junco;Lago do Junco (MA);MA;Nordeste;9506;True
2105906;Lago Verde;Lago Verde (MA);MA;Nordeste;14769;True
2105922;Lagoa do Mato;Lagoa do Mato (MA);MA;Nordeste;10572;True
2105948;Lago dos Rodrigues;Lago dos Rodrigues (MA);MA;Nordeste;8758;True
2105963;Lagoa Grande do Maranhão;Lagoa Grande do Maranhão (MA);MA;Nordeste;11411;True
2105989;Lajeado Novo;Lajeado Novo (MA);MA;Nordeste;7057;True
2106003;Lima Campos;Lima Campos (MA);MA;Nordeste;11297;True
2106102;Loreto;Loreto (MA);MA;Nordeste;11597;True
2106201;Luís Domingues;Luís Domingues (MA);MA;Nordeste;7161;True
2106300;Magalhães de Almeida;Magalhães de Almeida (MA);MA;Nordeste;13807;True
2106326;Maracaçumé;Maracaçumé (MA);MA;Nordeste;21149;True
2106359;Marajá do Sena;Marajá do Sena (MA);MA;Nordeste;7027;True
2106375;Maranhãozinho;Maranhãozinho (MA);MA;Nordeste;13761;True
2106409;Mata Roma;Mata Roma (MA);MA;Nordeste;17090;True
2106508;Matinha;Matinha (MA);MA;Nordeste;22034;True
2106607;Matões;Matões (MA);MA;Nordeste;32174;True
2106631;Matões do Norte;Matões do Norte (MA);MA;Nordeste;17432;True
2106672;Milagres do Maranhão;Milagres do Maranhão (MA);MA;Nordeste;8818;False
2106706;Mirador;Mirador (MA);MA;Nordeste;21030;True
2106755;Miranda do Norte;Miranda do Norte (MA);MA;Nordeste;23864;True
2106805;Mirinzal;Mirinzal (MA);MA;Nordeste;13978;True
2106904;Monção;Monção (MA);MA;Nordeste;27751;True
2107001;Montes Altos;Montes Altos (MA);MA;Nordeste;9106;True
2107100;Morros;Morros (MA);MA;Nordeste;18554;True
2107209;Nina Rodrigues;Nina Rodrigues (MA);MA;Nordeste;14176;True
2107258;Nova Colinas;Nova Colinas (MA);MA;Nordeste;5021;True
2107308;Nova Iorque;Nova Iorque (MA);MA;Nordeste;4320;False
2107357;Nova Olinda do Maranhão;Nova Olinda do Maranhão (MA);MA;Nordeste;14314;True
2107407;Olho d'Água das Cunhãs;Olho d'Água das Cunhãs (MA);MA;Nordeste;17919;True
2107456;Olinda Nova do Maranhão;Olinda Nova do Maranhão (MA);MA;Nordeste;13577;True
2107506;Paço do Lumiar;Paço do Lumiar (MA);MA;Nordeste;145643;True
2107605;Palmeirândia;Palmeirândia (MA);MA;Nordeste;21059;True
2107704;Paraibano;Paraibano (MA);MA;Nordeste;18274;True
2107803;Parnarama;Parnarama (MA);MA;Nordeste;31250;True
2107902;Passagem Franca;Passagem Franca (MA);MA;Nordeste;17220;True
2108009;Pastos Bons;Pastos Bons (MA);MA;Nordeste;18802;True
2108058;Paulino Neves;Paulino Neves (MA);MA;Nordeste;17056;True
2108108;Paulo Ramos;Paulo Ramos (MA);MA;Nordeste;20341;True
2108207;Pedreiras;Pedreiras (MA);MA;Nordeste;37050;True
2108256;Pedro do Rosário;Pedro do Rosário (MA);MA;Nordeste;24320;True
2108306;Penalva;Penalva (MA);MA;Nordeste;32511;True
2108405;Peri Mirim;Peri Mirim (MA);MA;Nordeste;11108;True
2108454;Peritoró;Peritoró (MA);MA;Nordeste;20479;True
2108504;Pindaré-Mirim;Pindaré-Mirim (MA);MA;Nordeste;31429;True
2108603;Pinheiro;Pinheiro (MA);MA;Nordeste;84621;True
2108702;Pio XII;Pio XII (MA);MA;Nordeste;21886;True
2108801;Pirapemas;Pirapemas (MA);MA;Nordeste;17714;True
2108900;Poção de Pedras;Poção de Pedras (MA);MA;Nordeste;17161;True
2109007;Porto Franco;Porto Franco (MA);MA;Nordeste;23903;True
2109056;Porto Rico do Maranhão;Porto Rico do Maranhão (MA);MA;Nordeste;5954;True
2109106;Presidente Dutra;Presidente Dutra (MA);MA;Nordeste;45155;True
2109205;Presidente Juscelino;Presidente Juscelino (MA);MA;Nordeste;11356;True
2109239;Presidente Médici;Presidente Médici (MA);MA;Nordeste;4696;True
2109270;Presidente Sarney;Presidente Sarney (MA);MA;Nordeste;17511;True
2109304;Presidente Vargas;Presidente Vargas (MA);MA;Nordeste;10549;True
2109403;Primeira Cruz;Primeira Cruz (MA);MA;Nordeste;13614;True
2109452;Raposa;Raposa (MA);MA;Nordeste;30839;True
2109502;Riachão;Riachão (MA);MA;Nordeste;22145;True
2109551;Ribamar Fiquene;Ribamar Fiquene (MA);MA;Nordeste;7420;False
2109601;Rosário;Rosário (MA);MA;Nordeste;38475;True
2109700;Sambaíba;Sambaíba (MA);MA;Nordeste;5568;False
2109759;Santa Filomena do Maranhão;Santa Filomena do Maranhão (MA);MA;Nordeste;6697;False
2109809;Santa Helena;Santa Helena (MA);MA;Nordeste;41561;True
2109908;Santa Inês;Santa Inês (MA);MA;Nordeste;85014;True
2110005;Santa Luzia;Santa Luzia (MA);MA;Nordeste;57635;True
2110039;Santa Luzia do Paruá;Santa Luzia do Paruá (MA);MA;Nordeste;24307;True
2110104;Santa Quitéria do Maranhão;Santa Quitéria do Maranhão (MA);MA;Nordeste;23957;True
2110203;Santa Rita;Santa Rita (MA);MA;Nordeste;37035;True
2110237;Santana do Maranhão;Santana do Maranhão (MA);MA;Nordeste;10567;True
2110278;Santo Amaro do Maranhão;Santo Amaro do Maranhão (MA);MA;Nordeste;13949;True
2110302;Santo Antônio dos Lopes;Santo Antônio dos Lopes (MA);MA;Nordeste;14304;True
2110401;São Benedito do Rio Preto;São Benedito do Rio Preto (MA);MA;Nordeste;18364;True
2110500;São Bento;São Bento (MA);MA;Nordeste;46395;True
2110609;São Bernardo;São Bernardo (MA);MA;Nordeste;26943;True
2110658;São Domingos do Azeitão;São Domingos do Azeitão (MA);MA;Nordeste;7992;True
2110708;São Domingos do Maranhão;São Domingos do Maranhão (MA);MA;Nordeste;34034;True
2110807;São Félix de Balsas;São Félix de Balsas (MA);MA;Nordeste;4402;True
2110856;São Francisco do Brejão;São Francisco do Brejão (MA);MA;Nordeste;9051;True
2110906;São Francisco do Maranhão;São Francisco do Maranhão (MA);MA;Nordeste;12064;True
2111003;São João Batista;São João Batista (MA);MA;Nordeste;18544;True
2111029;São João do Carú;São João do Carú (MA);MA;Nordeste;12251;True
2111052;São João do Paraíso;São João do Paraíso (MA);MA;Nordeste;9904;True
2111078;São João do Soter;São João do Soter (MA);MA;Nordeste;16889;True
2111102;São João dos Patos;São João dos Patos (MA);MA;Nordeste;25020;True
2111201;São José de Ribamar;São José de Ribamar (MA);MA;Nordeste;244579;True
2111250;São José dos Basílios;São José dos Basílios (MA);MA;Nordeste;6957;True
2111300;São Luís;São Luís (MA);MA;Nordeste;1037775;True
2111409;São Luís Gonzaga do Maranhão;São Luís Gonzaga do Maranhão (MA);MA;Nordeste;17818;True
2111508;São Mateus do Maranhão;São Mateus do Maranhão (MA);MA;Nordeste;38829;True
2111532;São Pedro da Água Branca;São Pedro da Água Branca (MA);MA;Nordeste;14338;True
2111573;São Pedro dos Crentes;São Pedro dos Crentes (MA);MA;Nordeste;5783;True
2111607;São Raimundo das Mangabeiras;São Raimundo das Mangabeiras (MA);MA;Nordeste;18672;True
2111631;São Raimundo do Doca Bezerra;São Raimundo do Doca Bezerra (MA);MA;Nordeste;5650;True
2111672;São Roberto;São Roberto (MA);MA;Nordeste;4544;False
2111706;São Vicente Ferrer;São Vicente Ferrer (MA);MA;Nordeste;19498;True
2111722;Satubinha;Satubinha (MA);MA;Nordeste;8784;True
2111748;Senador Alexandre Costa;Senador Alexandre Costa (MA);MA;Nordeste;10207;True
2111763;Senador La Rocque;Senador La Rocque (MA);MA;Nordeste;14700;True
2111789;Serrano do Maranhão;Serrano do Maranhão (MA);MA;Nordeste;10202;True
2111805;Sítio Novo;Sítio Novo (MA);MA;Nordeste;17074;True
2111904;Sucupira do Norte;Sucupira do Norte (MA);MA;Nordeste;10238;True
2111953;Sucupira do Riachão;Sucupira do Riachão (MA);MA;Nordeste;4985;True
2112001;Tasso Fragoso;Tasso Fragoso (MA);MA;Nordeste;8862;True
2112100;Timbiras;Timbiras (MA);MA;Nordeste;26484;True
2112209;Timon;Timon (MA);MA;Nordeste;174465;True
2112233;Trizidela do Vale;Trizidela do Vale (MA);MA;Nordeste;22484;True
2112274;Tufilândia;Tufilândia (MA);MA;Nordeste;5507;True
2112308;Tuntum;Tuntum (MA);MA;Nordeste;36251;True
2112407;Turiaçu;Turiaçu (MA);MA;Nordeste;37491;True
2112456;Turilândia;Turilândia (MA);MA;Nordeste;31638;True
2112506;Tutóia;Tutóia (MA);MA;Nordeste;53356;True
2112605;Urbano Santos;Urbano Santos (MA);MA;Nordeste;32812;True
2112704;Vargem Grande;Vargem Grande (MA);MA;Nordeste;43261;True
2112803;Viana;Viana (MA);MA;Nordeste;51442;True
2112852;Vila Nova dos Martírios;Vila Nova dos Martírios (MA);MA;Nordeste;10362;True
2112902;Vitória do Mearim;Vitória do Mearim (MA);MA;Nordeste;30805;True
2113009;Vitorino Freire;Vitorino Freire (MA);MA;Nordeste;30845;True
2114007;Zé Doca;Zé Doca (MA);MA;Nordeste;40801;True
2200053;Acauã;Acauã (PI);PI;Nordeste;6420;False
2200103;Agricolândia;Agricolândia (PI);PI;Nordeste;4940;False
2200202;Água Branca;Água Branca (PI);PI;Nordeste;17573;True
2200251;Alagoinha do Piauí;Alagoinha do Piauí (PI);PI;Nordeste;6819;False
2200277;Alegrete do Piauí;Alegrete do Piauí (PI);PI;Nordeste;4634;False
2200301;Alto Longá;Alto Longá (PI);PI;Nordeste;13479;True
2200400;Altos;Altos (PI);PI;Nordeste;47453;True
2200459;Alvorada do Gurguéia;Alvorada do Gurguéia (PI);PI;Nordeste;5322;False
2200509;Amarante;Amarante (PI);PI;Nordeste;17234;True
2200608;Angical do Piauí;Angical do Piauí (PI);PI;Nordeste;6827;False
2200707;Anísio de Abreu;Anísio de Abreu (PI);PI;Nordeste;9407;True
2200806;Antônio Almeida;Antônio Almeida (PI);PI;Nordeste;3152;True
2200905;Aroazes;Aroazes (PI);PI;Nordeste;5369;True
2200954;Aroeiras do Itaim;Aroeiras do Itaim (PI);PI;Nordeste;2690;False
2201002;Arraial;Arraial (PI);PI;Nordeste;4520;True
2201051;Assunção do Piauí;Assunção do Piauí (PI);PI;Nordeste;7452;False
2201101;Avelino Lopes;Avelino Lopes (PI);PI;Nordeste;10866;True
2201150;Baixa Grande do Ribeiro;Baixa Grande do Ribeiro (PI);PI;Nordeste;13272;False
2201176;Barra D'Alcântara;Barra D'Alcântara (PI);PI;Nordeste;3995;False
2201200;Barras;Barras (PI);PI;Nordeste;47938;True
2201309;Barreiras do Piauí;Barreiras do Piauí (PI);PI;Nordeste;3264;False
2201408;Barro Duro;Barro Duro (PI);PI;Nordeste;6640;False
2201507;Batalha;Batalha (PI);PI;Nordeste;26300;True
2201556;Bela Vista do Piauí;Bela Vista do Piauí (PI);PI;Nordeste;4091;False
2201572;Belém do Piauí;Belém do Piauí (PI);PI;Nordeste;3423;False
2201606;Beneditinos;Beneditinos (PI);PI;Nordeste;9929;True
2201705;Bertolínia;Bertolínia (PI);PI;Nordeste;5562;False
2201739;Betânia do Piauí;Betânia do Piauí (PI);PI;Nordeste;6220;False
2201770;Boa Hora;Boa Hora (PI);PI;Nordeste;6902;True
2201804;Bocaina;Bocaina (PI);PI;Nordeste;4078;False
2201903;Bom Jesus;Bom Jesus (PI);PI;Nordeste;28796;True
2201919;Bom Princípio do Piauí;Bom Princípio do Piauí (PI);PI;Nordeste;5636;False
2201929;Bonfim do Piauí;Bonfim do Piauí (PI);PI;Nordeste;5913;True
2201945;Boqueirão do Piauí;Boqueirão do Piauí (PI);PI;Nordeste;6545;True
2201960;Brasileira;Brasileira (PI);PI;Nordeste;8436;False
2201988;Brejo do Piauí;Brejo do Piauí (PI);PI;Nordeste;3904;True
2202000;Buriti dos Lopes;Buriti dos Lopes (PI);PI;Nordeste;19654;True
2202026;Buriti dos Montes;Buriti dos Montes (PI);PI;Nordeste;7434;False
2202059;Cabeceiras do Piauí;Cabeceiras do Piauí (PI);PI;Nordeste;10212;True
2202075;Cajazeiras do Piauí;Cajazeiras do Piauí (PI);PI;Nordeste;3108;False
2202083;Cajueiro da Praia;Cajueiro da Praia (PI);PI;Nordeste;7957;False
2202091;Caldeirão Grande do Piauí;Caldeirão Grande do Piauí (PI);PI;Nordeste;5503;False
2202109;Campinas do Piauí;Campinas do Piauí (PI);PI;Nordeste;4938;False
2202117;Campo Alegre do Fidalgo;Campo Alegre do Fidalgo (PI);PI;Nordeste;4616;False
2202133;Campo Grande do Piauí;Campo Grande do Piauí (PI);PI;Nordeste;6020;False
2202174;Campo Largo do Piauí;Campo Largo do Piauí (PI);PI;Nordeste;7419;False
2202208;Campo Maior;Campo Maior (PI);PI;Nordeste;45793;True
2202251;Canavieira;Canavieira (PI);PI;Nordeste;3414;False
2202307;Canto do Buriti;Canto do Buriti (PI);PI;Nordeste;19365;True
2202406;Capitão de Campos;Capitão de Campos (PI);PI;Nordeste;11100;True
2202455;Capitão Gervásio Oliveira;Capitão Gervásio Oliveira (PI);PI;Nordeste;3974;False
2202505;Caracol;Caracol (PI);PI;Nordeste;10318;True
2202539;Caraúbas do Piauí;Caraúbas do Piauí (PI);PI;Nordeste;5630;False
2202554;Caridade do Piauí;Caridade do Piauí (PI);PI;Nordeste;5033;False
2202604;Castelo do Piauí;Castelo do Piauí (PI);PI;Nordeste;19288;True
2202653;Caxingó;Caxingó (PI);PI;Nordeste;5496;False
2202703;Cocal;Cocal (PI);PI;Nordeste;28212;True
2202711;Cocal de Telha;Cocal de Telha (PI);PI;Nordeste;4911;True
2202729;Cocal dos Alves;Cocal dos Alves (PI);PI;Nordeste;6386;False
2202737;Coivaras;Coivaras (PI);PI;Nordeste;4117;False
2202752;Colônia do Gurguéia;Colônia do Gurguéia (PI);PI;Nordeste;6150;True
2202778;Colônia do Piauí;Colônia do Piauí (PI);PI;Nordeste;6994;False
2202802;Conceição do Canindé;Conceição do Canindé (PI);PI;Nordeste;4932;False
2202851;Coronel José Dias;Coronel José Dias (PI);PI;Nordeste;4250;True
2202901;Corrente;Corrente (PI);PI;Nordeste;27278;True
2203008;Cristalândia do Piauí;Cristalândia do Piauí (PI);PI;Nordeste;7356;False
2203107;Cristino Castro;Cristino Castro (PI);PI;Nordeste;10503;True
2203206;Curimatá;Curimatá (PI);PI;Nordeste;11270;True
2203230;Currais;Currais (PI);PI;Nordeste;4854;True
2203255;Curralinhos;Curralinhos (PI);PI;Nordeste;4413;False
2203271;Curral Novo do Piauí;Curral Novo do Piauí (PI);PI;Nordeste;5073;False
2203305;Demerval Lobão;Demerval Lobão (PI);PI;Nordeste;16352;True
2203354;Dirceu Arcoverde;Dirceu Arcoverde (PI);PI;Nordeste;7054;False
2203404;Dom Expedito Lopes;Dom Expedito Lopes (PI);PI;Nordeste;6320;False
2203420;Domingos Mourão;Domingos Mourão (PI);PI;Nordeste;4075;False
2203453;Dom Inocêncio;Dom Inocêncio (PI);PI;Nordeste;9159;False
2203503;Elesbão Veloso;Elesbão Veloso (PI);PI;Nordeste;13607;True
2203602;Eliseu Martins;Eliseu Martins (PI);PI;Nordeste;4377;False
2203701;Esperantina;Esperantina (PI);PI;Nordeste;40970;True
2203750;Fartura do Piauí;Fartura do Piauí (PI);PI;Nordeste;5284;False
2203800;Flores do Piauí;Flores do Piauí (PI);PI;Nordeste;4414;False
2203859;Floresta do Piauí;Floresta do Piauí (PI);PI;Nordeste;2333;False
2203909;Floriano;Floriano (PI);PI;Nordeste;62036;True
2204006;Francinópolis;Francinópolis (PI);PI;Nordeste;4505;True
2204105;Francisco Ayres;Francisco Ayres (PI);PI;Nordeste;4412;False
2204154;Francisco Macedo;Francisco Macedo (PI);PI;Nordeste;2929;False
2204204;Francisco Santos;Francisco Santos (PI);PI;Nordeste;8237;False
2204303;Fronteiras;Fronteiras (PI);PI;Nordeste;10259;False
2204352;Geminiano;Geminiano (PI);PI;Nordeste;5445;False
2204402;Gilbués;Gilbués (PI);PI;Nordeste;10892;True
2204501;Guadalupe;Guadalupe (PI);PI;Nordeste;10270;True
2204550;Guaribas;Guaribas (PI);PI;Nordeste;4276;False
2204600;Hugo Napoleão;Hugo Napoleão (PI);PI;Nordeste;3518;False
2204659;Ilha Grande;Ilha Grande (PI);PI;Nordeste;9274;False
2204709;Inhuma;Inhuma (PI);PI;Nordeste;14958;True
2204808;Ipiranga do Piauí;Ipiranga do Piauí (PI);PI;Nordeste;9420;True
2204907;Isaías Coelho;Isaías Coelho (PI);PI;Nordeste;7774;False
2205003;Itainópolis;Itainópolis (PI);PI;Nordeste;10790;False
2205102;Itaueira;Itaueira (PI);PI;Nordeste;10323;True
2205151;Jacobina do Piauí;Jacobina do Piauí (PI);PI;Nordeste;5613;False
2205201;Jaicós;Jaicós (PI);PI;Nordeste;17527;True
2205250;Jardim do Mulato;Jardim do Mulato (PI);PI;Nordeste;4180;False
2205276;Jatobá do Piauí;Jatobá do Piauí (PI);PI;Nordeste;4494;True
2205300;Jerumenha;Jerumenha (PI);PI;Nordeste;4497;False
2205359;João Costa;João Costa (PI);PI;Nordeste;2970;False
2205409;Joaquim Pires;Joaquim Pires (PI);PI;Nordeste;13886;True
2205458;Joca Marques;Joca Marques (PI);PI;Nordeste;5394;True
2205508;José de Freitas;José de Freitas (PI);PI;Nordeste;42559;True
2205516;Juazeiro do Piauí;Juazeiro do Piauí (PI);PI;Nordeste;5214;False
2205524;Júlio Borges;Júlio Borges (PI);PI;Nordeste;5388;True
2205532;Jurema;Jurema (PI);PI;Nordeste;4425;False
2205540;Lagoinha do Piauí;Lagoinha do Piauí (PI);PI;Nordeste;2939;False
2205557;Lagoa Alegre;Lagoa Alegre (PI);PI;Nordeste;8256;False
2205565;Lagoa do Barro do Piauí;Lagoa do Barro do Piauí (PI);PI;Nordeste;4995;False
2205573;Lagoa de São Francisco;Lagoa de São Francisco (PI);PI;Nordeste;6331;True
2205581;Lagoa do Piauí;Lagoa do Piauí (PI);PI;Nordeste;4810;False
2205599;Lagoa do Sítio;Lagoa do Sítio (PI);PI;Nordeste;4520;True
2205607;Landri Sales;Landri Sales (PI);PI;Nordeste;5213;False
2205706;Luís Correia;Luís Correia (PI);PI;Nordeste;30641;True
2205805;Luzilândia;Luzilândia (PI);PI;Nordeste;25375;True
2205854;Madeiro;Madeiro (PI);PI;Nordeste;8032;True
2205904;Manoel Emídio;Manoel Emídio (PI);PI;Nordeste;5209;False
2205953;Marcolândia;Marcolândia (PI);PI;Nordeste;8533;False
2206001;Marcos Parente;Marcos Parente (PI);PI;Nordeste;4724;False
2206050;Massapê do Piauí;Massapê do Piauí (PI);PI;Nordeste;5218;False
2206100;Matias Olímpio;Matias Olímpio (PI);PI;Nordeste;10641;False
2206209;Miguel Alves;Miguel Alves (PI);PI;Nordeste;32150;True
2206308;Miguel Leão;Miguel Leão (PI);PI;Nordeste;1318;False
2206357;Milton Brandão;Milton Brandão (PI);PI;Nordeste;6542;False
2206407;Monsenhor Gil;Monsenhor Gil (PI);PI;Nordeste;10255;False
2206506;Monsenhor Hipólito;Monsenhor Hipólito (PI);PI;Nordeste;7577;True
2206605;Monte Alegre do Piauí;Monte Alegre do Piauí (PI);PI;Nordeste;10660;True
2206654;Morro Cabeça no Tempo;Morro Cabeça no Tempo (PI);PI;Nordeste;4377;False
2206670;Morro do Chapéu do Piauí;Morro do Chapéu do Piauí (PI);PI;Nordeste;6425;False
2206696;Murici dos Portelas;Murici dos Portelas (PI);PI;Nordeste;9797;False
2206704;Nazaré do Piauí;Nazaré do Piauí (PI);PI;Nordeste;6665;True
2206720;Nazária;Nazária (PI);PI;Nordeste;10262;False
2206753;Nossa Senhora de Nazaré;Nossa Senhora de Nazaré (PI);PI;Nordeste;5228;True
2206803;Nossa Senhora dos Remédios;Nossa Senhora dos Remédios (PI);PI;Nordeste;8525;False
2206902;Novo Oriente do Piauí;Novo Oriente do Piauí (PI);PI;Nordeste;6097;True
2206951;Novo Santo Antônio;Novo Santo Antônio (PI);PI;Nordeste;2827;False
2207009;Oeiras;Oeiras (PI);PI;Nordeste;38161;True
2207108;Olho D'Água do Piauí;Olho D'Água do Piauí (PI);PI;Nordeste;2637;False
2207207;Padre Marcos;Padre Marcos (PI);PI;Nordeste;6382;False
2207306;Paes Landim;Paes Landim (PI);PI;Nordeste;4088;False
2207355;Pajeú do Piauí;Pajeú do Piauí (PI);PI;Nordeste;3000;False
2207405;Palmeira do Piauí;Palmeira do Piauí (PI);PI;Nordeste;4952;True
2207504;Palmeirais;Palmeirais (PI);PI;Nordeste;13264;False
2207553;Paquetá;Paquetá (PI);PI;Nordeste;3813;False
2207603;Parnaguá;Parnaguá (PI);PI;Nordeste;10103;True
2207702;Parnaíba;Parnaíba (PI);PI;Nordeste;162159;True
2207751;Passagem Franca do Piauí;Passagem Franca do Piauí (PI);PI;Nordeste;4135;False
2207777;Patos do Piauí;Patos do Piauí (PI);PI;Nordeste;5425;False
2207793;Pau D'Arco do Piauí;Pau D'Arco do Piauí (PI);PI;Nordeste;3880;False
2207801;Paulistana;Paulistana (PI);PI;Nordeste;21055;True
2207850;Pavussu;Pavussu (PI);PI;Nordeste;3628;False
2207900;Pedro II;Pedro II (PI);PI;Nordeste;37894;True
2207934;Pedro Laurentino;Pedro Laurentino (PI);PI;Nordeste;2458;False
2207959;Nova Santa Rita;Nova Santa Rita (PI);PI;Nordeste;4076;False
2208007;Picos;Picos (PI);PI;Nordeste;83090;True
2208106;Pimenteiras;Pimenteiras (PI);PI;Nordeste;11341;True
2208205;Pio IX;Pio IX (PI);PI;Nordeste;17613;True
2208304;Piracuruca;Piracuruca (PI);PI;Nordeste;28846;True
2208403;Piripiri;Piripiri (PI);PI;Nordeste;65538;True
2208502;Porto;Porto (PI);PI;Nordeste;12052;True
2208551;Porto Alegre do Piauí;Porto Alegre do Piauí (PI);PI;Nordeste;2364;False
2208601;Prata do Piauí;Prata do Piauí (PI);PI;Nordeste;3042;False
2208650;Queimada Nova;Queimada Nova (PI);PI;Nordeste;8738;False
2208700;Redenção do Gurguéia;Redenção do Gurguéia (PI);PI;Nordeste;8394;True
2208809;Regeneração;Regeneração (PI);PI;Nordeste;17133;True
2208858;Riacho Frio;Riacho Frio (PI);PI;Nordeste;4165;False
2208874;Ribeira do Piauí;Ribeira do Piauí (PI);PI;Nordeste;4055;False
2208908;Ribeiro Gonçalves;Ribeiro Gonçalves (PI);PI;Nordeste;6164;True
2209005;Rio Grande do Piauí;Rio Grande do Piauí (PI);PI;Nordeste;5801;False
2209104;Santa Cruz do Piauí;Santa Cruz do Piauí (PI);PI;Nordeste;5831;False
2209153;Santa Cruz dos Milagres;Santa Cruz dos Milagres (PI);PI;Nordeste;3435;False
2209203;Santa Filomena;Santa Filomena (PI);PI;Nordeste;6087;False
2209302;Santa Luz;Santa Luz (PI);PI;Nordeste;5336;True
2209351;Santana do Piauí;Santana do Piauí (PI);PI;Nordeste;4125;False
2209377;Santa Rosa do Piauí;Santa Rosa do Piauí (PI);PI;Nordeste;4650;False
2209401;Santo Antônio de Lisboa;Santo Antônio de Lisboa (PI);PI;Nordeste;5839;False
2209450;Santo Antônio dos Milagres;Santo Antônio dos Milagres (PI);PI;Nordeste;2138;False
2209500;Santo Inácio do Piauí;Santo Inácio do Piauí (PI);PI;Nordeste;3646;False
2209559;São Braz do Piauí;São Braz do Piauí (PI);PI;Nordeste;4358;True
2209609;São Félix do Piauí;São Félix do Piauí (PI);PI;Nordeste;2842;False
2209658;São Francisco de Assis do Piauí;São Francisco de Assis do Piauí (PI);PI;Nordeste;5572;False
2209708;São Francisco do Piauí;São Francisco do Piauí (PI);PI;Nordeste;5392;False
2209757;São Gonçalo do Gurguéia;São Gonçalo do Gurguéia (PI);PI;Nordeste;2947;True
2209807;São Gonçalo do Piauí;São Gonçalo do Piauí (PI);PI;Nordeste;4837;False
2209856;São João da Canabrava;São João da Canabrava (PI);PI;Nordeste;4242;False
2209872;São João da Fronteira;São João da Fronteira (PI);PI;Nordeste;5522;False
2209906;São João da Serra;São João da Serra (PI);PI;Nordeste;6114;False
2209955;São João da Varjota;São João da Varjota (PI);PI;Nordeste;4383;False
2209971;São João do Arraial;São João do Arraial (PI);PI;Nordeste;8186;True
2210003;São João do Piauí;São João do Piauí (PI);PI;Nordeste;21421;True
2210052;São José do Divino;São José do Divino (PI);PI;Nordeste;4841;False
2210102;São José do Peixe;São José do Peixe (PI);PI;Nordeste;3297;False
2210201;São José do Piauí;São José do Piauí (PI);PI;Nordeste;6597;False
2210300;São Julião;São Julião (PI);PI;Nordeste;6025;False
2210359;São Lourenço do Piauí;São Lourenço do Piauí (PI);PI;Nordeste;4410;True
2210375;São Luis do Piauí;São Luis do Piauí (PI);PI;Nordeste;2309;False
2210383;São Miguel da Baixa Grande;São Miguel da Baixa Grande (PI);PI;Nordeste;2269;False
2210391;São Miguel do Fidalgo;São Miguel do Fidalgo (PI);PI;Nordeste;2829;False
2210409;São Miguel do Tapuio;São Miguel do Tapuio (PI);PI;Nordeste;17554;True
2210508;São Pedro do Piauí;São Pedro do Piauí (PI);PI;Nordeste;13755;False
2210607;São Raimundo Nonato;São Raimundo Nonato (PI);PI;Nordeste;38934;True
2210623;Sebastião Barros;Sebastião Barros (PI);PI;Nordeste;3202;False
2210631;Sebastião Leal;Sebastião Leal (PI);PI;Nordeste;4446;False
2210656;Sigefredo Pacheco;Sigefredo Pacheco (PI);PI;Nordeste;9460;True
2210706;Simões;Simões (PI);PI;Nordeste;14350;True
2210805;Simplício Mendes;Simplício Mendes (PI);PI;Nordeste;13870;False
2210904;Socorro do Piauí;Socorro do Piauí (PI);PI;Nordeste;4141;False
2210938;Sussuapara;Sussuapara (PI);PI;Nordeste;6220;False
2210953;Tamboril do Piauí;Tamboril do Piauí (PI);PI;Nordeste;2949;False
2210979;Tanque do Piauí;Tanque do Piauí (PI);PI;Nordeste;2316;False
2211001;Teresina;Teresina (PI);PI;Nordeste;866300;True
2211100;União;União (PI);PI;Nordeste;46119;True
2211209;Uruçuí;Uruçuí (PI);PI;Nordeste;25203;True
2211308;Valença do Piauí;Valença do Piauí (PI);PI;Nordeste;22279;True
2211357;Várzea Branca;Várzea Branca (PI);PI;Nordeste;5055;True
2211407;Várzea Grande;Várzea Grande (PI);PI;Nordeste;4417;False
2211506;Vera Mendes;Vera Mendes (PI);PI;Nordeste;3185;False
2211605;Vila Nova do Piauí;Vila Nova do Piauí (PI);PI;Nordeste;2935;False
2211704;Wall Ferraz;Wall Ferraz (PI);PI;Nordeste;4059;False
2300101;Abaiara;Abaiara (CE);CE;Nordeste;10038;True
2300150;Acarape;Acarape (CE);CE;Nordeste;14027;True
2300200;Acaraú;Acaraú (CE);CE;Nordeste;65264;True
2300309;Acopiara;Acopiara (CE);CE;Nordeste;44962;True
2300408;Aiuaba;Aiuaba (CE);CE;Nordeste;14076;True
2300507;Alcântaras;Alcântaras (CE);CE;Nordeste;11369;False
2300606;Altaneira;Altaneira (CE);CE;Nordeste;6782;True
2300705;Alto Santo;Alto Santo (CE);CE;Nordeste;14155;True
2300754;Amontada;Amontada (CE);CE;Nordeste;42156;True
2300804;Antonina do Norte;Antonina do Norte (CE);CE;Nordeste;7245;False
2300903;Apuiarés;Apuiarés (CE);CE;Nordeste;12928;True
2301000;Aquiraz;Aquiraz (CE);CE;Nordeste;80645;True
2301109;Aracati;Aracati (CE);CE;Nordeste;75113;True
2301208;Aracoiaba;Aracoiaba (CE);CE;Nordeste;25553;True
2301257;Ararendá;Ararendá (CE);CE;Nordeste;11096;True
2301307;Araripe;Araripe (CE);CE;Nordeste;19783;True
2301406;Aratuba;Aratuba (CE);CE;Nordeste;11224;True
2301505;Arneiroz;Arneiroz (CE);CE;Nordeste;7429;True
2301604;Assaré;Assaré (CE);CE;Nordeste;21697;True
2301703;Aurora;Aurora (CE);CE;Nordeste;23714;True
2301802;Baixio;Baixio (CE);CE;Nordeste;5704;True
2301851;Banabuiú;Banabuiú (CE);CE;Nordeste;17195;False
2301901;Barbalha;Barbalha (CE);CE;Nordeste;75033;True
2301950;Barreira;Barreira (CE);CE;Nordeste;22392;True
2302008;Barro;Barro (CE);CE;Nordeste;19381;True
2302057;Barroquinha;Barroquinha (CE);CE;Nordeste;14567;True
2302107;Baturité;Baturité (CE);CE;Nordeste;35218;True
2302206;Beberibe;Beberibe (CE);CE;Nordeste;53114;True
2302305;Bela Cruz;Bela Cruz (CE);CE;Nordeste;32775;True
2302404;Boa Viagem;Boa Viagem (CE);CE;Nordeste;50411;True
2302503;Brejo Santo;Brejo Santo (CE);CE;Nordeste;51090;True
2302602;Camocim;Camocim (CE);CE;Nordeste;62326;True
2302701;Campos Sales;Campos Sales (CE);CE;Nordeste;25135;True
2302800;Canindé;Canindé (CE);CE;Nordeste;74174;True
2302909;Capistrano;Capistrano (CE);CE;Nordeste;17254;True
2303006;Caridade;Caridade (CE);CE;Nordeste;16377;True
2303105;Cariré;Cariré (CE);CE;Nordeste;17632;True
2303204;Caririaçu;Caririaçu (CE);CE;Nordeste;26320;True
2303303;Cariús;Cariús (CE);CE;Nordeste;17015;True
2303402;Carnaubal;Carnaubal (CE);CE;Nordeste;17210;True
2303501;Cascavel;Cascavel (CE);CE;Nordeste;72720;True
2303600;Catarina;Catarina (CE);CE;Nordeste;10243;False
2303659;Catunda;Catunda (CE);CE;Nordeste;10444;True
2303709;Caucaia;Caucaia (CE);CE;Nordeste;355679;True
2303808;Cedro;Cedro (CE);CE;Nordeste;22344;True
2303907;Chaval;Chaval (CE);CE;Nordeste;12462;True
2303931;Choró;Choró (CE);CE;Nordeste;12113;True
2303956;Chorozinho;Chorozinho (CE);CE;Nordeste;20163;True
2304004;Coreaú;Coreaú (CE);CE;Nordeste;20953;True
2304103;Crateús;Crateús (CE);CE;Nordeste;76390;True
2304202;Crato;Crato (CE);CE;Nordeste;131050;True
2304236;Croatá;Croatá (CE);CE;Nordeste;17481;True
2304251;Cruz;Cruz (CE);CE;Nordeste;29761;True
2304269;Deputado Irapuan Pinheiro;Deputado Irapuan Pinheiro (CE);CE;Nordeste;8932;True
2304277;Ereré;Ereré (CE);CE;Nordeste;6474;False
2304285;Eusébio;Eusébio (CE);CE;Nordeste;74170;True
2304301;Farias Brito;Farias Brito (CE);CE;Nordeste;18217;True
2304350;Forquilha;Forquilha (CE);CE;Nordeste;24173;True
2304400;Fortaleza;Fortaleza (CE);CE;Nordeste;2428708;True
2304459;Fortim;Fortim (CE);CE;Nordeste;17294;True
2304509;Frecheirinha;Frecheirinha (CE);CE;Nordeste;15657;True
2304608;General Sampaio;General Sampaio (CE);CE;Nordeste;6734;False
2304657;Graça;Graça (CE);CE;Nordeste;13801;True
2304707;Granja;Granja (CE);CE;Nordeste;53344;True
2304806;Granjeiro;Granjeiro (CE);CE;Nordeste;4841;False
2304905;Groaíras;Groaíras (CE);CE;Nordeste;10910;True
2304954;Guaiúba;Guaiúba (CE);CE;Nordeste;24325;True
2305001;Guaraciaba do Norte;Guaraciaba do Norte (CE);CE;Nordeste;42053;True
2305100;Guaramiranga;Guaramiranga (CE);CE;Nordeste;5654;True
2305209;Hidrolândia;Hidrolândia (CE);CE;Nordeste;17855;True
2305233;Horizonte;Horizonte (CE);CE;Nordeste;74755;True
2305266;Ibaretama;Ibaretama (CE);CE;Nordeste;11956;True
2305308;Ibiapina;Ibiapina (CE);CE;Nordeste;23965;True
2305332;Ibicuitinga;Ibicuitinga (CE);CE;Nordeste;11611;True
2305357;Icapuí;Icapuí (CE);CE;Nordeste;21433;True
2305407;Icó;Icó (CE);CE;Nordeste;62642;True
2305506;Iguatu;Iguatu (CE);CE;Nordeste;98064;True
2305605;Independência;Independência (CE);CE;Nordeste;24024;True
2305654;Ipaporanga;Ipaporanga (CE);CE;Nordeste;11575;True
2305704;Ipaumirim;Ipaumirim (CE);CE;Nordeste;12083;False
2305803;Ipu;Ipu (CE);CE;Nordeste;41081;True
2305902;Ipueiras;Ipueiras (CE);CE;Nordeste;36798;True
2306009;Iracema;Iracema (CE);CE;Nordeste;14001;True
2306108;Irauçuba;Irauçuba (CE);CE;Nordeste;23915;True
2306207;Itaiçaba;Itaiçaba (CE);CE;Nordeste;7536;False
2306256;Itaitinga;Itaitinga (CE);CE;Nordeste;64650;True
2306306;Itapajé;Itapajé (CE);CE;Nordeste;46426;True
2306405;Itapipoca;Itapipoca (CE);CE;Nordeste;131123;True
2306504;Itapiúna;Itapiúna (CE);CE;Nordeste;17841;True
2306553;Itarema;Itarema (CE);CE;Nordeste;42957;True
2306603;Itatira;Itatira (CE);CE;Nordeste;20424;True
2306702;Jaguaretama;Jaguaretama (CE);CE;Nordeste;17232;False
2306801;Jaguaribara;Jaguaribara (CE);CE;Nordeste;10356;False
2306900;Jaguaribe;Jaguaribe (CE);CE;Nordeste;33726;True
2307007;Jaguaruana;Jaguaruana (CE);CE;Nordeste;31701;True
2307106;Jardim;Jardim (CE);CE;Nordeste;27411;True
2307205;Jati;Jati (CE);CE;Nordeste;7861;True
2307254;Jijoca de Jericoacoara;Jijoca de Jericoacoara (CE);CE;Nordeste;25555;True
2307304;Juazeiro do Norte;Juazeiro do Norte (CE);CE;Nordeste;286120;True
2307403;Jucás;Jucás (CE);CE;Nordeste;23922;True
2307502;Lavras da Mangabeira;Lavras da Mangabeira (CE);CE;Nordeste;30802;True
2307601;Limoeiro do Norte;Limoeiro do Norte (CE);CE;Nordeste;59560;True
2307635;Madalena;Madalena (CE);CE;Nordeste;16896;True
2307650;Maracanaú;Maracanaú (CE);CE;Nordeste;234509;True
2307700;Maranguape;Maranguape (CE);CE;Nordeste;105093;True
2307809;Marco;Marco (CE);CE;Nordeste;25799;True
2307908;Martinópole;Martinópole (CE);CE;Nordeste;10846;False
2308005;Massapê;Massapê (CE);CE;Nordeste;37697;True
2308104;Mauriti;Mauriti (CE);CE;Nordeste;45561;True
2308203;Meruoca;Meruoca (CE);CE;Nordeste;15157;False
2308302;Milagres;Milagres (CE);CE;Nordeste;25900;True
2308351;Milhã;Milhã (CE);CE;Nordeste;14123;False
2308377;Miraíma;Miraíma (CE);CE;Nordeste;14196;False
2308401;Missão Velha;Missão Velha (CE);CE;Nordeste;36822;True
2308500;Mombaça;Mombaça (CE);CE;Nordeste;37735;True
2308609;Monsenhor Tabosa;Monsenhor Tabosa (CE);CE;Nordeste;17149;True
2308708;Morada Nova;Morada Nova (CE);CE;Nordeste;61443;True
2308807;Moraújo;Moraújo (CE);CE;Nordeste;8254;False
2308906;Morrinhos;Morrinhos (CE);CE;Nordeste;22753;False
2309003;Mucambo;Mucambo (CE);CE;Nordeste;13666;True
2309102;Mulungu;Mulungu (CE);CE;Nordeste;10569;True
2309201;Nova Olinda;Nova Olinda (CE);CE;Nordeste;15399;True
2309300;Nova Russas;Nova Russas (CE);CE;Nordeste;30699;True
2309409;Novo Oriente;Novo Oriente (CE);CE;Nordeste;27545;True
2309458;Ocara;Ocara (CE);CE;Nordeste;24493;True
2309508;Orós;Orós (CE);CE;Nordeste;19675;True
2309607;Pacajus;Pacajus (CE);CE;Nordeste;70983;True
2309706;Pacatuba;Pacatuba (CE);CE;Nordeste;81524;True
2309805;Pacoti;Pacoti (CE);CE;Nordeste;11186;True
2309904;Pacujá;Pacujá (CE);CE;Nordeste;6175;False
2310001;Palhano;Palhano (CE);CE;Nordeste;9346;True
2310100;Palmácia;Palmácia (CE);CE;Nordeste;10242;False
2310209;Paracuru;Paracuru (CE);CE;Nordeste;38980;True
2310258;Paraipaba;Paraipaba (CE);CE;Nordeste;32216;False
2310308;Parambu;Parambu (CE);CE;Nordeste;31445;True
2310407;Paramoti;Paramoti (CE);CE;Nordeste;10384;True
2310506;Pedra Branca;Pedra Branca (CE);CE;Nordeste;40187;True
2310605;Penaforte;Penaforte (CE);CE;Nordeste;8972;False
2310704;Pentecoste;Pentecoste (CE);CE;Nordeste;37813;True
2310803;Pereiro;Pereiro (CE);CE;Nordeste;15274;True
2310852;Pindoretama;Pindoretama (CE);CE;Nordeste;23391;True
2310902;Piquet Carneiro;Piquet Carneiro (CE);CE;Nordeste;16616;True
2310951;Pires Ferreira;Pires Ferreira (CE);CE;Nordeste;10606;False
2311009;Poranga;Poranga (CE);CE;Nordeste;12065;True
2311108;Porteiras;Porteiras (CE);CE;Nordeste;17050;True
2311207;Potengi;Potengi (CE);CE;Nordeste;8833;False
2311231;Potiretama;Potiretama (CE);CE;Nordeste;5974;False
2311264;Quiterianópolis;Quiterianópolis (CE);CE;Nordeste;20213;True
2311306;Quixadá;Quixadá (CE);CE;Nordeste;84168;True
2311355;Quixelô;Quixelô (CE);CE;Nordeste;15910;True
2311405;Quixeramobim;Quixeramobim (CE);CE;Nordeste;82177;True
2311504;Quixeré;Quixeré (CE);CE;Nordeste;20874;True
2311603;Redenção;Redenção (CE);CE;Nordeste;27214;True
2311702;Reriutaba;Reriutaba (CE);CE;Nordeste;18606;False
2311801;Russas;Russas (CE);CE;Nordeste;72928;True
2311900;Saboeiro;Saboeiro (CE);CE;Nordeste;13854;True
2311959;Salitre;Salitre (CE);CE;Nordeste;16633;True
2312007;Santana do Acaraú;Santana do Acaraú (CE);CE;Nordeste;30628;True
2312106;Santana do Cariri;Santana do Cariri (CE);CE;Nordeste;16954;True
2312205;Santa Quitéria;Santa Quitéria (CE);CE;Nordeste;40183;True
2312304;São Benedito;São Benedito (CE);CE;Nordeste;47640;True
2312403;São Gonçalo do Amarante;São Gonçalo do Amarante (CE);CE;Nordeste;54143;True
2312502;São João do Jaguaribe;São João do Jaguaribe (CE);CE;Nordeste;5855;False
2312601;São Luís do Curu;São Luís do Curu (CE);CE;Nordeste;10822;True
2312700;Senador Pompeu;Senador Pompeu (CE);CE;Nordeste;24266;True
2312809;Senador Sá;Senador Sá (CE);CE;Nordeste;7262;False
2312908;Sobral;Sobral (CE);CE;Nordeste;203023;True
2313005;Solonópole;Solonópole (CE);CE;Nordeste;18179;True
2313104;Tabuleiro do Norte;Tabuleiro do Norte (CE);CE;Nordeste;30652;True
2313203;Tamboril;Tamboril (CE);CE;Nordeste;24815;True
2313252;Tarrafas;Tarrafas (CE);CE;Nordeste;7529;True
2313302;Tauá;Tauá (CE);CE;Nordeste;61227;True
2313351;Tejuçuoca;Tejuçuoca (CE);CE;Nordeste;17154;False
2313401;Tianguá;Tianguá (CE);CE;Nordeste;81506;True
2313500;Trairi;Trairi (CE);CE;Nordeste;58415;True
2313559;Tururu;Tururu (CE);CE;Nordeste;15412;True
2313609;Ubajara;Ubajara (CE);CE;Nordeste;32767;True
2313708;Umari;Umari (CE);CE;Nordeste;6871;True
2313757;Umirim;Umirim (CE);CE;Nordeste;17470;True
2313807;Uruburetama;Uruburetama (CE);CE;Nordeste;20189;True
2313906;Uruoca;Uruoca (CE);CE;Nordeste;13746;False
2313955;Varjota;Varjota (CE);CE;Nordeste;18105;True
2314003;Várzea Alegre;Várzea Alegre (CE);CE;Nordeste;38984;True
2314102;Viçosa do Ceará;Viçosa do Ceará (CE);CE;Nordeste;59712;True
2400109;Acari;Acari (RN);RN;Nordeste;10597;True
2400208;Assú;Assú (RN);RN;Nordeste;56496;True
2400307;Afonso Bezerra;Afonso Bezerra (RN);RN;Nordeste;10839;False
2400406;Água Nova;Água Nova (RN);RN;Nordeste;2946;False
2400505;Alexandria;Alexandria (RN);RN;Nordeste;13640;True
2400604;Almino Afonso;Almino Afonso (RN);RN;Nordeste;4687;True
2400703;Alto do Rodrigues;Alto do Rodrigues (RN);RN;Nordeste;12484;True
2400802;Angicos;Angicos (RN);RN;Nordeste;11632;True
2400901;Antônio Martins;Antônio Martins (RN);RN;Nordeste;6577;False
2401008;Apodi;Apodi (RN);RN;Nordeste;36093;True
2401107;Areia Branca;Areia Branca (RN);RN;Nordeste;24093;True
2401206;Arez;Arez (RN);RN;Nordeste;13251;True
2401305;Campo Grande;Campo Grande (RN);RN;Nordeste;9730;False
2401404;Baía Formosa;Baía Formosa (RN);RN;Nordeste;8825;False
2401453;Baraúna;Baraúna (RN);RN;Nordeste;26913;True
2401503;Barcelona;Barcelona (RN);RN;Nordeste;3986;False
2401602;Bento Fernandes;Bento Fernandes (RN);RN;Nordeste;4807;False
2401651;Bodó;Bodó (RN);RN;Nordeste;2306;False
2401701;Bom Jesus;Bom Jesus (RN);RN;Nordeste;9952;True
2401800;Brejinho;Brejinho (RN);RN;Nordeste;12202;True
2401859;Caiçara do Norte;Caiçara do Norte (RN);RN;Nordeste;6293;False
2401909;Caiçara do Rio do Vento;Caiçara do Rio do Vento (RN);RN;Nordeste;3268;False
2402006;Caicó;Caicó (RN);RN;Nordeste;61146;True
2402105;Campo Redondo;Campo Redondo (RN);RN;Nordeste;10215;True
2402204;Canguaretama;Canguaretama (RN);RN;Nordeste;29668;True
2402303;Caraúbas;Caraúbas (RN);RN;Nordeste;19727;True
2402402;Carnaúba dos Dantas;Carnaúba dos Dantas (RN);RN;Nordeste;7992;False
2402501;Carnaubais;Carnaubais (RN);RN;Nordeste;9714;True
2402600;Ceará-Mirim;Ceará-Mirim (RN);RN;Nordeste;79115;True
2402709;Cerro Corá;Cerro Corá (RN);RN;Nordeste;11000;True
2402808;Coronel Ezequiel;Coronel Ezequiel (RN);RN;Nordeste;5117;False
2402907;Coronel João Pessoa;Coronel João Pessoa (RN);RN;Nordeste;4237;False
2403004;Cruzeta;Cruzeta (RN);RN;Nordeste;8005;False
2403103;Currais Novos;Currais Novos (RN);RN;Nordeste;41313;True
2403202;Doutor Severiano;Doutor Severiano (RN);RN;Nordeste;7044;False
2403251;Parnamirim;Parnamirim (RN);RN;Nordeste;252716;True
2403301;Encanto;Encanto (RN);RN;Nordeste;6016;False
2403400;Equador;Equador (RN);RN;Nordeste;5360;False
2403509;Espírito Santo;Espírito Santo (RN);RN;Nordeste;10620;False
2403608;Extremoz;Extremoz (RN);RN;Nordeste;61635;True
2403707;Felipe Guerra;Felipe Guerra (RN);RN;Nordeste;5944;False
2403756;Fernando Pedroza;Fernando Pedroza (RN);RN;Nordeste;2938;False
2403806;Florânia;Florânia (RN);RN;Nordeste;10196;False
2403905;Francisco Dantas;Francisco Dantas (RN);RN;Nordeste;2700;False
2404002;Frutuoso Gomes;Frutuoso Gomes (RN);RN;Nordeste;4122;False
2404101;Galinhos;Galinhos (RN);RN;Nordeste;2104;False
2404200;Goianinha;Goianinha (RN);RN;Nordeste;26741;True
2404309;Governador Dix-Sept Rosado;Governador Dix-Sept Rosado (RN);RN;Nordeste;11938;False
2404408;Grossos;Grossos (RN);RN;Nordeste;9924;True
2404507;Guamaré;Guamaré (RN);RN;Nordeste;15295;True
2404606;Ielmo Marinho;Ielmo Marinho (RN);RN;Nordeste;11615;False
2404705;Ipanguaçu;Ipanguaçu (RN);RN;Nordeste;14131;False
2404804;Ipueira;Ipueira (RN);RN;Nordeste;2035;False
2404853;Itajá;Itajá (RN);RN;Nordeste;7292;False
2404903;Itaú;Itaú (RN);RN;Nordeste;5320;False
2405009;Jaçanã;Jaçanã (RN);RN;Nordeste;7834;True
2405108;Jandaíra;Jandaíra (RN);RN;Nordeste;6562;True
2405207;Janduís;Janduís (RN);RN;Nordeste;4746;True
2405306;Januário Cicco;Januário Cicco (RN);RN;Nordeste;9051;False
2405405;Japi;Japi (RN);RN;Nordeste;5117;False
2405504;Jardim de Angicos;Jardim de Angicos (RN);RN;Nordeste;2437;False
2405603;Jardim de Piranhas;Jardim de Piranhas (RN);RN;Nordeste;13977;True
2405702;Jardim do Seridó;Jardim do Seridó (RN);RN;Nordeste;11655;True
2405801;João Câmara;João Câmara (RN);RN;Nordeste;33290;True
2405900;João Dias;João Dias (RN);RN;Nordeste;2076;False
2406007;José da Penha;José da Penha (RN);RN;Nordeste;5803;False
2406106;Jucurutu;Jucurutu (RN);RN;Nordeste;17793;True
2406155;Jundiá;Jundiá (RN);RN;Nordeste;3739;False
2406205;Lagoa d'Anta;Lagoa d'Anta (RN);RN;Nordeste;6654;False
2406304;Lagoa de Pedras;Lagoa de Pedras (RN);RN;Nordeste;7338;False
2406403;Lagoa de Velhos;Lagoa de Velhos (RN);RN;Nordeste;2567;False
2406502;Lagoa Nova;Lagoa Nova (RN);RN;Nordeste;15573;True
2406601;Lagoa Salgada;Lagoa Salgada (RN);RN;Nordeste;8319;False
2406700;Lajes;Lajes (RN);RN;Nordeste;9866;True
2406809;Lajes Pintadas;Lajes Pintadas (RN);RN;Nordeste;4787;False
2406908;Lucrécia;Lucrécia (RN);RN;Nordeste;3490;False
2407005;Luís Gomes;Luís Gomes (RN);RN;Nordeste;9070;False
2407104;Macaíba;Macaíba (RN);RN;Nordeste;82249;True
2407203;Macau;Macau (RN);RN;Nordeste;27369;True
2407252;Major Sales;Major Sales (RN);RN;Nordeste;3924;False
2407302;Marcelino Vieira;Marcelino Vieira (RN);RN;Nordeste;7896;True
2407401;Martins;Martins (RN);RN;Nordeste;8179;False
2407500;Maxaranguape;Maxaranguape (RN);RN;Nordeste;10255;True
2407609;Messias Targino;Messias Targino (RN);RN;Nordeste;4274;False
2407708;Montanhas;Montanhas (RN);RN;Nordeste;11444;True
2407807;Monte Alegre;Monte Alegre (RN);RN;Nordeste;23031;True
2407906;Monte das Gameleiras;Monte das Gameleiras (RN);RN;Nordeste;2276;False
2408003;Mossoró;Mossoró (RN);RN;Nordeste;264577;True
2408102;Natal;Natal (RN);RN;Nordeste;751300;True
2408201;Nísia Floresta;Nísia Floresta (RN);RN;Nordeste;31942;True
2408300;Nova Cruz;Nova Cruz (RN);RN;Nordeste;34269;True
2408409;Olho d'Água do Borges;Olho d'Água do Borges (RN);RN;Nordeste;3905;False
2408508;Ouro Branco;Ouro Branco (RN);RN;Nordeste;4913;False
2408607;Paraná;Paraná (RN);RN;Nordeste;3934;False
2408706;Paraú;Paraú (RN);RN;Nordeste;3579;False
2408805;Parazinho;Parazinho (RN);RN;Nordeste;4801;False
2408904;Parelhas;Parelhas (RN);RN;Nordeste;21499;True
2408953;Rio do Fogo;Rio do Fogo (RN);RN;Nordeste;10351;False
2409100;Passa e Fica;Passa e Fica (RN);RN;Nordeste;10896;False
2409209;Passagem;Passagem (RN);RN;Nordeste;3115;False
2409308;Patu;Patu (RN);RN;Nordeste;11007;True
2409332;Santa Maria;Santa Maria (RN);RN;Nordeste;4847;False
2409407;Pau dos Ferros;Pau dos Ferros (RN);RN;Nordeste;30479;True
2409506;Pedra Grande;Pedra Grande (RN);RN;Nordeste;3618;False
2409605;Pedra Preta;Pedra Preta (RN);RN;Nordeste;2441;False
2409704;Pedro Avelino;Pedro Avelino (RN);RN;Nordeste;6242;False
2409803;Pedro Velho;Pedro Velho (RN);RN;Nordeste;13824;False
2409902;Pendências;Pendências (RN);RN;Nordeste;12278;True
2410009;Pilões;Pilões (RN);RN;Nordeste;2965;False
2410108;Poço Branco;Poço Branco (RN);RN;Nordeste;12390;True
2410207;Portalegre;Portalegre (RN);RN;Nordeste;7601;False
2410256;Porto do Mangue;Porto do Mangue (RN);RN;Nordeste;5228;False
2410306;Serra Caiada;Serra Caiada (RN);RN;Nordeste;10125;False
2410405;Pureza;Pureza (RN);RN;Nordeste;9362;False
2410504;Rafael Fernandes;Rafael Fernandes (RN);RN;Nordeste;5432;False
2410603;Rafael Godeiro;Rafael Godeiro (RN);RN;Nordeste;2934;True
2410702;Riacho da Cruz;Riacho da Cruz (RN);RN;Nordeste;2701;False
2410801;Riacho de Santana;Riacho de Santana (RN);RN;Nordeste;4127;False
2410900;Riachuelo;Riachuelo (RN);RN;Nordeste;7389;False
2411007;Rodolfo Fernandes;Rodolfo Fernandes (RN);RN;Nordeste;4242;False
2411056;Tibau;Tibau (RN);RN;Nordeste;5382;False
2411106;Ruy Barbosa;Ruy Barbosa (RN);RN;Nordeste;3206;False
2411205;Santa Cruz;Santa Cruz (RN);RN;Nordeste;37313;True
2411403;Santana do Matos;Santana do Matos (RN);RN;Nordeste;12456;True
2411429;Santana do Seridó;Santana do Seridó (RN);RN;Nordeste;2696;False
2411502;Santo Antônio;Santo Antônio (RN);RN;Nordeste;22177;True
2411601;São Bento do Norte;São Bento do Norte (RN);RN;Nordeste;3304;False
2411700;São Bento do Trairí;São Bento do Trairí (RN);RN;Nordeste;3792;False
2411809;São Fernando;São Fernando (RN);RN;Nordeste;3492;False
2411908;São Francisco do Oeste;São Francisco do Oeste (RN);RN;Nordeste;4161;False
2412005;São Gonçalo do Amarante;São Gonçalo do Amarante (RN);RN;Nordeste;115838;True
2412104;São João do Sabugi;São João do Sabugi (RN);RN;Nordeste;5956;False
2412203;São José de Mipibu;São José de Mipibu (RN);RN;Nordeste;47286;True
2412302;São José do Campestre;São José do Campestre (RN);RN;Nordeste;11121;True
2412401;São José do Seridó;São José do Seridó (RN);RN;Nordeste;4558;False
2412500;São Miguel;São Miguel (RN);RN;Nordeste;23537;True
2412559;São Miguel do Gostoso;São Miguel do Gostoso (RN);RN;Nordeste;10221;True
2412609;São Paulo do Potengi;São Paulo do Potengi (RN);RN;Nordeste;16786;True
2412708;São Pedro;São Pedro (RN);RN;Nordeste;5776;False
2412807;São Rafael;São Rafael (RN);RN;Nordeste;7711;False
2412906;São Tomé;São Tomé (RN);RN;Nordeste;9972;False
2413003;São Vicente;São Vicente (RN);RN;Nordeste;6310;True
2413102;Senador Elói de Souza;Senador Elói de Souza (RN);RN;Nordeste;5965;True
2413201;Senador Georgino Avelino;Senador Georgino Avelino (RN);RN;Nordeste;4065;False
2413300;Serra de São Bento;Serra de São Bento (RN);RN;Nordeste;5703;True
2413359;Serra do Mel;Serra do Mel (RN);RN;Nordeste;13091;True
2413409;Serra Negra do Norte;Serra Negra do Norte (RN);RN;Nordeste;7597;False
2413508;Serrinha;Serrinha (RN);RN;Nordeste;6436;True
2413557;Serrinha dos Pintos;Serrinha dos Pintos (RN);RN;Nordeste;4659;False
2413607;Severiano Melo;Severiano Melo (RN);RN;Nordeste;5487;True
2413706;Sítio Novo;Sítio Novo (RN);RN;Nordeste;4654;False
2413805;Taboleiro Grande;Taboleiro Grande (RN);RN;Nordeste;2338;False
2413904;Taipu;Taipu (RN);RN;Nordeste;11422;True
2414001;Tangará;Tangará (RN);RN;Nordeste;13281;False
2414100;Tenente Ananias;Tenente Ananias (RN);RN;Nordeste;10262;False
2414159;Tenente Laurentino Cruz;Tenente Laurentino Cruz (RN);RN;Nordeste;5891;False
2414209;Tibau do Sul;Tibau do Sul (RN);RN;Nordeste;16929;False
2414308;Timbaúba dos Batistas;Timbaúba dos Batistas (RN);RN;Nordeste;2348;False
2414407;Touros;Touros (RN);RN;Nordeste;33035;True
2414456;Triunfo Potiguar;Triunfo Potiguar (RN);RN;Nordeste;3376;False
2414506;Umarizal;Umarizal (RN);RN;Nordeste;10078;True
2414605;Upanema;Upanema (RN);RN;Nordeste;13577;False
2414704;Várzea;Várzea (RN);RN;Nordeste;5233;True
2414753;Venha-Ver;Venha-Ver (RN);RN;Nordeste;3014;False
2414803;Vera Cruz;Vera Cruz (RN);RN;Nordeste;10735;True
2414902;Viçosa;Viçosa (RN);RN;Nordeste;1822;False
2415008;Vila Flor;Vila Flor (RN);RN;Nordeste;3174;False
2500106;Água Branca;Água Branca (PB);PB;Nordeste;9335;True
2500205;Aguiar;Aguiar (PB);PB;Nordeste;5003;False
2500304;Alagoa Grande;Alagoa Grande (PB);PB;Nordeste;26062;True
2500403;Alagoa Nova;Alagoa Nova (PB);PB;Nordeste;21013;True
2500502;Alagoinha;Alagoinha (PB);PB;Nordeste;13725;False
2500536;Alcantil;Alcantil (PB);PB;Nordeste;5578;True
2500577;Algodão de Jandaíra;Algodão de Jandaíra (PB);PB;Nordeste;2953;False
2500601;Alhandra;Alhandra (PB);PB;Nordeste;21730;True
2500700;São João do Rio do Peixe;São João do Rio do Peixe (PB);PB;Nordeste;17964;True
2500734;Amparo;Amparo (PB);PB;Nordeste;2234;False
2500775;Aparecida;Aparecida (PB);PB;Nordeste;7960;False
2500809;Araçagi;Araçagi (PB);PB;Nordeste;16646;False
2500908;Arara;Arara (PB);PB;Nordeste;12212;False
2501005;Araruna;Araruna (PB);PB;Nordeste;17189;True
2501104;Areia;Areia (PB);PB;Nordeste;22633;True
2501153;Areia de Baraúnas;Areia de Baraúnas (PB);PB;Nordeste;2005;False
2501203;Areial;Areial (PB);PB;Nordeste;7128;False
2501302;Aroeiras;Aroeiras (PB);PB;Nordeste;18705;True
2501351;Assunção;Assunção (PB);PB;Nordeste;4152;False
2501401;Baía da Traição;Baía da Traição (PB);PB;Nordeste;9224;True
2501500;Bananeiras;Bananeiras (PB);PB;Nordeste;23134;True
2501534;Baraúna;Baraúna (PB);PB;Nordeste;4762;True
2501575;Barra de Santana;Barra de Santana (PB);PB;Nordeste;8059;False
2501609;Barra de Santa Rosa;Barra de Santa Rosa (PB);PB;Nordeste;12904;True
2501708;Barra de São Miguel;Barra de São Miguel (PB);PB;Nordeste;5906;True
2501807;Bayeux;Bayeux (PB);PB;Nordeste;82742;True
2501906;Belém;Belém (PB);PB;Nordeste;16401;False
2502003;Belém do Brejo do Cruz;Belém do Brejo do Cruz (PB);PB;Nordeste;6268;True
2502052;Bernardino Batista;Bernardino Batista (PB);PB;Nordeste;3504;False
2502102;Boa Ventura;Boa Ventura (PB);PB;Nordeste;5207;True
2502151;Boa Vista;Boa Vista (PB);PB;Nordeste;6377;True
2502201;Bom Jesus;Bom Jesus (PB);PB;Nordeste;2286;False
2502300;Bom Sucesso;Bom Sucesso (PB);PB;Nordeste;4661;False
2502409;Bonito de Santa Fé;Bonito de Santa Fé (PB);PB;Nordeste;10252;True
2502508;Boqueirão;Boqueirão (PB);PB;Nordeste;17598;True
2502607;Igaracy;Igaracy (PB);PB;Nordeste;5648;False
2502706;Borborema;Borborema (PB);PB;Nordeste;4214;False
2502805;Brejo do Cruz;Brejo do Cruz (PB);PB;Nordeste;13613;True
2502904;Brejo dos Santos;Brejo dos Santos (PB);PB;Nordeste;5742;True
2503001;Caaporã;Caaporã (PB);PB;Nordeste;21193;True
2503100;Cabaceiras;Cabaceiras (PB);PB;Nordeste;5335;False
2503209;Cabedelo;Cabedelo (PB);PB;Nordeste;66519;True
2503308;Cachoeira dos Índios;Cachoeira dos Índios (PB);PB;Nordeste;9151;False
2503407;Cacimba de Areia;Cacimba de Areia (PB);PB;Nordeste;3291;False
2503506;Cacimba de Dentro;Cacimba de Dentro (PB);PB;Nordeste;16064;True
2503555;Cacimbas;Cacimbas (PB);PB;Nordeste;7223;True
2503605;Caiçara;Caiçara (PB);PB;Nordeste;6602;False
2503704;Cajazeiras;Cajazeiras (PB);PB;Nordeste;63239;True
2503753;Cajazeirinhas;Cajazeirinhas (PB);PB;Nordeste;2740;False
2503803;Caldas Brandão;Caldas Brandão (PB);PB;Nordeste;5753;True
2503902;Camalaú;Camalaú (PB);PB;Nordeste;6085;True
2504009;Campina Grande;Campina Grande (PB);PB;Nordeste;419379;True
2504033;Capim;Capim (PB);PB;Nordeste;6970;False
2504074;Caraúbas;Caraúbas (PB);PB;Nordeste;3944;True
2504108;Carrapateira;Carrapateira (PB);PB;Nordeste;2312;False
2504157;Casserengue;Casserengue (PB);PB;Nordeste;6889;True
2504207;Catingueira;Catingueira (PB);PB;Nordeste;4491;False
2504306;Catolé do Rocha;Catolé do Rocha (PB);PB;Nordeste;30661;True
2504355;Caturité;Caturité (PB);PB;Nordeste;5254;False
2504405;Conceição;Conceição (PB);PB;Nordeste;18260;True
2504504;Condado;Condado (PB);PB;Nordeste;6451;False
2504603;Conde;Conde (PB);PB;Nordeste;27605;True
2504702;Congo;Congo (PB);PB;Nordeste;4933;True
2504801;Coremas;Coremas (PB);PB;Nordeste;14683;True
2504850;Coxixola;Coxixola (PB);PB;Nordeste;1824;False
2504900;Cruz do Espírito Santo;Cruz do Espírito Santo (PB);PB;Nordeste;17095;True
2505006;Cubati;Cubati (PB);PB;Nordeste;7580;True
2505105;Cuité;Cuité (PB);PB;Nordeste;19719;True
2505204;Cuitegi;Cuitegi (PB);PB;Nordeste;6730;False
2505238;Cuité de Mamanguape;Cuité de Mamanguape (PB);PB;Nordeste;6251;False
2505279;Curral de Cima;Curral de Cima (PB);PB;Nordeste;5254;False
2505303;Curral Velho;Curral Velho (PB);PB;Nordeste;2292;False
2505352;Damião;Damião (PB);PB;Nordeste;4982;False
2505402;Desterro;Desterro (PB);PB;Nordeste;8067;True
2505501;Vista Serrana;Vista Serrana (PB);PB;Nordeste;3641;False
2505600;Diamante;Diamante (PB);PB;Nordeste;6299;False
2505709;Dona Inês;Dona Inês (PB);PB;Nordeste;10380;False
2505808;Duas Estradas;Duas Estradas (PB);PB;Nordeste;3327;False
2505907;Emas;Emas (PB);PB;Nordeste;3011;False
2506004;Esperança;Esperança (PB);PB;Nordeste;31231;True
2506103;Fagundes;Fagundes (PB);PB;Nordeste;11049;True
2506202;Frei Martinho;Frei Martinho (PB);PB;Nordeste;2846;False
2506251;Gado Bravo;Gado Bravo (PB);PB;Nordeste;8179;True
2506301;Guarabira;Guarabira (PB);PB;Nordeste;57484;True
2506400;Gurinhém;Gurinhém (PB);PB;Nordeste;13766;False
2506509;Gurjão;Gurjão (PB);PB;Nordeste;3242;False
2506608;Ibiara;Ibiara (PB);PB;Nordeste;5631;False
2506707;Imaculada;Imaculada (PB);PB;Nordeste;10392;False
2506806;Ingá;Ingá (PB);PB;Nordeste;17692;True
2506905;Itabaiana;Itabaiana (PB);PB;Nordeste;23182;True
2507002;Itaporanga;Itaporanga (PB);PB;Nordeste;23940;True
2507101;Itapororoca;Itapororoca (PB);PB;Nordeste;18382;True
2507200;Itatuba;Itatuba (PB);PB;Nordeste;10499;True
2507309;Jacaraú;Jacaraú (PB);PB;Nordeste;14477;False
2507408;Jericó;Jericó (PB);PB;Nordeste;7516;False
2507507;João Pessoa;João Pessoa (PB);PB;Nordeste;833932;True
2507606;Juarez Távora;Juarez Távora (PB);PB;Nordeste;7796;True
2507705;Juazeirinho;Juazeirinho (PB);PB;Nordeste;17007;True
2507804;Junco do Seridó;Junco do Seridó (PB);PB;Nordeste;6793;False
2507903;Juripiranga;Juripiranga (PB);PB;Nordeste;10012;False
2508000;Juru;Juru (PB);PB;Nordeste;9234;True
2508109;Lagoa;Lagoa (PB);PB;Nordeste;4415;False
2508208;Lagoa de Dentro;Lagoa de Dentro (PB);PB;Nordeste;7819;False
2508307;Lagoa Seca;Lagoa Seca (PB);PB;Nordeste;27730;True
2508406;Lastro;Lastro (PB);PB;Nordeste;3162;False
2508505;Livramento;Livramento (PB);PB;Nordeste;6877;True
2508554;Logradouro;Logradouro (PB);PB;Nordeste;4797;False
2508604;Lucena;Lucena (PB);PB;Nordeste;12560;False
2508703;Mãe d'Água;Mãe d'Água (PB);PB;Nordeste;3583;False
2508802;Malta;Malta (PB);PB;Nordeste;6046;False
2508901;Mamanguape;Mamanguape (PB);PB;Nordeste;44599;True
2509008;Manaíra;Manaíra (PB);PB;Nordeste;10434;False
2509057;Marcação;Marcação (PB);PB;Nordeste;8999;True
2509107;Mari;Mari (PB);PB;Nordeste;21512;False
2509156;Marizópolis;Marizópolis (PB);PB;Nordeste;6705;False
2509206;Massaranduba;Massaranduba (PB);PB;Nordeste;14139;True
2509305;Mataraca;Mataraca (PB);PB;Nordeste;8244;False
2509339;Matinhas;Matinhas (PB);PB;Nordeste;4571;False
2509370;Mato Grosso;Mato Grosso (PB);PB;Nordeste;2543;False
2509396;Maturéia;Maturéia (PB);PB;Nordeste;6433;False
2509404;Mogeiro;Mogeiro (PB);PB;Nordeste;13899;True
2509503;Montadas;Montadas (PB);PB;Nordeste;5812;False
2509602;Monte Horebe;Monte Horebe (PB);PB;Nordeste;4338;False
2509701;Monteiro;Monteiro (PB);PB;Nordeste;32277;True
2509800;Mulungu;Mulungu (PB);PB;Nordeste;8791;False
2509909;Natuba;Natuba (PB);PB;Nordeste;8945;False
2510006;Nazarezinho;Nazarezinho (PB);PB;Nordeste;7203;False
2510105;Nova Floresta;Nova Floresta (PB);PB;Nordeste;9724;False
2510204;Nova Olinda;Nova Olinda (PB);PB;Nordeste;5787;False
2510303;Nova Palmeira;Nova Palmeira (PB);PB;Nordeste;4259;False
2510402;Olho d'Água;Olho d'Água (PB);PB;Nordeste;6060;False
2510501;Olivedos;Olivedos (PB);PB;Nordeste;3580;False
2510600;Ouro Velho;Ouro Velho (PB);PB;Nordeste;2918;False
2510659;Parari;Parari (PB);PB;Nordeste;1720;False
2510709;Passagem;Passagem (PB);PB;Nordeste;2463;False
2510808;Patos;Patos (PB);PB;Nordeste;103165;True
2510907;Paulista;Paulista (PB);PB;Nordeste;11834;True
2511004;Pedra Branca;Pedra Branca (PB);PB;Nordeste;3739;False
2511103;Pedra Lavrada;Pedra Lavrada (PB);PB;Nordeste;6859;True
2511202;Pedras de Fogo;Pedras de Fogo (PB);PB;Nordeste;29662;True
2511301;Piancó;Piancó (PB);PB;Nordeste;16441;True
2511400;Picuí;Picuí (PB);PB;Nordeste;18333;True
2511509;Pilar;Pilar (PB);PB;Nordeste;12311;False
2511608;Pilões;Pilões (PB);PB;Nordeste;6815;False
2511707;Pilõezinhos;Pilõezinhos (PB);PB;Nordeste;5329;False
2511806;Pirpirituba;Pirpirituba (PB);PB;Nordeste;9340;False
2511905;Pitimbu;Pitimbu (PB);PB;Nordeste;16751;True
2512002;Pocinhos;Pocinhos (PB);PB;Nordeste;17469;True
2512036;Poço Dantas;Poço Dantas (PB);PB;Nordeste;3830;False
2512077;Poço de José de Moura;Poço de José de Moura (PB);PB;Nordeste;4006;False
2512101;Pombal;Pombal (PB);PB;Nordeste;32473;True
2512200;Prata;Prata (PB);PB;Nordeste;3915;False
2512309;Princesa Isabel;Princesa Isabel (PB);PB;Nordeste;21114;False
2512408;Puxinanã;Puxinanã (PB);PB;Nordeste;14277;True
2512507;Queimadas;Queimadas (PB);PB;Nordeste;47658;True
2512606;Quixaba;Quixaba (PB);PB;Nordeste;1743;False
2512705;Remígio;Remígio (PB);PB;Nordeste;17885;True
2512721;Pedro Régis;Pedro Régis (PB);PB;Nordeste;5766;False
2512747;Riachão;Riachão (PB);PB;Nordeste;2927;False
2512754;Riachão do Bacamarte;Riachão do Bacamarte (PB);PB;Nordeste;4690;False
2512762;Riachão do Poço;Riachão do Poço (PB);PB;Nordeste;4738;False
2512788;Riacho de Santo Antônio;Riacho de Santo Antônio (PB);PB;Nordeste;1955;False
2512804;Riacho dos Cavalos;Riacho dos Cavalos (PB);PB;Nordeste;8493;False
2512903;Rio Tinto;Rio Tinto (PB);PB;Nordeste;24581;True
2513000;Salgadinho;Salgadinho (PB);PB;Nordeste;3355;False
2513109;Salgado de São Félix;Salgado de São Félix (PB);PB;Nordeste;11505;False
2513158;Santa Cecília;Santa Cecília (PB);PB;Nordeste;7670;False
2513208;Santa Cruz;Santa Cruz (PB);PB;Nordeste;5947;False
2513307;Santa Helena;Santa Helena (PB);PB;Nordeste;5865;False
2513356;Santa Inês;Santa Inês (PB);PB;Nordeste;3227;False
2513406;Santa Luzia;Santa Luzia (PB);PB;Nordeste;14959;True
2513505;Santana de Mangueira;Santana de Mangueira (PB);PB;Nordeste;5010;False
2513604;Santana dos Garrotes;Santana dos Garrotes (PB);PB;Nordeste;6569;False
2513653;Joca Claudino;Joca Claudino (PB);PB;Nordeste;2539;False
2513703;Santa Rita;Santa Rita (PB);PB;Nordeste;149910;True
2513802;Santa Teresinha;Santa Teresinha (PB);PB;Nordeste;4402;False
2513851;Santo André;Santo André (PB);PB;Nordeste;2622;False
2513901;São Bento;São Bento (PB);PB;Nordeste;32235;True
2513927;São Bentinho;São Bentinho (PB);PB;Nordeste;4327;False
2513943;São Domingos do Cariri;São Domingos do Cariri (PB);PB;Nordeste;2585;False
2513968;São Domingos;São Domingos (PB);PB;Nordeste;2595;False
2513984;São Francisco;São Francisco (PB);PB;Nordeste;3137;False
2514008;São João do Cariri;São João do Cariri (PB);PB;Nordeste;4226;True
2514107;São João do Tigre;São João do Tigre (PB);PB;Nordeste;4263;False
2514206;São José da Lagoa Tapada;São José da Lagoa Tapada (PB);PB;Nordeste;7126;False
2514305;São José de Caiana;São José de Caiana (PB);PB;Nordeste;5034;False
2514404;São José de Espinharas;São José de Espinharas (PB);PB;Nordeste;4083;False
2514453;São José dos Ramos;São José dos Ramos (PB);PB;Nordeste;5891;False
2514503;São José de Piranhas;São José de Piranhas (PB);PB;Nordeste;19067;True
2514552;São José de Princesa;São José de Princesa (PB);PB;Nordeste;3416;False
2514602;São José do Bonfim;São José do Bonfim (PB);PB;Nordeste;3242;False
2514651;São José do Brejo do Cruz;São José do Brejo do Cruz (PB);PB;Nordeste;1699;False
2514701;São José do Sabugi;São José do Sabugi (PB);PB;Nordeste;4138;False
2514800;São José dos Cordeiros;São José dos Cordeiros (PB);PB;Nordeste;3411;False
2514909;São Mamede;São Mamede (PB);PB;Nordeste;7470;False
2515005;São Miguel de Taipu;São Miguel de Taipu (PB);PB;Nordeste;7066;False
2515104;São Sebastião de Lagoa de Roça;São Sebastião de Lagoa de Roça (PB);PB;Nordeste;11040;True
2515203;São Sebastião do Umbuzeiro;São Sebastião do Umbuzeiro (PB);PB;Nordeste;3279;False
2515302;Sapé;Sapé (PB);PB;Nordeste;51306;True
2515401;São Vicente do Seridó;São Vicente do Seridó (PB);PB;Nordeste;10291;True
2515500;Serra Branca;Serra Branca (PB);PB;Nordeste;13614;True
2515609;Serra da Raiz;Serra da Raiz (PB);PB;Nordeste;3094;False
2515708;Serra Grande;Serra Grande (PB);PB;Nordeste;2942;False
2515807;Serra Redonda;Serra Redonda (PB);PB;Nordeste;6828;False
2515906;Serraria;Serraria (PB);PB;Nordeste;4885;False
2515930;Sertãozinho;Sertãozinho (PB);PB;Nordeste;5054;False
2515971;Sobrado;Sobrado (PB);PB;Nordeste;8236;False
2516003;Solânea;Solânea (PB);PB;Nordeste;26774;True
2516102;Soledade;Soledade (PB);PB;Nordeste;13968;True
2516151;Sossêgo;Sossêgo (PB);PB;Nordeste;3345;False
2516201;Sousa;Sousa (PB);PB;Nordeste;67259;True
2516300;Sumé;Sumé (PB);PB;Nordeste;17166;True
2516409;Tacima;Tacima (PB);PB;Nordeste;8010;False
2516508;Taperoá;Taperoá (PB);PB;Nordeste;14068;True
2516607;Tavares;Tavares (PB);PB;Nordeste;14101;False
2516706;Teixeira;Teixeira (PB);PB;Nordeste;14631;False
2516755;Tenório;Tenório (PB);PB;Nordeste;2966;False
2516805;Triunfo;Triunfo (PB);PB;Nordeste;9892;False
2516904;Uiraúna;Uiraúna (PB);PB;Nordeste;14930;True
2517001;Umbuzeiro;Umbuzeiro (PB);PB;Nordeste;9124;False
2517100;Várzea;Várzea (PB);PB;Nordeste;2668;False
2517209;Vieirópolis;Vieirópolis (PB);PB;Nordeste;4864;False
2517407;Zabelê;Zabelê (PB);PB;Nordeste;2228;False
2600054;Abreu e Lima;Abreu e Lima (PE);PE;Nordeste;98462;True
2600104;Afogados da Ingazeira;Afogados da Ingazeira (PE);PE;Nordeste;40241;True
2600203;Afrânio;Afrânio (PE);PE;Nordeste;18674;True
2600302;Agrestina;Agrestina (PE);PE;Nordeste;23779;True
2600401;Água Preta;Água Preta (PE);PE;Nordeste;26461;True
2600500;Águas Belas;Águas Belas (PE);PE;Nordeste;41548;True
2600609;Alagoinha;Alagoinha (PE);PE;Nordeste;13542;True
2600708;Aliança;Aliança (PE);PE;Nordeste;35741;True
2600807;Altinho;Altinho (PE);PE;Nordeste;20674;True
2600906;Amaraji;Amaraji (PE);PE;Nordeste;18205;True
2601003;Angelim;Angelim (PE);PE;Nordeste;10241;True
2601052;Araçoiaba;Araçoiaba (PE);PE;Nordeste;19243;True
2601102;Araripina;Araripina (PE);PE;Nordeste;85088;True
2601201;Arcoverde;Arcoverde (PE);PE;Nordeste;77742;True
2601300;Barra de Guabiraba;Barra de Guabiraba (PE);PE;Nordeste;12263;True
2601409;Barreiros;Barreiros (PE);PE;Nordeste;40121;True
2601508;Belém de Maria;Belém de Maria (PE);PE;Nordeste;10378;True
2601607;Belém do São Francisco;Belém do São Francisco (PE);PE;Nordeste;18301;True
2601706;Belo Jardim;Belo Jardim (PE);PE;Nordeste;79507;True
2601805;Betânia;Betânia (PE);PE;Nordeste;11232;False
2601904;Bezerros;Bezerros (PE);PE;Nordeste;61694;True
2602001;Bodocó;Bodocó (PE);PE;Nordeste;34478;True
2602100;Bom Conselho;Bom Conselho (PE);PE;Nordeste;44294;True
2602209;Bom Jardim;Bom Jardim (PE);PE;Nordeste;37629;True
2602308;Bonito;Bonito (PE);PE;Nordeste;37474;True
2602407;Brejão;Brejão (PE);PE;Nordeste;9079;True
2602506;Brejinho;Brejinho (PE);PE;Nordeste;7720;False
2602605;Brejo da Madre de Deus;Brejo da Madre de Deus (PE);PE;Nordeste;48648;True
2602704;Buenos Aires;Buenos Aires (PE);PE;Nordeste;12808;False
2602803;Buíque;Buíque (PE);PE;Nordeste;52097;True
2602902;Cabo de Santo Agostinho;Cabo de Santo Agostinho (PE);PE;Nordeste;203440;True
2603009;Cabrobó;Cabrobó (PE);PE;Nordeste;30294;True
2603108;Cachoeirinha;Cachoeirinha (PE);PE;Nordeste;19899;True
2603207;Caetés;Caetés (PE);PE;Nordeste;28827;True
2603306;Calçado;Calçado (PE);PE;Nordeste;11093;True
2603405;Calumbi;Calumbi (PE);PE;Nordeste;5228;True
2603454;Camaragibe;Camaragibe (PE);PE;Nordeste;147771;True
2603504;Camocim de São Félix;Camocim de São Félix (PE);PE;Nordeste;17419;True
2603603;Camutanga;Camutanga (PE);PE;Nordeste;7750;False
2603702;Canhotinho;Canhotinho (PE);PE;Nordeste;24329;True
2603801;Capoeiras;Capoeiras (PE);PE;Nordeste;18338;True
2603900;Carnaíba;Carnaíba (PE);PE;Nordeste;18644;True
2603926;Carnaubeira da Penha;Carnaubeira da Penha (PE);PE;Nordeste;12239;True
2604007;Carpina;Carpina (PE);PE;Nordeste;79293;True
2604106;Caruaru;Caruaru (PE);PE;Nordeste;378048;True
2604155;Casinhas;Casinhas (PE);PE;Nordeste;12967;True
2604205;Catende;Catende (PE);PE;Nordeste;32156;True
2604304;Cedro;Cedro (PE);PE;Nordeste;10518;True
2604403;Chã de Alegria;Chã de Alegria (PE);PE;Nordeste;12984;True
2604502;Chã Grande;Chã Grande (PE);PE;Nordeste;20546;True
2604601;Condado;Condado (PE);PE;Nordeste;24587;True
2604700;Correntes;Correntes (PE);PE;Nordeste;17131;True
2604809;Cortês;Cortês (PE);PE;Nordeste;10198;True
2604908;Cumaru;Cumaru (PE);PE;Nordeste;15920;True
2605004;Cupira;Cupira (PE);PE;Nordeste;23518;True
2605103;Custódia;Custódia (PE);PE;Nordeste;37699;True
2605152;Dormentes;Dormentes (PE);PE;Nordeste;17188;True
2605202;Escada;Escada (PE);PE;Nordeste;59891;True
2605301;Exu;Exu (PE);PE;Nordeste;31843;True
2605400;Feira Nova;Feira Nova (PE);PE;Nordeste;21427;True
2605459;Fernando de Noronha;Fernando de Noronha (PE);PE;Nordeste;3167;False
2605509;Ferreiros;Ferreiros (PE);PE;Nordeste;15026;False
2605608;Flores;Flores (PE);PE;Nordeste;20347;True
2605707;Floresta;Floresta (PE);PE;Nordeste;30137;True
2605806;Frei Miguelinho;Frei Miguelinho (PE);PE;Nordeste;13636;True
2605905;Gameleira;Gameleira (PE);PE;Nordeste;18214;True
2606002;Garanhuns;Garanhuns (PE);PE;Nordeste;142506;True
2606101;Glória do Goitá;Glória do Goitá (PE);PE;Nordeste;29347;True
2606200;Goiana;Goiana (PE);PE;Nordeste;81055;True
2606309;Granito;Granito (PE);PE;Nordeste;6967;False
2606408;Gravatá;Gravatá (PE);PE;Nordeste;86516;True
2606507;Iati;Iati (PE);PE;Nordeste;17165;True
2606606;Ibimirim;Ibimirim (PE);PE;Nordeste;26593;True
2606705;Ibirajuba;Ibirajuba (PE);PE;Nordeste;7140;True
2606804;Igarassu;Igarassu (PE);PE;Nordeste;115196;True
2606903;Iguaracy;Iguaracy (PE);PE;Nordeste;11081;True
2607000;Inajá;Inajá (PE);PE;Nordeste;25603;True
2607109;Ingazeira;Ingazeira (PE);PE;Nordeste;4765;True
2607208;Ipojuca;Ipojuca (PE);PE;Nordeste;98932;True
2607307;Ipubi;Ipubi (PE);PE;Nordeste;29009;True
2607406;Itacuruba;Itacuruba (PE);PE;Nordeste;4284;False
2607505;Itaíba;Itaíba (PE);PE;Nordeste;32650;True
2607604;Ilha de Itamaracá;Ilha de Itamaracá (PE);PE;Nordeste;24540;True
2607653;Itambé;Itambé (PE);PE;Nordeste;34935;True
2607703;Itapetim;Itapetim (PE);PE;Nordeste;13791;True
2607752;Itapissuma;Itapissuma (PE);PE;Nordeste;27749;True
2607802;Itaquitinga;Itaquitinga (PE);PE;Nordeste;16554;True
2607901;Jaboatão dos Guararapes;Jaboatão dos Guararapes (PE);PE;Nordeste;644037;True
2607950;Jaqueira;Jaqueira (PE);PE;Nordeste;10247;True
2608008;Jataúba;Jataúba (PE);PE;Nordeste;15843;True
2608057;Jatobá;Jatobá (PE);PE;Nordeste;14020;True
2608107;João Alfredo;João Alfredo (PE);PE;Nordeste;27725;True
2608206;Joaquim Nabuco;Joaquim Nabuco (PE);PE;Nordeste;13269;True
2608255;Jucati;Jucati (PE);PE;Nordeste;11517;True
2608305;Jupi;Jupi (PE);PE;Nordeste;15329;True
2608404;Jurema;Jurema (PE);PE;Nordeste;13648;True
2608453;Lagoa do Carro;Lagoa do Carro (PE);PE;Nordeste;17981;True
2608503;Lagoa de Itaenga;Lagoa de Itaenga (PE);PE;Nordeste;19003;True
2608602;Lagoa do Ouro;Lagoa do Ouro (PE);PE;Nordeste;11933;True
2608701;Lagoa dos Gatos;Lagoa dos Gatos (PE);PE;Nordeste;14076;True
2608750;Lagoa Grande;Lagoa Grande (PE);PE;Nordeste;24088;True
2608800;Lajedo;Lajedo (PE);PE;Nordeste;39582;True
2608909;Limoeiro;Limoeiro (PE);PE;Nordeste;56510;True
2609006;Macaparana;Macaparana (PE);PE;Nordeste;23879;True
2609105;Machados;Machados (PE);PE;Nordeste;11333;True
2609154;Manari;Manari (PE);PE;Nordeste;23763;True
2609204;Maraial;Maraial (PE);PE;Nordeste;9359;True
2609303;Mirandiba;Mirandiba (PE);PE;Nordeste;14166;True
2609402;Moreno;Moreno (PE);PE;Nordeste;55292;True
2609501;Nazaré da Mata;Nazaré da Mata (PE);PE;Nordeste;30648;True
2609600;Olinda;Olinda (PE);PE;Nordeste;349976;True
2609709;Orobó;Orobó (PE);PE;Nordeste;21808;True
2609808;Orocó;Orocó (PE);PE;Nordeste;13613;True
2609907;Ouricuri;Ouricuri (PE);PE;Nordeste;65245;True
2610004;Palmares;Palmares (PE);PE;Nordeste;54584;True
2610103;Palmeirina;Palmeirina (PE);PE;Nordeste;7031;True
2610202;Panelas;Panelas (PE);PE;Nordeste;22991;True
2610301;Paranatama;Paranatama (PE);PE;Nordeste;12199;True
2610400;Parnamirim;Parnamirim (PE);PE;Nordeste;18612;True
2610509;Passira;Passira (PE);PE;Nordeste;28340;True
2610608;Paudalho;Paudalho (PE);PE;Nordeste;56665;True
2610707;Paulista;Paulista (PE);PE;Nordeste;342167;True
2610806;Pedra;Pedra (PE);PE;Nordeste;22795;True
2610905;Pesqueira;Pesqueira (PE);PE;Nordeste;62722;True
2611002;Petrolândia;Petrolândia (PE);PE;Nordeste;34161;True
2611101;Petrolina;Petrolina (PE);PE;Nordeste;386791;True
2611200;Poção;Poção (PE);PE;Nordeste;10500;True
2611309;Pombos;Pombos (PE);PE;Nordeste;27552;True
2611408;Primavera;Primavera (PE);PE;Nordeste;13838;False
2611507;Quipapá;Quipapá (PE);PE;Nordeste;17928;True
2611533;Quixaba;Quixaba (PE);PE;Nordeste;6554;False
2611606;Recife;Recife (PE);PE;Nordeste;1488920;True
2611705;Riacho das Almas;Riacho das Almas (PE);PE;Nordeste;20639;True
2611804;Ribeirão;Ribeirão (PE);PE;Nordeste;33507;True
2611903;Rio Formoso;Rio Formoso (PE);PE;Nordeste;20009;True
2612000;Sairé;Sairé (PE);PE;Nordeste;10887;True
2612109;Salgadinho;Salgadinho (PE);PE;Nordeste;5727;False
2612208;Salgueiro;Salgueiro (PE);PE;Nordeste;62372;True
2612307;Saloá;Saloá (PE);PE;Nordeste;13836;True
2612406;Sanharó;Sanharó (PE);PE;Nordeste;18624;True
2612455;Santa Cruz;Santa Cruz (PE);PE;Nordeste;13841;True
2612471;Santa Cruz da Baixa Verde;Santa Cruz da Baixa Verde (PE);PE;Nordeste;11567;False
2612505;Santa Cruz do Capibaribe;Santa Cruz do Capibaribe (PE);PE;Nordeste;98254;True
2612554;Santa Filomena;Santa Filomena (PE);PE;Nordeste;12106;False
2612604;Santa Maria da Boa Vista;Santa Maria da Boa Vista (PE);PE;Nordeste;40578;True
2612703;Santa Maria do Cambucá;Santa Maria do Cambucá (PE);PE;Nordeste;14013;True
2612802;Santa Terezinha;Santa Terezinha (PE);PE;Nordeste;10244;False
2612901;São Benedito do Sul;São Benedito do Sul (PE);PE;Nordeste;13113;False
2613008;São Bento do Una;São Bento do Una (PE);PE;Nordeste;49449;True
2613107;São Caitano;São Caitano (PE);PE;Nordeste;37126;True
2613206;São João;São João (PE);PE;Nordeste;23837;True
2613305;São Joaquim do Monte;São Joaquim do Monte (PE);PE;Nordeste;20037;True
2613404;São José da Coroa Grande;São José da Coroa Grande (PE);PE;Nordeste;18825;True
2613503;São José do Belmonte;São José do Belmonte (PE);PE;Nordeste;34843;True
2613602;São José do Egito;São José do Egito (PE);PE;Nordeste;31004;True
2613701;São Lourenço da Mata;São Lourenço da Mata (PE);PE;Nordeste;111249;True
2613800;São Vicente Férrer;São Vicente Férrer (PE);PE;Nordeste;16677;True
2613909;Serra Talhada;Serra Talhada (PE);PE;Nordeste;92228;True
2614006;Serrita;Serrita (PE);PE;Nordeste;18207;True
2614105;Sertânia;Sertânia (PE);PE;Nordeste;32811;True
2614204;Sirinhaém;Sirinhaém (PE);PE;Nordeste;37596;True
2614303;Moreilândia;Moreilândia (PE);PE;Nordeste;10540;False
2614402;Solidão;Solidão (PE);PE;Nordeste;5210;True
2614501;Surubim;Surubim (PE);PE;Nordeste;64120;True
2614600;Tabira;Tabira (PE);PE;Nordeste;27681;True
2614709;Tacaimbó;Tacaimbó (PE);PE;Nordeste;13738;True
2614808;Tacaratu;Tacaratu (PE);PE;Nordeste;23902;False
2614857;Tamandaré;Tamandaré (PE);PE;Nordeste;23561;True
2615003;Taquaritinga do Norte;Taquaritinga do Norte (PE);PE;Nordeste;24736;True
2615102;Terezinha;Terezinha (PE);PE;Nordeste;6513;False
2615201;Terra Nova;Terra Nova (PE);PE;Nordeste;8920;True
2615300;Timbaúba;Timbaúba (PE);PE;Nordeste;46147;True
2615409;Toritama;Toritama (PE);PE;Nordeste;41137;True
2615508;Tracunhaém;Tracunhaém (PE);PE;Nordeste;13867;True
2615607;Trindade;Trindade (PE);PE;Nordeste;30321;True
2615706;Triunfo;Triunfo (PE);PE;Nordeste;14705;True
2615805;Tupanatinga;Tupanatinga (PE);PE;Nordeste;26937;True
2615904;Tuparetama;Tuparetama (PE);PE;Nordeste;8005;True
2616001;Venturosa;Venturosa (PE);PE;Nordeste;17251;True
2616100;Verdejante;Verdejante (PE);PE;Nordeste;9169;True
2616183;Vertente do Lério;Vertente do Lério (PE);PE;Nordeste;7558;True
2616209;Vertentes;Vertentes (PE);PE;Nordeste;21959;False
2616308;Vicência;Vicência (PE);PE;Nordeste;26359;True
2616407;Vitória de Santo Antão;Vitória de Santo Antão (PE);PE;Nordeste;134084;True
2616506;Xexéu;Xexéu (PE);PE;Nordeste;11611;True
2700102;Água Branca;Água Branca (AL);AL;Nordeste;19008;True
2700201;Anadia;Anadia (AL);AL;Nordeste;13966;True
2700300;Arapiraca;Arapiraca (AL);AL;Nordeste;234696;True
2700409;Atalaia;Atalaia (AL);AL;Nordeste;37512;True
2700508;Barra de Santo Antônio;Barra de Santo Antônio (AL);AL;Nordeste;16365;True
2700607;Barra de São Miguel;Barra de São Miguel (AL);AL;Nordeste;7944;False
2700706;Batalha;Batalha (AL);AL;Nordeste;16448;True
2700805;Belém;Belém (AL);AL;Nordeste;4722;False
2700904;Belo Monte;Belo Monte (AL);AL;Nordeste;5936;False
2701001;Boca da Mata;Boca da Mata (AL);AL;Nordeste;21187;True
2701100;Branquinha;Branquinha (AL);AL;Nordeste;9603;True
2701209;Cacimbinhas;Cacimbinhas (AL);AL;Nordeste;10482;False
2701308;Cajueiro;Cajueiro (AL);AL;Nordeste;16024;True
2701357;Campestre;Campestre (AL);AL;Nordeste;6665;False
2701407;Campo Alegre;Campo Alegre (AL);AL;Nordeste;32106;True
2701506;Campo Grande;Campo Grande (AL);AL;Nordeste;8143;False
2701605;Canapi;Canapi (AL);AL;Nordeste;15559;True
2701704;Capela;Capela (AL);AL;Nordeste;15032;True
2701803;Carneiros;Carneiros (AL);AL;Nordeste;8999;False
2701902;Chã Preta;Chã Preta (AL);AL;Nordeste;5910;True
2702009;Coité do Nóia;Coité do Nóia (AL);AL;Nordeste;10810;False
2702108;Colônia Leopoldina;Colônia Leopoldina (AL);AL;Nordeste;15816;True
2702207;Coqueiro Seco;Coqueiro Seco (AL);AL;Nordeste;5581;False
2702306;Coruripe;Coruripe (AL);AL;Nordeste;50414;True
2702355;Craíbas;Craíbas (AL);AL;Nordeste;25397;False
2702405;Delmiro Gouveia;Delmiro Gouveia (AL);AL;Nordeste;51318;True
2702504;Dois Riachos;Dois Riachos (AL);AL;Nordeste;9805;False
2702553;Estrela de Alagoas;Estrela de Alagoas (AL);AL;Nordeste;15429;False
2702603;Feira Grande;Feira Grande (AL);AL;Nordeste;22712;True
2702702;Feliz Deserto;Feliz Deserto (AL);AL;Nordeste;3963;False
2702801;Flexeiras;Flexeiras (AL);AL;Nordeste;9618;True
2702900;Girau do Ponciano;Girau do Ponciano (AL);AL;Nordeste;36102;True
2703007;Ibateguara;Ibateguara (AL);AL;Nordeste;13731;False
2703106;Igaci;Igaci (AL);AL;Nordeste;23995;True
2703205;Igreja Nova;Igreja Nova (AL);AL;Nordeste;21372;True
2703304;Inhapi;Inhapi (AL);AL;Nordeste;15167;False
2703403;Jacaré dos Homens;Jacaré dos Homens (AL);AL;Nordeste;5083;False
2703502;Jacuípe;Jacuípe (AL);AL;Nordeste;5352;False
2703601;Japaratinga;Japaratinga (AL);AL;Nordeste;9219;False
2703700;Jaramataia;Jaramataia (AL);AL;Nordeste;4985;False
2703759;Jequiá da Praia;Jequiá da Praia (AL);AL;Nordeste;9470;False
2703809;Joaquim Gomes;Joaquim Gomes (AL);AL;Nordeste;17150;True
2703908;Jundiá;Jundiá (AL);AL;Nordeste;4092;False
2704005;Junqueiro;Junqueiro (AL);AL;Nordeste;23907;True
2704104;Lagoa da Canoa;Lagoa da Canoa (AL);AL;Nordeste;18457;False
2704203;Limoeiro de Anadia;Limoeiro de Anadia (AL);AL;Nordeste;24740;True
2704302;Maceió;Maceió (AL);AL;Nordeste;957916;True
2704401;Major Isidoro;Major Isidoro (AL);AL;Nordeste;17700;True
2704500;Maragogi;Maragogi (AL);AL;Nordeste;32174;True
2704609;Maravilha;Maravilha (AL);AL;Nordeste;9534;False
2704708;Marechal Deodoro;Marechal Deodoro (AL);AL;Nordeste;60370;True
2704807;Maribondo;Maribondo (AL);AL;Nordeste;13679;False
2704906;Mar Vermelho;Mar Vermelho (AL);AL;Nordeste;3155;True
2705002;Mata Grande;Mata Grande (AL);AL;Nordeste;21844;True
2705101;Matriz de Camaragibe;Matriz de Camaragibe (AL);AL;Nordeste;23857;True
2705200;Messias;Messias (AL);AL;Nordeste;15405;False
2705309;Minador do Negrão;Minador do Negrão (AL);AL;Nordeste;4845;False
2705408;Monteirópolis;Monteirópolis (AL);AL;Nordeste;7184;False
2705507;Murici;Murici (AL);AL;Nordeste;25187;True
2705606;Novo Lino;Novo Lino (AL);AL;Nordeste;10020;False
2705705;Olho d'Água das Flores;Olho d'Água das Flores (AL);AL;Nordeste;20695;False
2705804;Olho d'Água do Casado;Olho d'Água do Casado (AL);AL;Nordeste;8349;False
2705903;Olho d'Água Grande;Olho d'Água Grande (AL);AL;Nordeste;4330;False
2706000;Olivença;Olivença (AL);AL;Nordeste;10812;False
2706109;Ouro Branco;Ouro Branco (AL);AL;Nordeste;11446;False
2706208;Palestina;Palestina (AL);AL;Nordeste;4325;False
2706307;Palmeira dos Índios;Palmeira dos Índios (AL);AL;Nordeste;71574;True
2706406;Pão de Açúcar;Pão de Açúcar (AL);AL;Nordeste;23823;True
2706422;Pariconha;Pariconha (AL);AL;Nordeste;10573;True
2706448;Paripueira;Paripueira (AL);AL;Nordeste;13835;False
2706505;Passo de Camaragibe;Passo de Camaragibe (AL);AL;Nordeste;13804;False
2706604;Paulo Jacinto;Paulo Jacinto (AL);AL;Nordeste;6576;False
2706703;Penedo;Penedo (AL);AL;Nordeste;58650;True
2706802;Piaçabuçu;Piaçabuçu (AL);AL;Nordeste;15908;True
2706901;Pilar;Pilar (AL);AL;Nordeste;35370;True
2707008;Pindoba;Pindoba (AL);AL;Nordeste;2731;False
2707107;Piranhas;Piranhas (AL);AL;Nordeste;22609;True
2707206;Poço das Trincheiras;Poço das Trincheiras (AL);AL;Nordeste;12518;False
2707305;Porto Calvo;Porto Calvo (AL);AL;Nordeste;24071;True
2707404;Porto de Pedras;Porto de Pedras (AL);AL;Nordeste;9295;False
2707503;Porto Real do Colégio;Porto Real do Colégio (AL);AL;Nordeste;20082;True
2707602;Quebrangulo;Quebrangulo (AL);AL;Nordeste;11080;True
2707701;Rio Largo;Rio Largo (AL);AL;Nordeste;93927;True
2707800;Roteiro;Roteiro (AL);AL;Nordeste;6474;True
2707909;Santa Luzia do Norte;Santa Luzia do Norte (AL);AL;Nordeste;6919;False
2708006;Santana do Ipanema;Santana do Ipanema (AL);AL;Nordeste;46220;True
2708105;Santana do Mundaú;Santana do Mundaú (AL);AL;Nordeste;11323;False
2708204;São Brás;São Brás (AL);AL;Nordeste;6555;False
2708303;São José da Laje;São José da Laje (AL);AL;Nordeste;20813;True
2708402;São José da Tapera;São José da Tapera (AL);AL;Nordeste;30604;True
2708501;São Luís do Quitunde;São Luís do Quitunde (AL);AL;Nordeste;30873;True
2708600;São Miguel dos Campos;São Miguel dos Campos (AL);AL;Nordeste;51990;True
2708709;São Miguel dos Milagres;São Miguel dos Milagres (AL);AL;Nordeste;8482;True
2708808;São Sebastião;São Sebastião (AL);AL;Nordeste;31786;True
2708907;Satuba;Satuba (AL);AL;Nordeste;24278;True
2708956;Senador Rui Palmeira;Senador Rui Palmeira (AL);AL;Nordeste;12303;False
2709004;Tanque d'Arca;Tanque d'Arca (AL);AL;Nordeste;5796;False
2709103;Taquarana;Taquarana (AL);AL;Nordeste;19032;True
2709152;Teotônio Vilela;Teotônio Vilela (AL);AL;Nordeste;38053;True
2709202;Traipu;Traipu (AL);AL;Nordeste;23565;True
2709301;União dos Palmares;União dos Palmares (AL);AL;Nordeste;59280;True
2709400;Viçosa;Viçosa (AL);AL;Nordeste;24092;True
2800100;Amparo do São Francisco;Amparo do São Francisco (SE);SE;Nordeste;2170;False
2800209;Aquidabã;Aquidabã (SE);SE;Nordeste;20131;True
2800308;Aracaju;Aracaju (SE);SE;Nordeste;602757;True
2800407;Arauá;Arauá (SE);SE;Nordeste;10318;False
2800506;Areia Branca;Areia Branca (SE);SE;Nordeste;18081;False
2800605;Barra dos Coqueiros;Barra dos Coqueiros (SE);SE;Nordeste;41511;True
2800670;Boquim;Boquim (SE);SE;Nordeste;24636;True
2800704;Brejo Grande;Brejo Grande (SE);SE;Nordeste;7841;False
2801009;Campo do Brito;Campo do Brito (SE);SE;Nordeste;18149;False
2801108;Canhoba;Canhoba (SE);SE;Nordeste;3791;False
2801207;Canindé de São Francisco;Canindé de São Francisco (SE);SE;Nordeste;26834;False
2801306;Capela;Capela (SE);SE;Nordeste;31645;True
2801405;Carira;Carira (SE);SE;Nordeste;19939;True
2801504;Carmópolis;Carmópolis (SE);SE;Nordeste;13853;False
2801603;Cedro de São João;Cedro de São João (SE);SE;Nordeste;5391;False
2801702;Cristinápolis;Cristinápolis (SE);SE;Nordeste;17100;True
2801900;Cumbe;Cumbe (SE);SE;Nordeste;3824;False
2802007;Divina Pastora;Divina Pastora (SE);SE;Nordeste;4340;True
2802106;Estância;Estância (SE);SE;Nordeste;65078;True
2802205;Feira Nova;Feira Nova (SE);SE;Nordeste;5975;False
2802304;Frei Paulo;Frei Paulo (SE);SE;Nordeste;14530;False
2802403;Gararu;Gararu (SE);SE;Nordeste;11096;False
2802502;General Maynard;General Maynard (SE);SE;Nordeste;3037;False
2802601;Graccho Cardoso;Graccho Cardoso (SE);SE;Nordeste;5834;False
2802700;Ilha das Flores;Ilha das Flores (SE);SE;Nordeste;8321;False
2802809;Indiaroba;Indiaroba (SE);SE;Nordeste;16549;True
2802908;Itabaiana;Itabaiana (SE);SE;Nordeste;103440;True
2803005;Itabaianinha;Itabaianinha (SE);SE;Nordeste;40678;True
2803104;Itabi;Itabi (SE);SE;Nordeste;4745;False
2803203;Itaporanga d'Ajuda;Itaporanga d'Ajuda (SE);SE;Nordeste;34411;True
2803302;Japaratuba;Japaratuba (SE);SE;Nordeste;16209;False
2803401;Japoatã;Japoatã (SE);SE;Nordeste;13407;False
2803500;Lagarto;Lagarto (SE);SE;Nordeste;101579;True
2803609;Laranjeiras;Laranjeiras (SE);SE;Nordeste;23975;True
2803708;Macambira;Macambira (SE);SE;Nordeste;6838;False
2803807;Malhada dos Bois;Malhada dos Bois (SE);SE;Nordeste;3579;False
2803906;Malhador;Malhador (SE);SE;Nordeste;11533;False
2804003;Maruim;Maruim (SE);SE;Nordeste;15719;False
2804102;Moita Bonita;Moita Bonita (SE);SE;Nordeste;11050;False
2804201;Monte Alegre de Sergipe;Monte Alegre de Sergipe (SE);SE;Nordeste;14336;False
2804300;Muribeca;Muribeca (SE);SE;Nordeste;7822;True
2804409;Neópolis;Neópolis (SE);SE;Nordeste;16426;False
2804458;Nossa Senhora Aparecida;Nossa Senhora Aparecida (SE);SE;Nordeste;9232;False
2804508;Nossa Senhora da Glória;Nossa Senhora da Glória (SE);SE;Nordeste;41212;True
2804607;Nossa Senhora das Dores;Nossa Senhora das Dores (SE);SE;Nordeste;24996;True
2804706;Nossa Senhora de Lourdes;Nossa Senhora de Lourdes (SE);SE;Nordeste;6268;False
2804805;Nossa Senhora do Socorro;Nossa Senhora do Socorro (SE);SE;Nordeste;192330;True
2804904;Pacatuba;Pacatuba (SE);SE;Nordeste;12502;False
2805000;Pedra Mole;Pedra Mole (SE);SE;Nordeste;2778;False
2805109;Pedrinhas;Pedrinhas (SE);SE;Nordeste;7396;True
2805208;Pinhão;Pinhão (SE);SE;Nordeste;5677;False
2805307;Pirambu;Pirambu (SE);SE;Nordeste;7913;False
2805406;Poço Redondo;Poço Redondo (SE);SE;Nordeste;33439;False
2805505;Poço Verde;Poço Verde (SE);SE;Nordeste;21794;True
2805604;Porto da Folha;Porto da Folha (SE);SE;Nordeste;26576;False
2805703;Propriá;Propriá (SE);SE;Nordeste;26618;True
2805802;Riachão do Dantas;Riachão do Dantas (SE);SE;Nordeste;18313;True
2805901;Riachuelo;Riachuelo (SE);SE;Nordeste;8748;True
2806008;Ribeirópolis;Ribeirópolis (SE);SE;Nordeste;17033;False
2806107;Rosário do Catete;Rosário do Catete (SE);SE;Nordeste;9295;False
2806206;Salgado;Salgado (SE);SE;Nordeste;20279;True
2806305;Santa Luzia do Itanhy;Santa Luzia do Itanhy (SE);SE;Nordeste;13616;True
2806404;Santana do São Francisco;Santana do São Francisco (SE);SE;Nordeste;7346;False
2806503;Santa Rosa de Lima;Santa Rosa de Lima (SE);SE;Nordeste;3937;True
2806602;Santo Amaro das Brotas;Santo Amaro das Brotas (SE);SE;Nordeste;11092;False
2806701;São Cristóvão;São Cristóvão (SE);SE;Nordeste;95612;True
2806800;São Domingos;São Domingos (SE);SE;Nordeste;10327;False
2806909;São Francisco;São Francisco (SE);SE;Nordeste;3243;False
2807006;São Miguel do Aleixo;São Miguel do Aleixo (SE);SE;Nordeste;3434;False
2807105;Simão Dias;Simão Dias (SE);SE;Nordeste;42578;True
2807204;Siriri;Siriri (SE);SE;Nordeste;7834;False
2807303;Telha;Telha (SE);SE;Nordeste;3274;False
2807402;Tobias Barreto;Tobias Barreto (SE);SE;Nordeste;50905;True
2807501;Tomar do Geru;Tomar do Geru (SE);SE;Nordeste;12012;True
2807600;Umbaúba;Umbaúba (SE);SE;Nordeste;23917;True
2900108;Abaíra;Abaíra (BA);BA;Nordeste;7301;False
2900207;Abaré;Abaré (BA);BA;Nordeste;17639;True
2900306;Acajutiba;Acajutiba (BA);BA;Nordeste;13795;True
2900355;Adustina;Adustina (BA);BA;Nordeste;14201;False
2900405;Água Fria;Água Fria (BA);BA;Nordeste;14497;True
2900504;Érico Cardoso;Érico Cardoso (BA);BA;Nordeste;10604;True
2900603;Aiquara;Aiquara (BA);BA;Nordeste;4447;False
2900702;Alagoinhas;Alagoinhas (BA);BA;Nordeste;151055;True
2900801;Alcobaça;Alcobaça (BA);BA;Nordeste;24530;True
2900900;Almadina;Almadina (BA);BA;Nordeste;5218;False
2901007;Amargosa;Amargosa (BA);BA;Nordeste;36521;True
2901106;Amélia Rodrigues;Amélia Rodrigues (BA);BA;Nordeste;24138;True
2901155;América Dourada;América Dourada (BA);BA;Nordeste;15137;True
2901205;Anagé;Anagé (BA);BA;Nordeste;25438;True
2901304;Andaraí;Andaraí (BA);BA;Nordeste;13080;True
2901353;Andorinha;Andorinha (BA);BA;Nordeste;15012;True
2901403;Angical;Angical (BA);BA;Nordeste;13732;False
2901502;Anguera;Anguera (BA);BA;Nordeste;11031;True
2901601;Antas;Antas (BA);BA;Nordeste;14206;True
2901700;Antônio Cardoso;Antônio Cardoso (BA);BA;Nordeste;11146;False
2901809;Antônio Gonçalves;Antônio Gonçalves (BA);BA;Nordeste;10862;True
2901908;Aporá;Aporá (BA);BA;Nordeste;15922;True
2901957;Apuarema;Apuarema (BA);BA;Nordeste;6913;False
2902005;Aracatu;Aracatu (BA);BA;Nordeste;13936;True
2902054;Araçás;Araçás (BA);BA;Nordeste;11557;True
2902104;Araci;Araci (BA);BA;Nordeste;48294;True
2902203;Aramari;Aramari (BA);BA;Nordeste;9833;True
2902252;Arataca;Arataca (BA);BA;Nordeste;10191;True
2902302;Aratuípe;Aratuípe (BA);BA;Nordeste;8677;True
2902401;Aurelino Leal;Aurelino Leal (BA);BA;Nordeste;11179;True
2902500;Baianópolis;Baianópolis (BA);BA;Nordeste;13614;True
2902609;Baixa Grande;Baixa Grande (BA);BA;Nordeste;18220;True
2902658;Banzaê;Banzaê (BA);BA;Nordeste;11958;True
2902708;Barra;Barra (BA);BA;Nordeste;51092;True
2902807;Barra da Estiva;Barra da Estiva (BA);BA;Nordeste;26026;True
2902906;Barra do Choça;Barra do Choça (BA);BA;Nordeste;36539;True
2903003;Barra do Mendes;Barra do Mendes (BA);BA;Nordeste;13836;True
2903102;Barra do Rocha;Barra do Rocha (BA);BA;Nordeste;5775;True
2903201;Barreiras;Barreiras (BA);BA;Nordeste;159734;True
2903235;Barro Alto;Barro Alto (BA);BA;Nordeste;13453;False
2903276;Barrocas;Barrocas (BA);BA;Nordeste;15203;True
2903300;Barro Preto;Barro Preto (BA);BA;Nordeste;5833;False
2903409;Belmonte;Belmonte (BA);BA;Nordeste;20121;True
2903508;Belo Campo;Belo Campo (BA);BA;Nordeste;18412;True
2903607;Biritinga;Biritinga (BA);BA;Nordeste;15146;True
2903706;Boa Nova;Boa Nova (BA);BA;Nordeste;13690;True
2903805;Boa Vista do Tupim;Boa Vista do Tupim (BA);BA;Nordeste;16873;True
2903904;Bom Jesus da Lapa;Bom Jesus da Lapa (BA);BA;Nordeste;65550;True
2903953;Bom Jesus da Serra;Bom Jesus da Serra (BA);BA;Nordeste;9730;True
2904001;Boninal;Boninal (BA);BA;Nordeste;13622;True
2904050;Bonito;Bonito (BA);BA;Nordeste;15844;True
2904100;Boquira;Boquira (BA);BA;Nordeste;19322;True
2904209;Botuporã;Botuporã (BA);BA;Nordeste;11024;False
2904308;Brejões;Brejões (BA);BA;Nordeste;12943;True
2904407;Brejolândia;Brejolândia (BA);BA;Nordeste;9108;True
2904506;Brotas de Macaúbas;Brotas de Macaúbas (BA);BA;Nordeste;11765;True
2904605;Brumado;Brumado (BA);BA;Nordeste;70510;True
2904704;Buerarema;Buerarema (BA);BA;Nordeste;14804;True
2904753;Buritirama;Buritirama (BA);BA;Nordeste;19589;False
2904803;Caatiba;Caatiba (BA);BA;Nordeste;6205;False
2904852;Cabaceiras do Paraguaçu;Cabaceiras do Paraguaçu (BA);BA;Nordeste;16559;True
2904902;Cachoeira;Cachoeira (BA);BA;Nordeste;29250;True
2905008;Caculé;Caculé (BA);BA;Nordeste;22462;True
2905107;Caém;Caém (BA);BA;Nordeste;10384;True
2905156;Caetanos;Caetanos (BA);BA;Nordeste;11266;False
2905206;Caetité;Caetité (BA);BA;Nordeste;52012;True
2905305;Cafarnaum;Cafarnaum (BA);BA;Nordeste;17466;True
2905404;Cairu;Cairu (BA);BA;Nordeste;17761;True
2905503;Caldeirão Grande;Caldeirão Grande (BA);BA;Nordeste;13080;True
2905602;Camacan;Camacan (BA);BA;Nordeste;22579;True
2905701;Camaçari;Camaçari (BA);BA;Nordeste;300372;True
2905800;Camamu;Camamu (BA);BA;Nordeste;30469;True
2905909;Campo Alegre de Lourdes;Campo Alegre de Lourdes (BA);BA;Nordeste;30671;True
2906006;Campo Formoso;Campo Formoso (BA);BA;Nordeste;71377;True
2906105;Canápolis;Canápolis (BA);BA;Nordeste;10225;True
2906204;Canarana;Canarana (BA);BA;Nordeste;24206;True
2906303;Canavieiras;Canavieiras (BA);BA;Nordeste;32683;True
2906402;Candeal;Candeal (BA);BA;Nordeste;7772;False
2906501;Candeias;Candeias (BA);BA;Nordeste;72382;True
2906600;Candiba;Candiba (BA);BA;Nordeste;13016;True
2906709;Cândido Sales;Cândido Sales (BA);BA;Nordeste;25247;True
2906808;Cansanção;Cansanção (BA);BA;Nordeste;37439;True
2906824;Canudos;Canudos (BA);BA;Nordeste;16105;True
2906857;Capela do Alto Alegre;Capela do Alto Alegre (BA);BA;Nordeste;10744;False
2906873;Capim Grosso;Capim Grosso (BA);BA;Nordeste;33235;True
2906899;Caraíbas;Caraíbas (BA);BA;Nordeste;9940;False
2906907;Caravelas;Caravelas (BA);BA;Nordeste;20580;True
2907004;Cardeal da Silva;Cardeal da Silva (BA);BA;Nordeste;8365;False
2907103;Carinhanha;Carinhanha (BA);BA;Nordeste;28869;True
2907202;Casa Nova;Casa Nova (BA);BA;Nordeste;72086;True
2907301;Castro Alves;Castro Alves (BA);BA;Nordeste;24712;True
2907400;Catolândia;Catolândia (BA);BA;Nordeste;3434;False
2907509;Catu;Catu (BA);BA;Nordeste;48148;True
2907558;Caturama;Caturama (BA);BA;Nordeste;8841;False
2907608;Central;Central (BA);BA;Nordeste;16348;True
2907707;Chorrochó;Chorrochó (BA);BA;Nordeste;10579;False
2907806;Cícero Dantas;Cícero Dantas (BA);BA;Nordeste;30907;True
2907905;Cipó;Cipó (BA);BA;Nordeste;17230;True
2908002;Coaraci;Coaraci (BA);BA;Nordeste;17333;True
2908101;Cocos;Cocos (BA);BA;Nordeste;19151;False
2908200;Conceição da Feira;Conceição da Feira (BA);BA;Nordeste;20800;True
2908309;Conceição do Almeida;Conceição do Almeida (BA);BA;Nordeste;15794;True
2908408;Conceição do Coité;Conceição do Coité (BA);BA;Nordeste;67825;True
2908507;Conceição do Jacuípe;Conceição do Jacuípe (BA);BA;Nordeste;35308;True
2908606;Conde;Conde (BA);BA;Nordeste;23654;True
2908705;Condeúba;Condeúba (BA);BA;Nordeste;17053;True
2908804;Contendas do Sincorá;Contendas do Sincorá (BA);BA;Nordeste;4333;False
2908903;Coração de Maria;Coração de Maria (BA);BA;Nordeste;26692;True
2909000;Cordeiros;Cordeiros (BA);BA;Nordeste;7546;False
2909109;Coribe;Coribe (BA);BA;Nordeste;13990;True
2909208;Coronel João Sá;Coronel João Sá (BA);BA;Nordeste;17056;False
2909307;Correntina;Correntina (BA);BA;Nordeste;32457;True
2909406;Cotegipe;Cotegipe (BA);BA;Nordeste;13063;False
2909505;Cravolândia;Cravolândia (BA);BA;Nordeste;4415;True
2909604;Crisópolis;Crisópolis (BA);BA;Nordeste;19729;True
2909703;Cristópolis;Cristópolis (BA);BA;Nordeste;13993;False
2909802;Cruz das Almas;Cruz das Almas (BA);BA;Nordeste;60348;True
2909901;Curaçá;Curaçá (BA);BA;Nordeste;34180;True
2910008;Dário Meira;Dário Meira (BA);BA;Nordeste;10820;True
2910057;Dias d'Ávila;Dias d'Ávila (BA);BA;Nordeste;71485;True
2910107;Dom Basílio;Dom Basílio (BA);BA;Nordeste;11884;False
2910206;Dom Macedo Costa;Dom Macedo Costa (BA);BA;Nordeste;4407;False
2910305;Elísio Medrado;Elísio Medrado (BA);BA;Nordeste;7808;True
2910404;Encruzilhada;Encruzilhada (BA);BA;Nordeste;19107;True
2910503;Entre Rios;Entre Rios (BA);BA;Nordeste;38098;True
2910602;Esplanada;Esplanada (BA);BA;Nordeste;32554;True
2910701;Euclides da Cunha;Euclides da Cunha (BA);BA;Nordeste;61456;True
2910727;Eunápolis;Eunápolis (BA);BA;Nordeste;113710;True
2910750;Fátima;Fátima (BA);BA;Nordeste;17895;True
2910776;Feira da Mata;Feira da Mata (BA);BA;Nordeste;5631;False
2910800;Feira de Santana;Feira de Santana (BA);BA;Nordeste;616272;True
2910859;Filadélfia;Filadélfia (BA);BA;Nordeste;17897;True
2910909;Firmino Alves;Firmino Alves (BA);BA;Nordeste;4873;False
2911006;Floresta Azul;Floresta Azul (BA);BA;Nordeste;11059;False
2911105;Formosa do Rio Preto;Formosa do Rio Preto (BA);BA;Nordeste;25899;False
2911204;Gandu;Gandu (BA);BA;Nordeste;32178;True
2911253;Gavião;Gavião (BA);BA;Nordeste;4360;False
2911303;Gentio do Ouro;Gentio do Ouro (BA);BA;Nordeste;10884;False
2911402;Glória;Glória (BA);BA;Nordeste;15524;False
2911501;Gongogi;Gongogi (BA);BA;Nordeste;5555;True
2911600;Governador Mangabeira;Governador Mangabeira (BA);BA;Nordeste;20605;True
2911659;Guajeru;Guajeru (BA);BA;Nordeste;8050;False
2911709;Guanambi;Guanambi (BA);BA;Nordeste;87817;True
2911808;Guaratinga;Guaratinga (BA);BA;Nordeste;19049;False
2911857;Heliópolis;Heliópolis (BA);BA;Nordeste;12309;True
2911907;Iaçu;Iaçu (BA);BA;Nordeste;24607;True
2912004;Ibiassucê;Ibiassucê (BA);BA;Nordeste;10429;True
2912103;Ibicaraí;Ibicaraí (BA);BA;Nordeste;21665;True
2912202;Ibicoara;Ibicoara (BA);BA;Nordeste;20785;True
2912301;Ibicuí;Ibicuí (BA);BA;Nordeste;13934;True
2912400;Ibipeba;Ibipeba (BA);BA;Nordeste;16603;True
2912509;Ibipitanga;Ibipitanga (BA);BA;Nordeste;13863;True
2912608;Ibiquera;Ibiquera (BA);BA;Nordeste;3725;False
2912707;Ibirapitanga;Ibirapitanga (BA);BA;Nordeste;25344;True
2912806;Ibirapuã;Ibirapuã (BA);BA;Nordeste;8896;True
2912905;Ibirataia;Ibirataia (BA);BA;Nordeste;18792;True
2913002;Ibitiara;Ibitiara (BA);BA;Nordeste;14637;True
2913101;Ibititá;Ibititá (BA);BA;Nordeste;16969;True
2913200;Ibotirama;Ibotirama (BA);BA;Nordeste;26309;True
2913309;Ichu;Ichu (BA);BA;Nordeste;6190;False
2913408;Igaporã;Igaporã (BA);BA;Nordeste;15527;True
2913457;Igrapiúna;Igrapiúna (BA);BA;Nordeste;13151;True
2913507;Iguaí;Iguaí (BA);BA;Nordeste;21491;True
2913606;Ilhéus;Ilhéus (BA);BA;Nordeste;178649;True
2913705;Inhambupe;Inhambupe (BA);BA;Nordeste;33790;True
2913804;Ipecaetá;Ipecaetá (BA);BA;Nordeste;13709;False
2913903;Ipiaú;Ipiaú (BA);BA;Nordeste;40706;True
2914000;Ipirá;Ipirá (BA);BA;Nordeste;56876;True
2914109;Ipupiara;Ipupiara (BA);BA;Nordeste;9935;False
2914208;Irajuba;Irajuba (BA);BA;Nordeste;6101;True
2914307;Iramaia;Iramaia (BA);BA;Nordeste;10752;True
2914406;Iraquara;Iraquara (BA);BA;Nordeste;23879;True
2914505;Irará;Irará (BA);BA;Nordeste;28043;True
2914604;Irecê;Irecê (BA);BA;Nordeste;74507;True
2914653;Itabela;Itabela (BA);BA;Nordeste;28165;True
2914703;Itaberaba;Itaberaba (BA);BA;Nordeste;65073;True
2914802;Itabuna;Itabuna (BA);BA;Nordeste;186708;True
2914901;Itacaré;Itacaré (BA);BA;Nordeste;27704;True
2915007;Itaeté;Itaeté (BA);BA;Nordeste;13472;True
2915106;Itagi;Itagi (BA);BA;Nordeste;13803;True
2915205;Itagibá;Itagibá (BA);BA;Nordeste;15310;True
2915304;Itagimirim;Itagimirim (BA);BA;Nordeste;6347;False
2915353;Itaguaçu da Bahia;Itaguaçu da Bahia (BA);BA;Nordeste;12311;False
2915403;Itaju do Colônia;Itaju do Colônia (BA);BA;Nordeste;6037;True
2915502;Itajuípe;Itajuípe (BA);BA;Nordeste;18781;True
2915601;Itamaraju;Itamaraju (BA);BA;Nordeste;59605;True
2915700;Itamari;Itamari (BA);BA;Nordeste;7051;False
2915809;Itambé;Itambé (BA);BA;Nordeste;24394;True
2915908;Itanagra;Itanagra (BA);BA;Nordeste;5914;False
2916005;Itanhém;Itanhém (BA);BA;Nordeste;17813;True
2916104;Itaparica;Itaparica (BA);BA;Nordeste;19789;True
2916203;Itapé;Itapé (BA);BA;Nordeste;10341;False
2916302;Itapebi;Itapebi (BA);BA;Nordeste;9174;False
2916401;Itapetinga;Itapetinga (BA);BA;Nordeste;65897;True
2916500;Itapicuru;Itapicuru (BA);BA;Nordeste;31679;True
2916609;Itapitanga;Itapitanga (BA);BA;Nordeste;10279;True
2916708;Itaquara;Itaquara (BA);BA;Nordeste;8153;True
2916807;Itarantim;Itarantim (BA);BA;Nordeste;17052;True
2916856;Itatim;Itatim (BA);BA;Nordeste;15737;True
2916906;Itiruçu;Itiruçu (BA);BA;Nordeste;10999;True
2917003;Itiúba;Itiúba (BA);BA;Nordeste;33872;True
2917102;Itororó;Itororó (BA);BA;Nordeste;16617;True
2917201;Ituaçu;Ituaçu (BA);BA;Nordeste;17914;True
2917300;Ituberá;Ituberá (BA);BA;Nordeste;21902;True
2917334;Iuiu;Iuiu (BA);BA;Nordeste;11118;False
2917359;Jaborandi;Jaborandi (BA);BA;Nordeste;9275;True
2917409;Jacaraci;Jacaraci (BA);BA;Nordeste;14436;True
2917508;Jacobina;Jacobina (BA);BA;Nordeste;82590;True
2917607;Jaguaquara;Jaguaquara (BA);BA;Nordeste;45964;True
2917706;Jaguarari;Jaguarari (BA);BA;Nordeste;32703;True
2917805;Jaguaripe;Jaguaripe (BA);BA;Nordeste;17659;True
2917904;Jandaíra;Jandaíra (BA);BA;Nordeste;9285;False
2918001;Jequié;Jequié (BA);BA;Nordeste;158813;True
2918100;Jeremoabo;Jeremoabo (BA);BA;Nordeste;37626;True
2918209;Jiquiriçá;Jiquiriçá (BA);BA;Nordeste;13629;True
2918308;Jitaúna;Jitaúna (BA);BA;Nordeste;14355;True
2918357;João Dourado;João Dourado (BA);BA;Nordeste;24854;True
2918407;Juazeiro;Juazeiro (BA);BA;Nordeste;237821;True
2918456;Jucuruçu;Jucuruçu (BA);BA;Nordeste;9655;False
2918506;Jussara;Jussara (BA);BA;Nordeste;16354;True
2918555;Jussari;Jussari (BA);BA;Nordeste;5888;False
2918605;Jussiape;Jussiape (BA);BA;Nordeste;7379;True
2918704;Lafaiete Coutinho;Lafaiete Coutinho (BA);BA;Nordeste;4075;False
2918753;Lagoa Real;Lagoa Real (BA);BA;Nordeste;14105;False
2918803;Laje;Laje (BA);BA;Nordeste;21052;True
2918902;Lajedão;Lajedão (BA);BA;Nordeste;3845;False
2919009;Lajedinho;Lajedinho (BA);BA;Nordeste;3527;False
2919058;Lajedo do Tabocal;Lajedo do Tabocal (BA);BA;Nordeste;7494;True
2919108;Lamarão;Lamarão (BA);BA;Nordeste;9015;False
2919157;Lapão;Lapão (BA);BA;Nordeste;25736;True
2919207;Lauro de Freitas;Lauro de Freitas (BA);BA;Nordeste;203331;True
2919306;Lençóis;Lençóis (BA);BA;Nordeste;10774;True
2919405;Licínio de Almeida;Licínio de Almeida (BA);BA;Nordeste;11834;False
2919504;Livramento de Nossa Senhora;Livramento de Nossa Senhora (BA);BA;Nordeste;43903;True
2919553;Luís Eduardo Magalhães;Luís Eduardo Magalhães (BA);BA;Nordeste;107909;False
2919603;Macajuba;Macajuba (BA);BA;Nordeste;10454;True
2919702;Macarani;Macarani (BA);BA;Nordeste;21599;True
2919801;Macaúbas;Macaúbas (BA);BA;Nordeste;41859;True
2919900;Macururé;Macururé (BA);BA;Nordeste;7256;False
2919926;Madre de Deus;Madre de Deus (BA);BA;Nordeste;18504;False
2919959;Maetinga;Maetinga (BA);BA;Nordeste;6973;False
2920007;Maiquinique;Maiquinique (BA);BA;Nordeste;8731;True
2920106;Mairi;Mairi (BA);BA;Nordeste;17674;True
2920205;Malhada;Malhada (BA);BA;Nordeste;15398;True
2920304;Malhada de Pedras;Malhada de Pedras (BA);BA;Nordeste;8670;False
2920403;Manoel Vitorino;Manoel Vitorino (BA);BA;Nordeste;13860;True
2920452;Mansidão;Mansidão (BA);BA;Nordeste;13919;False
2920502;Maracás;Maracás (BA);BA;Nordeste;27620;True
2920601;Maragogipe;Maragogipe (BA);BA;Nordeste;35859;True
2920700;Maraú;Maraú (BA);BA;Nordeste;24527;True
2920809;Marcionílio Souza;Marcionílio Souza (BA);BA;Nordeste;9267;False
2920908;Mascote;Mascote (BA);BA;Nordeste;13544;True
2921005;Mata de São João;Mata de São João (BA);BA;Nordeste;42566;True
2921054;Matina;Matina (BA);BA;Nordeste;10330;True
2921104;Medeiros Neto;Medeiros Neto (BA);BA;Nordeste;22194;True
2921203;Miguel Calmon;Miguel Calmon (BA);BA;Nordeste;24661;True
2921302;Milagres;Milagres (BA);BA;Nordeste;11071;True
2921401;Mirangaba;Mirangaba (BA);BA;Nordeste;15734;False
2921450;Mirante;Mirante (BA);BA;Nordeste;10187;False
2921500;Monte Santo;Monte Santo (BA);BA;Nordeste;47780;True
2921609;Morpará;Morpará (BA);BA;Nordeste;7996;False
2921708;Morro do Chapéu;Morro do Chapéu (BA);BA;Nordeste;33594;True
2921807;Mortugaba;Mortugaba (BA);BA;Nordeste;11143;False
2921906;Mucugê;Mucugê (BA);BA;Nordeste;12137;True
2922003;Mucuri;Mucuri (BA);BA;Nordeste;37977;True
2922052;Mulungu do Morro;Mulungu do Morro (BA);BA;Nordeste;13152;False
2922102;Mundo Novo;Mundo Novo (BA);BA;Nordeste;17305;True
2922201;Muniz Ferreira;Muniz Ferreira (BA);BA;Nordeste;7190;True
2922250;Muquém do São Francisco;Muquém do São Francisco (BA);BA;Nordeste;10443;False
2922300;Muritiba;Muritiba (BA);BA;Nordeste;28707;True
2922409;Mutuípe;Mutuípe (BA);BA;Nordeste;20037;True
2922508;Nazaré;Nazaré (BA);BA;Nordeste;27060;True
2922607;Nilo Peçanha;Nilo Peçanha (BA);BA;Nordeste;12063;True
2922656;Nordestina;Nordestina (BA);BA;Nordeste;18523;True
2922706;Nova Canaã;Nova Canaã (BA);BA;Nordeste;13715;True
2922730;Nova Fátima;Nova Fátima (BA);BA;Nordeste;7967;True
2922755;Nova Ibiá;Nova Ibiá (BA);BA;Nordeste;6501;True
2922805;Nova Itarana;Nova Itarana (BA);BA;Nordeste;7780;True
2922854;Nova Redenção;Nova Redenção (BA);BA;Nordeste;7538;False
2922904;Nova Soure;Nova Soure (BA);BA;Nordeste;24236;True
2923001;Nova Viçosa;Nova Viçosa (BA);BA;Nordeste;39509;True
2923035;Novo Horizonte;Novo Horizonte (BA);BA;Nordeste;11162;True
2923050;Novo Triunfo;Novo Triunfo (BA);BA;Nordeste;10660;True
2923100;Olindina;Olindina (BA);BA;Nordeste;22633;True
2923209;Oliveira dos Brejinhos;Oliveira dos Brejinhos (BA);BA;Nordeste;20715;True
2923308;Ouriçangas;Ouriçangas (BA);BA;Nordeste;7716;True
2923357;Ourolândia;Ourolândia (BA);BA;Nordeste;19243;True
2923407;Palmas de Monte Alto;Palmas de Monte Alto (BA);BA;Nordeste;20078;True
2923506;Palmeiras;Palmeiras (BA);BA;Nordeste;10339;False
2923605;Paramirim;Paramirim (BA);BA;Nordeste;20351;True
2923704;Paratinga;Paratinga (BA);BA;Nordeste;29252;True
2923803;Paripiranga;Paripiranga (BA);BA;Nordeste;26604;False
2923902;Pau Brasil;Pau Brasil (BA);BA;Nordeste;9370;True
2924009;Paulo Afonso;Paulo Afonso (BA);BA;Nordeste;112870;True
2924058;Pé de Serra;Pé de Serra (BA);BA;Nordeste;13243;False
2924108;Pedrão;Pedrão (BA);BA;Nordeste;6235;False
2924207;Pedro Alexandre;Pedro Alexandre (BA);BA;Nordeste;13954;False
2924306;Piatã;Piatã (BA);BA;Nordeste;20086;True
2924405;Pilão Arcado;Pilão Arcado (BA);BA;Nordeste;35357;False
2924504;Pindaí;Pindaí (BA);BA;Nordeste;14731;True
2924603;Pindobaçu;Pindobaçu (BA);BA;Nordeste;19083;True
2924652;Pintadas;Pintadas (BA);BA;Nordeste;10325;True
2924678;Piraí do Norte;Piraí do Norte (BA);BA;Nordeste;10974;False
2924702;Piripá;Piripá (BA);BA;Nordeste;9152;False
2924801;Piritiba;Piritiba (BA);BA;Nordeste;17566;True
2924900;Planaltino;Planaltino (BA);BA;Nordeste;8022;True
2925006;Planalto;Planalto (BA);BA;Nordeste;23334;True
2925105;Poções;Poções (BA);BA;Nordeste;48293;True
2925204;Pojuca;Pojuca (BA);BA;Nordeste;32136;True
2925253;Ponto Novo;Ponto Novo (BA);BA;Nordeste;17938;True
2925303;Porto Seguro;Porto Seguro (BA);BA;Nordeste;168326;True
2925402;Potiraguá;Potiraguá (BA);BA;Nordeste;10274;True
2925501;Prado;Prado (BA);BA;Nordeste;35003;True
2925600;Presidente Dutra;Presidente Dutra (BA);BA;Nordeste;15130;False
2925709;Presidente Jânio Quadros;Presidente Jânio Quadros (BA);BA;Nordeste;12621;False
2925758;Presidente Tancredo Neves;Presidente Tancredo Neves (BA);BA;Nordeste;27734;True
2925808;Queimadas;Queimadas (BA);BA;Nordeste;25988;True
2925907;Quijingue;Quijingue (BA);BA;Nordeste;25272;True
2925931;Quixabeira;Quixabeira (BA);BA;Nordeste;9461;True
2925956;Rafael Jambeiro;Rafael Jambeiro (BA);BA;Nordeste;19662;True
2926004;Remanso;Remanso (BA);BA;Nordeste;40586;True
2926103;Retirolândia;Retirolândia (BA);BA;Nordeste;13651;True
2926202;Riachão das Neves;Riachão das Neves (BA);BA;Nordeste;21642;True
2926301;Riachão do Jacuípe;Riachão do Jacuípe (BA);BA;Nordeste;33386;True
2926400;Riacho de Santana;Riacho de Santana (BA);BA;Nordeste;30711;True
2926509;Ribeira do Amparo;Ribeira do Amparo (BA);BA;Nordeste;13841;True
2926608;Ribeira do Pombal;Ribeira do Pombal (BA);BA;Nordeste;54010;True
2926657;Ribeirão do Largo;Ribeirão do Largo (BA);BA;Nordeste;9740;True
2926707;Rio de Contas;Rio de Contas (BA);BA;Nordeste;13184;True
2926806;Rio do Antônio;Rio do Antônio (BA);BA;Nordeste;13146;False
2926905;Rio do Pires;Rio do Pires (BA);BA;Nordeste;10497;True
2927002;Rio Real;Rio Real (BA);BA;Nordeste;35362;True
2927101;Rodelas;Rodelas (BA);BA;Nordeste;10308;False
2927200;Ruy Barbosa;Ruy Barbosa (BA);BA;Nordeste;28282;True
2927309;Salinas da Margarida;Salinas da Margarida (BA);BA;Nordeste;14987;True
2927408;Salvador;Salvador (BA);BA;Nordeste;2417678;True
2927507;Santa Bárbara;Santa Bárbara (BA);BA;Nordeste;20952;False
2927606;Santa Brígida;Santa Brígida (BA);BA;Nordeste;14965;True
2927705;Santa Cruz Cabrália;Santa Cruz Cabrália (BA);BA;Nordeste;29185;True
2927804;Santa Cruz da Vitória;Santa Cruz da Vitória (BA);BA;Nordeste;4681;False
2927903;Santa Inês;Santa Inês (BA);BA;Nordeste;10300;True
2928000;Santaluz;Santaluz (BA);BA;Nordeste;37834;True
2928059;Santa Luzia;Santa Luzia (BA);BA;Nordeste;13896;True
2928109;Santa Maria da Vitória;Santa Maria da Vitória (BA);BA;Nordeste;38604;True
2928208;Santana;Santana (BA);BA;Nordeste;24755;True
2928307;Santanópolis;Santanópolis (BA);BA;Nordeste;8716;False
2928406;Santa Rita de Cássia;Santa Rita de Cássia (BA);BA;Nordeste;27390;True
2928505;Santa Terezinha;Santa Terezinha (BA);BA;Nordeste;10441;True
2928604;Santo Amaro;Santo Amaro (BA);BA;Nordeste;56012;True
2928703;Santo Antônio de Jesus;Santo Antônio de Jesus (BA);BA;Nordeste;103055;True
2928802;Santo Estêvão;Santo Estêvão (BA);BA;Nordeste;52276;True
2928901;São Desidério;São Desidério (BA);BA;Nordeste;32828;True
2928950;São Domingos;São Domingos (BA);BA;Nordeste;8426;True
2929008;São Félix;São Félix (BA);BA;Nordeste;11026;True
2929057;São Félix do Coribe;São Félix do Coribe (BA);BA;Nordeste;15194;True
2929107;São Felipe;São Felipe (BA);BA;Nordeste;20283;True
2929206;São Francisco do Conde;São Francisco do Conde (BA);BA;Nordeste;38733;True
2929255;São Gabriel;São Gabriel (BA);BA;Nordeste;18600;True
2929305;São Gonçalo dos Campos;São Gonçalo dos Campos (BA);BA;Nordeste;39513;True
2929354;São José da Vitória;São José da Vitória (BA);BA;Nordeste;5315;True
2929370;São José do Jacuípe;São José do Jacuípe (BA);BA;Nordeste;10187;False
2929404;São Miguel das Matas;São Miguel das Matas (BA);BA;Nordeste;10334;True
2929503;São Sebastião do Passé;São Sebastião do Passé (BA);BA;Nordeste;40958;True
2929602;Sapeaçu;Sapeaçu (BA);BA;Nordeste;17963;True
2929701;Sátiro Dias;Sátiro Dias (BA);BA;Nordeste;16008;False
2929750;Saubara;Saubara (BA);BA;Nordeste;11438;False
2929800;Saúde;Saúde (BA);BA;Nordeste;10478;True
2929909;Seabra;Seabra (BA);BA;Nordeste;46160;True
2930006;Sebastião Laranjeiras;Sebastião Laranjeiras (BA);BA;Nordeste;9360;False
2930105;Senhor do Bonfim;Senhor do Bonfim (BA);BA;Nordeste;74523;True
2930154;Serra do Ramalho;Serra do Ramalho (BA);BA;Nordeste;34222;True
2930204;Sento Sé;Sento Sé (BA);BA;Nordeste;38154;True
2930303;Serra Dourada;Serra Dourada (BA);BA;Nordeste;17066;True
2930402;Serra Preta;Serra Preta (BA);BA;Nordeste;17996;True
2930501;Serrinha;Serrinha (BA);BA;Nordeste;80435;True
2930600;Serrolândia;Serrolândia (BA);BA;Nordeste;13335;True
2930709;Simões Filho;Simões Filho (BA);BA;Nordeste;114559;True
2930758;Sítio do Mato;Sítio do Mato (BA);BA;Nordeste;13408;True
2930766;Sítio do Quinto;Sítio do Quinto (BA);BA;Nordeste;14773;True
2930774;Sobradinho;Sobradinho (BA);BA;Nordeste;25475;True
2930808;Souto Soares;Souto Soares (BA);BA;Nordeste;17054;True
2930907;Tabocas do Brejo Velho;Tabocas do Brejo Velho (BA);BA;Nordeste;11979;True
2931004;Tanhaçu;Tanhaçu (BA);BA;Nordeste;21006;False
2931053;Tanque Novo;Tanque Novo (BA);BA;Nordeste;17158;True
2931103;Tanquinho;Tanquinho (BA);BA;Nordeste;7717;False
2931202;Taperoá;Taperoá (BA);BA;Nordeste;18044;True
2931301;Tapiramutá;Tapiramutá (BA);BA;Nordeste;15818;True
2931350;Teixeira de Freitas;Teixeira de Freitas (BA);BA;Nordeste;145216;True
2931400;Teodoro Sampaio;Teodoro Sampaio (BA);BA;Nordeste;7110;False
2931509;Teofilândia;Teofilândia (BA);BA;Nordeste;21176;True
2931608;Teolândia;Teolândia (BA);BA;Nordeste;15332;True
2931707;Terra Nova;Terra Nova (BA);BA;Nordeste;10798;False
2931806;Tremedal;Tremedal (BA);BA;Nordeste;16296;True
2931905;Tucano;Tucano (BA);BA;Nordeste;48736;True
2932002;Uauá;Uauá (BA);BA;Nordeste;24665;True
2932101;Ubaíra;Ubaíra (BA);BA;Nordeste;18626;True
2932200;Ubaitaba;Ubaitaba (BA);BA;Nordeste;17596;True
2932309;Ubatã;Ubatã (BA);BA;Nordeste;16094;True
2932408;Uibaí;Uibaí (BA);BA;Nordeste;13432;True
2932457;Umburanas;Umburanas (BA);BA;Nordeste;13642;False
2932507;Una;Una (BA);BA;Nordeste;18131;False
2932606;Urandi;Urandi (BA);BA;Nordeste;15355;True
2932705;Uruçuca;Uruçuca (BA);BA;Nordeste;21420;True
2932804;Utinga;Utinga (BA);BA;Nordeste;16277;True
2932903;Valença;Valença (BA);BA;Nordeste;85655;True
2933000;Valente;Valente (BA);BA;Nordeste;24362;True
2933059;Várzea da Roça;Várzea da Roça (BA);BA;Nordeste;13800;True
2933109;Várzea do Poço;Várzea do Poço (BA);BA;Nordeste;8101;True
2933158;Várzea Nova;Várzea Nova (BA);BA;Nordeste;13377;False
2933174;Varzedo;Varzedo (BA);BA;Nordeste;9913;False
2933208;Vera Cruz;Vera Cruz (BA);BA;Nordeste;42529;True
2933257;Vereda;Vereda (BA);BA;Nordeste;6003;True
2933307;Vitória da Conquista;Vitória da Conquista (BA);BA;Nordeste;370879;True
2933406;Wagner;Wagner (BA);BA;Nordeste;9503;False
2933455;Wanderley;Wanderley (BA);BA;Nordeste;12968;False
2933505;Wenceslau Guimarães;Wenceslau Guimarães (BA);BA;Nordeste;24474;True
2933604;Xique-Xique;Xique-Xique (BA);BA;Nordeste;44757;True
3100104;Abadia dos Dourados;Abadia dos Dourados (MG);MG;Sudeste;6272;False
3100203;Abaeté;Abaeté (MG);MG;Sudeste;22675;True
3100302;Abre Campo;Abre Campo (MG);MG;Sudeste;13927;True
3100401;Acaiaca;Acaiaca (MG);MG;Sudeste;3909;False
3100500;Açucena;Açucena (MG);MG;Sudeste;8943;False
3100609;Água Boa;Água Boa (MG);MG;Sudeste;12589;False
3100708;Água Comprida;Água Comprida (MG);MG;Sudeste;2108;False
3100807;Aguanil;Aguanil (MG);MG;Sudeste;4357;False
3100906;Águas Formosas;Águas Formosas (MG);MG;Sudeste;18448;True
3101003;Águas Vermelhas;Águas Vermelhas (MG);MG;Sudeste;14037;True
3101102;Aimorés;Aimorés (MG);MG;Sudeste;25269;True
3101201;Aiuruoca;Aiuruoca (MG);MG;Sudeste;6233;True
3101300;Alagoa;Alagoa (MG);MG;Sudeste;2749;False
3101409;Albertina;Albertina (MG);MG;Sudeste;2952;False
3101508;Além Paraíba;Além Paraíba (MG);MG;Sudeste;30717;True
3101607;Alfenas;Alfenas (MG);MG;Sudeste;78970;True
3101631;Alfredo Vasconcelos;Alfredo Vasconcelos (MG);MG;Sudeste;6931;False
3101706;Almenara;Almenara (MG);MG;Sudeste;40364;True
3101805;Alpercata;Alpercata (MG);MG;Sudeste;6903;False
3101904;Alpinópolis;Alpinópolis (MG);MG;Sudeste;18300;True
3102001;Alterosa;Alterosa (MG);MG;Sudeste;13915;True
3102050;Alto Caparaó;Alto Caparaó (MG);MG;Sudeste;5795;True
3102100;Alto Rio Doce;Alto Rio Doce (MG);MG;Sudeste;10891;True
3102209;Alvarenga;Alvarenga (MG);MG;Sudeste;3975;False
3102308;Alvinópolis;Alvinópolis (MG);MG;Sudeste;15059;True
3102407;Alvorada de Minas;Alvorada de Minas (MG);MG;Sudeste;4159;True
3102506;Amparo do Serra;Amparo do Serra (MG);MG;Sudeste;4541;False
3102605;Andradas;Andradas (MG);MG;Sudeste;40553;True
3102704;Cachoeira de Pajeú;Cachoeira de Pajeú (MG);MG;Sudeste;9110;True
3102803;Andrelândia;Andrelândia (MG);MG;Sudeste;11927;False
3102852;Angelândia;Angelândia (MG);MG;Sudeste;7718;False
3102902;Antônio Carlos;Antônio Carlos (MG);MG;Sudeste;11095;True
3103009;Antônio Dias;Antônio Dias (MG);MG;Sudeste;9219;True
3103108;Antônio Prado de Minas;Antônio Prado de Minas (MG);MG;Sudeste;1538;False
3103207;Araçaí;Araçaí (MG);MG;Sudeste;2181;True
3103306;Aracitaba;Aracitaba (MG);MG;Sudeste;2049;False
3103405;Araçuaí;Araçuaí (MG);MG;Sudeste;34297;True
3103504;Araguari;Araguari (MG);MG;Sudeste;117808;True
3103603;Arantina;Arantina (MG);MG;Sudeste;2915;False
3103702;Araponga;Araponga (MG);MG;Sudeste;8048;False
3103751;Araporã;Araporã (MG);MG;Sudeste;8479;False
3103801;Arapuá;Arapuá (MG);MG;Sudeste;2631;False
3103900;Araújos;Araújos (MG);MG;Sudeste;9199;False
3104007;Araxá;Araxá (MG);MG;Sudeste;111691;True
3104106;Arceburgo;Arceburgo (MG);MG;Sudeste;9177;False
3104205;Arcos;Arcos (MG);MG;Sudeste;41416;True
3104304;Areado;Areado (MG);MG;Sudeste;13881;True
3104403;Argirita;Argirita (MG);MG;Sudeste;2688;False
3104452;Aricanduva;Aricanduva (MG);MG;Sudeste;4719;False
3104502;Arinos;Arinos (MG);MG;Sudeste;17272;True
3104601;Astolfo Dutra;Astolfo Dutra (MG);MG;Sudeste;14138;True
3104700;Ataléia;Ataléia (MG);MG;Sudeste;13736;True
3104809;Augusto de Lima;Augusto de Lima (MG);MG;Sudeste;4538;False
3104908;Baependi;Baependi (MG);MG;Sudeste;18366;True
3105004;Baldim;Baldim (MG);MG;Sudeste;7492;False
3105103;Bambuí;Bambuí (MG);MG;Sudeste;23546;True
3105202;Bandeira;Bandeira (MG);MG;Sudeste;4741;False
3105301;Bandeira do Sul;Bandeira do Sul (MG);MG;Sudeste;5943;False
3105400;Barão de Cocais;Barão de Cocais (MG);MG;Sudeste;30778;True
3105509;Barão do Monte Alto;Barão do Monte Alto (MG);MG;Sudeste;4964;True
3105608;Barbacena;Barbacena (MG);MG;Sudeste;125317;True
3105707;Barra Longa;Barra Longa (MG);MG;Sudeste;5666;False
3105905;Barroso;Barroso (MG);MG;Sudeste;20080;True
3106002;Bela Vista de Minas;Bela Vista de Minas (MG);MG;Sudeste;10167;True
3106101;Belmiro Braga;Belmiro Braga (MG);MG;Sudeste;3244;False
3106200;Belo Horizonte;Belo Horizonte (MG);MG;Sudeste;2315560;True
3106309;Belo Oriente;Belo Oriente (MG);MG;Sudeste;23928;True
3106408;Belo Vale;Belo Vale (MG);MG;Sudeste;8627;True
3106507;Berilo;Berilo (MG);MG;Sudeste;9826;True
3106606;Bertópolis;Bertópolis (MG);MG;Sudeste;4451;False
3106655;Berizal;Berizal (MG);MG;Sudeste;4201;False
3106705;Betim;Betim (MG);MG;Sudeste;411846;True
3106804;Bias Fortes;Bias Fortes (MG);MG;Sudeste;3361;False
3106903;Bicas;Bicas (MG);MG;Sudeste;13978;True
3107000;Biquinhas;Biquinhas (MG);MG;Sudeste;2383;False
3107109;Boa Esperança;Boa Esperança (MG);MG;Sudeste;39848;True
3107208;Bocaina de Minas;Bocaina de Minas (MG);MG;Sudeste;5348;False
3107307;Bocaiúva;Bocaiúva (MG);MG;Sudeste;48032;True
3107406;Bom Despacho;Bom Despacho (MG);MG;Sudeste;51737;True
3107505;Bom Jardim de Minas;Bom Jardim de Minas (MG);MG;Sudeste;6783;True
3107604;Bom Jesus da Penha;Bom Jesus da Penha (MG);MG;Sudeste;4474;False
3107703;Bom Jesus do Amparo;Bom Jesus do Amparo (MG);MG;Sudeste;5631;False
3107802;Bom Jesus do Galho;Bom Jesus do Galho (MG);MG;Sudeste;14536;True
3107901;Bom Repouso;Bom Repouso (MG);MG;Sudeste;12649;False
3108008;Bom Sucesso;Bom Sucesso (MG);MG;Sudeste;17151;True
3108107;Bonfim;Bonfim (MG);MG;Sudeste;7434;False
3108206;Bonfinópolis de Minas;Bonfinópolis de Minas (MG);MG;Sudeste;5528;False
3108255;Bonito de Minas;Bonito de Minas (MG);MG;Sudeste;10204;False
3108305;Borda da Mata;Borda da Mata (MG);MG;Sudeste;17404;True
3108404;Botelhos;Botelhos (MG);MG;Sudeste;14828;True
3108503;Botumirim;Botumirim (MG);MG;Sudeste;5790;True
3108552;Brasilândia de Minas;Brasilândia de Minas (MG);MG;Sudeste;15020;False
3108602;Brasília de Minas;Brasília de Minas (MG);MG;Sudeste;32025;True
3108701;Brás Pires;Brás Pires (MG);MG;Sudeste;4260;True
3108800;Braúnas;Braúnas (MG);MG;Sudeste;4441;False
3108909;Brazópolis;Brazópolis (MG);MG;Sudeste;14246;True
3109006;Brumadinho;Brumadinho (MG);MG;Sudeste;38915;True
3109105;Bueno Brandão;Bueno Brandão (MG);MG;Sudeste;10911;True
3109204;Buenópolis;Buenópolis (MG);MG;Sudeste;9150;False
3109253;Bugre;Bugre (MG);MG;Sudeste;4041;False
3109303;Buritis;Buritis (MG);MG;Sudeste;24030;True
3109402;Buritizeiro;Buritizeiro (MG);MG;Sudeste;23910;True
3109451;Cabeceira Grande;Cabeceira Grande (MG);MG;Sudeste;6627;False
3109501;Cabo Verde;Cabo Verde (MG);MG;Sudeste;11410;True
3109600;Cachoeira da Prata;Cachoeira da Prata (MG);MG;Sudeste;3693;False
3109709;Cachoeira de Minas;Cachoeira de Minas (MG);MG;Sudeste;11883;False
3109808;Cachoeira Dourada;Cachoeira Dourada (MG);MG;Sudeste;2315;False
3109907;Caetanópolis;Caetanópolis (MG);MG;Sudeste;11435;True
3110004;Caeté;Caeté (MG);MG;Sudeste;38776;True
3110103;Caiana;Caiana (MG);MG;Sudeste;5304;False
3110202;Cajuri;Cajuri (MG);MG;Sudeste;4088;False
3110301;Caldas;Caldas (MG);MG;Sudeste;14217;True
3110400;Camacho;Camacho (MG);MG;Sudeste;2838;False
3110509;Camanducaia;Camanducaia (MG);MG;Sudeste;26097;True
3110608;Cambuí;Cambuí (MG);MG;Sudeste;29536;True
3110707;Cambuquira;Cambuquira (MG);MG;Sudeste;12313;True
3110806;Campanário;Campanário (MG);MG;Sudeste;2923;False
3110905;Campanha;Campanha (MG);MG;Sudeste;15935;False
3111002;Campestre;Campestre (MG);MG;Sudeste;20696;True
3111101;Campina Verde;Campina Verde (MG);MG;Sudeste;18011;True
3111150;Campo Azul;Campo Azul (MG);MG;Sudeste;3714;False
3111200;Campo Belo;Campo Belo (MG);MG;Sudeste;52277;True
3111309;Campo do Meio;Campo do Meio (MG);MG;Sudeste;11377;True
3111408;Campo Florido;Campo Florido (MG);MG;Sudeste;8466;False
3111507;Campos Altos;Campos Altos (MG);MG;Sudeste;12979;True
3111606;Campos Gerais;Campos Gerais (MG);MG;Sudeste;26105;True
3111705;Canaã;Canaã (MG);MG;Sudeste;4715;False
3111804;Canápolis;Canápolis (MG);MG;Sudeste;10608;True
3111903;Cana Verde;Cana Verde (MG);MG;Sudeste;5272;False
3112000;Candeias;Candeias (MG);MG;Sudeste;14001;True
3112059;Cantagalo;Cantagalo (MG);MG;Sudeste;3974;False
3112109;Caparaó;Caparaó (MG);MG;Sudeste;5048;True
3112208;Capela Nova;Capela Nova (MG);MG;Sudeste;4362;False
3112307;Capelinha;Capelinha (MG);MG;Sudeste;39626;True
3112406;Capetinga;Capetinga (MG);MG;Sudeste;6562;True
3112505;Capim Branco;Capim Branco (MG);MG;Sudeste;10663;True
3112604;Capinópolis;Capinópolis (MG);MG;Sudeste;14655;True
3112653;Capitão Andrade;Capitão Andrade (MG);MG;Sudeste;4585;False
3112703;Capitão Enéas;Capitão Enéas (MG);MG;Sudeste;14108;False
3112802;Capitólio;Capitólio (MG);MG;Sudeste;10380;True
3112901;Caputira;Caputira (MG);MG;Sudeste;8936;False
3113008;Caraí;Caraí (MG);MG;Sudeste;19548;True
3113107;Caranaíba;Caranaíba (MG);MG;Sudeste;2933;False
3113206;Carandaí;Carandaí (MG);MG;Sudeste;23812;True
3113305;Carangola;Carangola (MG);MG;Sudeste;31240;True
3113404;Caratinga;Caratinga (MG);MG;Sudeste;87360;True
3113503;Carbonita;Carbonita (MG);MG;Sudeste;8512;True
3113602;Careaçu;Careaçu (MG);MG;Sudeste;6816;True
3113701;Carlos Chagas;Carlos Chagas (MG);MG;Sudeste;18615;True
3113800;Carmésia;Carmésia (MG);MG;Sudeste;2605;False
3113909;Carmo da Cachoeira;Carmo da Cachoeira (MG);MG;Sudeste;11547;True
3114006;Carmo da Mata;Carmo da Mata (MG);MG;Sudeste;11019;False
3114105;Carmo de Minas;Carmo de Minas (MG);MG;Sudeste;13797;True
3114204;Carmo do Cajuru;Carmo do Cajuru (MG);MG;Sudeste;23479;True
3114303;Carmo do Paranaíba;Carmo do Paranaíba (MG);MG;Sudeste;29011;True
3114402;Carmo do Rio Claro;Carmo do Rio Claro (MG);MG;Sudeste;20954;True
3114501;Carmópolis de Minas;Carmópolis de Minas (MG);MG;Sudeste;18003;True
3114550;Carneirinho;Carneirinho (MG);MG;Sudeste;9422;False
3114600;Carrancas;Carrancas (MG);MG;Sudeste;4049;False
3114709;Carvalhópolis;Carvalhópolis (MG);MG;Sudeste;3341;True
3114808;Carvalhos;Carvalhos (MG);MG;Sudeste;4422;False
3114907;Casa Grande;Casa Grande (MG);MG;Sudeste;2214;False
3115003;Cascalho Rico;Cascalho Rico (MG);MG;Sudeste;2712;False
3115102;Cássia;Cássia (MG);MG;Sudeste;17155;True
3115201;Conceição da Barra de Minas;Conceição da Barra de Minas (MG);MG;Sudeste;3560;False
3115300;Cataguases;Cataguases (MG);MG;Sudeste;66261;True
3115359;Catas Altas;Catas Altas (MG);MG;Sudeste;5473;False
3115409;Catas Altas da Noruega;Catas Altas da Noruega (MG);MG;Sudeste;3110;False
3115458;Catuji;Catuji (MG);MG;Sudeste;7030;True
3115474;Catuti;Catuti (MG);MG;Sudeste;4739;False
3115508;Caxambu;Caxambu (MG);MG;Sudeste;21056;True
3115607;Cedro do Abaeté;Cedro do Abaeté (MG);MG;Sudeste;1081;False
3115706;Central de Minas;Central de Minas (MG);MG;Sudeste;6171;True
3115805;Centralina;Centralina (MG);MG;Sudeste;10207;True
3115904;Chácara;Chácara (MG);MG;Sudeste;3075;False
3116001;Chalé;Chalé (MG);MG;Sudeste;6075;False
3116100;Chapada do Norte;Chapada do Norte (MG);MG;Sudeste;10337;True
3116159;Chapada Gaúcha;Chapada Gaúcha (MG);MG;Sudeste;12355;False
3116209;Chiador;Chiador (MG);MG;Sudeste;2800;False
3116308;Cipotânea;Cipotânea (MG);MG;Sudeste;5581;True
3116407;Claraval;Claraval (MG);MG;Sudeste;4658;False
3116506;Claro dos Poções;Claro dos Poções (MG);MG;Sudeste;7166;True
3116605;Cláudio;Cláudio (MG);MG;Sudeste;30159;True
3116704;Coimbra;Coimbra (MG);MG;Sudeste;7117;True
3116803;Coluna;Coluna (MG);MG;Sudeste;8163;True
3116902;Comendador Gomes;Comendador Gomes (MG);MG;Sudeste;2773;False
3117009;Comercinho;Comercinho (MG);MG;Sudeste;6660;True
3117108;Conceição da Aparecida;Conceição da Aparecida (MG);MG;Sudeste;10371;True
3117207;Conceição das Pedras;Conceição das Pedras (MG);MG;Sudeste;2772;False
3117306;Conceição das Alagoas;Conceição das Alagoas (MG);MG;Sudeste;28381;True
3117405;Conceição de Ipanema;Conceição de Ipanema (MG);MG;Sudeste;4409;False
3117504;Conceição do Mato Dentro;Conceição do Mato Dentro (MG);MG;Sudeste;23163;True
3117603;Conceição do Pará;Conceição do Pará (MG);MG;Sudeste;5415;False
3117702;Conceição do Rio Verde;Conceição do Rio Verde (MG);MG;Sudeste;12541;True
3117801;Conceição dos Ouros;Conceição dos Ouros (MG);MG;Sudeste;10880;True
3117836;Cônego Marinho;Cônego Marinho (MG);MG;Sudeste;7237;False
3117876;Confins;Confins (MG);MG;Sudeste;7350;False
3117900;Congonhal;Congonhal (MG);MG;Sudeste;11083;True
3118007;Congonhas;Congonhas (MG);MG;Sudeste;52890;True
3118106;Congonhas do Norte;Congonhas do Norte (MG);MG;Sudeste;4831;False
3118205;Conquista;Conquista (MG);MG;Sudeste;6694;False
3118304;Conselheiro Lafaiete;Conselheiro Lafaiete (MG);MG;Sudeste;131621;True
3118403;Conselheiro Pena;Conselheiro Pena (MG);MG;Sudeste;20824;True
3118502;Consolação;Consolação (MG);MG;Sudeste;1563;False
3118601;Contagem;Contagem (MG);MG;Sudeste;621863;True
3118700;Coqueiral;Coqueiral (MG);MG;Sudeste;9023;True
3118809;Coração de Jesus;Coração de Jesus (MG);MG;Sudeste;25377;True
3118908;Cordisburgo;Cordisburgo (MG);MG;Sudeste;7547;False
3119005;Cordislândia;Cordislândia (MG);MG;Sudeste;3200;True
3119104;Corinto;Corinto (MG);MG;Sudeste;23532;True
3119203;Coroaci;Coroaci (MG);MG;Sudeste;10884;True
3119302;Coromandel;Coromandel (MG);MG;Sudeste;28894;True
3119401;Coronel Fabriciano;Coronel Fabriciano (MG);MG;Sudeste;104736;True
3119500;Coronel Murta;Coronel Murta (MG);MG;Sudeste;8200;False
3119609;Coronel Pacheco;Coronel Pacheco (MG);MG;Sudeste;2762;False
3119708;Coronel Xavier Chaves;Coronel Xavier Chaves (MG);MG;Sudeste;3486;True
3119807;Córrego Danta;Córrego Danta (MG);MG;Sudeste;2960;False
3119906;Córrego do Bom Jesus;Córrego do Bom Jesus (MG);MG;Sudeste;4272;False
3119955;Córrego Fundo;Córrego Fundo (MG);MG;Sudeste;6133;False
3120003;Córrego Novo;Córrego Novo (MG);MG;Sudeste;2875;False
3120102;Couto de Magalhães de Minas;Couto de Magalhães de Minas (MG);MG;Sudeste;4245;False
3120151;Crisólita;Crisólita (MG);MG;Sudeste;5265;False
3120201;Cristais;Cristais (MG);MG;Sudeste;12197;False
3120300;Cristália;Cristália (MG);MG;Sudeste;5121;False
3120409;Cristiano Otoni;Cristiano Otoni (MG);MG;Sudeste;4667;True
3120508;Cristina;Cristina (MG);MG;Sudeste;10374;True
3120607;Crucilândia;Crucilândia (MG);MG;Sudeste;5434;True
3120706;Cruzeiro da Fortaleza;Cruzeiro da Fortaleza (MG);MG;Sudeste;3521;False
3120805;Cruzília;Cruzília (MG);MG;Sudeste;15362;True
3120839;Cuparaque;Cuparaque (MG);MG;Sudeste;3983;True
3120870;Curral de Dentro;Curral de Dentro (MG);MG;Sudeste;7406;False
3120904;Curvelo;Curvelo (MG);MG;Sudeste;80665;True
3121001;Datas;Datas (MG);MG;Sudeste;5465;False
3121100;Delfim Moreira;Delfim Moreira (MG);MG;Sudeste;7952;False
3121209;Delfinópolis;Delfinópolis (MG);MG;Sudeste;8393;False
3121258;Delta;Delta (MG);MG;Sudeste;10494;False
3121308;Descoberto;Descoberto (MG);MG;Sudeste;4928;True
3121407;Desterro de Entre Rios;Desterro de Entre Rios (MG);MG;Sudeste;7653;True
3121506;Desterro do Melo;Desterro do Melo (MG);MG;Sudeste;2994;False
3121605;Diamantina;Diamantina (MG);MG;Sudeste;47702;True
3121704;Diogo de Vasconcelos;Diogo de Vasconcelos (MG);MG;Sudeste;3549;False
3121803;Dionísio;Dionísio (MG);MG;Sudeste;6847;False
3121902;Divinésia;Divinésia (MG);MG;Sudeste;4226;False
3122009;Divino;Divino (MG);MG;Sudeste;20706;True
3122108;Divino das Laranjeiras;Divino das Laranjeiras (MG);MG;Sudeste;4178;True
3122207;Divinolândia de Minas;Divinolândia de Minas (MG);MG;Sudeste;6516;True
3122306;Divinópolis;Divinópolis (MG);MG;Sudeste;231091;True
3122355;Divisa Alegre;Divisa Alegre (MG);MG;Sudeste;6321;True
3122405;Divisa Nova;Divisa Nova (MG);MG;Sudeste;5851;False
3122454;Divisópolis;Divisópolis (MG);MG;Sudeste;10213;False
3122470;Dom Bosco;Dom Bosco (MG);MG;Sudeste;3697;False
3122504;Dom Cavati;Dom Cavati (MG);MG;Sudeste;4904;True
3122603;Dom Joaquim;Dom Joaquim (MG);MG;Sudeste;4899;True
3122702;Dom Silvério;Dom Silvério (MG);MG;Sudeste;5228;True
3122801;Dom Viçoso;Dom Viçoso (MG);MG;Sudeste;3095;True
3122900;Dona Euzébia;Dona Euzébia (MG);MG;Sudeste;6093;False
3123007;Dores de Campos;Dores de Campos (MG);MG;Sudeste;10007;True
3123106;Dores de Guanhães;Dores de Guanhães (MG);MG;Sudeste;5029;True
3123205;Dores do Indaiá;Dores do Indaiá (MG);MG;Sudeste;12630;True
3123304;Dores do Turvo;Dores do Turvo (MG);MG;Sudeste;4987;False
3123403;Doresópolis;Doresópolis (MG);MG;Sudeste;1461;False
3123502;Douradoquara;Douradoquara (MG);MG;Sudeste;1829;False
3123528;Durandé;Durandé (MG);MG;Sudeste;7817;False
3123601;Elói Mendes;Elói Mendes (MG);MG;Sudeste;26336;True
3123700;Engenheiro Caldas;Engenheiro Caldas (MG);MG;Sudeste;13622;True
3123809;Engenheiro Navarro;Engenheiro Navarro (MG);MG;Sudeste;6354;False
3123858;Entre Folhas;Entre Folhas (MG);MG;Sudeste;5179;False
3123908;Entre Rios de Minas;Entre Rios de Minas (MG);MG;Sudeste;14746;True
3124005;Ervália;Ervália (MG);MG;Sudeste;20255;True
3124104;Esmeraldas;Esmeraldas (MG);MG;Sudeste;85598;True
3124203;Espera Feliz;Espera Feliz (MG);MG;Sudeste;24102;True
3124302;Espinosa;Espinosa (MG);MG;Sudeste;30443;True
3124401;Espírito Santo do Dourado;Espírito Santo do Dourado (MG);MG;Sudeste;6611;False
3124500;Estiva;Estiva (MG);MG;Sudeste;11502;True
3124609;Estrela Dalva;Estrela Dalva (MG);MG;Sudeste;2186;True
3124708;Estrela do Indaiá;Estrela do Indaiá (MG);MG;Sudeste;2772;False
3124807;Estrela do Sul;Estrela do Sul (MG);MG;Sudeste;6840;False
3124906;Eugenópolis;Eugenópolis (MG);MG;Sudeste;10801;True
3125002;Ewbank da Câmara;Ewbank da Câmara (MG);MG;Sudeste;3875;False
3125101;Extrema;Extrema (MG);MG;Sudeste;53482;True
3125200;Fama;Fama (MG);MG;Sudeste;2578;False
3125309;Faria Lemos;Faria Lemos (MG);MG;Sudeste;3188;False
3125408;Felício dos Santos;Felício dos Santos (MG);MG;Sudeste;5133;False
3125507;São Gonçalo do Rio Preto;São Gonçalo do Rio Preto (MG);MG;Sudeste;3032;False
3125606;Felisburgo;Felisburgo (MG);MG;Sudeste;6489;True
3125705;Felixlândia;Felixlândia (MG);MG;Sudeste;13978;False
3125804;Fernandes Tourinho;Fernandes Tourinho (MG);MG;Sudeste;2789;False
3125903;Ferros;Ferros (MG);MG;Sudeste;9590;True
3125952;Fervedouro;Fervedouro (MG);MG;Sudeste;10445;True
3126000;Florestal;Florestal (MG);MG;Sudeste;8045;False
3126109;Formiga;Formiga (MG);MG;Sudeste;68248;True
3126208;Formoso;Formoso (MG);MG;Sudeste;7949;False
3126307;Fortaleza de Minas;Fortaleza de Minas (MG);MG;Sudeste;3477;False
3126406;Fortuna de Minas;Fortuna de Minas (MG);MG;Sudeste;3093;False
3126505;Francisco Badaró;Francisco Badaró (MG);MG;Sudeste;7366;False
3126604;Francisco Dumont;Francisco Dumont (MG);MG;Sudeste;4503;False
3126703;Francisco Sá;Francisco Sá (MG);MG;Sudeste;23476;True
3126752;Franciscópolis;Franciscópolis (MG);MG;Sudeste;5034;False
3126802;Frei Gaspar;Frei Gaspar (MG);MG;Sudeste;5640;True
3126901;Frei Inocêncio;Frei Inocêncio (MG);MG;Sudeste;8226;False
3126950;Frei Lagonegro;Frei Lagonegro (MG);MG;Sudeste;3391;False
3127008;Fronteira;Fronteira (MG);MG;Sudeste;14540;False
3127057;Fronteira dos Vales;Fronteira dos Vales (MG);MG;Sudeste;4345;True
3127073;Fruta de Leite;Fruta de Leite (MG);MG;Sudeste;4647;False
3127107;Frutal;Frutal (MG);MG;Sudeste;58588;True
3127206;Funilândia;Funilândia (MG);MG;Sudeste;4686;False
3127305;Galiléia;Galiléia (MG);MG;Sudeste;6222;True
3127339;Gameleiras;Gameleiras (MG);MG;Sudeste;4793;False
3127354;Glaucilândia;Glaucilândia (MG);MG;Sudeste;2928;False
3127370;Goiabeira;Goiabeira (MG);MG;Sudeste;2830;False
3127388;Goianá;Goianá (MG);MG;Sudeste;4053;False
3127404;Gonçalves;Gonçalves (MG);MG;Sudeste;4727;False
3127503;Gonzaga;Gonzaga (MG);MG;Sudeste;5230;True
3127602;Gouveia;Gouveia (MG);MG;Sudeste;11331;True
3127701;Governador Valadares;Governador Valadares (MG);MG;Sudeste;257171;True
3127800;Grão Mogol;Grão Mogol (MG);MG;Sudeste;13901;True
3127909;Grupiara;Grupiara (MG);MG;Sudeste;1392;False
3128006;Guanhães;Guanhães (MG);MG;Sudeste;32244;True
3128105;Guapé;Guapé (MG);MG;Sudeste;13772;False
3128204;Guaraciaba;Guaraciaba (MG);MG;Sudeste;9753;True
3128253;Guaraciama;Guaraciama (MG);MG;Sudeste;5051;False
3128303;Guaranésia;Guaranésia (MG);MG;Sudeste;19150;True
3128402;Guarani;Guarani (MG);MG;Sudeste;7714;False
3128501;Guarará;Guarará (MG);MG;Sudeste;3149;False
3128600;Guarda-Mor;Guarda-Mor (MG);MG;Sudeste;6539;False
3128709;Guaxupé;Guaxupé (MG);MG;Sudeste;50911;True
3128808;Guidoval;Guidoval (MG);MG;Sudeste;7131;True
3128907;Guimarânia;Guimarânia (MG);MG;Sudeste;8478;False
3129004;Guiricema;Guiricema (MG);MG;Sudeste;7778;True
3129103;Gurinhatã;Gurinhatã (MG);MG;Sudeste;5192;True
3129202;Heliodora;Heliodora (MG);MG;Sudeste;6134;False
3129301;Iapu;Iapu (MG);MG;Sudeste;12030;False
3129400;Ibertioga;Ibertioga (MG);MG;Sudeste;5198;True
3129509;Ibiá;Ibiá (MG);MG;Sudeste;22229;True
3129608;Ibiaí;Ibiaí (MG);MG;Sudeste;6286;True
3129657;Ibiracatu;Ibiracatu (MG);MG;Sudeste;5081;False
3129707;Ibiraci;Ibiraci (MG);MG;Sudeste;10948;False
3129806;Ibirité;Ibirité (MG);MG;Sudeste;170537;True
3129905;Ibitiúra de Minas;Ibitiúra de Minas (MG);MG;Sudeste;3365;False
3130002;Ibituruna;Ibituruna (MG);MG;Sudeste;2698;False
3130051;Icaraí de Minas;Icaraí de Minas (MG);MG;Sudeste;10677;False
3130101;Igarapé;Igarapé (MG);MG;Sudeste;45847;True
3130200;Igaratinga;Igaratinga (MG);MG;Sudeste;10830;False
3130309;Iguatama;Iguatama (MG);MG;Sudeste;6826;True
3130408;Ijaci;Ijaci (MG);MG;Sudeste;7003;False
3130507;Ilicínea;Ilicínea (MG);MG;Sudeste;12741;False
3130556;Imbé de Minas;Imbé de Minas (MG);MG;Sudeste;6986;True
3130606;Inconfidentes;Inconfidentes (MG);MG;Sudeste;7301;True
3130655;Indaiabira;Indaiabira (MG);MG;Sudeste;6346;True
3130705;Indianópolis;Indianópolis (MG);MG;Sudeste;6171;False
3130804;Ingaí;Ingaí (MG);MG;Sudeste;2580;False
3130903;Inhapim;Inhapim (MG);MG;Sudeste;22692;True
3131000;Inhaúma;Inhaúma (MG);MG;Sudeste;6239;False
3131109;Inimutaba;Inimutaba (MG);MG;Sudeste;7371;False
3131158;Ipaba;Ipaba (MG);MG;Sudeste;17136;True
3131208;Ipanema;Ipanema (MG);MG;Sudeste;19522;True
3131307;Ipatinga;Ipatinga (MG);MG;Sudeste;227731;True
3131406;Ipiaçu;Ipiaçu (MG);MG;Sudeste;3775;False
3131505;Ipuiúna;Ipuiúna (MG);MG;Sudeste;9135;True
3131604;Iraí de Minas;Iraí de Minas (MG);MG;Sudeste;7180;False
3131703;Itabira;Itabira (MG);MG;Sudeste;113343;True
3131802;Itabirinha;Itabirinha (MG);MG;Sudeste;10362;True
3131901;Itabirito;Itabirito (MG);MG;Sudeste;53365;True
3132008;Itacambira;Itacambira (MG);MG;Sudeste;4252;False
3132107;Itacarambi;Itacarambi (MG);MG;Sudeste;17208;True
3132206;Itaguara;Itaguara (MG);MG;Sudeste;13846;True
3132305;Itaipé;Itaipé (MG);MG;Sudeste;10463;True
3132404;Itajubá;Itajubá (MG);MG;Sudeste;93073;True
3132503;Itamarandiba;Itamarandiba (MG);MG;Sudeste;32948;True
3132602;Itamarati de Minas;Itamarati de Minas (MG);MG;Sudeste;3690;True
3132701;Itambacuri;Itambacuri (MG);MG;Sudeste;21042;True
3132800;Itambé do Mato Dentro;Itambé do Mato Dentro (MG);MG;Sudeste;2142;False
3132909;Itamogi;Itamogi (MG);MG;Sudeste;10770;False
3133006;Itamonte;Itamonte (MG);MG;Sudeste;14786;True
3133105;Itanhandu;Itanhandu (MG);MG;Sudeste;15236;True
3133204;Itanhomi;Itanhomi (MG);MG;Sudeste;11128;True
3133303;Itaobim;Itaobim (MG);MG;Sudeste;19151;True
3133402;Itapagipe;Itapagipe (MG);MG;Sudeste;13690;False
3133501;Itapecerica;Itapecerica (MG);MG;Sudeste;21046;True
3133600;Itapeva;Itapeva (MG);MG;Sudeste;12692;False
3133709;Itatiaiuçu;Itatiaiuçu (MG);MG;Sudeste;12966;False
3133758;Itaú de Minas;Itaú de Minas (MG);MG;Sudeste;14406;True
3133808;Itaúna;Itaúna (MG);MG;Sudeste;97669;True
3133907;Itaverava;Itaverava (MG);MG;Sudeste;5642;False
3134004;Itinga;Itinga (MG);MG;Sudeste;13745;True
3134103;Itueta;Itueta (MG);MG;Sudeste;6055;True
3134202;Ituiutaba;Ituiutaba (MG);MG;Sudeste;102217;True
3134301;Itumirim;Itumirim (MG);MG;Sudeste;6638;False
3134400;Iturama;Iturama (MG);MG;Sudeste;38295;True
3134509;Itutinga;Itutinga (MG);MG;Sudeste;4217;False
3134608;Jaboticatubas;Jaboticatubas (MG);MG;Sudeste;20406;True
3134707;Jacinto;Jacinto (MG);MG;Sudeste;11042;True
3134806;Jacuí;Jacuí (MG);MG;Sudeste;7495;False
3134905;Jacutinga;Jacutinga (MG);MG;Sudeste;25525;True
3135001;Jaguaraçu;Jaguaraçu (MG);MG;Sudeste;3092;False
3135050;Jaíba;Jaíba (MG);MG;Sudeste;37660;True
3135076;Jampruca;Jampruca (MG);MG;Sudeste;4296;False
3135100;Janaúba;Janaúba (MG);MG;Sudeste;70699;True
3135209;Januária;Januária (MG);MG;Sudeste;65150;True
3135308;Japaraíba;Japaraíba (MG);MG;Sudeste;4506;False
3135357;Japonvar;Japonvar (MG);MG;Sudeste;8127;False
3135407;Jeceaba;Jeceaba (MG);MG;Sudeste;6197;True
3135456;Jenipapo de Minas;Jenipapo de Minas (MG);MG;Sudeste;6100;True
3135506;Jequeri;Jequeri (MG);MG;Sudeste;12419;True
3135605;Jequitaí;Jequitaí (MG);MG;Sudeste;6484;False
3135704;Jequitibá;Jequitibá (MG);MG;Sudeste;5883;False
3135803;Jequitinhonha;Jequitinhonha (MG);MG;Sudeste;24007;True
3135902;Jesuânia;Jesuânia (MG);MG;Sudeste;5138;True
3136009;Joaíma;Joaíma (MG);MG;Sudeste;13888;True
3136108;Joanésia;Joanésia (MG);MG;Sudeste;4329;False
3136207;João Monlevade;João Monlevade (MG);MG;Sudeste;80187;True
3136306;João Pinheiro;João Pinheiro (MG);MG;Sudeste;46801;True
3136405;Joaquim Felício;Joaquim Felício (MG);MG;Sudeste;3854;False
3136504;Jordânia;Jordânia (MG);MG;Sudeste;10304;True
3136520;José Gonçalves de Minas;José Gonçalves de Minas (MG);MG;Sudeste;3969;False
3136553;José Raydan;José Raydan (MG);MG;Sudeste;4268;False
3136579;Josenópolis;Josenópolis (MG);MG;Sudeste;3630;False
3136603;Nova União;Nova União (MG);MG;Sudeste;5909;False
3136652;Juatuba;Juatuba (MG);MG;Sudeste;30716;True
3136702;Juiz de Fora;Juiz de Fora (MG);MG;Sudeste;540756;True
3136801;Juramento;Juramento (MG);MG;Sudeste;3768;False
3136900;Juruaia;Juruaia (MG);MG;Sudeste;11084;False
3136959;Juvenília;Juvenília (MG);MG;Sudeste;5789;False
3137007;Ladainha;Ladainha (MG);MG;Sudeste;14383;True
3137106;Lagamar;Lagamar (MG);MG;Sudeste;6631;True
3137205;Lagoa da Prata;Lagoa da Prata (MG);MG;Sudeste;51412;True
3137304;Lagoa dos Patos;Lagoa dos Patos (MG);MG;Sudeste;3313;False
3137403;Lagoa Dourada;Lagoa Dourada (MG);MG;Sudeste;12769;True
3137502;Lagoa Formosa;Lagoa Formosa (MG);MG;Sudeste;18904;False
3137536;Lagoa Grande;Lagoa Grande (MG);MG;Sudeste;8969;False
3137601;Lagoa Santa;Lagoa Santa (MG);MG;Sudeste;75145;True
3137700;Lajinha;Lajinha (MG);MG;Sudeste;20835;True
3137809;Lambari;Lambari (MG);MG;Sudeste;20414;True
3137908;Lamim;Lamim (MG);MG;Sudeste;3184;False
3138005;Laranjal;Laranjal (MG);MG;Sudeste;5963;True
3138104;Lassance;Lassance (MG);MG;Sudeste;7124;False
3138203;Lavras;Lavras (MG);MG;Sudeste;104761;True
3138302;Leandro Ferreira;Leandro Ferreira (MG);MG;Sudeste;3199;False
3138351;Leme do Prado;Leme do Prado (MG);MG;Sudeste;4341;False
3138401;Leopoldina;Leopoldina (MG);MG;Sudeste;51145;True
3138500;Liberdade;Liberdade (MG);MG;Sudeste;4737;False
3138609;Lima Duarte;Lima Duarte (MG);MG;Sudeste;17221;True
3138625;Limeira do Oeste;Limeira do Oeste (MG);MG;Sudeste;8687;False
3138658;Lontra;Lontra (MG);MG;Sudeste;8790;False
3138674;Luisburgo;Luisburgo (MG);MG;Sudeste;6956;False
3138682;Luislândia;Luislândia (MG);MG;Sudeste;6210;True
3138708;Luminárias;Luminárias (MG);MG;Sudeste;5586;True
3138807;Luz;Luz (MG);MG;Sudeste;17875;True
3138906;Machacalis;Machacalis (MG);MG;Sudeste;6487;True
3139003;Machado;Machado (MG);MG;Sudeste;37684;True
3139102;Madre de Deus de Minas;Madre de Deus de Minas (MG);MG;Sudeste;5191;False
3139201;Malacacheta;Malacacheta (MG);MG;Sudeste;17516;True
3139250;Mamonas;Mamonas (MG);MG;Sudeste;5997;False
3139300;Manga;Manga (MG);MG;Sudeste;18886;True
3139409;Manhuaçu;Manhuaçu (MG);MG;Sudeste;91886;True
3139508;Manhumirim;Manhumirim (MG);MG;Sudeste;20613;True
3139607;Mantena;Mantena (MG);MG;Sudeste;26535;True
3139706;Maravilhas;Maravilhas (MG);MG;Sudeste;7333;False
3139805;Mar de Espanha;Mar de Espanha (MG);MG;Sudeste;12721;True
3139904;Maria da Fé;Maria da Fé (MG);MG;Sudeste;14247;True
3140001;Mariana;Mariana (MG);MG;Sudeste;61387;True
3140100;Marilac;Marilac (MG);MG;Sudeste;4224;False
3140159;Mário Campos;Mário Campos (MG);MG;Sudeste;15900;False
3140209;Maripá de Minas;Maripá de Minas (MG);MG;Sudeste;3387;False
3140308;Marliéria;Marliéria (MG);MG;Sudeste;4592;False
3140407;Marmelópolis;Marmelópolis (MG);MG;Sudeste;3200;False
3140506;Martinho Campos;Martinho Campos (MG);MG;Sudeste;14003;True
3140530;Martins Soares;Martins Soares (MG);MG;Sudeste;8396;False
3140555;Mata Verde;Mata Verde (MG);MG;Sudeste;9112;False
3140605;Materlândia;Materlândia (MG);MG;Sudeste;3963;True
3140704;Mateus Leme;Mateus Leme (MG);MG;Sudeste;37841;True
3140803;Matias Barbosa;Matias Barbosa (MG);MG;Sudeste;14121;True
3140852;Matias Cardoso;Matias Cardoso (MG);MG;Sudeste;8895;False
3140902;Matipó;Matipó (MG);MG;Sudeste;18552;True
3141009;Mato Verde;Mato Verde (MG);MG;Sudeste;12038;True
3141108;Matozinhos;Matozinhos (MG);MG;Sudeste;37618;True
3141207;Matutina;Matutina (MG);MG;Sudeste;3814;False
3141306;Medeiros;Medeiros (MG);MG;Sudeste;3900;False
3141405;Medina;Medina (MG);MG;Sudeste;20156;True
3141504;Mendes Pimentel;Mendes Pimentel (MG);MG;Sudeste;5606;True
3141603;Mercês;Mercês (MG);MG;Sudeste;10373;True
3141702;Mesquita;Mesquita (MG);MG;Sudeste;5040;False
3141801;Minas Novas;Minas Novas (MG);MG;Sudeste;24405;True
3141900;Minduri;Minduri (MG);MG;Sudeste;3741;True
3142007;Mirabela;Mirabela (MG);MG;Sudeste;13651;True
3142106;Miradouro;Miradouro (MG);MG;Sudeste;8968;True
3142205;Miraí;Miraí (MG);MG;Sudeste;13633;True
3142254;Miravânia;Miravânia (MG);MG;Sudeste;3985;False
3142304;Moeda;Moeda (MG);MG;Sudeste;5125;True
3142403;Moema;Moema (MG);MG;Sudeste;7548;True
3142502;Monjolos;Monjolos (MG);MG;Sudeste;2169;False
3142601;Monsenhor Paulo;Monsenhor Paulo (MG);MG;Sudeste;8340;True
3142700;Montalvânia;Montalvânia (MG);MG;Sudeste;14060;True
3142809;Monte Alegre de Minas;Monte Alegre de Minas (MG);MG;Sudeste;20170;True
3142908;Monte Azul;Monte Azul (MG);MG;Sudeste;20328;True
3143005;Monte Belo;Monte Belo (MG);MG;Sudeste;13046;True
3143104;Monte Carmelo;Monte Carmelo (MG);MG;Sudeste;47692;True
3143153;Monte Formoso;Monte Formoso (MG);MG;Sudeste;4381;False
3143203;Monte Santo de Minas;Monte Santo de Minas (MG);MG;Sudeste;20890;True
3143302;Montes Claros;Montes Claros (MG);MG;Sudeste;414240;True
3143401;Monte Sião;Monte Sião (MG);MG;Sudeste;24089;True
3143450;Montezuma;Montezuma (MG);MG;Sudeste;6888;False
3143500;Morada Nova de Minas;Morada Nova de Minas (MG);MG;Sudeste;9067;True
3143609;Morro da Garça;Morro da Garça (MG);MG;Sudeste;2411;False
3143708;Morro do Pilar;Morro do Pilar (MG);MG;Sudeste;3133;False
3143807;Munhoz;Munhoz (MG);MG;Sudeste;7451;False
3143906;Muriaé;Muriaé (MG);MG;Sudeste;104108;True
3144003;Mutum;Mutum (MG);MG;Sudeste;27635;True
3144102;Muzambinho;Muzambinho (MG);MG;Sudeste;21891;True
3144201;Nacip Raydan;Nacip Raydan (MG);MG;Sudeste;2459;False
3144300;Nanuque;Nanuque (MG);MG;Sudeste;35038;True
3144359;Naque;Naque (MG);MG;Sudeste;6303;False
3144375;Natalândia;Natalândia (MG);MG;Sudeste;3520;False
3144409;Natércia;Natércia (MG);MG;Sudeste;4691;False
3144508;Nazareno;Nazareno (MG);MG;Sudeste;8179;False
3144607;Nepomuceno;Nepomuceno (MG);MG;Sudeste;25018;True
3144656;Ninheira;Ninheira (MG);MG;Sudeste;10588;True
3144672;Nova Belém;Nova Belém (MG);MG;Sudeste;3151;False
3144706;Nova Era;Nova Era (MG);MG;Sudeste;17438;True
3144805;Nova Lima;Nova Lima (MG);MG;Sudeste;111697;True
3144904;Nova Módica;Nova Módica (MG);MG;Sudeste;3663;False
3145000;Nova Ponte;Nova Ponte (MG);MG;Sudeste;14598;False
3145059;Nova Porteirinha;Nova Porteirinha (MG);MG;Sudeste;6706;True
3145109;Nova Resende;Nova Resende (MG);MG;Sudeste;16387;True
3145208;Nova Serrana;Nova Serrana (MG);MG;Sudeste;105552;True
3145307;Novo Cruzeiro;Novo Cruzeiro (MG);MG;Sudeste;26975;True
3145356;Novo Oriente de Minas;Novo Oriente de Minas (MG);MG;Sudeste;10275;False
3145372;Novorizonte;Novorizonte (MG);MG;Sudeste;4571;False
3145406;Olaria;Olaria (MG);MG;Sudeste;1945;False
3145455;Olhos-d'Água;Olhos-d'Água (MG);MG;Sudeste;5385;False
3145505;Olímpio Noronha;Olímpio Noronha (MG);MG;Sudeste;2555;False
3145604;Oliveira;Oliveira (MG);MG;Sudeste;39262;True
3145703;Oliveira Fortes;Oliveira Fortes (MG);MG;Sudeste;2027;False
3145802;Onça de Pitangui;Onça de Pitangui (MG);MG;Sudeste;2969;False
3145851;Oratórios;Oratórios (MG);MG;Sudeste;4917;False
3145877;Orizânia;Orizânia (MG);MG;Sudeste;8437;True
3145901;Ouro Branco;Ouro Branco (MG);MG;Sudeste;38724;True
3146008;Ouro Fino;Ouro Fino (MG);MG;Sudeste;32094;True
3146107;Ouro Preto;Ouro Preto (MG);MG;Sudeste;74821;True
3146206;Ouro Verde de Minas;Ouro Verde de Minas (MG);MG;Sudeste;5757;False
3146255;Padre Carvalho;Padre Carvalho (MG);MG;Sudeste;5058;False
3146305;Padre Paraíso;Padre Paraíso (MG);MG;Sudeste;17334;True
3146404;Paineiras;Paineiras (MG);MG;Sudeste;4224;False
3146503;Pains;Pains (MG);MG;Sudeste;8142;False
3146552;Pai Pedro;Pai Pedro (MG);MG;Sudeste;5551;False
3146602;Paiva;Paiva (MG);MG;Sudeste;1474;False
3146701;Palma;Palma (MG);MG;Sudeste;5707;True
3146750;Palmópolis;Palmópolis (MG);MG;Sudeste;6301;False
3146909;Papagaios;Papagaios (MG);MG;Sudeste;13920;False
3147006;Paracatu;Paracatu (MG);MG;Sudeste;94023;True
3147105;Pará de Minas;Pará de Minas (MG);MG;Sudeste;97139;True
3147204;Paraguaçu;Paraguaçu (MG);MG;Sudeste;21723;True
3147303;Paraisópolis;Paraisópolis (MG);MG;Sudeste;20445;True
3147402;Paraopeba;Paraopeba (MG);MG;Sudeste;24107;True
3147501;Passabém;Passabém (MG);MG;Sudeste;1600;False
3147600;Passa Quatro;Passa Quatro (MG);MG;Sudeste;15515;True
3147709;Passa Tempo;Passa Tempo (MG);MG;Sudeste;8473;True
3147808;Passa Vinte;Passa Vinte (MG);MG;Sudeste;2233;False
3147907;Passos;Passos (MG);MG;Sudeste;111939;True
3147956;Patis;Patis (MG);MG;Sudeste;4837;True
3148004;Patos de Minas;Patos de Minas (MG);MG;Sudeste;159235;True
3148103;Patrocínio;Patrocínio (MG);MG;Sudeste;89826;True
3148202;Patrocínio do Muriaé;Patrocínio do Muriaé (MG);MG;Sudeste;5576;True
3148301;Paula Cândido;Paula Cândido (MG);MG;Sudeste;8659;False
3148400;Paulistas;Paulistas (MG);MG;Sudeste;4389;False
3148509;Pavão;Pavão (MG);MG;Sudeste;8047;False
3148608;Peçanha;Peçanha (MG);MG;Sudeste;17446;True
3148707;Pedra Azul;Pedra Azul (MG);MG;Sudeste;24410;True
3148756;Pedra Bonita;Pedra Bonita (MG);MG;Sudeste;7320;True
3148806;Pedra do Anta;Pedra do Anta (MG);MG;Sudeste;3311;False
3148905;Pedra do Indaiá;Pedra do Indaiá (MG);MG;Sudeste;4112;False
3149002;Pedra Dourada;Pedra Dourada (MG);MG;Sudeste;2757;False
3149101;Pedralva;Pedralva (MG);MG;Sudeste;10760;True
3149150;Pedras de Maria da Cruz;Pedras de Maria da Cruz (MG);MG;Sudeste;10433;False
3149200;Pedrinópolis;Pedrinópolis (MG);MG;Sudeste;3344;False
3149309;Pedro Leopoldo;Pedro Leopoldo (MG);MG;Sudeste;62580;True
3149408;Pedro Teixeira;Pedro Teixeira (MG);MG;Sudeste;1810;False
3149507;Pequeri;Pequeri (MG);MG;Sudeste;3351;False
3149606;Pequi;Pequi (MG);MG;Sudeste;4155;False
3149705;Perdigão;Perdigão (MG);MG;Sudeste;12268;False
3149804;Perdizes;Perdizes (MG);MG;Sudeste;17151;True
3149903;Perdões;Perdões (MG);MG;Sudeste;21384;True
3149952;Periquito;Periquito (MG);MG;Sudeste;6553;True
3150000;Pescador;Pescador (MG);MG;Sudeste;3570;False
3150109;Piau;Piau (MG);MG;Sudeste;2796;False
3150158;Piedade de Caratinga;Piedade de Caratinga (MG);MG;Sudeste;8529;False
3150208;Piedade de Ponte Nova;Piedade de Ponte Nova (MG);MG;Sudeste;3976;False
3150307;Piedade do Rio Grande;Piedade do Rio Grande (MG);MG;Sudeste;4604;False
3150406;Piedade dos Gerais;Piedade dos Gerais (MG);MG;Sudeste;5019;False
3150505;Pimenta;Pimenta (MG);MG;Sudeste;8563;False
3150539;Pingo-d'Água;Pingo-d'Água (MG);MG;Sudeste;4706;False
3150570;Pintópolis;Pintópolis (MG);MG;Sudeste;7084;False
3150604;Piracema;Piracema (MG);MG;Sudeste;6700;False
3150703;Pirajuba;Pirajuba (MG);MG;Sudeste;5537;False
3150802;Piranga;Piranga (MG);MG;Sudeste;17018;True
3150901;Piranguçu;Piranguçu (MG);MG;Sudeste;6041;False
3151008;Piranguinho;Piranguinho (MG);MG;Sudeste;9120;True
3151107;Pirapetinga;Pirapetinga (MG);MG;Sudeste;11077;True
3151206;Pirapora;Pirapora (MG);MG;Sudeste;55606;True
3151305;Piraúba;Piraúba (MG);MG;Sudeste;11610;True
3151404;Pitangui;Pitangui (MG);MG;Sudeste;26685;True
3151503;Piumhi;Piumhi (MG);MG;Sudeste;36062;True
3151602;Planura;Planura (MG);MG;Sudeste;11145;False
3151701;Poço Fundo;Poço Fundo (MG);MG;Sudeste;16390;True
3151800;Poços de Caldas;Poços de Caldas (MG);MG;Sudeste;163742;True
3151909;Pocrane;Pocrane (MG);MG;Sudeste;8350;True
3152006;Pompéu;Pompéu (MG);MG;Sudeste;31047;True
3152105;Ponte Nova;Ponte Nova (MG);MG;Sudeste;57776;True
3152131;Ponto Chique;Ponto Chique (MG);MG;Sudeste;3747;False
3152170;Ponto dos Volantes;Ponto dos Volantes (MG);MG;Sudeste;10883;True
3152204;Porteirinha;Porteirinha (MG);MG;Sudeste;37438;True
3152303;Porto Firme;Porto Firme (MG);MG;Sudeste;10569;True
3152402;Poté;Poté (MG);MG;Sudeste;13666;True
3152501;Pouso Alegre;Pouso Alegre (MG);MG;Sudeste;152217;True
3152600;Pouso Alto;Pouso Alto (MG);MG;Sudeste;6566;True
3152709;Prados;Prados (MG);MG;Sudeste;9048;True
3152808;Prata;Prata (MG);MG;Sudeste;28342;True
3152907;Pratápolis;Pratápolis (MG);MG;Sudeste;8406;False
3153004;Pratinha;Pratinha (MG);MG;Sudeste;3559;False
3153103;Presidente Bernardes;Presidente Bernardes (MG);MG;Sudeste;4850;True
3153202;Presidente Juscelino;Presidente Juscelino (MG);MG;Sudeste;3465;False
3153301;Presidente Kubitschek;Presidente Kubitschek (MG);MG;Sudeste;3071;False
3153400;Presidente Olegário;Presidente Olegário (MG);MG;Sudeste;18765;False
3153509;Alto Jequitibá;Alto Jequitibá (MG);MG;Sudeste;8397;True
3153608;Prudente de Morais;Prudente de Morais (MG);MG;Sudeste;11466;True
3153707;Quartel Geral;Quartel Geral (MG);MG;Sudeste;3179;False
3153806;Queluzito;Queluzito (MG);MG;Sudeste;1770;False
3153905;Raposos;Raposos (MG);MG;Sudeste;16279;True
3154002;Raul Soares;Raul Soares (MG);MG;Sudeste;23423;True
3154101;Recreio;Recreio (MG);MG;Sudeste;11007;True
3154150;Reduto;Reduto (MG);MG;Sudeste;7848;False
3154200;Resende Costa;Resende Costa (MG);MG;Sudeste;11230;True
3154309;Resplendor;Resplendor (MG);MG;Sudeste;17226;True
3154408;Ressaquinha;Ressaquinha (MG);MG;Sudeste;4548;False
3154457;Riachinho;Riachinho (MG);MG;Sudeste;6863;False
3154507;Riacho dos Machados;Riacho dos Machados (MG);MG;Sudeste;8756;False
3154606;Ribeirão das Neves;Ribeirão das Neves (MG);MG;Sudeste;329794;True
3154705;Ribeirão Vermelho;Ribeirão Vermelho (MG);MG;Sudeste;4080;False
3154804;Rio Acima;Rio Acima (MG);MG;Sudeste;10261;True
3154903;Rio Casca;Rio Casca (MG);MG;Sudeste;12789;True
3155009;Rio Doce;Rio Doce (MG);MG;Sudeste;2484;False
3155108;Rio do Prado;Rio do Prado (MG);MG;Sudeste;4639;False
3155207;Rio Espera;Rio Espera (MG);MG;Sudeste;5429;True
3155306;Rio Manso;Rio Manso (MG);MG;Sudeste;5568;False
3155405;Rio Novo;Rio Novo (MG);MG;Sudeste;8518;False
3155504;Rio Paranaíba;Rio Paranaíba (MG);MG;Sudeste;14532;True
3155603;Rio Pardo de Minas;Rio Pardo de Minas (MG);MG;Sudeste;28271;True
3155702;Rio Piracicaba;Rio Piracicaba (MG);MG;Sudeste;14631;True
3155801;Rio Pomba;Rio Pomba (MG);MG;Sudeste;17443;True
3155900;Rio Preto;Rio Preto (MG);MG;Sudeste;5141;True
3156007;Rio Vermelho;Rio Vermelho (MG);MG;Sudeste;12641;True
3156106;Ritápolis;Ritápolis (MG);MG;Sudeste;4994;False
3156205;Rochedo de Minas;Rochedo de Minas (MG);MG;Sudeste;2291;False
3156304;Rodeiro;Rodeiro (MG);MG;Sudeste;8664;True
3156403;Romaria;Romaria (MG);MG;Sudeste;3386;False
3156452;Rosário da Limeira;Rosário da Limeira (MG);MG;Sudeste;4734;True
3156502;Rubelita;Rubelita (MG);MG;Sudeste;5679;False
3156601;Rubim;Rubim (MG);MG;Sudeste;10298;True
3156700;Sabará;Sabará (MG);MG;Sudeste;129380;True
3156809;Sabinópolis;Sabinópolis (MG);MG;Sudeste;14240;True
3156908;Sacramento;Sacramento (MG);MG;Sudeste;26670;True
3157005;Salinas;Salinas (MG);MG;Sudeste;40178;True
3157104;Salto da Divisa;Salto da Divisa (MG);MG;Sudeste;6110;True
3157203;Santa Bárbara;Santa Bárbara (MG);MG;Sudeste;30466;True
3157252;Santa Bárbara do Leste;Santa Bárbara do Leste (MG);MG;Sudeste;8458;True
3157278;Santa Bárbara do Monte Verde;Santa Bárbara do Monte Verde (MG);MG;Sudeste;3095;True
3157302;Santa Bárbara do Tugúrio;Santa Bárbara do Tugúrio (MG);MG;Sudeste;4208;False
3157336;Santa Cruz de Minas;Santa Cruz de Minas (MG);MG;Sudeste;8109;False
3157377;Santa Cruz de Salinas;Santa Cruz de Salinas (MG);MG;Sudeste;3910;False
3157401;Santa Cruz do Escalvado;Santa Cruz do Escalvado (MG);MG;Sudeste;4673;False
3157500;Santa Efigênia de Minas;Santa Efigênia de Minas (MG);MG;Sudeste;4039;False
3157609;Santa Fé de Minas;Santa Fé de Minas (MG);MG;Sudeste;3522;False
3157658;Santa Helena de Minas;Santa Helena de Minas (MG);MG;Sudeste;5938;False
3157708;Santa Juliana;Santa Juliana (MG);MG;Sudeste;15734;False
3157807;Santa Luzia;Santa Luzia (MG);MG;Sudeste;219132;True
3157906;Santa Margarida;Santa Margarida (MG);MG;Sudeste;16395;True
3158003;Santa Maria de Itabira;Santa Maria de Itabira (MG);MG;Sudeste;10485;True
3158102;Santa Maria do Salto;Santa Maria do Salto (MG);MG;Sudeste;4755;True
3158201;Santa Maria do Suaçuí;Santa Maria do Suaçuí (MG);MG;Sudeste;12788;True
3158300;Santana da Vargem;Santana da Vargem (MG);MG;Sudeste;6691;False
3158409;Santana de Cataguases;Santana de Cataguases (MG);MG;Sudeste;3489;False
3158508;Santana de Pirapama;Santana de Pirapama (MG);MG;Sudeste;7030;False
3158607;Santana do Deserto;Santana do Deserto (MG);MG;Sudeste;3747;False
3158706;Santana do Garambéu;Santana do Garambéu (MG);MG;Sudeste;2137;False
3158805;Santana do Jacaré;Santana do Jacaré (MG);MG;Sudeste;4214;False
3158904;Santana do Manhuaçu;Santana do Manhuaçu (MG);MG;Sudeste;8987;False
3158953;Santana do Paraíso;Santana do Paraíso (MG);MG;Sudeste;44800;True
3159001;Santana do Riacho;Santana do Riacho (MG);MG;Sudeste;5313;False
3159100;Santana dos Montes;Santana dos Montes (MG);MG;Sudeste;3469;False
3159209;Santa Rita de Caldas;Santa Rita de Caldas (MG);MG;Sudeste;8460;False
3159308;Santa Rita de Jacutinga;Santa Rita de Jacutinga (MG);MG;Sudeste;4755;True
3159357;Santa Rita de Minas;Santa Rita de Minas (MG);MG;Sudeste;6773;False
3159407;Santa Rita de Ibitipoca;Santa Rita de Ibitipoca (MG);MG;Sudeste;3301;False
3159506;Santa Rita do Itueto;Santa Rita do Itueto (MG);MG;Sudeste;5826;True
3159605;Santa Rita do Sapucaí;Santa Rita do Sapucaí (MG);MG;Sudeste;40635;True
3159704;Santa Rosa da Serra;Santa Rosa da Serra (MG);MG;Sudeste;3382;False
3159803;Santa Vitória;Santa Vitória (MG);MG;Sudeste;20973;True
3159902;Santo Antônio do Amparo;Santo Antônio do Amparo (MG);MG;Sudeste;17285;True
3160009;Santo Antônio do Aventureiro;Santo Antônio do Aventureiro (MG);MG;Sudeste;3769;False
3160108;Santo Antônio do Grama;Santo Antônio do Grama (MG);MG;Sudeste;4229;False
3160207;Santo Antônio do Itambé;Santo Antônio do Itambé (MG);MG;Sudeste;3915;False
3160306;Santo Antônio do Jacinto;Santo Antônio do Jacinto (MG);MG;Sudeste;10327;True
3160405;Santo Antônio do Monte;Santo Antônio do Monte (MG);MG;Sudeste;27295;True
3160454;Santo Antônio do Retiro;Santo Antônio do Retiro (MG);MG;Sudeste;6629;False
3160504;Santo Antônio do Rio Abaixo;Santo Antônio do Rio Abaixo (MG);MG;Sudeste;1808;False
3160603;Santo Hipólito;Santo Hipólito (MG);MG;Sudeste;2717;False
3160702;Santos Dumont;Santos Dumont (MG);MG;Sudeste;42406;True
3160801;São Bento Abade;São Bento Abade (MG);MG;Sudeste;4713;False
3160900;São Brás do Suaçuí;São Brás do Suaçuí (MG);MG;Sudeste;3989;False
3160959;São Domingos das Dores;São Domingos das Dores (MG);MG;Sudeste;5626;False
3161007;São Domingos do Prata;São Domingos do Prata (MG);MG;Sudeste;17392;True
3161056;São Félix de Minas;São Félix de Minas (MG);MG;Sudeste;3200;False
3161106;São Francisco;São Francisco (MG);MG;Sudeste;52762;True
3161205;São Francisco de Paula;São Francisco de Paula (MG);MG;Sudeste;6187;True
3161304;São Francisco de Sales;São Francisco de Sales (MG);MG;Sudeste;5732;False
3161403;São Francisco do Glória;São Francisco do Glória (MG);MG;Sudeste;4800;False
3161502;São Geraldo;São Geraldo (MG);MG;Sudeste;10282;True
3161601;São Geraldo da Piedade;São Geraldo da Piedade (MG);MG;Sudeste;3305;False
3161650;São Geraldo do Baixio;São Geraldo do Baixio (MG);MG;Sudeste;3143;False
3161700;São Gonçalo do Abaeté;São Gonçalo do Abaeté (MG);MG;Sudeste;7375;False
3161809;São Gonçalo do Pará;São Gonçalo do Pará (MG);MG;Sudeste;11770;False
3161908;São Gonçalo do Rio Abaixo;São Gonçalo do Rio Abaixo (MG);MG;Sudeste;11850;True
3162005;São Gonçalo do Sapucaí;São Gonçalo do Sapucaí (MG);MG;Sudeste;23959;True
3162104;São Gotardo;São Gotardo (MG);MG;Sudeste;40910;True
3162203;São João Batista do Glória;São João Batista do Glória (MG);MG;Sudeste;7652;True
3162252;São João da Lagoa;São João da Lagoa (MG);MG;Sudeste;4822;False
3162302;São João da Mata;São João da Mata (MG);MG;Sudeste;2914;False
3162401;São João da Ponte;São João da Ponte (MG);MG;Sudeste;23930;True
3162450;São João das Missões;São João das Missões (MG);MG;Sudeste;13024;False
3162500;São João del Rei;São João del Rei (MG);MG;Sudeste;90225;True
3162559;São João do Manhuaçu;São João do Manhuaçu (MG);MG;Sudeste;11246;False
3162575;São João do Manteninha;São João do Manteninha (MG);MG;Sudeste;5331;True
3162609;São João do Oriente;São João do Oriente (MG);MG;Sudeste;7070;True
3162658;São João do Pacuí;São João do Pacuí (MG);MG;Sudeste;3972;False
3162708;São João do Paraíso;São João do Paraíso (MG);MG;Sudeste;23910;True
3162807;São João Evangelista;São João Evangelista (MG);MG;Sudeste;15315;True
3162906;São João Nepomuceno;São João Nepomuceno (MG);MG;Sudeste;25565;True
3162922;São Joaquim de Bicas;São Joaquim de Bicas (MG);MG;Sudeste;34348;False
3162948;São José da Barra;São José da Barra (MG);MG;Sudeste;7793;False
3162955;São José da Lapa;São José da Lapa (MG);MG;Sudeste;26090;True
3163003;São José da Safira;São José da Safira (MG);MG;Sudeste;3806;False
3163102;São José da Varginha;São José da Varginha (MG);MG;Sudeste;4536;False
3163201;São José do Alegre;São José do Alegre (MG);MG;Sudeste;4133;False
3163300;São José do Divino;São José do Divino (MG);MG;Sudeste;3464;False
3163409;São José do Goiabal;São José do Goiabal (MG);MG;Sudeste;5396;False
3163508;São José do Jacuri;São José do Jacuri (MG);MG;Sudeste;6197;False
3163607;São José do Mantimento;São José do Mantimento (MG);MG;Sudeste;2753;False
3163706;São Lourenço;São Lourenço (MG);MG;Sudeste;44798;True
3163805;São Miguel do Anta;São Miguel do Anta (MG);MG;Sudeste;6334;False
3163904;São Pedro da União;São Pedro da União (MG);MG;Sudeste;4885;False
3164001;São Pedro dos Ferros;São Pedro dos Ferros (MG);MG;Sudeste;7166;True
3164100;São Pedro do Suaçuí;São Pedro do Suaçuí (MG);MG;Sudeste;5103;True
3164209;São Romão;São Romão (MG);MG;Sudeste;10315;True
3164308;São Roque de Minas;São Roque de Minas (MG);MG;Sudeste;7129;True
3164407;São Sebastião da Bela Vista;São Sebastião da Bela Vista (MG);MG;Sudeste;6387;False
3164431;São Sebastião da Vargem Alegre;São Sebastião da Vargem Alegre (MG);MG;Sudeste;3113;False
3164472;São Sebastião do Anta;São Sebastião do Anta (MG);MG;Sudeste;6194;True
3164506;São Sebastião do Maranhão;São Sebastião do Maranhão (MG);MG;Sudeste;10079;False
3164605;São Sebastião do Oeste;São Sebastião do Oeste (MG);MG;Sudeste;8815;False
3164704;São Sebastião do Paraíso;São Sebastião do Paraíso (MG);MG;Sudeste;71796;True
3164803;São Sebastião do Rio Preto;São Sebastião do Rio Preto (MG);MG;Sudeste;1259;False
3164902;São Sebastião do Rio Verde;São Sebastião do Rio Verde (MG);MG;Sudeste;2300;True
3165008;São Tiago;São Tiago (MG);MG;Sudeste;11192;True
3165107;São Tomás de Aquino;São Tomás de Aquino (MG);MG;Sudeste;6740;False
3165206;São Tomé das Letras;São Tomé das Letras (MG);MG;Sudeste;6904;False
3165305;São Vicente de Minas;São Vicente de Minas (MG);MG;Sudeste;6804;True
3165404;Sapucaí-Mirim;Sapucaí-Mirim (MG);MG;Sudeste;6311;True
3165503;Sardoá;Sardoá (MG);MG;Sudeste;5104;True
3165537;Sarzedo;Sarzedo (MG);MG;Sudeste;36844;True
3165552;Setubinha;Setubinha (MG);MG;Sudeste;9917;True
3165560;Sem-Peixe;Sem-Peixe (MG);MG;Sudeste;2433;False
3165578;Senador Amaral;Senador Amaral (MG);MG;Sudeste;6206;False
3165602;Senador Cortes;Senador Cortes (MG);MG;Sudeste;2240;False
3165701;Senador Firmino;Senador Firmino (MG);MG;Sudeste;7716;True
3165800;Senador José Bento;Senador José Bento (MG);MG;Sudeste;2068;False
3165909;Senador Modestino Gonçalves;Senador Modestino Gonçalves (MG);MG;Sudeste;4008;False
3166006;Senhora de Oliveira;Senhora de Oliveira (MG);MG;Sudeste;5483;False
3166105;Senhora do Porto;Senhora do Porto (MG);MG;Sudeste;3067;False
3166204;Senhora dos Remédios;Senhora dos Remédios (MG);MG;Sudeste;10384;False
3166303;Sericita;Sericita (MG);MG;Sudeste;7345;True
3166402;Seritinga;Seritinga (MG);MG;Sudeste;1819;False
3166501;Serra Azul de Minas;Serra Azul de Minas (MG);MG;Sudeste;3792;False
3166600;Serra da Saudade;Serra da Saudade (MG);MG;Sudeste;833;False
3166709;Serra dos Aimorés;Serra dos Aimorés (MG);MG;Sudeste;6944;True
3166808;Serra do Salitre;Serra do Salitre (MG);MG;Sudeste;11801;True
3166907;Serrania;Serrania (MG);MG;Sudeste;7621;False
3166956;Serranópolis de Minas;Serranópolis de Minas (MG);MG;Sudeste;4399;False
3167004;Serranos;Serranos (MG);MG;Sudeste;1990;False
3167103;Serro;Serro (MG);MG;Sudeste;21952;True
3167202;Sete Lagoas;Sete Lagoas (MG);MG;Sudeste;227397;True
3167301;Silveirânia;Silveirânia (MG);MG;Sudeste;2323;True
3167400;Silvianópolis;Silvianópolis (MG);MG;Sudeste;6179;False
3167509;Simão Pereira;Simão Pereira (MG);MG;Sudeste;2947;False
3167608;Simonésia;Simonésia (MG);MG;Sudeste;19750;False
3167707;Sobrália;Sobrália (MG);MG;Sudeste;5137;False
3167806;Soledade de Minas;Soledade de Minas (MG);MG;Sudeste;5613;True
3167905;Tabuleiro;Tabuleiro (MG);MG;Sudeste;4014;True
3168002;Taiobeiras;Taiobeiras (MG);MG;Sudeste;33050;True
3168051;Taparuba;Taparuba (MG);MG;Sudeste;3387;False
3168101;Tapira;Tapira (MG);MG;Sudeste;4118;False
3168200;Tapiraí;Tapiraí (MG);MG;Sudeste;1690;False
3168309;Taquaraçu de Minas;Taquaraçu de Minas (MG);MG;Sudeste;4224;True
3168408;Tarumirim;Tarumirim (MG);MG;Sudeste;14709;True
3168507;Teixeiras;Teixeiras (MG);MG;Sudeste;12255;True
3168606;Teófilo Otoni;Teófilo Otoni (MG);MG;Sudeste;137418;True
3168705;Timóteo;Timóteo (MG);MG;Sudeste;81579;True
3168804;Tiradentes;Tiradentes (MG);MG;Sudeste;7744;True
3168903;Tiros;Tiros (MG);MG;Sudeste;7883;False
3169000;Tocantins;Tocantins (MG);MG;Sudeste;16185;True
3169059;Tocos do Moji;Tocos do Moji (MG);MG;Sudeste;3826;False
3169109;Toledo;Toledo (MG);MG;Sudeste;7214;False
3169208;Tombos;Tombos (MG);MG;Sudeste;8609;False
3169307;Três Corações;Três Corações (MG);MG;Sudeste;75485;True
3169356;Três Marias;Três Marias (MG);MG;Sudeste;28895;True
3169406;Três Pontas;Três Pontas (MG);MG;Sudeste;55255;True
3169505;Tumiritinga;Tumiritinga (MG);MG;Sudeste;5886;True
3169604;Tupaciguara;Tupaciguara (MG);MG;Sudeste;25470;True
3169703;Turmalina;Turmalina (MG);MG;Sudeste;20000;True
3169802;Turvolândia;Turvolândia (MG);MG;Sudeste;4935;False
3169901;Ubá;Ubá (MG);MG;Sudeste;103365;True
3170008;Ubaí;Ubaí (MG);MG;Sudeste;11708;True
3170057;Ubaporanga;Ubaporanga (MG);MG;Sudeste;13017;True
3170107;Uberaba;Uberaba (MG);MG;Sudeste;337836;True
3170206;Uberlândia;Uberlândia (MG);MG;Sudeste;713224;True
3170305;Umburatiba;Umburatiba (MG);MG;Sudeste;2684;True
3170404;Unaí;Unaí (MG);MG;Sudeste;86619;True
3170438;União de Minas;União de Minas (MG);MG;Sudeste;3828;False
3170479;Uruana de Minas;Uruana de Minas (MG);MG;Sudeste;3282;False
3170503;Urucânia;Urucânia (MG);MG;Sudeste;10600;True
3170529;Urucuia;Urucuia (MG);MG;Sudeste;17479;True
3170578;Vargem Alegre;Vargem Alegre (MG);MG;Sudeste;5780;False
3170602;Vargem Bonita;Vargem Bonita (MG);MG;Sudeste;2158;False
3170651;Vargem Grande do Rio Pardo;Vargem Grande do Rio Pardo (MG);MG;Sudeste;4633;False
3170701;Varginha;Varginha (MG);MG;Sudeste;136467;True
3170750;Varjão de Minas;Varjão de Minas (MG);MG;Sudeste;6969;False
3170800;Várzea da Palma;Várzea da Palma (MG);MG;Sudeste;33744;True
3170909;Varzelândia;Varzelândia (MG);MG;Sudeste;18840;True
3171006;Vazante;Vazante (MG);MG;Sudeste;19975;True
3171030;Verdelândia;Verdelândia (MG);MG;Sudeste;7672;True
3171071;Veredinha;Veredinha (MG);MG;Sudeste;5181;False
3171105;Veríssimo;Veríssimo (MG);MG;Sudeste;3411;False
3171154;Vermelho Novo;Vermelho Novo (MG);MG;Sudeste;4899;False
3171204;Vespasiano;Vespasiano (MG);MG;Sudeste;129246;True
3171303;Viçosa;Viçosa (MG);MG;Sudeste;76430;True
3171402;Vieiras;Vieiras (MG);MG;Sudeste;3700;True
3171501;Mathias Lobato;Mathias Lobato (MG);MG;Sudeste;3038;False
3171600;Virgem da Lapa;Virgem da Lapa (MG);MG;Sudeste;11804;False
3171709;Virgínia;Virgínia (MG);MG;Sudeste;8908;False
3171808;Virginópolis;Virginópolis (MG);MG;Sudeste;10314;True
3171907;Virgolândia;Virgolândia (MG);MG;Sudeste;4552;False
3172004;Visconde do Rio Branco;Visconde do Rio Branco (MG);MG;Sudeste;39160;True
3172103;Volta Grande;Volta Grande (MG);MG;Sudeste;4443;False
3172202;Wenceslau Braz;Wenceslau Braz (MG);MG;Sudeste;2356;False
3200102;Afonso Cláudio;Afonso Cláudio (ES);ES;Sudeste;30684;True
3200136;Águia Branca;Águia Branca (ES);ES;Sudeste;9711;False
3200169;Água Doce do Norte;Água Doce do Norte (ES);ES;Sudeste;12042;False
3200201;Alegre;Alegre (ES);ES;Sudeste;29177;True
3200300;Alfredo Chaves;Alfredo Chaves (ES);ES;Sudeste;13836;False
3200359;Alto Rio Novo;Alto Rio Novo (ES);ES;Sudeste;7434;False
3200409;Anchieta;Anchieta (ES);ES;Sudeste;29984;True
3200508;Apiacá;Apiacá (ES);ES;Sudeste;7223;True
3200607;Aracruz;Aracruz (ES);ES;Sudeste;94765;True
3200706;Atílio Vivácqua;Atílio Vivácqua (ES);ES;Sudeste;10540;True
3200805;Baixo Guandu;Baixo Guandu (ES);ES;Sudeste;30674;True
3200904;Barra de São Francisco;Barra de São Francisco (ES);ES;Sudeste;42498;True
3201001;Boa Esperança;Boa Esperança (ES);ES;Sudeste;13608;True
3201100;Bom Jesus do Norte;Bom Jesus do Norte (ES);ES;Sudeste;10254;True
3201159;Brejetuba;Brejetuba (ES);ES;Sudeste;12985;False
3201209;Cachoeiro de Itapemirim;Cachoeiro de Itapemirim (ES);ES;Sudeste;185786;True
3201308;Cariacica;Cariacica (ES);ES;Sudeste;353491;True
3201407;Castelo;Castelo (ES);ES;Sudeste;36930;True
3201506;Colatina;Colatina (ES);ES;Sudeste;120033;True
3201605;Conceição da Barra;Conceição da Barra (ES);ES;Sudeste;27458;True
3201704;Conceição do Castelo;Conceição do Castelo (ES);ES;Sudeste;11937;False
3201803;Divino de São Lourenço;Divino de São Lourenço (ES);ES;Sudeste;5083;True
3201902;Domingos Martins;Domingos Martins (ES);ES;Sudeste;35416;True
3202009;Dores do Rio Preto;Dores do Rio Preto (ES);ES;Sudeste;6596;False
3202108;Ecoporanga;Ecoporanga (ES);ES;Sudeste;21992;True
3202207;Fundão;Fundão (ES);ES;Sudeste;18014;True
3202256;Governador Lindenberg;Governador Lindenberg (ES);ES;Sudeste;11009;False
3202306;Guaçuí;Guaçuí (ES);ES;Sudeste;29358;True
3202405;Guarapari;Guarapari (ES);ES;Sudeste;124656;True
3202454;Ibatiba;Ibatiba (ES);ES;Sudeste;25380;True
3202504;Ibiraçu;Ibiraçu (ES);ES;Sudeste;11723;False
3202553;Ibitirama;Ibitirama (ES);ES;Sudeste;9520;False
3202603;Iconha;Iconha (ES);ES;Sudeste;12326;False
3202652;Irupi;Irupi (ES);ES;Sudeste;13710;True
3202702;Itaguaçu;Itaguaçu (ES);ES;Sudeste;13589;False
3202801;Itapemirim;Itapemirim (ES);ES;Sudeste;39832;True
3202900;Itarana;Itarana (ES);ES;Sudeste;10597;True
3203007;Iúna;Iúna (ES);ES;Sudeste;28590;True
3203056;Jaguaré;Jaguaré (ES);ES;Sudeste;28931;True
3203106;Jerônimo Monteiro;Jerônimo Monteiro (ES);ES;Sudeste;11575;True
3203130;João Neiva;João Neiva (ES);ES;Sudeste;14079;True
3203163;Laranja da Terra;Laranja da Terra (ES);ES;Sudeste;11094;False
3203205;Linhares;Linhares (ES);ES;Sudeste;166786;True
3203304;Mantenópolis;Mantenópolis (ES);ES;Sudeste;12770;True
3203320;Marataízes;Marataízes (ES);ES;Sudeste;41929;True
3203346;Marechal Floriano;Marechal Floriano (ES);ES;Sudeste;17641;True
3203353;Marilândia;Marilândia (ES);ES;Sudeste;12387;False
3203403;Mimoso do Sul;Mimoso do Sul (ES);ES;Sudeste;24475;True
3203502;Montanha;Montanha (ES);ES;Sudeste;18900;True
3203601;Mucurici;Mucurici (ES);ES;Sudeste;5466;True
3203700;Muniz Freire;Muniz Freire (ES);ES;Sudeste;18153;True
3203809;Muqui;Muqui (ES);ES;Sudeste;13745;True
3203908;Nova Venécia;Nova Venécia (ES);ES;Sudeste;49065;True
3204005;Pancas;Pancas (ES);ES;Sudeste;18893;False
3204054;Pedro Canário;Pedro Canário (ES);ES;Sudeste;21522;True
3204104;Pinheiros;Pinheiros (ES);ES;Sudeste;23915;True
3204203;Piúma;Piúma (ES);ES;Sudeste;22300;True
3204252;Ponto Belo;Ponto Belo (ES);ES;Sudeste;6497;True
3204302;Presidente Kennedy;Presidente Kennedy (ES);ES;Sudeste;13696;True
3204351;Rio Bananal;Rio Bananal (ES);ES;Sudeste;19274;True
3204401;Rio Novo do Sul;Rio Novo do Sul (ES);ES;Sudeste;11069;True
3204500;Santa Leopoldina;Santa Leopoldina (ES);ES;Sudeste;13106;True
3204559;Santa Maria de Jetibá;Santa Maria de Jetibá (ES);ES;Sudeste;41636;True
3204609;Santa Teresa;Santa Teresa (ES);ES;Sudeste;22808;True
3204658;São Domingos do Norte;São Domingos do Norte (ES);ES;Sudeste;8589;False
3204708;São Gabriel da Palha;São Gabriel da Palha (ES);ES;Sudeste;32252;True
3204807;São José do Calçado;São José do Calçado (ES);ES;Sudeste;10878;True
3204906;São Mateus;São Mateus (ES);ES;Sudeste;123752;True
3204955;São Roque do Canaã;São Roque do Canaã (ES);ES;Sudeste;10886;False
3205002;Serra;Serra (ES);ES;Sudeste;520653;True
3205010;Sooretama;Sooretama (ES);ES;Sudeste;26502;True
3205036;Vargem Alta;Vargem Alta (ES);ES;Sudeste;19563;True
3205069;Venda Nova do Imigrante;Venda Nova do Imigrante (ES);ES;Sudeste;23831;True
3205101;Viana;Viana (ES);ES;Sudeste;73423;True
3205150;Vila Pavão;Vila Pavão (ES);ES;Sudeste;8911;True
3205176;Vila Valério;Vila Valério (ES);ES;Sudeste;13728;False
3205200;Vila Velha;Vila Velha (ES);ES;Sudeste;467722;True
3205309;Vitória;Vitória (ES);ES;Sudeste;322869;True
3300100;Angra dos Reis;Angra dos Reis (RJ);RJ;Sudeste;167434;True
3300159;Aperibé;Aperibé (RJ);RJ;Sudeste;11034;True
3300209;Araruama;Araruama (RJ);RJ;Sudeste;129671;True
3300225;Areal;Areal (RJ);RJ;Sudeste;11828;True
3300233;Armação dos Búzios;Armação dos Búzios (RJ);RJ;Sudeste;40006;True
3300258;Arraial do Cabo;Arraial do Cabo (RJ);RJ;Sudeste;30986;True
3300308;Barra do Piraí;Barra do Piraí (RJ);RJ;Sudeste;92883;True
3300407;Barra Mansa;Barra Mansa (RJ);RJ;Sudeste;169894;True
3300456;Belford Roxo;Belford Roxo (RJ);RJ;Sudeste;483087;True
3300506;Bom Jardim;Bom Jardim (RJ);RJ;Sudeste;28102;True
3300605;Bom Jesus do Itabapoana;Bom Jesus do Itabapoana (RJ);RJ;Sudeste;35173;True
3300704;Cabo Frio;Cabo Frio (RJ);RJ;Sudeste;222161;True
3300803;Cachoeiras de Macacu;Cachoeiras de Macacu (RJ);RJ;Sudeste;56943;True
3300902;Cambuci;Cambuci (RJ);RJ;Sudeste;14616;True
3300936;Carapebus;Carapebus (RJ);RJ;Sudeste;13847;False
3300951;Comendador Levy Gasparian;Comendador Levy Gasparian (RJ);RJ;Sudeste;8741;False
3301009;Campos dos Goytacazes;Campos dos Goytacazes (RJ);RJ;Sudeste;483540;True
3301108;Cantagalo;Cantagalo (RJ);RJ;Sudeste;19390;True
3301157;Cardoso Moreira;Cardoso Moreira (RJ);RJ;Sudeste;12958;False
3301207;Carmo;Carmo (RJ);RJ;Sudeste;17198;True
3301306;Casimiro de Abreu;Casimiro de Abreu (RJ);RJ;Sudeste;46110;True
3301405;Conceição de Macabu;Conceição de Macabu (RJ);RJ;Sudeste;21104;True
3301504;Cordeiro;Cordeiro (RJ);RJ;Sudeste;20783;True
3301603;Duas Barras;Duas Barras (RJ);RJ;Sudeste;10980;True
3301702;Duque de Caxias;Duque de Caxias (RJ);RJ;Sudeste;808161;True
3301801;Engenheiro Paulo de Frontin;Engenheiro Paulo de Frontin (RJ);RJ;Sudeste;12242;True
3301850;Guapimirim;Guapimirim (RJ);RJ;Sudeste;51696;True
3301876;Iguaba Grande;Iguaba Grande (RJ);RJ;Sudeste;27920;True
3301900;Itaboraí;Itaboraí (RJ);RJ;Sudeste;224267;True
3302007;Itaguaí;Itaguaí (RJ);RJ;Sudeste;116841;True
3302056;Italva;Italva (RJ);RJ;Sudeste;14073;False
3302106;Itaocara;Itaocara (RJ);RJ;Sudeste;22919;True
3302205;Itaperuna;Itaperuna (RJ);RJ;Sudeste;101041;True
3302254;Itatiaia;Itatiaia (RJ);RJ;Sudeste;30908;True
3302270;Japeri;Japeri (RJ);RJ;Sudeste;96289;True
3302304;Laje do Muriaé;Laje do Muriaé (RJ);RJ;Sudeste;7336;True
3302403;Macaé;Macaé (RJ);RJ;Sudeste;246391;True
3302452;Macuco;Macuco (RJ);RJ;Sudeste;5415;True
3302502;Magé;Magé (RJ);RJ;Sudeste;228127;True
3302601;Mangaratiba;Mangaratiba (RJ);RJ;Sudeste;41220;True
3302700;Maricá;Maricá (RJ);RJ;Sudeste;197277;True
3302809;Mendes;Mendes (RJ);RJ;Sudeste;17502;True
3302858;Mesquita;Mesquita (RJ);RJ;Sudeste;167127;True
3302908;Miguel Pereira;Miguel Pereira (RJ);RJ;Sudeste;26582;True
3303005;Miracema;Miracema (RJ);RJ;Sudeste;26881;True
3303104;Natividade;Natividade (RJ);RJ;Sudeste;15074;True
3303203;Nilópolis;Nilópolis (RJ);RJ;Sudeste;146774;True
3303302;Niterói;Niterói (RJ);RJ;Sudeste;481749;True
3303401;Nova Friburgo;Nova Friburgo (RJ);RJ;Sudeste;189939;True
3303500;Nova Iguaçu;Nova Iguaçu (RJ);RJ;Sudeste;785867;True
3303609;Paracambi;Paracambi (RJ);RJ;Sudeste;41375;True
3303708;Paraíba do Sul;Paraíba do Sul (RJ);RJ;Sudeste;42063;True
3303807;Paraty;Paraty (RJ);RJ;Sudeste;45243;True
3303856;Paty do Alferes;Paty do Alferes (RJ);RJ;Sudeste;29619;True
3303906;Petrópolis;Petrópolis (RJ);RJ;Sudeste;278881;True
3303955;Pinheiral;Pinheiral (RJ);RJ;Sudeste;24298;True
3304003;Piraí;Piraí (RJ);RJ;Sudeste;27474;True
3304102;Porciúncula;Porciúncula (RJ);RJ;Sudeste;17288;False
3304110;Porto Real;Porto Real (RJ);RJ;Sudeste;20373;True
3304128;Quatis;Quatis (RJ);RJ;Sudeste;13682;True
3304144;Queimados;Queimados (RJ);RJ;Sudeste;140523;True
3304151;Quissamã;Quissamã (RJ);RJ;Sudeste;22393;True
3304201;Resende;Resende (RJ);RJ;Sudeste;129612;True
3304300;Rio Bonito;Rio Bonito (RJ);RJ;Sudeste;56276;True
3304409;Rio Claro;Rio Claro (RJ);RJ;Sudeste;17401;True
3304508;Rio das Flores;Rio das Flores (RJ);RJ;Sudeste;8954;True
3304524;Rio das Ostras;Rio das Ostras (RJ);RJ;Sudeste;156491;True
3304557;Rio de Janeiro;Rio de Janeiro (RJ);RJ;Sudeste;6211223;True
3304607;Santa Maria Madalena;Santa Maria Madalena (RJ);RJ;Sudeste;10232;True
3304706;Santo Antônio de Pádua;Santo Antônio de Pádua (RJ);RJ;Sudeste;41325;True
3304755;São Francisco de Itabapoana;São Francisco de Itabapoana (RJ);RJ;Sudeste;45059;True
3304805;São Fidélis;São Fidélis (RJ);RJ;Sudeste;38961;True
3304904;São Gonçalo;São Gonçalo (RJ);RJ;Sudeste;896744;True
3305000;São João da Barra;São João da Barra (RJ);RJ;Sudeste;36573;True
3305109;São João de Meriti;São João de Meriti (RJ);RJ;Sudeste;440962;True
3305133;São José de Ubá;São José de Ubá (RJ);RJ;Sudeste;7070;False
3305158;São José do Vale do Rio Preto;São José do Vale do Rio Preto (RJ);RJ;Sudeste;22080;True
3305208;São Pedro da Aldeia;São Pedro da Aldeia (RJ);RJ;Sudeste;104029;True
3305307;São Sebastião do Alto;São Sebastião do Alto (RJ);RJ;Sudeste;7750;True
3305406;Sapucaia;Sapucaia (RJ);RJ;Sudeste;17729;False
3305505;Saquarema;Saquarema (RJ);RJ;Sudeste;89559;True
3305554;Seropédica;Seropédica (RJ);RJ;Sudeste;80596;True
3305604;Silva Jardim;Silva Jardim (RJ);RJ;Sudeste;21352;True
3305703;Sumidouro;Sumidouro (RJ);RJ;Sudeste;15206;True
3305752;Tanguá;Tanguá (RJ);RJ;Sudeste;31086;True
3305802;Teresópolis;Teresópolis (RJ);RJ;Sudeste;165123;True
3305901;Trajano de Moraes;Trajano de Moraes (RJ);RJ;Sudeste;10302;True
3306008;Três Rios;Três Rios (RJ);RJ;Sudeste;78346;True
3306107;Valença;Valença (RJ);RJ;Sudeste;68088;True
3306156;Varre-Sai;Varre-Sai (RJ);RJ;Sudeste;10207;True
3306206;Vassouras;Vassouras (RJ);RJ;Sudeste;33976;True
3306305;Volta Redonda;Volta Redonda (RJ);RJ;Sudeste;261563;True
3500105;Adamantina;Adamantina (SP);SP;Sudeste;34687;True
3500204;Adolfo;Adolfo (SP);SP;Sudeste;4351;False
3500303;Aguaí;Aguaí (SP);SP;Sudeste;32072;True
3500402;Águas da Prata;Águas da Prata (SP);SP;Sudeste;7369;False
3500501;Águas de Lindóia;Águas de Lindóia (SP);SP;Sudeste;17930;True
3500550;Águas de Santa Bárbara;Águas de Santa Bárbara (SP);SP;Sudeste;7177;False
3500600;Águas de São Pedro;Águas de São Pedro (SP);SP;Sudeste;2780;False
3500709;Agudos;Agudos (SP);SP;Sudeste;37680;True
3500758;Alambari;Alambari (SP);SP;Sudeste;6141;False
3500808;Alfredo Marcondes;Alfredo Marcondes (SP);SP;Sudeste;4445;True
3500907;Altair;Altair (SP);SP;Sudeste;3451;False
3501004;Altinópolis;Altinópolis (SP);SP;Sudeste;16818;True
3501103;Alto Alegre;Alto Alegre (SP);SP;Sudeste;3841;True
3501152;Alumínio;Alumínio (SP);SP;Sudeste;17301;False
3501202;Álvares Florence;Álvares Florence (SP);SP;Sudeste;3915;False
3501301;Álvares Machado;Álvares Machado (SP);SP;Sudeste;27255;True
3501400;Álvaro de Carvalho;Álvaro de Carvalho (SP);SP;Sudeste;4808;False
3501509;Alvinlândia;Alvinlândia (SP);SP;Sudeste;2885;False
3501608;Americana;Americana (SP);SP;Sudeste;237240;True
3501707;Américo Brasiliense;Américo Brasiliense (SP);SP;Sudeste;33019;True
3501806;Américo de Campos;Américo de Campos (SP);SP;Sudeste;5870;False
3501905;Amparo;Amparo (SP);SP;Sudeste;68008;True
3502002;Analândia;Analândia (SP);SP;Sudeste;4589;False
3502101;Andradina;Andradina (SP);SP;Sudeste;59783;True
3502200;Angatuba;Angatuba (SP);SP;Sudeste;24022;True
3502309;Anhembi;Anhembi (SP);SP;Sudeste;5674;False
3502408;Anhumas;Anhumas (SP);SP;Sudeste;4023;False
3502507;Aparecida;Aparecida (SP);SP;Sudeste;32569;True
3502606;Aparecida d'Oeste;Aparecida d'Oeste (SP);SP;Sudeste;4086;True
3502705;Apiaí;Apiaí (SP);SP;Sudeste;24585;True
3502754;Araçariguama;Araçariguama (SP);SP;Sudeste;21522;True
3502804;Araçatuba;Araçatuba (SP);SP;Sudeste;200124;True
3502903;Araçoiaba da Serra;Araçoiaba da Serra (SP);SP;Sudeste;32443;True
3503000;Aramina;Aramina (SP);SP;Sudeste;5420;False
3503109;Arandu;Arandu (SP);SP;Sudeste;6885;False
3503158;Arapeí;Arapeí (SP);SP;Sudeste;2330;False
3503208;Araraquara;Araraquara (SP);SP;Sudeste;242228;True
3503307;Araras;Araras (SP);SP;Sudeste;130866;True
3503356;Arco-Íris;Arco-Íris (SP);SP;Sudeste;2044;False
3503406;Arealva;Arealva (SP);SP;Sudeste;8130;True
3503505;Areias;Areias (SP);SP;Sudeste;3577;False
3503604;Areiópolis;Areiópolis (SP);SP;Sudeste;10130;True
3503703;Ariranha;Ariranha (SP);SP;Sudeste;7602;False
3503802;Artur Nogueira;Artur Nogueira (SP);SP;Sudeste;51456;True
3503901;Arujá;Arujá (SP);SP;Sudeste;86678;True
3503950;Aspásia;Aspásia (SP);SP;Sudeste;1842;False
3504008;Assis;Assis (SP);SP;Sudeste;101409;True
3504107;Atibaia;Atibaia (SP);SP;Sudeste;158647;True
3504206;Auriflama;Auriflama (SP);SP;Sudeste;13692;True
3504305;Avaí;Avaí (SP);SP;Sudeste;4483;True
3504404;Avanhandava;Avanhandava (SP);SP;Sudeste;11263;True
3504503;Avaré;Avaré (SP);SP;Sudeste;92805;True
3504602;Bady Bassitt;Bady Bassitt (SP);SP;Sudeste;27260;True
3504701;Balbinos;Balbinos (SP);SP;Sudeste;3887;False
3504800;Bálsamo;Bálsamo (SP);SP;Sudeste;9596;True
3504909;Bananal;Bananal (SP);SP;Sudeste;9969;False
3505005;Barão de Antonina;Barão de Antonina (SP);SP;Sudeste;3531;False
3505104;Barbosa;Barbosa (SP);SP;Sudeste;5640;False
3505203;Bariri;Bariri (SP);SP;Sudeste;31595;True
3505302;Barra Bonita;Barra Bonita (SP);SP;Sudeste;34346;True
3505351;Barra do Chapéu;Barra do Chapéu (SP);SP;Sudeste;5179;True
3505401;Barra do Turvo;Barra do Turvo (SP);SP;Sudeste;6876;False
3505500;Barretos;Barretos (SP);SP;Sudeste;122485;True
3505609;Barrinha;Barrinha (SP);SP;Sudeste;32092;True
3505708;Barueri;Barueri (SP);SP;Sudeste;316473;True
3505807;Bastos;Bastos (SP);SP;Sudeste;21503;True
3505906;Batatais;Batatais (SP);SP;Sudeste;58402;True
3506003;Bauru;Bauru (SP);SP;Sudeste;379146;True
3506102;Bebedouro;Bebedouro (SP);SP;Sudeste;76373;True
3506201;Bento de Abreu;Bento de Abreu (SP);SP;Sudeste;2606;False
3506300;Bernardino de Campos;Bernardino de Campos (SP);SP;Sudeste;11607;True
3506359;Bertioga;Bertioga (SP);SP;Sudeste;64188;True
3506409;Bilac;Bilac (SP);SP;Sudeste;7319;False
3506508;Birigui;Birigui (SP);SP;Sudeste;118979;True
3506607;Biritiba Mirim;Biritiba Mirim (SP);SP;Sudeste;29683;True
3506706;Boa Esperança do Sul;Boa Esperança do Sul (SP);SP;Sudeste;12978;True
3506805;Bocaina;Bocaina (SP);SP;Sudeste;11259;True
3506904;Bofete;Bofete (SP);SP;Sudeste;10460;False
3507001;Boituva;Boituva (SP);SP;Sudeste;61081;True
3507100;Bom Jesus dos Perdões;Bom Jesus dos Perdões (SP);SP;Sudeste;22006;True
3507159;Bom Sucesso de Itararé;Bom Sucesso de Itararé (SP);SP;Sudeste;3555;False
3507209;Borá;Borá (SP);SP;Sudeste;907;False
3507308;Boracéia;Boracéia (SP);SP;Sudeste;4715;False
3507407;Borborema;Borborema (SP);SP;Sudeste;14226;True
3507456;Borebi;Borebi (SP);SP;Sudeste;2713;False
3507506;Botucatu;Botucatu (SP);SP;Sudeste;145155;True
3507605;Bragança Paulista;Bragança Paulista (SP);SP;Sudeste;176811;True
3507704;Braúna;Braúna (SP);SP;Sudeste;5356;False
3507753;Brejo Alegre;Brejo Alegre (SP);SP;Sudeste;2565;False
3507803;Brodowski;Brodowski (SP);SP;Sudeste;25201;True
3507902;Brotas;Brotas (SP);SP;Sudeste;23898;True
3508009;Buri;Buri (SP);SP;Sudeste;20250;True
3508108;Buritama;Buritama (SP);SP;Sudeste;17210;True
3508207;Buritizal;Buritizal (SP);SP;Sudeste;4356;False
3508306;Cabrália Paulista;Cabrália Paulista (SP);SP;Sudeste;4299;False
3508405;Cabreúva;Cabreúva (SP);SP;Sudeste;47011;True
3508504;Caçapava;Caçapava (SP);SP;Sudeste;96202;True
3508603;Cachoeira Paulista;Cachoeira Paulista (SP);SP;Sudeste;31564;True
3508702;Caconde;Caconde (SP);SP;Sudeste;17101;True
3508801;Cafelândia;Cafelândia (SP);SP;Sudeste;16654;True
3508900;Caiabu;Caiabu (SP);SP;Sudeste;3712;False
3509007;Caieiras;Caieiras (SP);SP;Sudeste;95032;True
3509106;Caiuá;Caiuá (SP);SP;Sudeste;5466;True
3509205;Cajamar;Cajamar (SP);SP;Sudeste;92689;True
3509254;Cajati;Cajati (SP);SP;Sudeste;28515;False
3509304;Cajobi;Cajobi (SP);SP;Sudeste;9133;True
3509403;Cajuru;Cajuru (SP);SP;Sudeste;23830;True
3509452;Campina do Monte Alegre;Campina do Monte Alegre (SP);SP;Sudeste;5954;False
3509502;Campinas;Campinas (SP);SP;Sudeste;1139047;True
3509601;Campo Limpo Paulista;Campo Limpo Paulista (SP);SP;Sudeste;77632;True
3509700;Campos do Jordão;Campos do Jordão (SP);SP;Sudeste;46974;True
3509809;Campos Novos Paulista;Campos Novos Paulista (SP);SP;Sudeste;4888;True
3509908;Cananéia;Cananéia (SP);SP;Sudeste;12289;False
3509957;Canas;Canas (SP);SP;Sudeste;4931;True
3510005;Cândido Mota;Cândido Mota (SP);SP;Sudeste;29449;True
3510104;Cândido Rodrigues;Cândido Rodrigues (SP);SP;Sudeste;2889;False
3510153;Canitar;Canitar (SP);SP;Sudeste;6283;False
3510203;Capão Bonito;Capão Bonito (SP);SP;Sudeste;46337;True
3510302;Capela do Alto;Capela do Alto (SP);SP;Sudeste;22866;True
3510401;Capivari;Capivari (SP);SP;Sudeste;50068;True
3510500;Caraguatatuba;Caraguatatuba (SP);SP;Sudeste;134873;True
3510609;Carapicuíba;Carapicuíba (SP);SP;Sudeste;386984;True
3510708;Cardoso;Cardoso (SP);SP;Sudeste;11345;True
3510807;Casa Branca;Casa Branca (SP);SP;Sudeste;28083;True
3510906;Cássia dos Coqueiros;Cássia dos Coqueiros (SP);SP;Sudeste;2799;False
3511003;Castilho;Castilho (SP);SP;Sudeste;19977;True
3511102;Catanduva;Catanduva (SP);SP;Sudeste;115791;True
3511201;Catiguá;Catiguá (SP);SP;Sudeste;7003;False
3511300;Cedral;Cedral (SP);SP;Sudeste;12618;True
3511409;Cerqueira César;Cerqueira César (SP);SP;Sudeste;21469;True
3511508;Cerquilho;Cerquilho (SP);SP;Sudeste;44695;True
3511607;Cesário Lange;Cesário Lange (SP);SP;Sudeste;19048;True
3511706;Charqueada;Charqueada (SP);SP;Sudeste;15535;True
3511904;Clementina;Clementina (SP);SP;Sudeste;6982;True
3512001;Colina;Colina (SP);SP;Sudeste;18486;True
3512100;Colômbia;Colômbia (SP);SP;Sudeste;6629;False
3512209;Conchal;Conchal (SP);SP;Sudeste;28101;True
3512308;Conchas;Conchas (SP);SP;Sudeste;15232;True
3512407;Cordeirópolis;Cordeirópolis (SP);SP;Sudeste;24514;False
3512506;Coroados;Coroados (SP);SP;Sudeste;5400;False
3512605;Coronel Macedo;Coronel Macedo (SP);SP;Sudeste;4280;True
3512704;Corumbataí;Corumbataí (SP);SP;Sudeste;4195;False
3512803;Cosmópolis;Cosmópolis (SP);SP;Sudeste;59773;True
3512902;Cosmorama;Cosmorama (SP);SP;Sudeste;8719;False
3513009;Cotia;Cotia (SP);SP;Sudeste;274413;True
3513108;Cravinhos;Cravinhos (SP);SP;Sudeste;33281;True
3513207;Cristais Paulista;Cristais Paulista (SP);SP;Sudeste;9272;False
3513306;Cruzália;Cruzália (SP);SP;Sudeste;2108;True
3513405;Cruzeiro;Cruzeiro (SP);SP;Sudeste;74961;True
3513504;Cubatão;Cubatão (SP);SP;Sudeste;112476;True
3513603;Cunha;Cunha (SP);SP;Sudeste;22110;True
3513702;Descalvado;Descalvado (SP);SP;Sudeste;31756;True
3513801;Diadema;Diadema (SP);SP;Sudeste;393237;True
3513850;Dirce Reis;Dirce Reis (SP);SP;Sudeste;1620;False
3513900;Divinolândia;Divinolândia (SP);SP;Sudeste;11158;True
3514007;Dobrada;Dobrada (SP);SP;Sudeste;8759;False
3514106;Dois Córregos;Dois Córregos (SP);SP;Sudeste;24510;True
3514205;Dolcinópolis;Dolcinópolis (SP);SP;Sudeste;2207;False
3514304;Dourado;Dourado (SP);SP;Sudeste;8096;False
3514403;Dracena;Dracena (SP);SP;Sudeste;45474;True
3514502;Duartina;Duartina (SP);SP;Sudeste;12328;True
3514601;Dumont;Dumont (SP);SP;Sudeste;9471;False
3514700;Echaporã;Echaporã (SP);SP;Sudeste;6205;False
3514809;Eldorado;Eldorado (SP);SP;Sudeste;13069;False
3514908;Elias Fausto;Elias Fausto (SP);SP;Sudeste;17699;True
3514924;Elisiário;Elisiário (SP);SP;Sudeste;3138;False
3514957;Embaúba;Embaúba (SP);SP;Sudeste;2323;False
3515004;Embu das Artes;Embu das Artes (SP);SP;Sudeste;250691;True
3515103;Embu-Guaçu;Embu-Guaçu (SP);SP;Sudeste;66970;True
3515129;Emilianópolis;Emilianópolis (SP);SP;Sudeste;3014;True
3515152;Engenheiro Coelho;Engenheiro Coelho (SP);SP;Sudeste;19566;True
3515186;Espírito Santo do Pinhal;Espírito Santo do Pinhal (SP);SP;Sudeste;39816;True
3515194;Espírito Santo do Turvo;Espírito Santo do Turvo (SP);SP;Sudeste;4157;False
3515202;Estrela d'Oeste;Estrela d'Oeste (SP);SP;Sudeste;9417;True
3515301;Estrela do Norte;Estrela do Norte (SP);SP;Sudeste;2703;False
3515350;Euclides da Cunha Paulista;Euclides da Cunha Paulista (SP);SP;Sudeste;7924;True
3515400;Fartura;Fartura (SP);SP;Sudeste;16641;True
3515509;Fernandópolis;Fernandópolis (SP);SP;Sudeste;71186;True
3515608;Fernando Prestes;Fernando Prestes (SP);SP;Sudeste;5942;False
3515657;Fernão;Fernão (SP);SP;Sudeste;1656;False
3515707;Ferraz de Vasconcelos;Ferraz de Vasconcelos (SP);SP;Sudeste;179198;True
3515806;Flora Rica;Flora Rica (SP);SP;Sudeste;1487;False
3515905;Floreal;Floreal (SP);SP;Sudeste;2733;False
3516002;Flórida Paulista;Flórida Paulista (SP);SP;Sudeste;12958;True
3516101;Florínea;Florínea (SP);SP;Sudeste;3851;False
3516200;Franca;Franca (SP);SP;Sudeste;352536;True
3516309;Francisco Morato;Francisco Morato (SP);SP;Sudeste;165139;True
3516408;Franco da Rocha;Franco da Rocha (SP);SP;Sudeste;144849;True
3516507;Gabriel Monteiro;Gabriel Monteiro (SP);SP;Sudeste;2763;False
3516606;Gália;Gália (SP);SP;Sudeste;6380;False
3516705;Garça;Garça (SP);SP;Sudeste;42110;True
3516804;Gastão Vidigal;Gastão Vidigal (SP);SP;Sudeste;3252;False
3516853;Gavião Peixoto;Gavião Peixoto (SP);SP;Sudeste;4702;False
3516903;General Salgado;General Salgado (SP);SP;Sudeste;10312;True
3517000;Getulina;Getulina (SP);SP;Sudeste;10232;False
3517109;Glicério;Glicério (SP);SP;Sudeste;4138;False
3517208;Guaiçara;Guaiçara (SP);SP;Sudeste;11239;True
3517307;Guaimbê;Guaimbê (SP);SP;Sudeste;5512;False
3517406;Guaíra;Guaíra (SP);SP;Sudeste;39279;True
3517505;Guapiaçu;Guapiaçu (SP);SP;Sudeste;21711;True
3517604;Guapiara;Guapiara (SP);SP;Sudeste;17071;True
3517703;Guará;Guará (SP);SP;Sudeste;18606;True
3517802;Guaraçaí;Guaraçaí (SP);SP;Sudeste;7441;True
3517901;Guaraci;Guaraci (SP);SP;Sudeste;10350;True
3518008;Guarani d'Oeste;Guarani d'Oeste (SP);SP;Sudeste;1968;False
3518107;Guarantã;Guarantã (SP);SP;Sudeste;6427;True
3518206;Guararapes;Guararapes (SP);SP;Sudeste;31043;True
3518305;Guararema;Guararema (SP);SP;Sudeste;31236;True
3518404;Guaratinguetá;Guaratinguetá (SP);SP;Sudeste;118044;True
3518503;Guareí;Guareí (SP);SP;Sudeste;15013;True
3518602;Guariba;Guariba (SP);SP;Sudeste;37498;True
3518701;Guarujá;Guarujá (SP);SP;Sudeste;287634;True
3518800;Guarulhos;Guarulhos (SP);SP;Sudeste;1291771;True
3518859;Guatapará;Guatapará (SP);SP;Sudeste;7320;False
3518909;Guzolândia;Guzolândia (SP);SP;Sudeste;4246;False
3519006;Herculândia;Herculândia (SP);SP;Sudeste;9125;True
3519055;Holambra;Holambra (SP);SP;Sudeste;15094;False
3519071;Hortolândia;Hortolândia (SP);SP;Sudeste;236641;True
3519105;Iacanga;Iacanga (SP);SP;Sudeste;10437;True
3519204;Iacri;Iacri (SP);SP;Sudeste;6131;True
3519253;Iaras;Iaras (SP);SP;Sudeste;8010;False
3519303;Ibaté;Ibaté (SP);SP;Sudeste;32178;True
3519402;Ibirá;Ibirá (SP);SP;Sudeste;11690;True
3519501;Ibirarema;Ibirarema (SP);SP;Sudeste;6385;True
3519600;Ibitinga;Ibitinga (SP);SP;Sudeste;60033;True
3519709;Ibiúna;Ibiúna (SP);SP;Sudeste;75605;True
3519808;Icém;Icém (SP);SP;Sudeste;7819;True
3519907;Iepê;Iepê (SP);SP;Sudeste;7619;True
3520004;Igaraçu do Tietê;Igaraçu do Tietê (SP);SP;Sudeste;23106;True
3520103;Igarapava;Igarapava (SP);SP;Sudeste;26212;True
3520202;Igaratá;Igaratá (SP);SP;Sudeste;10605;True
3520301;Iguape;Iguape (SP);SP;Sudeste;29115;False
3520400;Ilhabela;Ilhabela (SP);SP;Sudeste;34934;True
3520426;Ilha Comprida;Ilha Comprida (SP);SP;Sudeste;13419;True
3520442;Ilha Solteira;Ilha Solteira (SP);SP;Sudeste;25549;True
3520509;Indaiatuba;Indaiatuba (SP);SP;Sudeste;255748;True
3520608;Indiana;Indiana (SP);SP;Sudeste;5090;True
3520707;Indiaporã;Indiaporã (SP);SP;Sudeste;4035;True
3520806;Inúbia Paulista;Inúbia Paulista (SP);SP;Sudeste;3615;False
3520905;Ipaussu;Ipaussu (SP);SP;Sudeste;13712;True
3521002;Iperó;Iperó (SP);SP;Sudeste;36459;True
3521101;Ipeúna;Ipeúna (SP);SP;Sudeste;6831;False
3521150;Ipiguá;Ipiguá (SP);SP;Sudeste;6761;False
3521200;Iporanga;Iporanga (SP);SP;Sudeste;4046;False
3521309;Ipuã;Ipuã (SP);SP;Sudeste;14454;True
3521408;Iracemápolis;Iracemápolis (SP);SP;Sudeste;21967;True
3521507;Irapuã;Irapuã (SP);SP;Sudeste;6867;False
3521606;Irapuru;Irapuru (SP);SP;Sudeste;7085;False
3521705;Itaberá;Itaberá (SP);SP;Sudeste;17983;True
3521804;Itaí;Itaí (SP);SP;Sudeste;25180;True
3521903;Itajobi;Itajobi (SP);SP;Sudeste;16989;True
3522000;Itaju;Itaju (SP);SP;Sudeste;3618;False
3522109;Itanhaém;Itanhaém (SP);SP;Sudeste;112476;True
3522158;Itaoca;Itaoca (SP);SP;Sudeste;3422;True
3522208;Itapecerica da Serra;Itapecerica da Serra (SP);SP;Sudeste;158522;True
3522307;Itapetininga;Itapetininga (SP);SP;Sudeste;157790;True
3522406;Itapeva;Itapeva (SP);SP;Sudeste;89728;True
3522505;Itapevi;Itapevi (SP);SP;Sudeste;232297;True
3522604;Itapira;Itapira (SP);SP;Sudeste;72022;True
3522653;Itapirapuã Paulista;Itapirapuã Paulista (SP);SP;Sudeste;4306;False
3522703;Itápolis;Itápolis (SP);SP;Sudeste;39493;True
3522802;Itaporanga;Itaporanga (SP);SP;Sudeste;14085;True
3522901;Itapuí;Itapuí (SP);SP;Sudeste;13659;True
3523008;Itapura;Itapura (SP);SP;Sudeste;3979;False
3523107;Itaquaquecetuba;Itaquaquecetuba (SP);SP;Sudeste;369275;True
3523206;Itararé;Itararé (SP);SP;Sudeste;44438;True
3523305;Itariri;Itariri (SP);SP;Sudeste;15528;False
3523404;Itatiba;Itatiba (SP);SP;Sudeste;121590;True
3523503;Itatinga;Itatinga (SP);SP;Sudeste;19070;True
3523602;Itirapina;Itirapina (SP);SP;Sudeste;16148;True
3523701;Itirapuã;Itirapuã (SP);SP;Sudeste;5779;False
3523800;Itobi;Itobi (SP);SP;Sudeste;8046;True
3523909;Itu;Itu (SP);SP;Sudeste;168240;True
3524006;Itupeva;Itupeva (SP);SP;Sudeste;70616;True
3524105;Ituverava;Ituverava (SP);SP;Sudeste;37571;True
3524204;Jaborandi;Jaborandi (SP);SP;Sudeste;6221;False
3524303;Jaboticabal;Jaboticabal (SP);SP;Sudeste;71821;True
3524402;Jacareí;Jacareí (SP);SP;Sudeste;240275;True
3524501;Jaci;Jaci (SP);SP;Sudeste;7613;True
3524600;Jacupiranga;Jacupiranga (SP);SP;Sudeste;16097;False
3524709;Jaguariúna;Jaguariúna (SP);SP;Sudeste;59347;True
3524808;Jales;Jales (SP);SP;Sudeste;48776;True
3524907;Jambeiro;Jambeiro (SP);SP;Sudeste;6397;False
3525003;Jandira;Jandira (SP);SP;Sudeste;118045;True
3525102;Jardinópolis;Jardinópolis (SP);SP;Sudeste;45282;True
3525201;Jarinu;Jarinu (SP);SP;Sudeste;37535;True
3525300;Jaú;Jaú (SP);SP;Sudeste;133497;True
3525409;Jeriquara;Jeriquara (SP);SP;Sudeste;3863;False
3525508;Joanópolis;Joanópolis (SP);SP;Sudeste;12815;True
3525607;João Ramalho;João Ramalho (SP);SP;Sudeste;4371;True
3525706;José Bonifácio;José Bonifácio (SP);SP;Sudeste;36633;True
3525805;Júlio Mesquita;Júlio Mesquita (SP);SP;Sudeste;4254;False
3525854;Jumirim;Jumirim (SP);SP;Sudeste;3056;False
3525904;Jundiaí;Jundiaí (SP);SP;Sudeste;443221;True
3526001;Junqueirópolis;Junqueirópolis (SP);SP;Sudeste;20448;True
3526100;Juquiá;Juquiá (SP);SP;Sudeste;17154;False
3526209;Juquitiba;Juquitiba (SP);SP;Sudeste;27404;True
3526308;Lagoinha;Lagoinha (SP);SP;Sudeste;5083;False
3526407;Laranjal Paulista;Laranjal Paulista (SP);SP;Sudeste;26261;True
3526506;Lavínia;Lavínia (SP);SP;Sudeste;9689;False
3526605;Lavrinhas;Lavrinhas (SP);SP;Sudeste;7171;False
3526704;Leme;Leme (SP);SP;Sudeste;98161;True
3526803;Lençóis Paulista;Lençóis Paulista (SP);SP;Sudeste;66505;True
3526902;Limeira;Limeira (SP);SP;Sudeste;291869;True
3527009;Lindóia;Lindóia (SP);SP;Sudeste;7014;False
3527108;Lins;Lins (SP);SP;Sudeste;74779;True
3527207;Lorena;Lorena (SP);SP;Sudeste;84855;True
3527256;Lourdes;Lourdes (SP);SP;Sudeste;1950;False
3527306;Louveira;Louveira (SP);SP;Sudeste;51847;True
3527405;Lucélia;Lucélia (SP);SP;Sudeste;20061;True
3527504;Lucianópolis;Lucianópolis (SP);SP;Sudeste;2372;False
3527603;Luís Antônio;Luís Antônio (SP);SP;Sudeste;12265;False
3527702;Luiziânia;Luiziânia (SP);SP;Sudeste;4701;False
3527801;Lupércio;Lupércio (SP);SP;Sudeste;3981;False
3527900;Lutécia;Lutécia (SP);SP;Sudeste;2661;False
3528007;Macatuba;Macatuba (SP);SP;Sudeste;16829;True
3528106;Macaubal;Macaubal (SP);SP;Sudeste;7481;True
3528205;Macedônia;Macedônia (SP);SP;Sudeste;3963;False
3528304;Magda;Magda (SP);SP;Sudeste;3165;False
3528403;Mairinque;Mairinque (SP);SP;Sudeste;50027;True
3528502;Mairiporã;Mairiporã (SP);SP;Sudeste;93853;True
3528601;Manduri;Manduri (SP);SP;Sudeste;9871;False
3528700;Marabá Paulista;Marabá Paulista (SP);SP;Sudeste;4573;True
3528809;Maracaí;Maracaí (SP);SP;Sudeste;12673;True
3528858;Marapoama;Marapoama (SP);SP;Sudeste;3292;False
3528908;Mariápolis;Mariápolis (SP);SP;Sudeste;3513;False
3529005;Marília;Marília (SP);SP;Sudeste;237627;True
3529104;Marinópolis;Marinópolis (SP);SP;Sudeste;1860;False
3529203;Martinópolis;Martinópolis (SP);SP;Sudeste;24881;True
3529302;Matão;Matão (SP);SP;Sudeste;79033;True
3529401;Mauá;Mauá (SP);SP;Sudeste;418261;True
3529500;Mendonça;Mendonça (SP);SP;Sudeste;6159;True
3529609;Meridiano;Meridiano (SP);SP;Sudeste;4572;False
3529658;Mesópolis;Mesópolis (SP);SP;Sudeste;1952;False
3529708;Miguelópolis;Miguelópolis (SP);SP;Sudeste;19441;True
3529807;Mineiros do Tietê;Mineiros do Tietê (SP);SP;Sudeste;11230;True
3529906;Miracatu;Miracatu (SP);SP;Sudeste;18553;True
3530003;Mira Estrela;Mira Estrela (SP);SP;Sudeste;3126;False
3530102;Mirandópolis;Mirandópolis (SP);SP;Sudeste;27983;True
3530201;Mirante do Paranapanema;Mirante do Paranapanema (SP);SP;Sudeste;15917;True
3530300;Mirassol;Mirassol (SP);SP;Sudeste;63337;True
3530409;Mirassolândia;Mirassolândia (SP);SP;Sudeste;4669;False
3530508;Mococa;Mococa (SP);SP;Sudeste;67681;True
3530607;Mogi das Cruzes;Mogi das Cruzes (SP);SP;Sudeste;451505;True
3530706;Mogi Guaçu;Mogi Guaçu (SP);SP;Sudeste;153658;True
3530805;Mogi Mirim;Mogi Mirim (SP);SP;Sudeste;92558;True
3530904;Mombuca;Mombuca (SP);SP;Sudeste;3722;False
3531001;Monções;Monções (SP);SP;Sudeste;1937;False
3531100;Mongaguá;Mongaguá (SP);SP;Sudeste;61951;True
3531209;Monte Alegre do Sul;Monte Alegre do Sul (SP);SP;Sudeste;8627;False
3531308;Monte Alto;Monte Alto (SP);SP;Sudeste;47574;True
3531407;Monte Aprazível;Monte Aprazível (SP);SP;Sudeste;22280;True
3531506;Monte Azul Paulista;Monte Azul Paulista (SP);SP;Sudeste;18151;True
3531605;Monte Castelo;Monte Castelo (SP);SP;Sudeste;4222;True
3531704;Monteiro Lobato;Monteiro Lobato (SP);SP;Sudeste;4138;False
3531803;Monte Mor;Monte Mor (SP);SP;Sudeste;64662;True
3531902;Morro Agudo;Morro Agudo (SP);SP;Sudeste;27933;True
3532009;Morungaba;Morungaba (SP);SP;Sudeste;13720;True
3532058;Motuca;Motuca (SP);SP;Sudeste;4034;False
3532108;Murutinga do Sul;Murutinga do Sul (SP);SP;Sudeste;3737;False
3532157;Nantes;Nantes (SP);SP;Sudeste;2660;True
3532207;Narandiba;Narandiba (SP);SP;Sudeste;5713;False
3532306;Natividade da Serra;Natividade da Serra (SP);SP;Sudeste;6999;False
3532405;Nazaré Paulista;Nazaré Paulista (SP);SP;Sudeste;18217;True
3532504;Neves Paulista;Neves Paulista (SP);SP;Sudeste;9699;True
3532603;Nhandeara;Nhandeara (SP);SP;Sudeste;9852;True
3532702;Nipoã;Nipoã (SP);SP;Sudeste;4750;False
3532801;Nova Aliança;Nova Aliança (SP);SP;Sudeste;6693;False
3532827;Nova Campina;Nova Campina (SP);SP;Sudeste;8497;False
3532843;Nova Canaã Paulista;Nova Canaã Paulista (SP);SP;Sudeste;2032;False
3532868;Nova Castilho;Nova Castilho (SP);SP;Sudeste;1062;False
3532900;Nova Europa;Nova Europa (SP);SP;Sudeste;9311;True
3533007;Nova Granada;Nova Granada (SP);SP;Sudeste;19419;True
3533106;Nova Guataporanga;Nova Guataporanga (SP);SP;Sudeste;2156;False
3533205;Nova Independência;Nova Independência (SP);SP;Sudeste;4609;False
3533254;Novais;Novais (SP);SP;Sudeste;4412;False
3533304;Nova Luzitânia;Nova Luzitânia (SP);SP;Sudeste;2837;False
3533403;Nova Odessa;Nova Odessa (SP);SP;Sudeste;62019;True
3533502;Novo Horizonte;Novo Horizonte (SP);SP;Sudeste;38324;True
3533601;Nuporanga;Nuporanga (SP);SP;Sudeste;7391;True
3533700;Ocauçu;Ocauçu (SP);SP;Sudeste;4331;False
3533809;Óleo;Óleo (SP);SP;Sudeste;2512;False
3533908;Olímpia;Olímpia (SP);SP;Sudeste;55074;True
3534005;Onda Verde;Onda Verde (SP);SP;Sudeste;4771;False
3534104;Oriente;Oriente (SP);SP;Sudeste;6085;False
3534203;Orindiúva;Orindiúva (SP);SP;Sudeste;6024;False
3534302;Orlândia;Orlândia (SP);SP;Sudeste;38319;True
3534401;Osasco;Osasco (SP);SP;Sudeste;728615;True
3534500;Oscar Bressane;Oscar Bressane (SP);SP;Sudeste;2470;False
3534609;Osvaldo Cruz;Osvaldo Cruz (SP);SP;Sudeste;31272;True
3534708;Ourinhos;Ourinhos (SP);SP;Sudeste;103970;True
3534757;Ouroeste;Ouroeste (SP);SP;Sudeste;10294;True
3534807;Ouro Verde;Ouro Verde (SP);SP;Sudeste;7779;True
3534906;Pacaembu;Pacaembu (SP);SP;Sudeste;14877;True
3535002;Palestina;Palestina (SP);SP;Sudeste;11476;True
3535101;Palmares Paulista;Palmares Paulista (SP);SP;Sudeste;9650;True
3535200;Palmeira d'Oeste;Palmeira d'Oeste (SP);SP;Sudeste;8903;True
3535309;Palmital;Palmital (SP);SP;Sudeste;19594;True
3535408;Panorama;Panorama (SP);SP;Sudeste;14964;True
3535507;Paraguaçu Paulista;Paraguaçu Paulista (SP);SP;Sudeste;41120;True
3535606;Paraibuna;Paraibuna (SP);SP;Sudeste;17667;False
3535705;Paraíso;Paraíso (SP);SP;Sudeste;6099;False
3535804;Paranapanema;Paranapanema (SP);SP;Sudeste;19395;True
3535903;Paranapuã;Paranapuã (SP);SP;Sudeste;4031;False
3536000;Parapuã;Parapuã (SP);SP;Sudeste;10580;True
3536109;Pardinho;Pardinho (SP);SP;Sudeste;7153;False
3536208;Pariquera-Açu;Pariquera-Açu (SP);SP;Sudeste;19233;False
3536257;Parisi;Parisi (SP);SP;Sudeste;2892;False
3536307;Patrocínio Paulista;Patrocínio Paulista (SP);SP;Sudeste;14512;True
3536406;Paulicéia;Paulicéia (SP);SP;Sudeste;7955;False
3536505;Paulínia;Paulínia (SP);SP;Sudeste;110537;True
3536570;Paulistânia;Paulistânia (SP);SP;Sudeste;2090;False
3536604;Paulo de Faria;Paulo de Faria (SP);SP;Sudeste;7400;False
3536703;Pederneiras;Pederneiras (SP);SP;Sudeste;44827;True
3536802;Pedra Bela;Pedra Bela (SP);SP;Sudeste;6557;False
3536901;Pedranópolis;Pedranópolis (SP);SP;Sudeste;2787;False
3537008;Pedregulho;Pedregulho (SP);SP;Sudeste;15525;True
3537107;Pedreira;Pedreira (SP);SP;Sudeste;43112;True
3537156;Pedrinhas Paulista;Pedrinhas Paulista (SP);SP;Sudeste;2804;False
3537206;Pedro de Toledo;Pedro de Toledo (SP);SP;Sudeste;11281;False
3537305;Penápolis;Penápolis (SP);SP;Sudeste;61679;True
3537404;Pereira Barreto;Pereira Barreto (SP);SP;Sudeste;24095;True
3537503;Pereiras;Pereiras (SP);SP;Sudeste;8737;False
3537602;Peruíbe;Peruíbe (SP);SP;Sudeste;68352;True
3537701;Piacatu;Piacatu (SP);SP;Sudeste;5519;False
3537800;Piedade;Piedade (SP);SP;Sudeste;52970;True
3537909;Pilar do Sul;Pilar do Sul (SP);SP;Sudeste;27619;True
3538006;Pindamonhangaba;Pindamonhangaba (SP);SP;Sudeste;165428;True
3538105;Pindorama;Pindorama (SP);SP;Sudeste;14542;False
3538204;Pinhalzinho;Pinhalzinho (SP);SP;Sudeste;15224;True
3538303;Piquerobi;Piquerobi (SP);SP;Sudeste;3264;False
3538501;Piquete;Piquete (SP);SP;Sudeste;12490;True
3538600;Piracaia;Piracaia (SP);SP;Sudeste;26029;True
3538709;Piracicaba;Piracicaba (SP);SP;Sudeste;423323;True
3538808;Piraju;Piraju (SP);SP;Sudeste;29436;True
3538907;Pirajuí;Pirajuí (SP);SP;Sudeste;22431;True
3539004;Pirangi;Pirangi (SP);SP;Sudeste;10885;True
3539103;Pirapora do Bom Jesus;Pirapora do Bom Jesus (SP);SP;Sudeste;18370;True
3539202;Pirapozinho;Pirapozinho (SP);SP;Sudeste;25348;True
3539301;Pirassununga;Pirassununga (SP);SP;Sudeste;73545;True
3539400;Piratininga;Piratininga (SP);SP;Sudeste;15108;True
3539509;Pitangueiras;Pitangueiras (SP);SP;Sudeste;33674;True
3539608;Planalto;Planalto (SP);SP;Sudeste;4389;False
3539707;Platina;Platina (SP);SP;Sudeste;3025;False
3539806;Poá;Poá (SP);SP;Sudeste;103765;True
3539905;Poloni;Poloni (SP);SP;Sudeste;5592;True
3540002;Pompéia;Pompéia (SP);SP;Sudeste;20196;True
3540101;Pongaí;Pongaí (SP);SP;Sudeste;3395;False
3540200;Pontal;Pontal (SP);SP;Sudeste;37607;True
3540259;Pontalinda;Pontalinda (SP);SP;Sudeste;4127;False
3540309;Pontes Gestal;Pontes Gestal (SP);SP;Sudeste;2387;False
3540408;Populina;Populina (SP);SP;Sudeste;4127;False
3540507;Porangaba;Porangaba (SP);SP;Sudeste;10451;False
3540606;Porto Feliz;Porto Feliz (SP);SP;Sudeste;56497;True
3540705;Porto Ferreira;Porto Ferreira (SP);SP;Sudeste;52649;True
3540754;Potim;Potim (SP);SP;Sudeste;20392;True
3540804;Potirendaba;Potirendaba (SP);SP;Sudeste;18496;True
3540853;Pracinha;Pracinha (SP);SP;Sudeste;2578;False
3540903;Pradópolis;Pradópolis (SP);SP;Sudeste;17078;True
3541000;Praia Grande;Praia Grande (SP);SP;Sudeste;349935;True
3541059;Pratânia;Pratânia (SP);SP;Sudeste;5126;False
3541109;Presidente Alves;Presidente Alves (SP);SP;Sudeste;3804;False
3541208;Presidente Bernardes;Presidente Bernardes (SP);SP;Sudeste;14490;True
3541307;Presidente Epitácio;Presidente Epitácio (SP);SP;Sudeste;39505;True
3541406;Presidente Prudente;Presidente Prudente (SP);SP;Sudeste;225668;True
3541505;Presidente Venceslau;Presidente Venceslau (SP);SP;Sudeste;35201;True
3541604;Promissão;Promissão (SP);SP;Sudeste;35131;True
3541653;Quadra;Quadra (SP);SP;Sudeste;3405;False
3541703;Quatá;Quatá (SP);SP;Sudeste;13163;True
3541802;Queiroz;Queiroz (SP);SP;Sudeste;3265;False
3541901;Queluz;Queluz (SP);SP;Sudeste;9159;True
3542008;Quintana;Quintana (SP);SP;Sudeste;7038;False
3542107;Rafard;Rafard (SP);SP;Sudeste;8965;True
3542206;Rancharia;Rancharia (SP);SP;Sudeste;28588;True
3542305;Redenção da Serra;Redenção da Serra (SP);SP;Sudeste;4494;False
3542404;Regente Feijó;Regente Feijó (SP);SP;Sudeste;20145;True
3542503;Reginópolis;Reginópolis (SP);SP;Sudeste;7662;False
3542602;Registro;Registro (SP);SP;Sudeste;59947;True
3542701;Restinga;Restinga (SP);SP;Sudeste;6404;False
3542800;Ribeira;Ribeira (SP);SP;Sudeste;3132;False
3542909;Ribeirão Bonito;Ribeirão Bonito (SP);SP;Sudeste;10989;True
3543006;Ribeirão Branco;Ribeirão Branco (SP);SP;Sudeste;18627;True
3543105;Ribeirão Corrente;Ribeirão Corrente (SP);SP;Sudeste;4608;False
3543204;Ribeirão do Sul;Ribeirão do Sul (SP);SP;Sudeste;4677;False
3543238;Ribeirão dos Índios;Ribeirão dos Índios (SP);SP;Sudeste;2025;False
3543253;Ribeirão Grande;Ribeirão Grande (SP);SP;Sudeste;7450;False
3543303;Ribeirão Pires;Ribeirão Pires (SP);SP;Sudeste;115559;True
3543402;Ribeirão Preto;Ribeirão Preto (SP);SP;Sudeste;698642;True
3543501;Riversul;Riversul (SP);SP;Sudeste;5599;False
3543600;Rifaina;Rifaina (SP);SP;Sudeste;4049;False
3543709;Rincão;Rincão (SP);SP;Sudeste;9098;False
3543808;Rinópolis;Rinópolis (SP);SP;Sudeste;9259;True
3543907;Rio Claro;Rio Claro (SP);SP;Sudeste;201418;True
3544004;Rio das Pedras;Rio das Pedras (SP);SP;Sudeste;31328;True
3544103;Rio Grande da Serra;Rio Grande da Serra (SP);SP;Sudeste;44170;True
3544202;Riolândia;Riolândia (SP);SP;Sudeste;10309;True
3544251;Rosana;Rosana (SP);SP;Sudeste;17440;True
3544301;Roseira;Roseira (SP);SP;Sudeste;10832;False
3544400;Rubiácea;Rubiácea (SP);SP;Sudeste;2700;False
3544509;Rubinéia;Rubinéia (SP);SP;Sudeste;3833;False
3544608;Sabino;Sabino (SP);SP;Sudeste;5112;False
3544707;Sagres;Sagres (SP);SP;Sudeste;2474;False
3544806;Sales;Sales (SP);SP;Sudeste;6437;True
3544905;Sales Oliveira;Sales Oliveira (SP);SP;Sudeste;11411;True
3545001;Salesópolis;Salesópolis (SP);SP;Sudeste;15202;True
3545100;Salmourão;Salmourão (SP);SP;Sudeste;4808;True
3545159;Saltinho;Saltinho (SP);SP;Sudeste;8161;False
3545209;Salto;Salto (SP);SP;Sudeste;134319;True
3545308;Salto de Pirapora;Salto de Pirapora (SP);SP;Sudeste;43748;True
3545407;Salto Grande;Salto Grande (SP);SP;Sudeste;9050;True
3545506;Sandovalina;Sandovalina (SP);SP;Sudeste;3645;False
3545605;Santa Adélia;Santa Adélia (SP);SP;Sudeste;14018;True
3545704;Santa Albertina;Santa Albertina (SP);SP;Sudeste;6393;True
3545803;Santa Bárbara d'Oeste;Santa Bárbara d'Oeste (SP);SP;Sudeste;183347;True
3546009;Santa Branca;Santa Branca (SP);SP;Sudeste;13975;True
3546108;Santa Clara d'Oeste;Santa Clara d'Oeste (SP);SP;Sudeste;2598;False
3546207;Santa Cruz da Conceição;Santa Cruz da Conceição (SP);SP;Sudeste;4277;False
3546256;Santa Cruz da Esperança;Santa Cruz da Esperança (SP);SP;Sudeste;2116;True
3546306;Santa Cruz das Palmeiras;Santa Cruz das Palmeiras (SP);SP;Sudeste;28864;True
3546405;Santa Cruz do Rio Pardo;Santa Cruz do Rio Pardo (SP);SP;Sudeste;46442;True
3546504;Santa Ernestina;Santa Ernestina (SP);SP;Sudeste;6118;False
3546603;Santa Fé do Sul;Santa Fé do Sul (SP);SP;Sudeste;34794;True
3546702;Santa Gertrudes;Santa Gertrudes (SP);SP;Sudeste;23611;True
3546801;Santa Isabel;Santa Isabel (SP);SP;Sudeste;53174;True
3546900;Santa Lúcia;Santa Lúcia (SP);SP;Sudeste;7149;True
3547007;Santa Maria da Serra;Santa Maria da Serra (SP);SP;Sudeste;5243;False
3547106;Santa Mercedes;Santa Mercedes (SP);SP;Sudeste;2956;False
3547205;Santana da Ponte Pensa;Santana da Ponte Pensa (SP);SP;Sudeste;1670;False
3547304;Santana de Parnaíba;Santana de Parnaíba (SP);SP;Sudeste;154105;True
3547403;Santa Rita d'Oeste;Santa Rita d'Oeste (SP);SP;Sudeste;2733;False
3547502;Santa Rita do Passa Quatro;Santa Rita do Passa Quatro (SP);SP;Sudeste;24833;True
3547601;Santa Rosa de Viterbo;Santa Rosa de Viterbo (SP);SP;Sudeste;23411;True
3547650;Santa Salete;Santa Salete (SP);SP;Sudeste;1645;False
3547700;Santo Anastácio;Santo Anastácio (SP);SP;Sudeste;17963;True
3547809;Santo André;Santo André (SP);SP;Sudeste;748919;True
3547908;Santo Antônio da Alegria;Santo Antônio da Alegria (SP);SP;Sudeste;6775;True
3548005;Santo Antônio de Posse;Santo Antônio de Posse (SP);SP;Sudeste;23244;True
3548054;Santo Antônio do Aracanguá;Santo Antônio do Aracanguá (SP);SP;Sudeste;8379;False
3548104;Santo Antônio do Jardim;Santo Antônio do Jardim (SP);SP;Sudeste;6126;False
3548203;Santo Antônio do Pinhal;Santo Antônio do Pinhal (SP);SP;Sudeste;7133;False
3548302;Santo Expedito;Santo Expedito (SP);SP;Sudeste;3000;False
3548401;Santópolis do Aguapeí;Santópolis do Aguapeí (SP);SP;Sudeste;3899;False
3548500;Santos;Santos (SP);SP;Sudeste;418608;True
3548609;São Bento do Sapucaí;São Bento do Sapucaí (SP);SP;Sudeste;11674;True
3548708;São Bernardo do Campo;São Bernardo do Campo (SP);SP;Sudeste;810729;True
3548807;São Caetano do Sul;São Caetano do Sul (SP);SP;Sudeste;165655;True
3548906;São Carlos;São Carlos (SP);SP;Sudeste;254857;True
3549003;São Francisco;São Francisco (SP);SP;Sudeste;2602;False
3549102;São João da Boa Vista;São João da Boa Vista (SP);SP;Sudeste;92547;True
3549201;São João das Duas Pontes;São João das Duas Pontes (SP);SP;Sudeste;2580;False
3549250;São João de Iracema;São João de Iracema (SP);SP;Sudeste;1846;False
3549300;São João do Pau d'Alho;São João do Pau d'Alho (SP);SP;Sudeste;2242;False
3549409;São Joaquim da Barra;São Joaquim da Barra (SP);SP;Sudeste;48558;True
3549508;São José da Bela Vista;São José da Bela Vista (SP);SP;Sudeste;7626;False
3549607;São José do Barreiro;São José do Barreiro (SP);SP;Sudeste;3853;False
3549706;São José do Rio Pardo;São José do Rio Pardo (SP);SP;Sudeste;52205;True
3549805;São José do Rio Preto;São José do Rio Preto (SP);SP;Sudeste;480393;True
3549904;São José dos Campos;São José dos Campos (SP);SP;Sudeste;697054;True
3549953;São Lourenço da Serra;São Lourenço da Serra (SP);SP;Sudeste;16067;True
3550001;São Luiz do Paraitinga;São Luiz do Paraitinga (SP);SP;Sudeste;10337;False
3550100;São Manuel;São Manuel (SP);SP;Sudeste;37289;True
3550209;São Miguel Arcanjo;São Miguel Arcanjo (SP);SP;Sudeste;32039;True
3550308;São Paulo;São Paulo (SP);SP;Sudeste;11451999;True
3550407;São Pedro;São Pedro (SP);SP;Sudeste;38256;True
3550506;São Pedro do Turvo;São Pedro do Turvo (SP);SP;Sudeste;7217;False
3550605;São Roque;São Roque (SP);SP;Sudeste;79484;True
3550704;São Sebastião;São Sebastião (SP);SP;Sudeste;81595;True
3550803;São Sebastião da Grama;São Sebastião da Grama (SP);SP;Sudeste;10441;True
3550902;São Simão;São Simão (SP);SP;Sudeste;13442;True
3551009;São Vicente;São Vicente (SP);SP;Sudeste;329911;True
3551108;Sarapuí;Sarapuí (SP);SP;Sudeste;10369;False
3551207;Sarutaiá;Sarutaiá (SP);SP;Sudeste;3704;False
3551306;Sebastianópolis do Sul;Sebastianópolis do Sul (SP);SP;Sudeste;3130;False
3551405;Serra Azul;Serra Azul (SP);SP;Sudeste;12746;True
3551504;Serrana;Serrana (SP);SP;Sudeste;43909;True
3551603;Serra Negra;Serra Negra (SP);SP;Sudeste;29894;True
3551702;Sertãozinho;Sertãozinho (SP);SP;Sudeste;126887;True
3551801;Sete Barras;Sete Barras (SP);SP;Sudeste;12730;False
3551900;Severínia;Severínia (SP);SP;Sudeste;14576;True
3552007;Silveiras;Silveiras (SP);SP;Sudeste;6186;False
3552106;Socorro;Socorro (SP);SP;Sudeste;40122;True
3552205;Sorocaba;Sorocaba (SP);SP;Sudeste;723682;True
3552304;Sud Mennucci;Sud Mennucci (SP);SP;Sudeste;7355;True
3552403;Sumaré;Sumaré (SP);SP;Sudeste;279545;True
3552502;Suzano;Suzano (SP);SP;Sudeste;307429;True
3552551;Suzanápolis;Suzanápolis (SP);SP;Sudeste;3408;False
3552601;Tabapuã;Tabapuã (SP);SP;Sudeste;11323;True
3552700;Tabatinga;Tabatinga (SP);SP;Sudeste;14769;True
3552809;Taboão da Serra;Taboão da Serra (SP);SP;Sudeste;273542;True
3552908;Taciba;Taciba (SP);SP;Sudeste;6260;True
3553005;Taguaí;Taguaí (SP);SP;Sudeste;12669;True
3553104;Taiaçu;Taiaçu (SP);SP;Sudeste;5677;False
3553203;Taiúva;Taiúva (SP);SP;Sudeste;6548;False
3553302;Tambaú;Tambaú (SP);SP;Sudeste;21435;True
3553401;Tanabi;Tanabi (SP);SP;Sudeste;25265;True
3553500;Tapiraí;Tapiraí (SP);SP;Sudeste;7996;False
3553609;Tapiratiba;Tapiratiba (SP);SP;Sudeste;11816;True
3553658;Taquaral;Taquaral (SP);SP;Sudeste;2619;False
3553708;Taquaritinga;Taquaritinga (SP);SP;Sudeste;52260;True
3553807;Taquarituba;Taquarituba (SP);SP;Sudeste;24350;True
3553856;Taquarivaí;Taquarivaí (SP);SP;Sudeste;6876;False
3553906;Tarabai;Tarabai (SP);SP;Sudeste;6536;True
3553955;Tarumã;Tarumã (SP);SP;Sudeste;14882;False
3554003;Tatuí;Tatuí (SP);SP;Sudeste;123942;True
3554102;Taubaté;Taubaté (SP);SP;Sudeste;310739;True
3554201;Tejupá;Tejupá (SP);SP;Sudeste;4127;False
3554300;Teodoro Sampaio;Teodoro Sampaio (SP);SP;Sudeste;22173;True
3554409;Terra Roxa;Terra Roxa (SP);SP;Sudeste;7904;True
3554508;Tietê;Tietê (SP);SP;Sudeste;37663;True
3554607;Timburi;Timburi (SP);SP;Sudeste;2464;False
3554656;Torre de Pedra;Torre de Pedra (SP);SP;Sudeste;2046;False
3554706;Torrinha;Torrinha (SP);SP;Sudeste;9335;False
3554755;Trabiju;Trabiju (SP);SP;Sudeste;1682;False
3554805;Tremembé;Tremembé (SP);SP;Sudeste;51173;True
3554904;Três Fronteiras;Três Fronteiras (SP);SP;Sudeste;6804;False
3554953;Tuiuti;Tuiuti (SP);SP;Sudeste;6778;False
3555000;Tupã;Tupã (SP);SP;Sudeste;63928;True
3555109;Tupi Paulista;Tupi Paulista (SP);SP;Sudeste;15854;True
3555208;Turiúba;Turiúba (SP);SP;Sudeste;1818;False
3555307;Turmalina;Turmalina (SP);SP;Sudeste;1669;False
3555356;Ubarana;Ubarana (SP);SP;Sudeste;5365;True
3555406;Ubatuba;Ubatuba (SP);SP;Sudeste;92981;True
3555505;Ubirajara;Ubirajara (SP);SP;Sudeste;5132;False
3555604;Uchoa;Uchoa (SP);SP;Sudeste;10394;True
3555703;União Paulista;União Paulista (SP);SP;Sudeste;1603;False
3555802;Urânia;Urânia (SP);SP;Sudeste;8833;True
3555901;Uru;Uru (SP);SP;Sudeste;1387;False
3556008;Urupês;Urupês (SP);SP;Sudeste;13744;True
3556107;Valentim Gentil;Valentim Gentil (SP);SP;Sudeste;14098;True
3556206;Valinhos;Valinhos (SP);SP;Sudeste;126373;True
3556305;Valparaíso;Valparaíso (SP);SP;Sudeste;24241;True
3556354;Vargem;Vargem (SP);SP;Sudeste;10512;False
3556404;Vargem Grande do Sul;Vargem Grande do Sul (SP);SP;Sudeste;40133;True
3556453;Vargem Grande Paulista;Vargem Grande Paulista (SP);SP;Sudeste;50415;True
3556503;Várzea Paulista;Várzea Paulista (SP);SP;Sudeste;115771;True
3556602;Vera Cruz;Vera Cruz (SP);SP;Sudeste;10176;True
3556701;Vinhedo;Vinhedo (SP);SP;Sudeste;76540;True
3556800;Viradouro;Viradouro (SP);SP;Sudeste;17414;True
3556909;Vista Alegre do Alto;Vista Alegre do Alto (SP);SP;Sudeste;8109;False
3556958;Vitória Brasil;Vitória Brasil (SP);SP;Sudeste;1794;False
3557006;Votorantim;Votorantim (SP);SP;Sudeste;127923;True
3557105;Votuporanga;Votuporanga (SP);SP;Sudeste;96634;True
3557154;Zacarias;Zacarias (SP);SP;Sudeste;2692;False
3557204;Chavantes;Chavantes (SP);SP;Sudeste;12211;True
3557303;Estiva Gerbi;Estiva Gerbi (SP);SP;Sudeste;11295;False
4100103;Abatiá;Abatiá (PR);PR;Sul;7241;True
4100202;Adrianópolis;Adrianópolis (PR);PR;Sul;6256;False
4100301;Agudos do Sul;Agudos do Sul (PR);PR;Sul;10233;False
4100400;Almirante Tamandaré;Almirante Tamandaré (PR);PR;Sul;119825;True
4100459;Altamira do Paraná;Altamira do Paraná (PR);PR;Sul;3590;False
4100509;Altônia;Altônia (PR);PR;Sul;18742;True
4100608;Alto Paraná;Alto Paraná (PR);PR;Sul;13909;True
4100707;Alto Piquiri;Alto Piquiri (PR);PR;Sul;9727;False
4100806;Alvorada do Sul;Alvorada do Sul (PR);PR;Sul;10326;False
4100905;Amaporã;Amaporã (PR);PR;Sul;4762;False
4101002;Ampére;Ampére (PR);PR;Sul;19620;True
4101051;Anahy;Anahy (PR);PR;Sul;2918;False
4101101;Andirá;Andirá (PR);PR;Sul;19878;True
4101150;Ângulo;Ângulo (PR);PR;Sul;3235;False
4101200;Antonina;Antonina (PR);PR;Sul;18091;True
4101309;Antônio Olinto;Antônio Olinto (PR);PR;Sul;7018;True
4101408;Apucarana;Apucarana (PR);PR;Sul;130134;True
4101507;Arapongas;Arapongas (PR);PR;Sul;119138;True
4101606;Arapoti;Arapoti (PR);PR;Sul;25777;True
4101655;Arapuã;Arapuã (PR);PR;Sul;3527;True
4101705;Araruna;Araruna (PR);PR;Sul;14485;True
4101804;Araucária;Araucária (PR);PR;Sul;151666;True
4101853;Ariranha do Ivaí;Ariranha do Ivaí (PR);PR;Sul;2329;True
4101903;Assaí;Assaí (PR);PR;Sul;13797;True
4102000;Assis Chateaubriand;Assis Chateaubriand (PR);PR;Sul;36808;True
4102109;Astorga;Astorga (PR);PR;Sul;25475;True
4102208;Atalaia;Atalaia (PR);PR;Sul;3980;False
4102307;Balsa Nova;Balsa Nova (PR);PR;Sul;13395;True
4102406;Bandeirantes;Bandeirantes (PR);PR;Sul;31273;True
4102505;Barbosa Ferraz;Barbosa Ferraz (PR);PR;Sul;10795;True
4102604;Barracão;Barracão (PR);PR;Sul;9759;True
4102703;Barra do Jacaré;Barra do Jacaré (PR);PR;Sul;2814;False
4102752;Bela Vista da Caroba;Bela Vista da Caroba (PR);PR;Sul;4031;False
4102802;Bela Vista do Paraíso;Bela Vista do Paraíso (PR);PR;Sul;14833;True
4102901;Bituruna;Bituruna (PR);PR;Sul;15533;True
4103008;Boa Esperança;Boa Esperança (PR);PR;Sul;4558;True
4103024;Boa Esperança do Iguaçu;Boa Esperança do Iguaçu (PR);PR;Sul;2455;False
4103040;Boa Ventura de São Roque;Boa Ventura de São Roque (PR);PR;Sul;6378;False
4103057;Boa Vista da Aparecida;Boa Vista da Aparecida (PR);PR;Sul;7924;True
4103107;Bocaiúva do Sul;Bocaiúva do Sul (PR);PR;Sul;13299;True
4103156;Bom Jesus do Sul;Bom Jesus do Sul (PR);PR;Sul;3980;False
4103206;Bom Sucesso;Bom Sucesso (PR);PR;Sul;6581;True
4103222;Bom Sucesso do Sul;Bom Sucesso do Sul (PR);PR;Sul;3202;False
4103305;Borrazópolis;Borrazópolis (PR);PR;Sul;7735;True
4103354;Braganey;Braganey (PR);PR;Sul;4854;True
4103370;Brasilândia do Sul;Brasilândia do Sul (PR);PR;Sul;3708;True
4103404;Cafeara;Cafeara (PR);PR;Sul;2627;False
4103453;Cafelândia;Cafelândia (PR);PR;Sul;18997;True
4103479;Cafezal do Sul;Cafezal do Sul (PR);PR;Sul;4473;False
4103503;Califórnia;Califórnia (PR);PR;Sul;8710;True
4103602;Cambará;Cambará (PR);PR;Sul;23212;True
4103701;Cambé;Cambé (PR);PR;Sul;107208;True
4103800;Cambira;Cambira (PR);PR;Sul;9460;True
4103909;Campina da Lagoa;Campina da Lagoa (PR);PR;Sul;15723;True
4103958;Campina do Simão;Campina do Simão (PR);PR;Sul;3936;False
4104006;Campina Grande do Sul;Campina Grande do Sul (PR);PR;Sul;47825;True
4104055;Campo Bonito;Campo Bonito (PR);PR;Sul;4027;True
4104105;Campo do Tenente;Campo do Tenente (PR);PR;Sul;7508;False
4104204;Campo Largo;Campo Largo (PR);PR;Sul;136327;True
4104253;Campo Magro;Campo Magro (PR);PR;Sul;30160;True
4104303;Campo Mourão;Campo Mourão (PR);PR;Sul;99432;True
4104402;Cândido de Abreu;Cândido de Abreu (PR);PR;Sul;15244;True
4104428;Candói;Candói (PR);PR;Sul;14973;True
4104451;Cantagalo;Cantagalo (PR);PR;Sul;10933;True
4104501;Capanema;Capanema (PR);PR;Sul;20481;True
4104600;Capitão Leônidas Marques;Capitão Leônidas Marques (PR);PR;Sul;14648;True
4104659;Carambeí;Carambeí (PR);PR;Sul;23283;False
4104709;Carlópolis;Carlópolis (PR);PR;Sul;16905;False
4104808;Cascavel;Cascavel (PR);PR;Sul;348051;True
4104907;Castro;Castro (PR);PR;Sul;73075;True
4105003;Catanduvas;Catanduvas (PR);PR;Sul;10446;False
4105102;Centenário do Sul;Centenário do Sul (PR);PR;Sul;10832;True
4105201;Cerro Azul;Cerro Azul (PR);PR;Sul;16134;False
4105300;Céu Azul;Céu Azul (PR);PR;Sul;11087;False
4105409;Chopinzinho;Chopinzinho (PR);PR;Sul;21085;True
4105508;Cianorte;Cianorte (PR);PR;Sul;79527;True
4105607;Cidade Gaúcha;Cidade Gaúcha (PR);PR;Sul;11467;True
4105706;Clevelândia;Clevelândia (PR);PR;Sul;15070;False
4105805;Colombo;Colombo (PR);PR;Sul;232212;True
4105904;Colorado;Colorado (PR);PR;Sul;22896;True
4106001;Congonhinhas;Congonhinhas (PR);PR;Sul;8320;False
4106100;Conselheiro Mairinck;Conselheiro Mairinck (PR);PR;Sul;3461;False
4106209;Contenda;Contenda (PR);PR;Sul;19128;True
4106308;Corbélia;Corbélia (PR);PR;Sul;17470;True
4106407;Cornélio Procópio;Cornélio Procópio (PR);PR;Sul;45206;True
4106456;Coronel Domingos Soares;Coronel Domingos Soares (PR);PR;Sul;5649;False
4106506;Coronel Vivida;Coronel Vivida (PR);PR;Sul;23331;True
4106555;Corumbataí do Sul;Corumbataí do Sul (PR);PR;Sul;3760;True
4106571;Cruzeiro do Iguaçu;Cruzeiro do Iguaçu (PR);PR;Sul;4133;False
4106605;Cruzeiro do Oeste;Cruzeiro do Oeste (PR);PR;Sul;23831;True
4106704;Cruzeiro do Sul;Cruzeiro do Sul (PR);PR;Sul;4494;True
4106803;Cruz Machado;Cruz Machado (PR);PR;Sul;15978;True
4106852;Cruzmaltina;Cruzmaltina (PR);PR;Sul;2892;True
4106902;Curitiba;Curitiba (PR);PR;Sul;1773718;True
4107009;Curiúva;Curiúva (PR);PR;Sul;13647;True
4107108;Diamante do Norte;Diamante do Norte (PR);PR;Sul;5142;False
4107124;Diamante do Sul;Diamante do Sul (PR);PR;Sul;3171;True
4107157;Diamante D'Oeste;Diamante D'Oeste (PR);PR;Sul;4557;True
4107207;Dois Vizinhos;Dois Vizinhos (PR);PR;Sul;44869;True
4107256;Douradina;Douradina (PR);PR;Sul;9161;False
4107306;Doutor Camargo;Doutor Camargo (PR);PR;Sul;6327;False
4107405;Enéas Marques;Enéas Marques (PR);PR;Sul;5999;False
4107504;Engenheiro Beltrão;Engenheiro Beltrão (PR);PR;Sul;12454;True
4107520;Esperança Nova;Esperança Nova (PR);PR;Sul;1849;False
4107538;Entre Rios do Oeste;Entre Rios do Oeste (PR);PR;Sul;4575;False
4107546;Espigão Alto do Iguaçu;Espigão Alto do Iguaçu (PR);PR;Sul;4797;False
4107553;Farol;Farol (PR);PR;Sul;3039;False
4107603;Faxinal;Faxinal (PR);PR;Sul;16389;True
4107652;Fazenda Rio Grande;Fazenda Rio Grande (PR);PR;Sul;148873;True
4107702;Fênix;Fênix (PR);PR;Sul;4492;False
4107736;Fernandes Pinheiro;Fernandes Pinheiro (PR);PR;Sul;6255;False
4107751;Figueira;Figueira (PR);PR;Sul;8062;True
4107801;Floraí;Floraí (PR);PR;Sul;4792;False
4107850;Flor da Serra do Sul;Flor da Serra do Sul (PR);PR;Sul;4364;True
4107900;Floresta;Floresta (PR);PR;Sul;10458;True
4108007;Florestópolis;Florestópolis (PR);PR;Sul;11446;True
4108106;Flórida;Flórida (PR);PR;Sul;2652;False
4108205;Formosa do Oeste;Formosa do Oeste (PR);PR;Sul;7635;False
4108304;Foz do Iguaçu;Foz do Iguaçu (PR);PR;Sul;285415;True
4108320;Francisco Alves;Francisco Alves (PR);PR;Sul;8116;True
4108403;Francisco Beltrão;Francisco Beltrão (PR);PR;Sul;96666;True
4108452;Foz do Jordão;Foz do Jordão (PR);PR;Sul;4926;False
4108502;General Carneiro;General Carneiro (PR);PR;Sul;11062;False
4108551;Godoy Moreira;Godoy Moreira (PR);PR;Sul;2977;False
4108601;Goioerê;Goioerê (PR);PR;Sul;28437;True
4108650;Goioxim;Goioxim (PR);PR;Sul;6566;False
4108700;Grandes Rios;Grandes Rios (PR);PR;Sul;5641;False
4108809;Guaíra;Guaíra (PR);PR;Sul;32097;True
4108908;Guairaçá;Guairaçá (PR);PR;Sul;6587;True
4108957;Guamiranga;Guamiranga (PR);PR;Sul;7856;True
4109005;Guapirama;Guapirama (PR);PR;Sul;4626;False
4109104;Guaporema;Guaporema (PR);PR;Sul;2191;False
4109203;Guaraci;Guaraci (PR);PR;Sul;4748;False
4109302;Guaraniaçu;Guaraniaçu (PR);PR;Sul;13735;True
4109401;Guarapuava;Guarapuava (PR);PR;Sul;182093;True
4109500;Guaraqueçaba;Guaraqueçaba (PR);PR;Sul;7430;False
4109609;Guaratuba;Guaratuba (PR);PR;Sul;42062;True
4109658;Honório Serpa;Honório Serpa (PR);PR;Sul;4941;False
4109708;Ibaiti;Ibaiti (PR);PR;Sul;28830;True
4109757;Ibema;Ibema (PR);PR;Sul;6218;False
4109807;Ibiporã;Ibiporã (PR);PR;Sul;51603;True
4109906;Icaraíma;Icaraíma (PR);PR;Sul;8991;False
4110003;Iguaraçu;Iguaraçu (PR);PR;Sul;5338;True
4110052;Iguatu;Iguatu (PR);PR;Sul;2144;False
4110078;Imbaú;Imbaú (PR);PR;Sul;14249;True
4110102;Imbituva;Imbituva (PR);PR;Sul;29924;True
4110201;Inácio Martins;Inácio Martins (PR);PR;Sul;9670;False
4110300;Inajá;Inajá (PR);PR;Sul;2536;False
4110409;Indianópolis;Indianópolis (PR);PR;Sul;4448;True
4110508;Ipiranga;Ipiranga (PR);PR;Sul;14142;True
4110607;Iporã;Iporã (PR);PR;Sul;15746;True
4110656;Iracema do Oeste;Iracema do Oeste (PR);PR;Sul;2343;False
4110706;Irati;Irati (PR);PR;Sul;59250;True
4110805;Iretama;Iretama (PR);PR;Sul;10684;False
4110904;Itaguajé;Itaguajé (PR);PR;Sul;4481;False
4110953;Itaipulândia;Itaipulândia (PR);PR;Sul;11485;False
4111001;Itambaracá;Itambaracá (PR);PR;Sul;5908;True
4111100;Itambé;Itambé (PR);PR;Sul;6111;False
4111209;Itapejara d'Oeste;Itapejara d'Oeste (PR);PR;Sul;12344;True
4111258;Itaperuçu;Itaperuçu (PR);PR;Sul;31217;True
4111308;Itaúna do Sul;Itaúna do Sul (PR);PR;Sul;3572;True
4111407;Ivaí;Ivaí (PR);PR;Sul;13229;True
4111506;Ivaiporã;Ivaiporã (PR);PR;Sul;32720;True
4111555;Ivaté;Ivaté (PR);PR;Sul;6831;False
4111605;Ivatuba;Ivatuba (PR);PR;Sul;2708;False
4111704;Jaboti;Jaboti (PR);PR;Sul;5427;True
4111803;Jacarezinho;Jacarezinho (PR);PR;Sul;40375;True
4111902;Jaguapitã;Jaguapitã (PR);PR;Sul;15122;True
4112009;Jaguariaíva;Jaguariaíva (PR);PR;Sul;35141;True
4112108;Jandaia do Sul;Jandaia do Sul (PR);PR;Sul;21408;True
4112207;Janiópolis;Janiópolis (PR);PR;Sul;5870;True
4112306;Japira;Japira (PR);PR;Sul;4972;True
4112405;Japurá;Japurá (PR);PR;Sul;9144;True
4112504;Jardim Alegre;Jardim Alegre (PR);PR;Sul;12004;True
4112603;Jardim Olinda;Jardim Olinda (PR);PR;Sul;1343;False
4112702;Jataizinho;Jataizinho (PR);PR;Sul;11813;True
4112751;Jesuítas;Jesuítas (PR);PR;Sul;10506;True
4112801;Joaquim Távora;Joaquim Távora (PR);PR;Sul;11945;True
4112900;Jundiaí do Sul;Jundiaí do Sul (PR);PR;Sul;3333;False
4112959;Juranda;Juranda (PR);PR;Sul;7771;True
4113007;Jussara;Jussara (PR);PR;Sul;6690;False
4113106;Kaloré;Kaloré (PR);PR;Sul;4582;True
4113205;Lapa;Lapa (PR);PR;Sul;45003;True
4113254;Laranjal;Laranjal (PR);PR;Sul;5600;False
4113304;Laranjeiras do Sul;Laranjeiras do Sul (PR);PR;Sul;32227;True
4113403;Leópolis;Leópolis (PR);PR;Sul;3752;False
4113429;Lidianópolis;Lidianópolis (PR);PR;Sul;3938;True
4113452;Lindoeste;Lindoeste (PR);PR;Sul;5175;False
4113502;Loanda;Loanda (PR);PR;Sul;23225;True
4113601;Lobato;Lobato (PR);PR;Sul;4601;False
4113700;Londrina;Londrina (PR);PR;Sul;555965;True
4113734;Luiziana;Luiziana (PR);PR;Sul;6690;False
4113759;Lunardelli;Lunardelli (PR);PR;Sul;4872;True
4113809;Lupionópolis;Lupionópolis (PR);PR;Sul;4813;False
4113908;Mallet;Mallet (PR);PR;Sul;13428;True
4114005;Mamborê;Mamborê (PR);PR;Sul;13452;False
4114104;Mandaguaçu;Mandaguaçu (PR);PR;Sul;31457;True
4114203;Mandaguari;Mandaguari (PR);PR;Sul;36716;True
4114302;Mandirituba;Mandirituba (PR);PR;Sul;27439;True
4114351;Manfrinópolis;Manfrinópolis (PR);PR;Sul;2770;False
4114401;Mangueirinha;Mangueirinha (PR);PR;Sul;16603;True
4114500;Manoel Ribas;Manoel Ribas (PR);PR;Sul;14240;True
4114609;Marechal Cândido Rondon;Marechal Cândido Rondon (PR);PR;Sul;55836;True
4114708;Maria Helena;Maria Helena (PR);PR;Sul;5865;False
4114807;Marialva;Marialva (PR);PR;Sul;41851;True
4114906;Marilândia do Sul;Marilândia do Sul (PR);PR;Sul;8677;True
4115002;Marilena;Marilena (PR);PR;Sul;7253;True
4115101;Mariluz;Mariluz (PR);PR;Sul;9847;False
4115200;Maringá;Maringá (PR);PR;Sul;409657;True
4115309;Mariópolis;Mariópolis (PR);PR;Sul;6371;False
4115358;Maripá;Maripá (PR);PR;Sul;6555;False
4115408;Marmeleiro;Marmeleiro (PR);PR;Sul;15901;True
4115457;Marquinho;Marquinho (PR);PR;Sul;4504;True
4115507;Marumbi;Marumbi (PR);PR;Sul;4699;False
4115606;Matelândia;Matelândia (PR);PR;Sul;18450;True
4115705;Matinhos;Matinhos (PR);PR;Sul;39259;True
4115739;Mato Rico;Mato Rico (PR);PR;Sul;3267;False
4115754;Mauá da Serra;Mauá da Serra (PR);PR;Sul;9383;True
4115804;Medianeira;Medianeira (PR);PR;Sul;54369;True
4115853;Mercedes;Mercedes (PR);PR;Sul;5931;False
4115903;Mirador;Mirador (PR);PR;Sul;2238;True
4116000;Miraselva;Miraselva (PR);PR;Sul;1966;False
4116059;Missal;Missal (PR);PR;Sul;11064;False
4116109;Moreira Sales;Moreira Sales (PR);PR;Sul;11175;True
4116208;Morretes;Morretes (PR);PR;Sul;18309;True
4116307;Munhoz de Melo;Munhoz de Melo (PR);PR;Sul;3951;True
4116406;Nossa Senhora das Graças;Nossa Senhora das Graças (PR);PR;Sul;3669;False
4116505;Nova Aliança do Ivaí;Nova Aliança do Ivaí (PR);PR;Sul;1323;False
4116604;Nova América da Colina;Nova América da Colina (PR);PR;Sul;3280;False
4116703;Nova Aurora;Nova Aurora (PR);PR;Sul;13765;True
4116802;Nova Cantu;Nova Cantu (PR);PR;Sul;6790;True
4116901;Nova Esperança;Nova Esperança (PR);PR;Sul;26585;True
4116950;Nova Esperança do Sudoeste;Nova Esperança do Sudoeste (PR);PR;Sul;5597;True
4117008;Nova Fátima;Nova Fátima (PR);PR;Sul;7225;True
4117057;Nova Laranjeiras;Nova Laranjeiras (PR);PR;Sul;12074;False
4117107;Nova Londrina;Nova Londrina (PR);PR;Sul;12923;True
4117206;Nova Olímpia;Nova Olímpia (PR);PR;Sul;5833;False
4117214;Nova Santa Bárbara;Nova Santa Bárbara (PR);PR;Sul;4184;False
4117222;Nova Santa Rosa;Nova Santa Rosa (PR);PR;Sul;8322;True
4117255;Nova Prata do Iguaçu;Nova Prata do Iguaçu (PR);PR;Sul;12699;False
4117271;Nova Tebas;Nova Tebas (PR);PR;Sul;6848;True
4117297;Novo Itacolomi;Novo Itacolomi (PR);PR;Sul;3125;False
4117305;Ortigueira;Ortigueira (PR);PR;Sul;24192;True
4117404;Ourizona;Ourizona (PR);PR;Sul;3187;False
4117453;Ouro Verde do Oeste;Ouro Verde do Oeste (PR);PR;Sul;6785;False
4117503;Paiçandu;Paiçandu (PR);PR;Sul;45962;True
4117602;Palmas;Palmas (PR);PR;Sul;48247;True
4117701;Palmeira;Palmeira (PR);PR;Sul;33855;True
4117800;Palmital;Palmital (PR);PR;Sul;13033;True
4117909;Palotina;Palotina (PR);PR;Sul;35011;True
4118006;Paraíso do Norte;Paraíso do Norte (PR);PR;Sul;13245;True
4118105;Paranacity;Paranacity (PR);PR;Sul;9557;False
4118204;Paranaguá;Paranaguá (PR);PR;Sul;145829;True
4118303;Paranapoema;Paranapoema (PR);PR;Sul;2398;False
4118402;Paranavaí;Paranavaí (PR);PR;Sul;92001;True
4118451;Pato Bragado;Pato Bragado (PR);PR;Sul;5733;False
4118501;Pato Branco;Pato Branco (PR);PR;Sul;91836;True
4118600;Paula Freitas;Paula Freitas (PR);PR;Sul;5666;True
4118709;Paulo Frontin;Paulo Frontin (PR);PR;Sul;6343;False
4118808;Peabiru;Peabiru (PR);PR;Sul;13346;True
4118857;Perobal;Perobal (PR);PR;Sul;7189;False
4118907;Pérola;Pérola (PR);PR;Sul;11878;True
4119004;Pérola d'Oeste;Pérola d'Oeste (PR);PR;Sul;6221;False
4119103;Piên;Piên (PR);PR;Sul;13655;True
4119152;Pinhais;Pinhais (PR);PR;Sul;127019;True
4119202;Pinhalão;Pinhalão (PR);PR;Sul;6566;False
4119251;Pinhal de São Bento;Pinhal de São Bento (PR);PR;Sul;2761;False
4119301;Pinhão;Pinhão (PR);PR;Sul;29886;True
4119400;Piraí do Sul;Piraí do Sul (PR);PR;Sul;23651;True
4119509;Piraquara;Piraquara (PR);PR;Sul;118730;True
4119608;Pitanga;Pitanga (PR);PR;Sul;33567;True
4119657;Pitangueiras;Pitangueiras (PR);PR;Sul;3046;False
4119707;Planaltina do Paraná;Planaltina do Paraná (PR);PR;Sul;4070;False
4119806;Planalto;Planalto (PR);PR;Sul;14374;False
4119905;Ponta Grossa;Ponta Grossa (PR);PR;Sul;358371;True
4119954;Pontal do Paraná;Pontal do Paraná (PR);PR;Sul;30425;True
4120002;Porecatu;Porecatu (PR);PR;Sul;11624;True
4120101;Porto Amazonas;Porto Amazonas (PR);PR;Sul;4098;False
4120150;Porto Barreiro;Porto Barreiro (PR);PR;Sul;3110;True
4120200;Porto Rico;Porto Rico (PR);PR;Sul;3182;False
4120309;Porto Vitória;Porto Vitória (PR);PR;Sul;3562;False
4120333;Prado Ferreira;Prado Ferreira (PR);PR;Sul;3709;False
4120358;Pranchita;Pranchita (PR);PR;Sul;5737;True
4120408;Presidente Castelo Branco;Presidente Castelo Branco (PR);PR;Sul;4336;False
4120507;Primeiro de Maio;Primeiro de Maio (PR);PR;Sul;10082;True
4120606;Prudentópolis;Prudentópolis (PR);PR;Sul;49393;True
4120655;Quarto Centenário;Quarto Centenário (PR);PR;Sul;4201;True
4120705;Quatiguá;Quatiguá (PR);PR;Sul;8099;True
4120804;Quatro Barras;Quatro Barras (PR);PR;Sul;24191;False
4120853;Quatro Pontes;Quatro Pontes (PR);PR;Sul;4480;False
4120903;Quedas do Iguaçu;Quedas do Iguaçu (PR);PR;Sul;30738;True
4121000;Querência do Norte;Querência do Norte (PR);PR;Sul;10685;True
4121109;Quinta do Sol;Quinta do Sol (PR);PR;Sul;5001;True
4121208;Quitandinha;Quitandinha (PR);PR;Sul;18398;True
4121257;Ramilândia;Ramilândia (PR);PR;Sul;4221;False
4121307;Rancho Alegre;Rancho Alegre (PR);PR;Sul;3512;False
4121356;Rancho Alegre D'Oeste;Rancho Alegre D'Oeste (PR);PR;Sul;2618;False
4121406;Realeza;Realeza (PR);PR;Sul;19247;False
4121505;Rebouças;Rebouças (PR);PR;Sul;14514;True
4121604;Renascença;Renascença (PR);PR;Sul;6845;False
4121703;Reserva;Reserva (PR);PR;Sul;24573;True
4121752;Reserva do Iguaçu;Reserva do Iguaçu (PR);PR;Sul;6553;False
4121802;Ribeirão Claro;Ribeirão Claro (PR);PR;Sul;12364;True
4121901;Ribeirão do Pinhal;Ribeirão do Pinhal (PR);PR;Sul;13060;True
4122008;Rio Azul;Rio Azul (PR);PR;Sul;14025;True
4122107;Rio Bom;Rio Bom (PR);PR;Sul;3197;False
4122156;Rio Bonito do Iguaçu;Rio Bonito do Iguaçu (PR);PR;Sul;13929;True
4122172;Rio Branco do Ivaí;Rio Branco do Ivaí (PR);PR;Sul;3808;False
4122206;Rio Branco do Sul;Rio Branco do Sul (PR);PR;Sul;37558;True
4122305;Rio Negro;Rio Negro (PR);PR;Sul;31324;True
4122404;Rolândia;Rolândia (PR);PR;Sul;71670;True
4122503;Roncador;Roncador (PR);PR;Sul;11251;True
4122602;Rondon;Rondon (PR);PR;Sul;9097;True
4122651;Rosário do Ivaí;Rosário do Ivaí (PR);PR;Sul;5435;False
4122701;Sabáudia;Sabáudia (PR);PR;Sul;8822;True
4122800;Salgado Filho;Salgado Filho (PR);PR;Sul;4075;False
4122909;Salto do Itararé;Salto do Itararé (PR);PR;Sul;5192;False
4123006;Salto do Lontra;Salto do Lontra (PR);PR;Sul;15223;True
4123105;Santa Amélia;Santa Amélia (PR);PR;Sul;3394;False
4123204;Santa Cecília do Pavão;Santa Cecília do Pavão (PR);PR;Sul;3365;False
4123303;Santa Cruz de Monte Castelo;Santa Cruz de Monte Castelo (PR);PR;Sul;8613;True
4123402;Santa Fé;Santa Fé (PR);PR;Sul;11378;True
4123501;Santa Helena;Santa Helena (PR);PR;Sul;25492;True
4123600;Santa Inês;Santa Inês (PR);PR;Sul;1748;False
4123709;Santa Isabel do Ivaí;Santa Isabel do Ivaí (PR);PR;Sul;8912;False
4123808;Santa Izabel do Oeste;Santa Izabel do Oeste (PR);PR;Sul;14070;False
4123824;Santa Lúcia;Santa Lúcia (PR);PR;Sul;3644;False
4123857;Santa Maria do Oeste;Santa Maria do Oeste (PR);PR;Sul;9934;True
4123907;Santa Mariana;Santa Mariana (PR);PR;Sul;11066;True
4123956;Santa Mônica;Santa Mônica (PR);PR;Sul;3356;True
4124004;Santana do Itararé;Santana do Itararé (PR);PR;Sul;5514;False
4124020;Santa Tereza do Oeste;Santa Tereza do Oeste (PR);PR;Sul;13174;False
4124053;Santa Terezinha de Itaipu;Santa Terezinha de Itaipu (PR);PR;Sul;24262;False
4124103;Santo Antônio da Platina;Santo Antônio da Platina (PR);PR;Sul;44369;True
4124202;Santo Antônio do Caiuá;Santo Antônio do Caiuá (PR);PR;Sul;2493;True
4124301;Santo Antônio do Paraíso;Santo Antônio do Paraíso (PR);PR;Sul;2125;False
4124400;Santo Antônio do Sudoeste;Santo Antônio do Sudoeste (PR);PR;Sul;23673;True
4124509;Santo Inácio;Santo Inácio (PR);PR;Sul;6181;True
4124608;São Carlos do Ivaí;São Carlos do Ivaí (PR);PR;Sul;6587;True
4124707;São Jerônimo da Serra;São Jerônimo da Serra (PR);PR;Sul;10830;True
4124806;São João;São João (PR);PR;Sul;11886;False
4124905;São João do Caiuá;São João do Caiuá (PR);PR;Sul;5586;False
4125001;São João do Ivaí;São João do Ivaí (PR);PR;Sul;10667;True
4125100;São João do Triunfo;São João do Triunfo (PR);PR;Sul;13726;True
4125209;São Jorge d'Oeste;São Jorge d'Oeste (PR);PR;Sul;9378;True
4125308;São Jorge do Ivaí;São Jorge do Ivaí (PR);PR;Sul;5168;False
4125357;São Jorge do Patrocínio;São Jorge do Patrocínio (PR);PR;Sul;6504;False
4125407;São José da Boa Vista;São José da Boa Vista (PR);PR;Sul;6040;False
4125456;São José das Palmeiras;São José das Palmeiras (PR);PR;Sul;3957;False
4125506;São José dos Pinhais;São José dos Pinhais (PR);PR;Sul;329628;True
4125555;São Manoel do Paraná;São Manoel do Paraná (PR);PR;Sul;2138;False
4125605;São Mateus do Sul;São Mateus do Sul (PR);PR;Sul;42366;True
4125704;São Miguel do Iguaçu;São Miguel do Iguaçu (PR);PR;Sul;29122;True
4125753;São Pedro do Iguaçu;São Pedro do Iguaçu (PR);PR;Sul;5784;False
4125803;São Pedro do Ivaí;São Pedro do Ivaí (PR);PR;Sul;8690;True
4125902;São Pedro do Paraná;São Pedro do Paraná (PR);PR;Sul;2661;True
4126009;São Sebastião da Amoreira;São Sebastião da Amoreira (PR);PR;Sul;8063;False
4126108;São Tomé;São Tomé (PR);PR;Sul;5232;True
4126207;Sapopema;Sapopema (PR);PR;Sul;6695;True
4126256;Sarandi;Sarandi (PR);PR;Sul;118455;True
4126272;Saudade do Iguaçu;Saudade do Iguaçu (PR);PR;Sul;6108;False
4126306;Sengés;Sengés (PR);PR;Sul;17270;False
4126355;Serranópolis do Iguaçu;Serranópolis do Iguaçu (PR);PR;Sul;5007;False
4126405;Sertaneja;Sertaneja (PR);PR;Sul;5616;True
4126504;Sertanópolis;Sertanópolis (PR);PR;Sul;15930;True
4126603;Siqueira Campos;Siqueira Campos (PR);PR;Sul;22811;True
4126652;Sulina;Sulina (PR);PR;Sul;3440;False
4126678;Tamarana;Tamarana (PR);PR;Sul;10707;False
4126702;Tamboara;Tamboara (PR);PR;Sul;4880;True
4126801;Tapejara;Tapejara (PR);PR;Sul;15869;True
4126900;Tapira;Tapira (PR);PR;Sul;5745;False
4127007;Teixeira Soares;Teixeira Soares (PR);PR;Sul;9547;True
4127106;Telêmaco Borba;Telêmaco Borba (PR);PR;Sul;75042;True
4127205;Terra Boa;Terra Boa (PR);PR;Sul;17568;True
4127304;Terra Rica;Terra Rica (PR);PR;Sul;14842;True
4127403;Terra Roxa;Terra Roxa (PR);PR;Sul;18119;False
4127502;Tibagi;Tibagi (PR);PR;Sul;19961;True
4127601;Tijucas do Sul;Tijucas do Sul (PR);PR;Sul;17621;True
4127700;Toledo;Toledo (PR);PR;Sul;150470;True
4127809;Tomazina;Tomazina (PR);PR;Sul;8426;True
4127858;Três Barras do Paraná;Três Barras do Paraná (PR);PR;Sul;11135;True
4127882;Tunas do Paraná;Tunas do Paraná (PR);PR;Sul;6219;False
4127908;Tuneiras do Oeste;Tuneiras do Oeste (PR);PR;Sul;8067;True
4127957;Tupãssi;Tupãssi (PR);PR;Sul;8077;False
4127965;Turvo;Turvo (PR);PR;Sul;14231;True
4128005;Ubiratã;Ubiratã (PR);PR;Sul;24749;True
4128104;Umuarama;Umuarama (PR);PR;Sul;117095;True
4128203;União da Vitória;União da Vitória (PR);PR;Sul;55033;True
4128302;Uniflor;Uniflor (PR);PR;Sul;2136;False
4128401;Uraí;Uraí (PR);PR;Sul;10406;True
4128500;Wenceslau Braz;Wenceslau Braz (PR);PR;Sul;19188;True
4128534;Ventania;Ventania (PR);PR;Sul;9681;True
4128559;Vera Cruz do Oeste;Vera Cruz do Oeste (PR);PR;Sul;8215;True
4128609;Verê;Verê (PR);PR;Sul;7932;True
4128625;Alto Paraíso;Alto Paraíso (PR);PR;Sul;3055;False
4128633;Doutor Ulysses;Doutor Ulysses (PR);PR;Sul;5697;False
4128658;Virmond;Virmond (PR);PR;Sul;3811;True
4128708;Vitorino;Vitorino (PR);PR;Sul;9706;True
4128807;Xambrê;Xambrê (PR);PR;Sul;5798;False
4200051;Abdon Batista;Abdon Batista (SC);SC;Sul;2598;False
4200101;Abelardo Luz;Abelardo Luz (SC);SC;Sul;17392;True
4200200;Agrolândia;Agrolândia (SC);SC;Sul;10990;True
4200309;Agronômica;Agronômica (SC);SC;Sul;6055;False
4200408;Água Doce;Água Doce (SC);SC;Sul;6508;True
4200507;Águas de Chapecó;Águas de Chapecó (SC);SC;Sul;6036;True
4200556;Águas Frias;Águas Frias (SC);SC;Sul;2839;False
4200606;Águas Mornas;Águas Mornas (SC);SC;Sul;6743;False
4200705;Alfredo Wagner;Alfredo Wagner (SC);SC;Sul;10481;True
4200754;Alto Bela Vista;Alto Bela Vista (SC);SC;Sul;1856;False
4200804;Anchieta;Anchieta (SC);SC;Sul;5943;False
4200903;Angelina;Angelina (SC);SC;Sul;5358;True
4201000;Anita Garibaldi;Anita Garibaldi (SC);SC;Sul;8285;True
4201109;Anitápolis;Anitápolis (SC);SC;Sul;3593;True
4201208;Antônio Carlos;Antônio Carlos (SC);SC;Sul;11224;False
4201257;Apiúna;Apiúna (SC);SC;Sul;9811;True
4201273;Arabutã;Arabutã (SC);SC;Sul;4378;False
4201307;Araquari;Araquari (SC);SC;Sul;45283;True
4201406;Araranguá;Araranguá (SC);SC;Sul;71922;True
4201505;Armazém;Armazém (SC);SC;Sul;8834;True
4201604;Arroio Trinta;Arroio Trinta (SC);SC;Sul;3556;True
4201653;Arvoredo;Arvoredo (SC);SC;Sul;2510;False
4201703;Ascurra;Ascurra (SC);SC;Sul;8319;True
4201802;Atalanta;Atalanta (SC);SC;Sul;3227;False
4201901;Aurora;Aurora (SC);SC;Sul;6780;False
4201950;Balneário Arroio do Silva;Balneário Arroio do Silva (SC);SC;Sul;15820;True
4202008;Balneário Camboriú;Balneário Camboriú (SC);SC;Sul;139155;True
4202057;Balneário Barra do Sul;Balneário Barra do Sul (SC);SC;Sul;14912;False
4202073;Balneário Gaivota;Balneário Gaivota (SC);SC;Sul;15669;True
4202081;Bandeirante;Bandeirante (SC);SC;Sul;3144;False
4202099;Barra Bonita;Barra Bonita (SC);SC;Sul;1668;False
4202107;Barra Velha;Barra Velha (SC);SC;Sul;45369;True
4202131;Bela Vista do Toldo;Bela Vista do Toldo (SC);SC;Sul;5872;False
4202156;Belmonte;Belmonte (SC);SC;Sul;2658;True
4202206;Benedito Novo;Benedito Novo (SC);SC;Sul;10520;True
4202305;Biguaçu;Biguaçu (SC);SC;Sul;76773;True
4202404;Blumenau;Blumenau (SC);SC;Sul;361261;True
4202438;Bocaina do Sul;Bocaina do Sul (SC);SC;Sul;3515;True
4202453;Bombinhas;Bombinhas (SC);SC;Sul;25058;True
4202503;Bom Jardim da Serra;Bom Jardim da Serra (SC);SC;Sul;4026;False
4202537;Bom Jesus;Bom Jesus (SC);SC;Sul;2777;False
4202578;Bom Jesus do Oeste;Bom Jesus do Oeste (SC);SC;Sul;2187;False
4202602;Bom Retiro;Bom Retiro (SC);SC;Sul;8418;True
4202701;Botuverá;Botuverá (SC);SC;Sul;5363;False
4202800;Braço do Norte;Braço do Norte (SC);SC;Sul;33773;True
4202859;Braço do Trombudo;Braço do Trombudo (SC);SC;Sul;4026;False
4202875;Brunópolis;Brunópolis (SC);SC;Sul;2489;True
4202909;Brusque;Brusque (SC);SC;Sul;141385;True
4203006;Caçador;Caçador (SC);SC;Sul;73720;True
4203105;Caibi;Caibi (SC);SC;Sul;6304;False
4203154;Calmon;Calmon (SC);SC;Sul;3443;False
4203204;Camboriú;Camboriú (SC);SC;Sul;103074;True
4203253;Capão Alto;Capão Alto (SC);SC;Sul;2625;False
4203303;Campo Alegre;Campo Alegre (SC);SC;Sul;12501;True
4203402;Campo Belo do Sul;Campo Belo do Sul (SC);SC;Sul;7257;True
4203501;Campo Erê;Campo Erê (SC);SC;Sul;9623;True
4203600;Campos Novos;Campos Novos (SC);SC;Sul;36932;True
4203709;Canelinha;Canelinha (SC);SC;Sul;12821;False
4203808;Canoinhas;Canoinhas (SC);SC;Sul;55016;True
4203907;Capinzal;Capinzal (SC);SC;Sul;23314;True
4203956;Capivari de Baixo;Capivari de Baixo (SC);SC;Sul;23975;True
4204004;Catanduvas;Catanduvas (SC);SC;Sul;10566;False
4204103;Caxambu do Sul;Caxambu do Sul (SC);SC;Sul;4614;False
4204152;Celso Ramos;Celso Ramos (SC);SC;Sul;2805;False
4204178;Cerro Negro;Cerro Negro (SC);SC;Sul;3317;False
4204194;Chapadão do Lageado;Chapadão do Lageado (SC);SC;Sul;2950;False
4204202;Chapecó;Chapecó (SC);SC;Sul;254785;True
4204251;Cocal do Sul;Cocal do Sul (SC);SC;Sul;17240;False
4204301;Concórdia;Concórdia (SC);SC;Sul;81646;True
4204350;Cordilheira Alta;Cordilheira Alta (SC);SC;Sul;4781;False
4204400;Coronel Freitas;Coronel Freitas (SC);SC;Sul;10388;True
4204459;Coronel Martins;Coronel Martins (SC);SC;Sul;2065;False
4204509;Corupá;Corupá (SC);SC;Sul;15267;True
4204558;Correia Pinto;Correia Pinto (SC);SC;Sul;15727;True
4204608;Criciúma;Criciúma (SC);SC;Sul;214493;True
4204707;Cunha Porã;Cunha Porã (SC);SC;Sul;10953;True
4204756;Cunhataí;Cunhataí (SC);SC;Sul;1968;False
4204806;Curitibanos;Curitibanos (SC);SC;Sul;40045;True
4204905;Descanso;Descanso (SC);SC;Sul;8530;True
4205001;Dionísio Cerqueira;Dionísio Cerqueira (SC);SC;Sul;15008;True
4205100;Dona Emma;Dona Emma (SC);SC;Sul;4221;False
4205159;Doutor Pedrinho;Doutor Pedrinho (SC);SC;Sul;3637;False
4205175;Entre Rios;Entre Rios (SC);SC;Sul;3402;False
4205191;Ermo;Ermo (SC);SC;Sul;2269;True
4205209;Erval Velho;Erval Velho (SC);SC;Sul;4885;False
4205308;Faxinal dos Guedes;Faxinal dos Guedes (SC);SC;Sul;11192;True
4205357;Flor do Sertão;Flor do Sertão (SC);SC;Sul;1783;False
4205407;Florianópolis;Florianópolis (SC);SC;Sul;537211;True
4205431;Formosa do Sul;Formosa do Sul (SC);SC;Sul;2682;False
4205456;Forquilhinha;Forquilhinha (SC);SC;Sul;31431;True
4205506;Fraiburgo;Fraiburgo (SC);SC;Sul;33481;True
4205555;Frei Rogério;Frei Rogério (SC);SC;Sul;2411;False
4205605;Galvão;Galvão (SC);SC;Sul;3210;False
4205704;Garopaba;Garopaba (SC);SC;Sul;29959;True
4205803;Garuva;Garuva (SC);SC;Sul;18545;True
4205902;Gaspar;Gaspar (SC);SC;Sul;72570;True
4206009;Governador Celso Ramos;Governador Celso Ramos (SC);SC;Sul;16915;True
4206108;Grão-Pará;Grão-Pará (SC);SC;Sul;6277;False
4206207;Gravatal;Gravatal (SC);SC;Sul;12435;True
4206306;Guabiruba;Guabiruba (SC);SC;Sul;24543;True
4206405;Guaraciaba;Guaraciaba (SC);SC;Sul;10796;True
4206504;Guaramirim;Guaramirim (SC);SC;Sul;46711;True
4206603;Guarujá do Sul;Guarujá do Sul (SC);SC;Sul;4829;True
4206652;Guatambú;Guatambú (SC);SC;Sul;8425;True
4206702;Herval d'Oeste;Herval d'Oeste (SC);SC;Sul;21724;True
4206751;Ibiam;Ibiam (SC);SC;Sul;2008;False
4206801;Ibicaré;Ibicaré (SC);SC;Sul;3269;False
4206900;Ibirama;Ibirama (SC);SC;Sul;19862;True
4207007;Içara;Içara (SC);SC;Sul;59035;True
4207106;Ilhota;Ilhota (SC);SC;Sul;17046;False
4207205;Imaruí;Imaruí (SC);SC;Sul;11881;True
4207304;Imbituba;Imbituba (SC);SC;Sul;52579;True
4207403;Imbuia;Imbuia (SC);SC;Sul;5982;False
4207502;Indaial;Indaial (SC);SC;Sul;71549;True
4207577;Iomerê;Iomerê (SC);SC;Sul;2877;False
4207601;Ipira;Ipira (SC);SC;Sul;4578;False
4207650;Iporã do Oeste;Iporã do Oeste (SC);SC;Sul;9335;True
4207684;Ipuaçu;Ipuaçu (SC);SC;Sul;7730;False
4207700;Ipumirim;Ipumirim (SC);SC;Sul;7816;True
4207759;Iraceminha;Iraceminha (SC);SC;Sul;3986;False
4207809;Irani;Irani (SC);SC;Sul;10195;False
4207858;Irati;Irati (SC);SC;Sul;2069;False
4207908;Irineópolis;Irineópolis (SC);SC;Sul;10285;True
4208005;Itá;Itá (SC);SC;Sul;7067;True
4208104;Itaiópolis;Itaiópolis (SC);SC;Sul;22051;True
4208203;Itajaí;Itajaí (SC);SC;Sul;264054;True
4208302;Itapema;Itapema (SC);SC;Sul;75940;True
4208401;Itapiranga;Itapiranga (SC);SC;Sul;16638;True
4208450;Itapoá;Itapoá (SC);SC;Sul;30750;False
4208500;Ituporanga;Ituporanga (SC);SC;Sul;26525;True
4208609;Jaborá;Jaborá (SC);SC;Sul;4310;False
4208708;Jacinto Machado;Jacinto Machado (SC);SC;Sul;10624;True
4208807;Jaguaruna;Jaguaruna (SC);SC;Sul;20375;True
4208906;Jaraguá do Sul;Jaraguá do Sul (SC);SC;Sul;182660;True
4208955;Jardinópolis;Jardinópolis (SC);SC;Sul;1776;False
4209003;Joaçaba;Joaçaba (SC);SC;Sul;30146;True
4209102;Joinville;Joinville (SC);SC;Sul;616317;True
4209151;José Boiteux;José Boiteux (SC);SC;Sul;5985;False
4209177;Jupiá;Jupiá (SC);SC;Sul;2555;False
4209201;Lacerdópolis;Lacerdópolis (SC);SC;Sul;2248;False
4209300;Lages;Lages (SC);SC;Sul;164981;True
4209409;Laguna;Laguna (SC);SC;Sul;42785;True
4209458;Lajeado Grande;Lajeado Grande (SC);SC;Sul;1702;False
4209508;Laurentino;Laurentino (SC);SC;Sul;7932;False
4209607;Lauro Müller;Lauro Müller (SC);SC;Sul;14381;True
4209706;Lebon Régis;Lebon Régis (SC);SC;Sul;11472;True
4209805;Leoberto Leal;Leoberto Leal (SC);SC;Sul;3330;False
4209854;Lindóia do Sul;Lindóia do Sul (SC);SC;Sul;4549;True
4209904;Lontras;Lontras (SC);SC;Sul;12873;False
4210001;Luiz Alves;Luiz Alves (SC);SC;Sul;11684;False
4210035;Luzerna;Luzerna (SC);SC;Sul;5794;False
4210050;Macieira;Macieira (SC);SC;Sul;1778;False
4210100;Mafra;Mafra (SC);SC;Sul;55286;True
4210209;Major Gercino;Major Gercino (SC);SC;Sul;3214;False
4210308;Major Vieira;Major Vieira (SC);SC;Sul;7425;True
4210407;Maracajá;Maracajá (SC);SC;Sul;7815;True
4210506;Maravilha;Maravilha (SC);SC;Sul;28251;True
4210555;Marema;Marema (SC);SC;Sul;2184;False
4210605;Massaranduba;Massaranduba (SC);SC;Sul;17162;True
4210704;Matos Costa;Matos Costa (SC);SC;Sul;2761;False
4210803;Meleiro;Meleiro (SC);SC;Sul;7006;True
4210852;Mirim Doce;Mirim Doce (SC);SC;Sul;2511;False
4210902;Modelo;Modelo (SC);SC;Sul;4080;False
4211009;Mondaí;Mondaí (SC);SC;Sul;10066;False
4211058;Monte Carlo;Monte Carlo (SC);SC;Sul;9117;True
4211108;Monte Castelo;Monte Castelo (SC);SC;Sul;7736;True
4211207;Morro da Fumaça;Morro da Fumaça (SC);SC;Sul;18537;True
4211256;Morro Grande;Morro Grande (SC);SC;Sul;3010;False
4211306;Navegantes;Navegantes (SC);SC;Sul;86401;True
4211405;Nova Erechim;Nova Erechim (SC);SC;Sul;5155;False
4211454;Nova Itaberaba;Nova Itaberaba (SC);SC;Sul;4536;False
4211504;Nova Trento;Nova Trento (SC);SC;Sul;13727;True
4211603;Nova Veneza;Nova Veneza (SC);SC;Sul;13664;True
4211652;Novo Horizonte;Novo Horizonte (SC);SC;Sul;2643;False
4211702;Orleans;Orleans (SC);SC;Sul;23661;True
4211751;Otacílio Costa;Otacílio Costa (SC);SC;Sul;17312;True
4211801;Ouro;Ouro (SC);SC;Sul;7032;False
4211850;Ouro Verde;Ouro Verde (SC);SC;Sul;2181;False
4211876;Paial;Paial (SC);SC;Sul;1927;False
4211892;Painel;Painel (SC);SC;Sul;2215;False
4211900;Palhoça;Palhoça (SC);SC;Sul;222598;True
4212007;Palma Sola;Palma Sola (SC);SC;Sul;7605;True
4212056;Palmeira;Palmeira (SC);SC;Sul;2561;True
4212106;Palmitos;Palmitos (SC);SC;Sul;15626;True
4212205;Papanduva;Papanduva (SC);SC;Sul;19150;True
4212239;Paraíso;Paraíso (SC);SC;Sul;4267;False
4212254;Passo de Torres;Passo de Torres (SC);SC;Sul;12897;False
4212270;Passos Maia;Passos Maia (SC);SC;Sul;4034;False
4212304;Paulo Lopes;Paulo Lopes (SC);SC;Sul;9063;True
4212403;Pedras Grandes;Pedras Grandes (SC);SC;Sul;4245;False
4212502;Penha;Penha (SC);SC;Sul;33663;True
4212601;Peritiba;Peritiba (SC);SC;Sul;2992;True
4212650;Pescaria Brava;Pescaria Brava (SC);SC;Sul;10190;True
4212700;Petrolândia;Petrolândia (SC);SC;Sul;6716;False
4212809;Balneário Piçarras;Balneário Piçarras (SC);SC;Sul;27127;False
4212908;Pinhalzinho;Pinhalzinho (SC);SC;Sul;21972;True
4213005;Pinheiro Preto;Pinheiro Preto (SC);SC;Sul;3473;False
4213104;Piratuba;Piratuba (SC);SC;Sul;5769;False
4213153;Planalto Alegre;Planalto Alegre (SC);SC;Sul;2946;False
4213203;Pomerode;Pomerode (SC);SC;Sul;34289;True
4213302;Ponte Alta;Ponte Alta (SC);SC;Sul;4437;True
4213351;Ponte Alta do Norte;Ponte Alta do Norte (SC);SC;Sul;3210;False
4213401;Ponte Serrada;Ponte Serrada (SC);SC;Sul;10649;True
4213500;Porto Belo;Porto Belo (SC);SC;Sul;27688;False
4213609;Porto União;Porto União (SC);SC;Sul;32970;True
4213708;Pouso Redondo;Pouso Redondo (SC);SC;Sul;17123;False
4213807;Praia Grande;Praia Grande (SC);SC;Sul;8270;True
4213906;Presidente Castello Branco;Presidente Castello Branco (SC);SC;Sul;1689;False
4214003;Presidente Getúlio;Presidente Getúlio (SC);SC;Sul;20010;True
4214102;Presidente Nereu;Presidente Nereu (SC);SC;Sul;2301;False
4214151;Princesa;Princesa (SC);SC;Sul;2964;False
4214201;Quilombo;Quilombo (SC);SC;Sul;11022;True
4214300;Rancho Queimado;Rancho Queimado (SC);SC;Sul;3279;False
4214409;Rio das Antas;Rio das Antas (SC);SC;Sul;6253;False
4214508;Rio do Campo;Rio do Campo (SC);SC;Sul;6452;True
4214607;Rio do Oeste;Rio do Oeste (SC);SC;Sul;7747;False
4214706;Rio dos Cedros;Rio dos Cedros (SC);SC;Sul;10865;True
4214805;Rio do Sul;Rio do Sul (SC);SC;Sul;72587;True
4214904;Rio Fortuna;Rio Fortuna (SC);SC;Sul;4847;True
4215000;Rio Negrinho;Rio Negrinho (SC);SC;Sul;39261;True
4215059;Rio Rufino;Rio Rufino (SC);SC;Sul;2397;False
4215075;Riqueza;Riqueza (SC);SC;Sul;4768;True
4215109;Rodeio;Rodeio (SC);SC;Sul;12757;True
4215208;Romelândia;Romelândia (SC);SC;Sul;4823;False
4215307;Salete;Salete (SC);SC;Sul;7489;True
4215356;Saltinho;Saltinho (SC);SC;Sul;3632;False
4215406;Salto Veloso;Salto Veloso (SC);SC;Sul;4390;True
4215455;Sangão;Sangão (SC);SC;Sul;12882;True
4215505;Santa Cecília;Santa Cecília (SC);SC;Sul;15546;True
4215554;Santa Helena;Santa Helena (SC);SC;Sul;2425;False
4215604;Santa Rosa de Lima;Santa Rosa de Lima (SC);SC;Sul;2088;True
4215653;Santa Rosa do Sul;Santa Rosa do Sul (SC);SC;Sul;9792;True
4215679;Santa Terezinha;Santa Terezinha (SC);SC;Sul;8066;False
4215687;Santa Terezinha do Progresso;Santa Terezinha do Progresso (SC);SC;Sul;2576;False
4215695;Santiago do Sul;Santiago do Sul (SC);SC;Sul;1651;False
4215703;Santo Amaro da Imperatriz;Santo Amaro da Imperatriz (SC);SC;Sul;27272;True
4215752;São Bernardino;São Bernardino (SC);SC;Sul;2684;True
4215802;São Bento do Sul;São Bento do Sul (SC);SC;Sul;83277;True
4215901;São Bonifácio;São Bonifácio (SC);SC;Sul;2946;False
4216008;São Carlos;São Carlos (SC);SC;Sul;10282;True
4216057;São Cristóvão do Sul;São Cristóvão do Sul (SC);SC;Sul;6084;True
4216107;São Domingos;São Domingos (SC);SC;Sul;9226;False
4216206;São Francisco do Sul;São Francisco do Sul (SC);SC;Sul;52674;True
4216255;São João do Oeste;São João do Oeste (SC);SC;Sul;6295;False
4216305;São João Batista;São João Batista (SC);SC;Sul;32687;True
4216354;São João do Itaperiú;São João do Itaperiú (SC);SC;Sul;4463;False
4216404;São João do Sul;São João do Sul (SC);SC;Sul;8668;True
4216503;São Joaquim;São Joaquim (SC);SC;Sul;25939;True
4216602;São José;São José (SC);SC;Sul;270299;True
4216701;São José do Cedro;São José do Cedro (SC);SC;Sul;14167;True
4216800;São José do Cerrito;São José do Cerrito (SC);SC;Sul;8708;False
4216909;São Lourenço do Oeste;São Lourenço do Oeste (SC);SC;Sul;24791;True
4217006;São Ludgero;São Ludgero (SC);SC;Sul;13509;True
4217105;São Martinho;São Martinho (SC);SC;Sul;3405;False
4217154;São Miguel da Boa Vista;São Miguel da Boa Vista (SC);SC;Sul;1781;False
4217204;São Miguel do Oeste;São Miguel do Oeste (SC);SC;Sul;44330;True
4217253;São Pedro de Alcântara;São Pedro de Alcântara (SC);SC;Sul;5776;False
4217303;Saudades;Saudades (SC);SC;Sul;10265;False
4217402;Schroeder;Schroeder (SC);SC;Sul;20061;False
4217501;Seara;Seara (SC);SC;Sul;18620;True
4217550;Serra Alta;Serra Alta (SC);SC;Sul;3303;False
4217600;Siderópolis;Siderópolis (SC);SC;Sul;13714;True
4217709;Sombrio;Sombrio (SC);SC;Sul;29991;True
4217758;Sul Brasil;Sul Brasil (SC);SC;Sul;2832;False
4217808;Taió;Taió (SC);SC;Sul;18310;True
4217907;Tangará;Tangará (SC);SC;Sul;8143;False
4217956;Tigrinhos;Tigrinhos (SC);SC;Sul;2329;False
4218004;Tijucas;Tijucas (SC);SC;Sul;51592;True
4218103;Timbé do Sul;Timbé do Sul (SC);SC;Sul;5386;True
4218202;Timbó;Timbó (SC);SC;Sul;46099;True
4218251;Timbó Grande;Timbó Grande (SC);SC;Sul;7342;False
4218301;Três Barras;Três Barras (SC);SC;Sul;19746;True
4218350;Treviso;Treviso (SC);SC;Sul;3782;False
4218400;Treze de Maio;Treze de Maio (SC);SC;Sul;7362;True
4218509;Treze Tílias;Treze Tílias (SC);SC;Sul;8787;False
4218608;Trombudo Central;Trombudo Central (SC);SC;Sul;7274;False
4218707;Tubarão;Tubarão (SC);SC;Sul;110088;True
4218756;Tunápolis;Tunápolis (SC);SC;Sul;4916;True
4218806;Turvo;Turvo (SC);SC;Sul;13043;True
4218855;União do Oeste;União do Oeste (SC);SC;Sul;2774;False
4218905;Urubici;Urubici (SC);SC;Sul;10834;True
4218954;Urupema;Urupema (SC);SC;Sul;2656;False
4219002;Urussanga;Urussanga (SC);SC;Sul;20919;True
4219101;Vargeão;Vargeão (SC);SC;Sul;3634;False
4219150;Vargem;Vargem (SC);SC;Sul;2627;False
4219176;Vargem Bonita;Vargem Bonita (SC);SC;Sul;4576;False
4219200;Vidal Ramos;Vidal Ramos (SC);SC;Sul;6189;False
4219309;Videira;Videira (SC);SC;Sul;55466;True
4219358;Vitor Meireles;Vitor Meireles (SC);SC;Sul;5370;True
4219408;Witmarsum;Witmarsum (SC);SC;Sul;4255;False
4219507;Xanxerê;Xanxerê (SC);SC;Sul;51607;True
4219606;Xavantina;Xavantina (SC);SC;Sul;3653;True
4219705;Xaxim;Xaxim (SC);SC;Sul;31918;True
4219853;Zortéa;Zortéa (SC);SC;Sul;3930;False
4220000;Balneário Rincão;Balneário Rincão (SC);SC;Sul;15981;True
4300034;Aceguá;Aceguá (RS);RS;Sul;4170;True
4300059;Água Santa;Água Santa (RS);RS;Sul;3912;False
4300109;Agudo;Agudo (RS);RS;Sul;16041;True
4300208;Ajuricaba;Ajuricaba (RS);RS;Sul;6720;False
4300307;Alecrim;Alecrim (RS);RS;Sul;6123;True
4300406;Alegrete;Alegrete (RS);RS;Sul;72409;True
4300455;Alegria;Alegria (RS);RS;Sul;3651;False
4300471;Almirante Tamandaré do Sul;Almirante Tamandaré do Sul (RS);RS;Sul;1969;False
4300505;Alpestre;Alpestre (RS);RS;Sul;7117;True
4300554;Alto Alegre;Alto Alegre (RS);RS;Sul;1800;False
4300570;Alto Feliz;Alto Feliz (RS);RS;Sul;3072;False
4300604;Alvorada;Alvorada (RS);RS;Sul;187315;True
4300638;Amaral Ferrador;Amaral Ferrador (RS);RS;Sul;5310;False
4300646;Ametista do Sul;Ametista do Sul (RS);RS;Sul;7650;True
4300661;André da Rocha;André da Rocha (RS);RS;Sul;1135;False
4300703;Anta Gorda;Anta Gorda (RS);RS;Sul;5957;False
4300802;Antônio Prado;Antônio Prado (RS);RS;Sul;13045;False
4300851;Arambaré;Arambaré (RS);RS;Sul;4112;False
4300877;Araricá;Araricá (RS);RS;Sul;8525;False
4300901;Aratiba;Aratiba (RS);RS;Sul;6483;False
4301008;Arroio do Meio;Arroio do Meio (RS);RS;Sul;21958;True
4301057;Arroio do Sal;Arroio do Sal (RS);RS;Sul;11057;True
4301073;Arroio do Padre;Arroio do Padre (RS);RS;Sul;2599;False
4301107;Arroio dos Ratos;Arroio dos Ratos (RS);RS;Sul;14601;True
4301206;Arroio do Tigre;Arroio do Tigre (RS);RS;Sul;12058;True
4301305;Arroio Grande;Arroio Grande (RS);RS;Sul;17558;True
4301404;Arvorezinha;Arvorezinha (RS);RS;Sul;10322;True
4301503;Augusto Pestana;Augusto Pestana (RS);RS;Sul;7149;True
4301552;Áurea;Áurea (RS);RS;Sul;3396;False
4301602;Bagé;Bagé (RS);RS;Sul;117938;True
4301636;Balneário Pinhal;Balneário Pinhal (RS);RS;Sul;14955;False
4301651;Barão;Barão (RS);RS;Sul;6461;False
4301701;Barão de Cotegipe;Barão de Cotegipe (RS);RS;Sul;7144;False
4301750;Barão do Triunfo;Barão do Triunfo (RS);RS;Sul;5889;False
4301800;Barracão;Barracão (RS);RS;Sul;4831;True
4301859;Barra do Guarita;Barra do Guarita (RS);RS;Sul;3161;False
4301875;Barra do Quaraí;Barra do Quaraí (RS);RS;Sul;4241;False
4301909;Barra do Ribeiro;Barra do Ribeiro (RS);RS;Sul;12225;False
4301925;Barra do Rio Azul;Barra do Rio Azul (RS);RS;Sul;1696;False
4301958;Barra Funda;Barra Funda (RS);RS;Sul;2498;False
4302006;Barros Cassal;Barros Cassal (RS);RS;Sul;9296;True
4302055;Benjamin Constant do Sul;Benjamin Constant do Sul (RS);RS;Sul;2082;False
4302105;Bento Gonçalves;Bento Gonçalves (RS);RS;Sul;123151;True
4302154;Boa Vista das Missões;Boa Vista das Missões (RS);RS;Sul;1933;False
4302204;Boa Vista do Buricá;Boa Vista do Buricá (RS);RS;Sul;6966;False
4302220;Boa Vista do Cadeado;Boa Vista do Cadeado (RS);RS;Sul;2229;False
4302238;Boa Vista do Incra;Boa Vista do Incra (RS);RS;Sul;2271;False
4302253;Boa Vista do Sul;Boa Vista do Sul (RS);RS;Sul;2779;False
4302303;Bom Jesus;Bom Jesus (RS);RS;Sul;11202;True
4302352;Bom Princípio;Bom Princípio (RS);RS;Sul;13142;True
4302378;Bom Progresso;Bom Progresso (RS);RS;Sul;2096;False
4302402;Bom Retiro do Sul;Bom Retiro do Sul (RS);RS;Sul;12294;True
4302451;Boqueirão do Leão;Boqueirão do Leão (RS);RS;Sul;6247;True
4302501;Bossoroca;Bossoroca (RS);RS;Sul;5890;True
4302584;Bozano;Bozano (RS);RS;Sul;2151;False
4302600;Braga;Braga (RS);RS;Sul;3268;True
4302659;Brochier;Brochier (RS);RS;Sul;4966;False
4302709;Butiá;Butiá (RS);RS;Sul;19084;True
4302808;Caçapava do Sul;Caçapava do Sul (RS);RS;Sul;32515;True
4302907;Cacequi;Cacequi (RS);RS;Sul;11157;True
4303004;Cachoeira do Sul;Cachoeira do Sul (RS);RS;Sul;80070;True
4303103;Cachoeirinha;Cachoeirinha (RS);RS;Sul;136258;True
4303202;Cacique Doble;Cacique Doble (RS);RS;Sul;4603;False
4303301;Caibaté;Caibaté (RS);RS;Sul;4704;True
4303400;Caiçara;Caiçara (RS);RS;Sul;4836;True
4303509;Camaquã;Camaquã (RS);RS;Sul;62200;True
4303558;Camargo;Camargo (RS);RS;Sul;2981;False
4303608;Cambará do Sul;Cambará do Sul (RS);RS;Sul;6361;True
4303673;Campestre da Serra;Campestre da Serra (RS);RS;Sul;3242;False
4303707;Campina das Missões;Campina das Missões (RS);RS;Sul;5882;True
4303806;Campinas do Sul;Campinas do Sul (RS);RS;Sul;5284;True
4303905;Campo Bom;Campo Bom (RS);RS;Sul;62886;True
4304002;Campo Novo;Campo Novo (RS);RS;Sul;4975;True
4304101;Campos Borges;Campos Borges (RS);RS;Sul;3613;False
4304200;Candelária;Candelária (RS);RS;Sul;28906;True
4304309;Cândido Godói;Cândido Godói (RS);RS;Sul;6294;True
4304358;Candiota;Candiota (RS);RS;Sul;10710;False
4304408;Canela;Canela (RS);RS;Sul;48946;True
4304507;Canguçu;Canguçu (RS);RS;Sul;49680;True
4304606;Canoas;Canoas (RS);RS;Sul;347657;True
4304614;Canudos do Vale;Canudos do Vale (RS);RS;Sul;1656;False
4304622;Capão Bonito do Sul;Capão Bonito do Sul (RS);RS;Sul;1733;False
4304630;Capão da Canoa;Capão da Canoa (RS);RS;Sul;63594;True
4304655;Capão do Cipó;Capão do Cipó (RS);RS;Sul;3119;False
4304663;Capão do Leão;Capão do Leão (RS);RS;Sul;26487;True
4304671;Capivari do Sul;Capivari do Sul (RS);RS;Sul;3991;False
4304689;Capela de Santana;Capela de Santana (RS);RS;Sul;11159;True
4304697;Capitão;Capitão (RS);RS;Sul;2921;False
4304705;Carazinho;Carazinho (RS);RS;Sul;61804;True
4304713;Caraá;Caraá (RS);RS;Sul;7394;False
4304804;Carlos Barbosa;Carlos Barbosa (RS);RS;Sul;30420;True
4304853;Carlos Gomes;Carlos Gomes (RS);RS;Sul;1368;False
4304903;Casca;Casca (RS);RS;Sul;9465;False
4304952;Caseiros;Caseiros (RS);RS;Sul;3000;False
4305009;Catuípe;Catuípe (RS);RS;Sul;8674;False
4305108;Caxias do Sul;Caxias do Sul (RS);RS;Sul;463501;True
4305116;Centenário;Centenário (RS);RS;Sul;2721;False
4305124;Cerrito;Cerrito (RS);RS;Sul;5808;True
4305132;Cerro Branco;Cerro Branco (RS);RS;Sul;3802;False
4305157;Cerro Grande;Cerro Grande (RS);RS;Sul;2379;False
4305173;Cerro Grande do Sul;Cerro Grande do Sul (RS);RS;Sul;9178;True
4305207;Cerro Largo;Cerro Largo (RS);RS;Sul;13705;True
4305306;Chapada;Chapada (RS);RS;Sul;9540;True
4305355;Charqueadas;Charqueadas (RS);RS;Sul;35012;True
4305371;Charrua;Charrua (RS);RS;Sul;2768;False
4305405;Chiapetta;Chiapetta (RS);RS;Sul;3913;True
4305439;Chuí;Chuí (RS);RS;Sul;6262;False
4305447;Chuvisca;Chuvisca (RS);RS;Sul;4597;False
4305454;Cidreira;Cidreira (RS);RS;Sul;17071;True
4305504;Ciríaco;Ciríaco (RS);RS;Sul;4149;False
4305587;Colinas;Colinas (RS);RS;Sul;2423;False
4305603;Colorado;Colorado (RS);RS;Sul;3258;False
4305702;Condor;Condor (RS);RS;Sul;6406;True
4305801;Constantina;Constantina (RS);RS;Sul;10385;True
4305835;Coqueiro Baixo;Coqueiro Baixo (RS);RS;Sul;1290;False
4305850;Coqueiros do Sul;Coqueiros do Sul (RS);RS;Sul;2211;False
4305871;Coronel Barros;Coronel Barros (RS);RS;Sul;2822;False
4305900;Coronel Bicaco;Coronel Bicaco (RS);RS;Sul;6144;True
4305934;Coronel Pilar;Coronel Pilar (RS);RS;Sul;1607;False
4305959;Cotiporã;Cotiporã (RS);RS;Sul;3846;False
4305975;Coxilha;Coxilha (RS);RS;Sul;2667;False
4306007;Crissiumal;Crissiumal (RS);RS;Sul;12886;True
4306056;Cristal;Cristal (RS);RS;Sul;7299;False
4306072;Cristal do Sul;Cristal do Sul (RS);RS;Sul;2692;False
4306106;Cruz Alta;Cruz Alta (RS);RS;Sul;58913;True
4306130;Cruzaltense;Cruzaltense (RS);RS;Sul;1635;False
4306205;Cruzeiro do Sul;Cruzeiro do Sul (RS);RS;Sul;11600;True
4306304;David Canabarro;David Canabarro (RS);RS;Sul;4321;True
4306320;Derrubadas;Derrubadas (RS);RS;Sul;2751;False
4306353;Dezesseis de Novembro;Dezesseis de Novembro (RS);RS;Sul;2507;False
4306379;Dilermando de Aguiar;Dilermando de Aguiar (RS);RS;Sul;2806;False
4306403;Dois Irmãos;Dois Irmãos (RS);RS;Sul;30709;True
4306429;Dois Irmãos das Missões;Dois Irmãos das Missões (RS);RS;Sul;2090;False
4306452;Dois Lajeados;Dois Lajeados (RS);RS;Sul;3097;False
4306502;Dom Feliciano;Dom Feliciano (RS);RS;Sul;13051;True
4306551;Dom Pedro de Alcântara;Dom Pedro de Alcântara (RS);RS;Sul;2562;False
4306601;Dom Pedrito;Dom Pedrito (RS);RS;Sul;36981;True
4306700;Dona Francisca;Dona Francisca (RS);RS;Sul;3079;False
4306734;Doutor Maurício Cardoso;Doutor Maurício Cardoso (RS);RS;Sul;4470;True
4306759;Doutor Ricardo;Doutor Ricardo (RS);RS;Sul;1888;False
4306767;Eldorado do Sul;Eldorado do Sul (RS);RS;Sul;39559;True
4306809;Encantado;Encantado (RS);RS;Sul;22962;True
4306908;Encruzilhada do Sul;Encruzilhada do Sul (RS);RS;Sul;23819;True
4306924;Engenho Velho;Engenho Velho (RS);RS;Sul;1296;False
4306932;Entre-Ijuís;Entre-Ijuís (RS);RS;Sul;9158;True
4306957;Entre Rios do Sul;Entre Rios do Sul (RS);RS;Sul;2685;False
4306973;Erebango;Erebango (RS);RS;Sul;3054;False
4307005;Erechim;Erechim (RS);RS;Sul;105705;True
4307054;Ernestina;Ernestina (RS);RS;Sul;3034;False
4307104;Herval;Herval (RS);RS;Sul;6191;True
4307203;Erval Grande;Erval Grande (RS);RS;Sul;4930;False
4307302;Erval Seco;Erval Seco (RS);RS;Sul;6787;False
4307401;Esmeralda;Esmeralda (RS);RS;Sul;3195;False
4307450;Esperança do Sul;Esperança do Sul (RS);RS;Sul;3226;False
4307500;Espumoso;Espumoso (RS);RS;Sul;15173;True
4307559;Estação;Estação (RS);RS;Sul;5582;False
4307609;Estância Velha;Estância Velha (RS);RS;Sul;47924;True
4307708;Esteio;Esteio (RS);RS;Sul;76137;True
4307807;Estrela;Estrela (RS);RS;Sul;32183;True
4307815;Estrela Velha;Estrela Velha (RS);RS;Sul;3070;True
4307831;Eugênio de Castro;Eugênio de Castro (RS);RS;Sul;2633;False
4307864;Fagundes Varela;Fagundes Varela (RS);RS;Sul;2566;False
4307906;Farroupilha;Farroupilha (RS);RS;Sul;70286;True
4308003;Faxinal do Soturno;Faxinal do Soturno (RS);RS;Sul;6702;False
4308052;Faxinalzinho;Faxinalzinho (RS);RS;Sul;2520;False
4308078;Fazenda Vilanova;Fazenda Vilanova (RS);RS;Sul;4291;False
4308102;Feliz;Feliz (RS);RS;Sul;13764;False
4308201;Flores da Cunha;Flores da Cunha (RS);RS;Sul;30892;False
4308250;Floriano Peixoto;Floriano Peixoto (RS);RS;Sul;1668;False
4308300;Fontoura Xavier;Fontoura Xavier (RS);RS;Sul;9550;True
4308409;Formigueiro;Formigueiro (RS);RS;Sul;6413;True
4308433;Forquetinha;Forquetinha (RS);RS;Sul;2393;False
4308458;Fortaleza dos Valos;Fortaleza dos Valos (RS);RS;Sul;4477;False
4308508;Frederico Westphalen;Frederico Westphalen (RS);RS;Sul;32627;True
4308607;Garibaldi;Garibaldi (RS);RS;Sul;34335;True
4308656;Garruchos;Garruchos (RS);RS;Sul;2688;False
4308706;Gaurama;Gaurama (RS);RS;Sul;5665;True
4308805;General Câmara;General Câmara (RS);RS;Sul;7612;False
4308854;Gentil;Gentil (RS);RS;Sul;1744;False
4308904;Getúlio Vargas;Getúlio Vargas (RS);RS;Sul;16602;True
4309001;Giruá;Giruá (RS);RS;Sul;16013;True
4309050;Glorinha;Glorinha (RS);RS;Sul;7658;False
4309100;Gramado;Gramado (RS);RS;Sul;40134;True
4309126;Gramado dos Loureiros;Gramado dos Loureiros (RS);RS;Sul;2014;False
4309159;Gramado Xavier;Gramado Xavier (RS);RS;Sul;3304;False
4309209;Gravataí;Gravataí (RS);RS;Sul;265074;True
4309258;Guabiju;Guabiju (RS);RS;Sul;1417;False
4309308;Guaíba;Guaíba (RS);RS;Sul;92924;True
4309407;Guaporé;Guaporé (RS);RS;Sul;25268;True
4309506;Guarani das Missões;Guarani das Missões (RS);RS;Sul;7415;True
4309555;Harmonia;Harmonia (RS);RS;Sul;5378;False
4309571;Herveiras;Herveiras (RS);RS;Sul;2565;True
4309605;Horizontina;Horizontina (RS);RS;Sul;18851;True
4309654;Hulha Negra;Hulha Negra (RS);RS;Sul;5976;True
4309704;Humaitá;Humaitá (RS);RS;Sul;4681;True
4309753;Ibarama;Ibarama (RS);RS;Sul;3732;False
4309803;Ibiaçá;Ibiaçá (RS);RS;Sul;4527;False
4309902;Ibiraiaras;Ibiraiaras (RS);RS;Sul;6776;False
4309951;Ibirapuitã;Ibirapuitã (RS);RS;Sul;3723;True
4310009;Ibirubá;Ibirubá (RS);RS;Sul;21583;True
4310108;Igrejinha;Igrejinha (RS);RS;Sul;32808;True
4310207;Ijuí;Ijuí (RS);RS;Sul;84780;True
4310306;Ilópolis;Ilópolis (RS);RS;Sul;4157;False
4310330;Imbé;Imbé (RS);RS;Sul;26824;True
4310363;Imigrante;Imigrante (RS);RS;Sul;3080;False
4310405;Independência;Independência (RS);RS;Sul;6427;True
4310413;Inhacorá;Inhacorá (RS);RS;Sul;2014;True
4310439;Ipê;Ipê (RS);RS;Sul;5399;True
4310462;Ipiranga do Sul;Ipiranga do Sul (RS);RS;Sul;1720;False
4310504;Iraí;Iraí (RS);RS;Sul;7482;True
4310538;Itaara;Itaara (RS);RS;Sul;5572;False
4310553;Itacurubi;Itacurubi (RS);RS;Sul;2995;False
4310579;Itapuca;Itapuca (RS);RS;Sul;1937;False
4310603;Itaqui;Itaqui (RS);RS;Sul;35768;True
4310652;Itati;Itati (RS);RS;Sul;2638;False
4310702;Itatiba do Sul;Itatiba do Sul (RS);RS;Sul;3208;False
4310751;Ivorá;Ivorá (RS);RS;Sul;1929;False
4310801;Ivoti;Ivoti (RS);RS;Sul;22983;True
4310850;Jaboticaba;Jaboticaba (RS);RS;Sul;3779;True
4310876;Jacuizinho;Jacuizinho (RS);RS;Sul;2040;False
4310900;Jacutinga;Jacutinga (RS);RS;Sul;3338;False
4311007;Jaguarão;Jaguarão (RS);RS;Sul;26603;True
4311106;Jaguari;Jaguari (RS);RS;Sul;10579;True
4311122;Jaquirana;Jaquirana (RS);RS;Sul;3690;False
4311130;Jari;Jari (RS);RS;Sul;3349;False
4311155;Jóia;Jóia (RS);RS;Sul;7184;False
4311205;Júlio de Castilhos;Júlio de Castilhos (RS);RS;Sul;18226;True
4311239;Lagoa Bonita do Sul;Lagoa Bonita do Sul (RS);RS;Sul;2251;False
4311254;Lagoão;Lagoão (RS);RS;Sul;5341;True
4311270;Lagoa dos Três Cantos;Lagoa dos Três Cantos (RS);RS;Sul;1738;False
4311304;Lagoa Vermelha;Lagoa Vermelha (RS);RS;Sul;27659;True
4311403;Lajeado;Lajeado (RS);RS;Sul;93646;True
4311429;Lajeado do Bugre;Lajeado do Bugre (RS);RS;Sul;2601;False
4311502;Lavras do Sul;Lavras do Sul (RS);RS;Sul;7157;True
4311601;Liberato Salzano;Liberato Salzano (RS);RS;Sul;4781;False
4311627;Lindolfo Collor;Lindolfo Collor (RS);RS;Sul;6248;True
4311643;Linha Nova;Linha Nova (RS);RS;Sul;1683;False
4311700;Machadinho;Machadinho (RS);RS;Sul;5735;False
4311718;Maçambará;Maçambará (RS);RS;Sul;4425;True
4311734;Mampituba;Mampituba (RS);RS;Sul;3131;False
4311759;Manoel Viana;Manoel Viana (RS);RS;Sul;6801;False
4311775;Maquiné;Maquiné (RS);RS;Sul;7418;False
4311791;Maratá;Maratá (RS);RS;Sul;2470;False
4311809;Marau;Marau (RS);RS;Sul;45124;True
4311908;Marcelino Ramos;Marcelino Ramos (RS);RS;Sul;4320;True
4311981;Mariana Pimentel;Mariana Pimentel (RS);RS;Sul;3916;False
4312005;Mariano Moro;Mariano Moro (RS);RS;Sul;1858;False
4312054;Marques de Souza;Marques de Souza (RS);RS;Sul;3969;True
4312104;Mata;Mata (RS);RS;Sul;4698;True
4312138;Mato Castelhano;Mato Castelhano (RS);RS;Sul;2553;False
4312153;Mato Leitão;Mato Leitão (RS);RS;Sul;4859;False
4312179;Mato Queimado;Mato Queimado (RS);RS;Sul;1795;True
4312203;Maximiliano de Almeida;Maximiliano de Almeida (RS);RS;Sul;4191;True
4312252;Minas do Leão;Minas do Leão (RS);RS;Sul;7505;False
4312302;Miraguaí;Miraguaí (RS);RS;Sul;4427;False
4312351;Montauri;Montauri (RS);RS;Sul;1499;False
4312377;Monte Alegre dos Campos;Monte Alegre dos Campos (RS);RS;Sul;3180;False
4312385;Monte Belo do Sul;Monte Belo do Sul (RS);RS;Sul;2557;False
4312401;Montenegro;Montenegro (RS);RS;Sul;64322;True
4312427;Mormaço;Mormaço (RS);RS;Sul;2756;False
4312443;Morrinhos do Sul;Morrinhos do Sul (RS);RS;Sul;3071;True
4312450;Morro Redondo;Morro Redondo (RS);RS;Sul;6046;False
4312476;Morro Reuter;Morro Reuter (RS);RS;Sul;6029;False
4312500;Mostardas;Mostardas (RS);RS;Sul;12090;True
4312609;Muçum;Muçum (RS);RS;Sul;4601;False
4312617;Muitos Capões;Muitos Capões (RS);RS;Sul;2879;False
4312625;Muliterno;Muliterno (RS);RS;Sul;1721;False
4312658;Não-Me-Toque;Não-Me-Toque (RS);RS;Sul;17898;True
4312674;Nicolau Vergueiro;Nicolau Vergueiro (RS);RS;Sul;1932;False
4312708;Nonoai;Nonoai (RS);RS;Sul;13719;True
4312757;Nova Alvorada;Nova Alvorada (RS);RS;Sul;3163;False
4312807;Nova Araçá;Nova Araçá (RS);RS;Sul;4954;False
4312906;Nova Bassano;Nova Bassano (RS);RS;Sul;9649;False
4312955;Nova Boa Vista;Nova Boa Vista (RS);RS;Sul;2042;False
4313003;Nova Bréscia;Nova Bréscia (RS);RS;Sul;3044;False
4313011;Nova Candelária;Nova Candelária (RS);RS;Sul;3061;False
4313037;Nova Esperança do Sul;Nova Esperança do Sul (RS);RS;Sul;4865;False
4313060;Nova Hartz;Nova Hartz (RS);RS;Sul;20088;True
4313086;Nova Pádua;Nova Pádua (RS);RS;Sul;2343;False
4313102;Nova Palma;Nova Palma (RS);RS;Sul;5586;True
4313201;Nova Petrópolis;Nova Petrópolis (RS);RS;Sul;23300;False
4313300;Nova Prata;Nova Prata (RS);RS;Sul;25692;False
4313334;Nova Ramada;Nova Ramada (RS);RS;Sul;2163;False
4313359;Nova Roma do Sul;Nova Roma do Sul (RS);RS;Sul;3466;False
4313375;Nova Santa Rita;Nova Santa Rita (RS);RS;Sul;29024;True
4313391;Novo Cabrais;Novo Cabrais (RS);RS;Sul;3568;True
4313409;Novo Hamburgo;Novo Hamburgo (RS);RS;Sul;227646;True
4313425;Novo Machado;Novo Machado (RS);RS;Sul;3198;False
4313441;Novo Tiradentes;Novo Tiradentes (RS);RS;Sul;2146;False
4313466;Novo Xingu;Novo Xingu (RS);RS;Sul;1646;False
4313490;Novo Barreiro;Novo Barreiro (RS);RS;Sul;4272;True
4313508;Osório;Osório (RS);RS;Sul;47396;True
4313607;Paim Filho;Paim Filho (RS);RS;Sul;3629;False
4313656;Palmares do Sul;Palmares do Sul (RS);RS;Sul;12844;True
4313706;Palmeira das Missões;Palmeira das Missões (RS);RS;Sul;33216;True
4313805;Palmitinho;Palmitinho (RS);RS;Sul;7839;True
4313904;Panambi;Panambi (RS);RS;Sul;43515;True
4313953;Pantano Grande;Pantano Grande (RS);RS;Sul;10212;True
4314001;Paraí;Paraí (RS);RS;Sul;7194;True
4314027;Paraíso do Sul;Paraíso do Sul (RS);RS;Sul;6519;True
4314035;Pareci Novo;Pareci Novo (RS);RS;Sul;4319;False
4314050;Parobé;Parobé (RS);RS;Sul;52058;True
4314068;Passa Sete;Passa Sete (RS);RS;Sul;3983;False
4314076;Passo do Sobrado;Passo do Sobrado (RS);RS;Sul;6025;False
4314100;Passo Fundo;Passo Fundo (RS);RS;Sul;206215;True
4314134;Paulo Bento;Paulo Bento (RS);RS;Sul;2144;False
4314159;Paverama;Paverama (RS);RS;Sul;7978;False
4314175;Pedras Altas;Pedras Altas (RS);RS;Sul;2061;False
4314209;Pedro Osório;Pedro Osório (RS);RS;Sul;7484;True
4314308;Pejuçara;Pejuçara (RS);RS;Sul;3745;False
4314407;Pelotas;Pelotas (RS);RS;Sul;325685;True
4314423;Picada Café;Picada Café (RS);RS;Sul;5351;False
4314456;Pinhal;Pinhal (RS);RS;Sul;2959;False
4314464;Pinhal da Serra;Pinhal da Serra (RS);RS;Sul;2248;False
4314472;Pinhal Grande;Pinhal Grande (RS);RS;Sul;3805;False
4314498;Pinheirinho do Vale;Pinheirinho do Vale (RS);RS;Sul;4540;True
4314506;Pinheiro Machado;Pinheiro Machado (RS);RS;Sul;11214;True
4314548;Pinto Bandeira;Pinto Bandeira (RS);RS;Sul;2723;False
4314555;Pirapó;Pirapó (RS);RS;Sul;2260;False
4314605;Piratini;Piratini (RS);RS;Sul;17504;True
4314704;Planalto;Planalto (RS);RS;Sul;10406;True
4314753;Poço das Antas;Poço das Antas (RS);RS;Sul;2171;False
4314779;Pontão;Pontão (RS);RS;Sul;3296;False
4314787;Ponte Preta;Ponte Preta (RS);RS;Sul;1575;False
4314803;Portão;Portão (RS);RS;Sul;34071;True
4314902;Porto Alegre;Porto Alegre (RS);RS;Sul;1332845;True
4315008;Porto Lucena;Porto Lucena (RS);RS;Sul;4360;True
4315057;Porto Mauá;Porto Mauá (RS);RS;Sul;2142;False
4315073;Porto Vera Cruz;Porto Vera Cruz (RS);RS;Sul;1560;False
4315107;Porto Xavier;Porto Xavier (RS);RS;Sul;9938;True
4315131;Pouso Novo;Pouso Novo (RS);RS;Sul;1739;False
4315149;Presidente Lucena;Presidente Lucena (RS);RS;Sul;3077;False
4315156;Progresso;Progresso (RS);RS;Sul;5340;True
4315172;Protásio Alves;Protásio Alves (RS);RS;Sul;2025;False
4315206;Putinga;Putinga (RS);RS;Sul;3747;False
4315305;Quaraí;Quaraí (RS);RS;Sul;23500;True
4315313;Quatro Irmãos;Quatro Irmãos (RS);RS;Sul;1552;False
4315321;Quevedos;Quevedos (RS);RS;Sul;2507;False
4315354;Quinze de Novembro;Quinze de Novembro (RS);RS;Sul;3910;True
4315404;Redentora;Redentora (RS);RS;Sul;9738;True
4315453;Relvado;Relvado (RS);RS;Sul;1796;False
4315503;Restinga Sêca;Restinga Sêca (RS);RS;Sul;14939;True
4315552;Rio dos Índios;Rio dos Índios (RS);RS;Sul;2835;True
4315602;Rio Grande;Rio Grande (RS);RS;Sul;191900;True
4315701;Rio Pardo;Rio Pardo (RS);RS;Sul;34654;True
4315750;Riozinho;Riozinho (RS);RS;Sul;4473;True
4315800;Roca Sales;Roca Sales (RS);RS;Sul;10418;True
4315909;Rodeio Bonito;Rodeio Bonito (RS);RS;Sul;6654;True
4315958;Rolador;Rolador (RS);RS;Sul;2291;False
4316006;Rolante;Rolante (RS);RS;Sul;21253;True
4316105;Ronda Alta;Ronda Alta (RS);RS;Sul;9777;True
4316204;Rondinha;Rondinha (RS);RS;Sul;4991;True
4316303;Roque Gonzales;Roque Gonzales (RS);RS;Sul;6576;True
4316402;Rosário do Sul;Rosário do Sul (RS);RS;Sul;36630;True
4316428;Sagrada Família;Sagrada Família (RS);RS;Sul;2480;False
4316436;Saldanha Marinho;Saldanha Marinho (RS);RS;Sul;2575;False
4316451;Salto do Jacuí;Salto do Jacuí (RS);RS;Sul;10203;True
4316477;Salvador das Missões;Salvador das Missões (RS);RS;Sul;2877;False
4316501;Salvador do Sul;Salvador do Sul (RS);RS;Sul;6879;False
4316600;Sananduva;Sananduva (RS);RS;Sul;16399;True
4316709;Santa Bárbara do Sul;Santa Bárbara do Sul (RS);RS;Sul;8122;True
4316733;Santa Cecília do Sul;Santa Cecília do Sul (RS);RS;Sul;1674;False
4316758;Santa Clara do Sul;Santa Clara do Sul (RS);RS;Sul;6887;False
4316808;Santa Cruz do Sul;Santa Cruz do Sul (RS);RS;Sul;133230;True
4316907;Santa Maria;Santa Maria (RS);RS;Sul;271735;True
4316956;Santa Maria do Herval;Santa Maria do Herval (RS);RS;Sul;6340;False
4316972;Santa Margarida do Sul;Santa Margarida do Sul (RS);RS;Sul;2596;False
4317004;Santana da Boa Vista;Santana da Boa Vista (RS);RS;Sul;7024;False
4317103;Sant'Ana do Livramento;Sant'Ana do Livramento (RS);RS;Sul;84421;True
4317202;Santa Rosa;Santa Rosa (RS);RS;Sul;76963;True
4317251;Santa Tereza;Santa Tereza (RS);RS;Sul;1505;False
4317301;Santa Vitória do Palmar;Santa Vitória do Palmar (RS);RS;Sul;30983;True
4317400;Santiago;Santiago (RS);RS;Sul;48938;True
4317509;Santo Ângelo;Santo Ângelo (RS);RS;Sul;76917;True
4317558;Santo Antônio do Palma;Santo Antônio do Palma (RS);RS;Sul;2091;False
4317608;Santo Antônio da Patrulha;Santo Antônio da Patrulha (RS);RS;Sul;42947;True
4317707;Santo Antônio das Missões;Santo Antônio das Missões (RS);RS;Sul;10300;True
4317756;Santo Antônio do Planalto;Santo Antônio do Planalto (RS);RS;Sul;2089;False
4317806;Santo Augusto;Santo Augusto (RS);RS;Sul;13902;True
4317905;Santo Cristo;Santo Cristo (RS);RS;Sul;15320;True
4317954;Santo Expedito do Sul;Santo Expedito do Sul (RS);RS;Sul;2349;False
4318002;São Borja;São Borja (RS);RS;Sul;59676;True
4318051;São Domingos do Sul;São Domingos do Sul (RS);RS;Sul;2754;False
4318101;São Francisco de Assis;São Francisco de Assis (RS);RS;Sul;17618;False
4318200;São Francisco de Paula;São Francisco de Paula (RS);RS;Sul;21893;True
4318309;São Gabriel;São Gabriel (RS);RS;Sul;58487;True
4318408;São Jerônimo;São Jerônimo (RS);RS;Sul;21028;True
4318424;São João da Urtiga;São João da Urtiga (RS);RS;Sul;4461;False
4318432;São João do Polêsine;São João do Polêsine (RS);RS;Sul;2649;False
4318440;São Jorge;São Jorge (RS);RS;Sul;2912;False
4318457;São José das Missões;São José das Missões (RS);RS;Sul;2362;False
4318465;São José do Herval;São José do Herval (RS);RS;Sul;1902;True
4318481;São José do Hortêncio;São José do Hortêncio (RS);RS;Sul;4447;False
4318499;São José do Inhacorá;São José do Inhacorá (RS);RS;Sul;2406;False
4318507;São José do Norte;São José do Norte (RS);RS;Sul;25443;True
4318606;São José do Ouro;São José do Ouro (RS);RS;Sul;6834;True
4318614;São José do Sul;São José do Sul (RS);RS;Sul;2380;False
4318622;São José dos Ausentes;São José dos Ausentes (RS);RS;Sul;4172;False
4318705;São Leopoldo;São Leopoldo (RS);RS;Sul;217409;True
4318804;São Lourenço do Sul;São Lourenço do Sul (RS);RS;Sul;41989;True
4318903;São Luiz Gonzaga;São Luiz Gonzaga (RS);RS;Sul;34752;True
4319000;São Marcos;São Marcos (RS);RS;Sul;21084;True
4319109;São Martinho;São Martinho (RS);RS;Sul;5481;False
4319125;São Martinho da Serra;São Martinho da Serra (RS);RS;Sul;2860;False
4319158;São Miguel das Missões;São Miguel das Missões (RS);RS;Sul;7056;True
4319208;São Nicolau;São Nicolau (RS);RS;Sul;5118;True
4319307;São Paulo das Missões;São Paulo das Missões (RS);RS;Sul;5846;True
4319356;São Pedro da Serra;São Pedro da Serra (RS);RS;Sul;3548;False
4319364;São Pedro das Missões;São Pedro das Missões (RS);RS;Sul;1757;False
4319372;São Pedro do Butiá;São Pedro do Butiá (RS);RS;Sul;3070;False
4319406;São Pedro do Sul;São Pedro do Sul (RS);RS;Sul;15577;True
4319505;São Sebastião do Caí;São Sebastião do Caí (RS);RS;Sul;24428;False
4319604;São Sepé;São Sepé (RS);RS;Sul;21219;True
4319703;São Valentim;São Valentim (RS);RS;Sul;3264;False
4319711;São Valentim do Sul;São Valentim do Sul (RS);RS;Sul;2207;False
4319737;São Valério do Sul;São Valério do Sul (RS);RS;Sul;2543;True
4319752;São Vendelino;São Vendelino (RS);RS;Sul;2251;False
4319802;São Vicente do Sul;São Vicente do Sul (RS);RS;Sul;8097;True
4319901;Sapiranga;Sapiranga (RS);RS;Sul;75648;True
4320008;Sapucaia do Sul;Sapucaia do Sul (RS);RS;Sul;132107;True
4320107;Sarandi;Sarandi (RS);RS;Sul;22851;True
4320206;Seberi;Seberi (RS);RS;Sul;11950;True
4320230;Sede Nova;Sede Nova (RS);RS;Sul;2704;False
4320263;Segredo;Segredo (RS);RS;Sul;6009;True
4320305;Selbach;Selbach (RS);RS;Sul;5107;True
4320321;Senador Salgado Filho;Senador Salgado Filho (RS);RS;Sul;2673;False
4320354;Sentinela do Sul;Sentinela do Sul (RS);RS;Sul;5306;False
4320404;Serafina Corrêa;Serafina Corrêa (RS);RS;Sul;16961;True
4320453;Sério;Sério (RS);RS;Sul;1941;False
4320503;Sertão;Sertão (RS);RS;Sul;5541;True
4320552;Sertão Santana;Sertão Santana (RS);RS;Sul;5863;False
4320578;Sete de Setembro;Sete de Setembro (RS);RS;Sul;1830;False
4320602;Severiano de Almeida;Severiano de Almeida (RS);RS;Sul;3406;True
4320651;Silveira Martins;Silveira Martins (RS);RS;Sul;2028;False
4320677;Sinimbu;Sinimbu (RS);RS;Sul;8578;True
4320701;Sobradinho;Sobradinho (RS);RS;Sul;14226;True
4320800;Soledade;Soledade (RS);RS;Sul;29991;True
4320859;Tabaí;Tabaí (RS);RS;Sul;4461;False
4320909;Tapejara;Tapejara (RS);RS;Sul;24557;True
4321006;Tapera;Tapera (RS);RS;Sul;10592;True
4321105;Tapes;Tapes (RS);RS;Sul;14695;False
4321204;Taquara;Taquara (RS);RS;Sul;53242;True
4321303;Taquari;Taquari (RS);RS;Sul;25198;True
4321329;Taquaruçu do Sul;Taquaruçu do Sul (RS);RS;Sul;3119;False
4321352;Tavares;Tavares (RS);RS;Sul;5212;False
4321402;Tenente Portela;Tenente Portela (RS);RS;Sul;14497;True
4321436;Terra de Areia;Terra de Areia (RS);RS;Sul;10334;False
4321451;Teutônia;Teutônia (RS);RS;Sul;32797;True
4321469;Tio Hugo;Tio Hugo (RS);RS;Sul;3267;False
4321477;Tiradentes do Sul;Tiradentes do Sul (RS);RS;Sul;5129;False
4321493;Toropi;Toropi (RS);RS;Sul;2554;False
4321501;Torres;Torres (RS);RS;Sul;41751;True
4321600;Tramandaí;Tramandaí (RS);RS;Sul;54387;True
4321626;Travesseiro;Travesseiro (RS);RS;Sul;2152;False
4321634;Três Arroios;Três Arroios (RS);RS;Sul;2591;False
4321667;Três Cachoeiras;Três Cachoeiras (RS);RS;Sul;10962;False
4321709;Três Coroas;Três Coroas (RS);RS;Sul;24425;True
4321808;Três de Maio;Três de Maio (RS);RS;Sul;24916;True
4321832;Três Forquilhas;Três Forquilhas (RS);RS;Sul;2760;False
4321857;Três Palmeiras;Três Palmeiras (RS);RS;Sul;4716;True
4321907;Três Passos;Três Passos (RS);RS;Sul;25436;True
4321956;Trindade do Sul;Trindade do Sul (RS);RS;Sul;7556;True
4322004;Triunfo;Triunfo (RS);RS;Sul;27498;True
4322103;Tucunduva;Tucunduva (RS);RS;Sul;5542;True
4322152;Tunas;Tunas (RS);RS;Sul;3681;True
4322186;Tupanci do Sul;Tupanci do Sul (RS);RS;Sul;1374;False
4322202;Tupanciretã;Tupanciretã (RS);RS;Sul;20005;True
4322251;Tupandi;Tupandi (RS);RS;Sul;5029;False
4322301;Tuparendi;Tuparendi (RS);RS;Sul;8363;True
4322327;Turuçu;Turuçu (RS);RS;Sul;3419;False
4322343;Ubiretama;Ubiretama (RS);RS;Sul;1994;False
4322350;União da Serra;União da Serra (RS);RS;Sul;1170;False
4322376;Unistalda;Unistalda (RS);RS;Sul;1995;False
4322400;Uruguaiana;Uruguaiana (RS);RS;Sul;117210;True
4322509;Vacaria;Vacaria (RS);RS;Sul;64197;True
4322525;Vale Verde;Vale Verde (RS);RS;Sul;3150;False
4322533;Vale do Sol;Vale do Sol (RS);RS;Sul;9897;True
4322541;Vale Real;Vale Real (RS);RS;Sul;6058;False
4322558;Vanini;Vanini (RS);RS;Sul;2004;False
4322608;Venâncio Aires;Venâncio Aires (RS);RS;Sul;68763;True
4322707;Vera Cruz;Vera Cruz (RS);RS;Sul;26710;True
4322806;Veranópolis;Veranópolis (RS);RS;Sul;24021;True
4322855;Vespasiano Corrêa;Vespasiano Corrêa (RS);RS;Sul;1818;False
4322905;Viadutos;Viadutos (RS);RS;Sul;4769;False
4323002;Viamão;Viamão (RS);RS;Sul;224112;True
4323101;Vicente Dutra;Vicente Dutra (RS);RS;Sul;4665;False
4323200;Victor Graeff;Victor Graeff (RS);RS;Sul;2780;False
4323309;Vila Flores;Vila Flores (RS);RS;Sul;3646;False
4323358;Vila Lângaro;Vila Lângaro (RS);RS;Sul;2079;False
4323408;Vila Maria;Vila Maria (RS);RS;Sul;4413;False
4323457;Vila Nova do Sul;Vila Nova do Sul (RS);RS;Sul;3863;False
4323507;Vista Alegre;Vista Alegre (RS);RS;Sul;2660;False
4323606;Vista Alegre do Prata;Vista Alegre do Prata (RS);RS;Sul;1590;False
4323705;Vista Gaúcha;Vista Gaúcha (RS);RS;Sul;2783;False
4323754;Vitória das Missões;Vitória das Missões (RS);RS;Sul;3260;False
4323770;Westfália;Westfália (RS);RS;Sul;3098;False
4323804;Xangri-lá;Xangri-lá (RS);RS;Sul;16463;True
5000203;Água Clara;Água Clara (MS);MS;Centro-Oeste;16741;True
5000252;Alcinópolis;Alcinópolis (MS);MS;Centro-Oeste;4537;False
5000609;Amambai;Amambai (MS);MS;Centro-Oeste;39325;True
5000708;Anastácio;Anastácio (MS);MS;Centro-Oeste;24114;True
5000807;Anaurilândia;Anaurilândia (MS);MS;Centro-Oeste;7653;True
5000856;Angélica;Angélica (MS);MS;Centro-Oeste;10729;True
5000906;Antônio João;Antônio João (MS);MS;Centro-Oeste;9303;True
5001003;Aparecida do Taboado;Aparecida do Taboado (MS);MS;Centro-Oeste;27674;True
5001102;Aquidauana;Aquidauana (MS);MS;Centro-Oeste;46803;True
5001243;Aral Moreira;Aral Moreira (MS);MS;Centro-Oeste;10748;True
5001508;Bandeirantes;Bandeirantes (MS);MS;Centro-Oeste;7940;False
5001904;Bataguassu;Bataguassu (MS);MS;Centro-Oeste;23031;True
5002001;Batayporã;Batayporã (MS);MS;Centro-Oeste;10712;False
5002100;Bela Vista;Bela Vista (MS);MS;Centro-Oeste;21613;True
5002159;Bodoquena;Bodoquena (MS);MS;Centro-Oeste;8567;True
5002209;Bonito;Bonito (MS);MS;Centro-Oeste;23659;True
5002308;Brasilândia;Brasilândia (MS);MS;Centro-Oeste;11579;True
5002407;Caarapó;Caarapó (MS);MS;Centro-Oeste;30612;True
5002605;Camapuã;Camapuã (MS);MS;Centro-Oeste;13583;True
5002704;Campo Grande;Campo Grande (MS);MS;Centro-Oeste;898100;True
5002803;Caracol;Caracol (MS);MS;Centro-Oeste;5036;True
5002902;Cassilândia;Cassilândia (MS);MS;Centro-Oeste;20988;True
5002951;Chapadão do Sul;Chapadão do Sul (MS);MS;Centro-Oeste;30993;True
5003108;Corguinho;Corguinho (MS);MS;Centro-Oeste;4783;False
5003157;Coronel Sapucaia;Coronel Sapucaia (MS);MS;Centro-Oeste;14289;True
5003207;Corumbá;Corumbá (MS);MS;Centro-Oeste;96268;True
5003256;Costa Rica;Costa Rica (MS);MS;Centro-Oeste;26037;True
5003306;Coxim;Coxim (MS);MS;Centro-Oeste;32151;True
5003454;Deodápolis;Deodápolis (MS);MS;Centro-Oeste;13663;False
5003488;Dois Irmãos do Buriti;Dois Irmãos do Buriti (MS);MS;Centro-Oeste;11100;True
5003504;Douradina;Douradina (MS);MS;Centro-Oeste;5578;False
5003702;Dourados;Dourados (MS);MS;Centro-Oeste;243367;True
5003751;Eldorado;Eldorado (MS);MS;Centro-Oeste;11386;False
5003801;Fátima do Sul;Fátima do Sul (MS);MS;Centro-Oeste;20609;True
5003900;Figueirão;Figueirão (MS);MS;Centro-Oeste;3539;False
5004007;Glória de Dourados;Glória de Dourados (MS);MS;Centro-Oeste;10444;True
5004106;Guia Lopes da Laguna;Guia Lopes da Laguna (MS);MS;Centro-Oeste;9940;True
5004304;Iguatemi;Iguatemi (MS);MS;Centro-Oeste;13808;True
5004403;Inocência;Inocência (MS);MS;Centro-Oeste;8404;False
5004502;Itaporã;Itaporã (MS);MS;Centro-Oeste;24137;True
5004601;Itaquiraí;Itaquiraí (MS);MS;Centro-Oeste;19423;True
5004700;Ivinhema;Ivinhema (MS);MS;Centro-Oeste;27821;True
5004809;Japorã;Japorã (MS);MS;Centro-Oeste;8148;True
5004908;Jaraguari;Jaraguari (MS);MS;Centro-Oeste;7139;False
5005004;Jardim;Jardim (MS);MS;Centro-Oeste;23981;True
5005103;Jateí;Jateí (MS);MS;Centro-Oeste;3586;False
5005152;Juti;Juti (MS);MS;Centro-Oeste;6729;True
5005202;Ladário;Ladário (MS);MS;Centro-Oeste;21522;True
5005251;Laguna Carapã;Laguna Carapã (MS);MS;Centro-Oeste;6799;False
5005400;Maracaju;Maracaju (MS);MS;Centro-Oeste;45047;True
5005608;Miranda;Miranda (MS);MS;Centro-Oeste;25536;True
5005681;Mundo Novo;Mundo Novo (MS);MS;Centro-Oeste;19193;True
5005707;Naviraí;Naviraí (MS);MS;Centro-Oeste;50457;True
5005806;Nioaque;Nioaque (MS);MS;Centro-Oeste;13220;True
5006002;Nova Alvorada do Sul;Nova Alvorada do Sul (MS);MS;Centro-Oeste;21822;True
5006200;Nova Andradina;Nova Andradina (MS);MS;Centro-Oeste;48563;True
5006259;Novo Horizonte do Sul;Novo Horizonte do Sul (MS);MS;Centro-Oeste;4721;False
5006275;Paraíso das Águas;Paraíso das Águas (MS);MS;Centro-Oeste;5510;False
5006309;Paranaíba;Paranaíba (MS);MS;Centro-Oeste;40957;True
5006358;Paranhos;Paranhos (MS);MS;Centro-Oeste;12921;False
5006408;Pedro Gomes;Pedro Gomes (MS);MS;Centro-Oeste;6941;True
5006606;Ponta Porã;Ponta Porã (MS);MS;Centro-Oeste;92017;True
5006903;Porto Murtinho;Porto Murtinho (MS);MS;Centro-Oeste;12859;True
5007109;Ribas do Rio Pardo;Ribas do Rio Pardo (MS);MS;Centro-Oeste;23150;True
5007208;Rio Brilhante;Rio Brilhante (MS);MS;Centro-Oeste;37601;True
5007307;Rio Negro;Rio Negro (MS);MS;Centro-Oeste;4841;False
5007406;Rio Verde de Mato Grosso;Rio Verde de Mato Grosso (MS);MS;Centro-Oeste;19818;False
5007505;Rochedo;Rochedo (MS);MS;Centro-Oeste;5199;False
5007554;Santa Rita do Pardo;Santa Rita do Pardo (MS);MS;Centro-Oeste;7027;False
5007695;São Gabriel do Oeste;São Gabriel do Oeste (MS);MS;Centro-Oeste;29579;True
5007703;Sete Quedas;Sete Quedas (MS);MS;Centro-Oeste;10994;True
5007802;Selvíria;Selvíria (MS);MS;Centro-Oeste;8142;False
5007901;Sidrolândia;Sidrolândia (MS);MS;Centro-Oeste;47118;True
5007935;Sonora;Sonora (MS);MS;Centro-Oeste;14516;True
5007950;Tacuru;Tacuru (MS);MS;Centro-Oeste;10808;True
5007976;Taquarussu;Taquarussu (MS);MS;Centro-Oeste;3625;True
5008008;Terenos;Terenos (MS);MS;Centro-Oeste;17652;True
5008305;Três Lagoas;Três Lagoas (MS);MS;Centro-Oeste;132152;True
5008404;Vicentina;Vicentina (MS);MS;Centro-Oeste;6336;True
5100102;Acorizal;Acorizal (MT);MT;Centro-Oeste;5014;False
5100201;Água Boa;Água Boa (MT);MT;Centro-Oeste;29219;True
5100250;Alta Floresta;Alta Floresta (MT);MT;Centro-Oeste;58613;True
5100300;Alto Araguaia;Alto Araguaia (MT);MT;Centro-Oeste;17193;True
5100359;Alto Boa Vista;Alto Boa Vista (MT);MT;Centro-Oeste;5715;True
5100409;Alto Garças;Alto Garças (MT);MT;Centro-Oeste;13052;False
5100508;Alto Paraguai;Alto Paraguai (MT);MT;Centro-Oeste;8009;False
5100607;Alto Taquari;Alto Taquari (MT);MT;Centro-Oeste;10904;False
5100805;Apiacás;Apiacás (MT);MT;Centro-Oeste;8590;True
5101001;Araguaiana;Araguaiana (MT);MT;Centro-Oeste;3795;False
5101209;Araguainha;Araguainha (MT);MT;Centro-Oeste;1010;False
5101258;Araputanga;Araputanga (MT);MT;Centro-Oeste;14786;True
5101308;Arenápolis;Arenápolis (MT);MT;Centro-Oeste;10576;False
5101407;Aripuanã;Aripuanã (MT);MT;Centro-Oeste;24626;True
5101605;Barão de Melgaço;Barão de Melgaço (MT);MT;Centro-Oeste;7253;False
5101704;Barra do Bugres;Barra do Bugres (MT);MT;Centro-Oeste;29403;True
5101803;Barra do Garças;Barra do Garças (MT);MT;Centro-Oeste;69210;True
5101852;Bom Jesus do Araguaia;Bom Jesus do Araguaia (MT);MT;Centro-Oeste;7280;False
5101902;Brasnorte;Brasnorte (MT);MT;Centro-Oeste;17004;True
5102504;Cáceres;Cáceres (MT);MT;Centro-Oeste;89681;True
5102603;Campinápolis;Campinápolis (MT);MT;Centro-Oeste;15347;True
5102637;Campo Novo do Parecis;Campo Novo do Parecis (MT);MT;Centro-Oeste;45899;True
5102678;Campo Verde;Campo Verde (MT);MT;Centro-Oeste;44585;True
5102686;Campos de Júlio;Campos de Júlio (MT);MT;Centro-Oeste;8822;False
5102694;Canabrava do Norte;Canabrava do Norte (MT);MT;Centro-Oeste;4485;False
5102702;Canarana;Canarana (MT);MT;Centro-Oeste;25858;True
5102793;Carlinda;Carlinda (MT);MT;Centro-Oeste;10332;False
5102850;Castanheira;Castanheira (MT);MT;Centro-Oeste;7506;False
5103007;Chapada dos Guimarães;Chapada dos Guimarães (MT);MT;Centro-Oeste;18990;False
5103056;Cláudia;Cláudia (MT);MT;Centro-Oeste;9593;False
5103106;Cocalinho;Cocalinho (MT);MT;Centro-Oeste;6220;False
5103205;Colíder;Colíder (MT);MT;Centro-Oeste;31370;True
5103254;Colniza;Colniza (MT);MT;Centro-Oeste;25766;True
5103304;Comodoro;Comodoro (MT);MT;Centro-Oeste;18238;True
5103353;Confresa;Confresa (MT);MT;Centro-Oeste;35075;True
5103361;Conquista D'Oeste;Conquista D'Oeste (MT);MT;Centro-Oeste;3760;False
5103379;Cotriguaçu;Cotriguaçu (MT);MT;Centro-Oeste;11011;True
5103403;Cuiabá;Cuiabá (MT);MT;Centro-Oeste;650877;True
5103437;Curvelândia;Curvelândia (MT);MT;Centro-Oeste;4903;False
5103452;Denise;Denise (MT);MT;Centro-Oeste;7014;True
5103502;Diamantino;Diamantino (MT);MT;Centro-Oeste;21941;True
5103601;Dom Aquino;Dom Aquino (MT);MT;Centro-Oeste;7872;True
5103700;Feliz Natal;Feliz Natal (MT);MT;Centro-Oeste;10521;False
5103809;Figueirópolis D'Oeste;Figueirópolis D'Oeste (MT);MT;Centro-Oeste;3187;False
5103858;Gaúcha do Norte;Gaúcha do Norte (MT);MT;Centro-Oeste;8642;False
5103908;General Carneiro;General Carneiro (MT);MT;Centro-Oeste;6037;True
5103957;Glória D'Oeste;Glória D'Oeste (MT);MT;Centro-Oeste;2905;False
5104104;Guarantã do Norte;Guarantã do Norte (MT);MT;Centro-Oeste;31024;True
5104203;Guiratinga;Guiratinga (MT);MT;Centro-Oeste;10966;True
5104500;Indiavaí;Indiavaí (MT);MT;Centro-Oeste;2213;False
5104526;Ipiranga do Norte;Ipiranga do Norte (MT);MT;Centro-Oeste;7815;False
5104542;Itanhangá;Itanhangá (MT);MT;Centro-Oeste;7539;False
5104559;Itaúba;Itaúba (MT);MT;Centro-Oeste;5020;False
5104609;Itiquira;Itiquira (MT);MT;Centro-Oeste;12236;True
5104807;Jaciara;Jaciara (MT);MT;Centro-Oeste;28569;True
5104906;Jangada;Jangada (MT);MT;Centro-Oeste;7426;False
5105002;Jauru;Jauru (MT);MT;Centro-Oeste;8367;True
5105101;Juara;Juara (MT);MT;Centro-Oeste;34906;True
5105150;Juína;Juína (MT);MT;Centro-Oeste;45869;True
5105176;Juruena;Juruena (MT);MT;Centro-Oeste;10213;True
5105200;Juscimeira;Juscimeira (MT);MT;Centro-Oeste;11480;True
5105234;Lambari D'Oeste;Lambari D'Oeste (MT);MT;Centro-Oeste;4790;False
5105259;Lucas do Rio Verde;Lucas do Rio Verde (MT);MT;Centro-Oeste;83798;True
5105309;Luciara;Luciara (MT);MT;Centro-Oeste;2509;False
5105507;Vila Bela da Santíssima Trindade;Vila Bela da Santíssima Trindade (MT);MT;Centro-Oeste;16774;True
5105580;Marcelândia;Marcelândia (MT);MT;Centro-Oeste;11396;True
5105606;Matupá;Matupá (MT);MT;Centro-Oeste;20091;True
5105622;Mirassol d'Oeste;Mirassol d'Oeste (MT);MT;Centro-Oeste;26785;True
5105903;Nobres;Nobres (MT);MT;Centro-Oeste;15492;True
5106000;Nortelândia;Nortelândia (MT);MT;Centro-Oeste;5956;False
5106109;Nossa Senhora do Livramento;Nossa Senhora do Livramento (MT);MT;Centro-Oeste;12940;True
5106158;Nova Bandeirantes;Nova Bandeirantes (MT);MT;Centro-Oeste;13635;False
5106174;Nova Nazaré;Nova Nazaré (MT);MT;Centro-Oeste;4200;False
5106182;Nova Lacerda;Nova Lacerda (MT);MT;Centro-Oeste;6670;False
5106190;Nova Santa Helena;Nova Santa Helena (MT);MT;Centro-Oeste;4239;False
5106208;Nova Brasilândia;Nova Brasilândia (MT);MT;Centro-Oeste;3932;False
5106216;Nova Canaã do Norte;Nova Canaã do Norte (MT);MT;Centro-Oeste;11707;False
5106224;Nova Mutum;Nova Mutum (MT);MT;Centro-Oeste;55839;True
5106232;Nova Olímpia;Nova Olímpia (MT);MT;Centro-Oeste;16352;True
5106240;Nova Ubiratã;Nova Ubiratã (MT);MT;Centro-Oeste;11530;False
5106257;Nova Xavantina;Nova Xavantina (MT);MT;Centro-Oeste;24345;True
5106265;Novo Mundo;Novo Mundo (MT);MT;Centro-Oeste;6520;False
5106273;Novo Horizonte do Norte;Novo Horizonte do Norte (MT);MT;Centro-Oeste;3349;False
5106281;Novo São Joaquim;Novo São Joaquim (MT);MT;Centro-Oeste;6919;True
5106299;Paranaíta;Paranaíta (MT);MT;Centro-Oeste;11671;True
5106307;Paranatinga;Paranatinga (MT);MT;Centro-Oeste;26423;True
5106315;Novo Santo Antônio;Novo Santo Antônio (MT);MT;Centro-Oeste;2015;False
5106372;Pedra Preta;Pedra Preta (MT);MT;Centro-Oeste;18066;True
5106422;Peixoto de Azevedo;Peixoto de Azevedo (MT);MT;Centro-Oeste;32714;True
5106455;Planalto da Serra;Planalto da Serra (MT);MT;Centro-Oeste;3166;False
5106505;Poconé;Poconé (MT);MT;Centro-Oeste;31217;True
5106653;Pontal do Araguaia;Pontal do Araguaia (MT);MT;Centro-Oeste;6932;False
5106703;Ponte Branca;Ponte Branca (MT);MT;Centro-Oeste;2008;False
5106752;Pontes e Lacerda;Pontes e Lacerda (MT);MT;Centro-Oeste;52018;True
5106778;Porto Alegre do Norte;Porto Alegre do Norte (MT);MT;Centro-Oeste;12127;True
5106802;Porto dos Gaúchos;Porto dos Gaúchos (MT);MT;Centro-Oeste;5593;True
5106828;Porto Esperidião;Porto Esperidião (MT);MT;Centro-Oeste;10204;True
5106851;Porto Estrela;Porto Estrela (MT);MT;Centro-Oeste;3224;False
5107008;Poxoréu;Poxoréu (MT);MT;Centro-Oeste;23283;True
5107040;Primavera do Leste;Primavera do Leste (MT);MT;Centro-Oeste;85146;True
5107065;Querência;Querência (MT);MT;Centro-Oeste;26769;True
5107107;São José dos Quatro Marcos;São José dos Quatro Marcos (MT);MT;Centro-Oeste;17849;False
5107156;Reserva do Cabaçal;Reserva do Cabaçal (MT);MT;Centro-Oeste;2122;False
5107180;Ribeirão Cascalheira;Ribeirão Cascalheira (MT);MT;Centro-Oeste;10089;True
5107198;Ribeirãozinho;Ribeirãozinho (MT);MT;Centro-Oeste;2593;False
5107206;Rio Branco;Rio Branco (MT);MT;Centro-Oeste;4535;False
5107248;Santa Carmem;Santa Carmem (MT);MT;Centro-Oeste;5374;False
5107263;Santo Afonso;Santo Afonso (MT);MT;Centro-Oeste;2519;False
5107297;São José do Povo;São José do Povo (MT);MT;Centro-Oeste;2875;False
5107305;São José do Rio Claro;São José do Rio Claro (MT);MT;Centro-Oeste;14911;True
5107354;São José do Xingu;São José do Xingu (MT);MT;Centro-Oeste;5964;False
5107404;São Pedro da Cipa;São Pedro da Cipa (MT);MT;Centro-Oeste;4191;False
5107578;Rondolândia;Rondolândia (MT);MT;Centro-Oeste;3505;False
5107602;Rondonópolis;Rondonópolis (MT);MT;Centro-Oeste;244911;True
5107701;Rosário Oeste;Rosário Oeste (MT);MT;Centro-Oeste;15453;True
5107743;Santa Cruz do Xingu;Santa Cruz do Xingu (MT);MT;Centro-Oeste;2661;False
5107750;Salto do Céu;Salto do Céu (MT);MT;Centro-Oeste;3679;False
5107768;Santa Rita do Trivelato;Santa Rita do Trivelato (MT);MT;Centro-Oeste;3276;False
5107776;Santa Terezinha;Santa Terezinha (MT);MT;Centro-Oeste;7596;True
5107792;Santo Antônio do Leste;Santo Antônio do Leste (MT);MT;Centro-Oeste;4099;False
5107800;Santo Antônio de Leverger;Santo Antônio de Leverger (MT);MT;Centro-Oeste;15246;False
5107859;São Félix do Araguaia;São Félix do Araguaia (MT);MT;Centro-Oeste;13621;True
5107875;Sapezal;Sapezal (MT);MT;Centro-Oeste;28944;True
5107883;Serra Nova Dourada;Serra Nova Dourada (MT);MT;Centro-Oeste;1800;False
5107909;Sinop;Sinop (MT);MT;Centro-Oeste;196312;True
5107925;Sorriso;Sorriso (MT);MT;Centro-Oeste;110635;True
5107941;Tabaporã;Tabaporã (MT);MT;Centro-Oeste;9818;True
5107958;Tangará da Serra;Tangará da Serra (MT);MT;Centro-Oeste;106434;True
5108006;Tapurah;Tapurah (MT);MT;Centro-Oeste;14370;True
5108055;Terra Nova do Norte;Terra Nova do Norte (MT);MT;Centro-Oeste;10616;True
5108105;Tesouro;Tesouro (MT);MT;Centro-Oeste;3025;False
5108204;Torixoréu;Torixoréu (MT);MT;Centro-Oeste;4164;False
5108303;União do Sul;União do Sul (MT);MT;Centro-Oeste;3838;False
5108352;Vale de São Domingos;Vale de São Domingos (MT);MT;Centro-Oeste;2904;False
5108402;Várzea Grande;Várzea Grande (MT);MT;Centro-Oeste;300078;True
5108501;Vera;Vera (MT);MT;Centro-Oeste;12800;False
5108600;Vila Rica;Vila Rica (MT);MT;Centro-Oeste;19888;True
5108808;Nova Guarita;Nova Guarita (MT);MT;Centro-Oeste;4590;False
5108857;Nova Marilândia;Nova Marilândia (MT);MT;Centro-Oeste;3529;False
5108907;Nova Maringá;Nova Maringá (MT);MT;Centro-Oeste;5846;False
5108956;Nova Monte Verde;Nova Monte Verde (MT);MT;Centro-Oeste;8313;True
5200050;Abadia de Goiás;Abadia de Goiás (GO);GO;Centro-Oeste;19128;True
5200100;Abadiânia;Abadiânia (GO);GO;Centro-Oeste;17232;True
5200134;Acreúna;Acreúna (GO);GO;Centro-Oeste;21568;True
5200159;Adelândia;Adelândia (GO);GO;Centro-Oeste;2297;False
5200175;Água Fria de Goiás;Água Fria de Goiás (GO);GO;Centro-Oeste;4954;False
5200209;Água Limpa;Água Limpa (GO);GO;Centro-Oeste;1858;False
5200258;Águas Lindas de Goiás;Águas Lindas de Goiás (GO);GO;Centro-Oeste;225693;True
5200308;Alexânia;Alexânia (GO);GO;Centro-Oeste;27008;True
5200506;Aloândia;Aloândia (GO);GO;Centro-Oeste;1973;False
5200555;Alto Horizonte;Alto Horizonte (GO);GO;Centro-Oeste;6072;False
5200605;Alto Paraíso de Goiás;Alto Paraíso de Goiás (GO);GO;Centro-Oeste;10306;False
5200803;Alvorada do Norte;Alvorada do Norte (GO);GO;Centro-Oeste;8446;True
5200829;Amaralina;Amaralina (GO);GO;Centro-Oeste;3268;False
5200852;Americano do Brasil;Americano do Brasil (GO);GO;Centro-Oeste;5259;False
5200902;Amorinópolis;Amorinópolis (GO);GO;Centro-Oeste;3007;True
5201108;Anápolis;Anápolis (GO);GO;Centro-Oeste;398869;True
5201207;Anhanguera;Anhanguera (GO);GO;Centro-Oeste;924;False
5201306;Anicuns;Anicuns (GO);GO;Centro-Oeste;18503;True
5201405;Aparecida de Goiânia;Aparecida de Goiânia (GO);GO;Centro-Oeste;527796;True
5201454;Aparecida do Rio Doce;Aparecida do Rio Doce (GO);GO;Centro-Oeste;2907;False
5201504;Aporé;Aporé (GO);GO;Centro-Oeste;4325;False
5201603;Araçu;Araçu (GO);GO;Centro-Oeste;3799;True
5201702;Aragarças;Aragarças (GO);GO;Centro-Oeste;18390;True
5201801;Aragoiânia;Aragoiânia (GO);GO;Centro-Oeste;11890;False
5202155;Araguapaz;Araguapaz (GO);GO;Centro-Oeste;7153;True
5202353;Arenópolis;Arenópolis (GO);GO;Centro-Oeste;2946;False
5202502;Aruanã;Aruanã (GO);GO;Centro-Oeste;8300;True
5202601;Aurilândia;Aurilândia (GO);GO;Centro-Oeste;3284;False
5202809;Avelinópolis;Avelinópolis (GO);GO;Centro-Oeste;2868;False
5203104;Baliza;Baliza (GO);GO;Centro-Oeste;3351;False
5203203;Barro Alto;Barro Alto (GO);GO;Centro-Oeste;10371;True
5203302;Bela Vista de Goiás;Bela Vista de Goiás (GO);GO;Centro-Oeste;34445;True
5203401;Bom Jardim de Goiás;Bom Jardim de Goiás (GO);GO;Centro-Oeste;7826;True
5203500;Bom Jesus de Goiás;Bom Jesus de Goiás (GO);GO;Centro-Oeste;23958;True
5203559;Bonfinópolis;Bonfinópolis (GO);GO;Centro-Oeste;10296;False
5203575;Bonópolis;Bonópolis (GO);GO;Centro-Oeste;3299;False
5203609;Brazabrantes;Brazabrantes (GO);GO;Centro-Oeste;3992;False
5203807;Britânia;Britânia (GO);GO;Centro-Oeste;5695;True
5203906;Buriti Alegre;Buriti Alegre (GO);GO;Centro-Oeste;10495;True
5203939;Buriti de Goiás;Buriti de Goiás (GO);GO;Centro-Oeste;2732;False
5203962;Buritinópolis;Buritinópolis (GO);GO;Centro-Oeste;3145;False
5204003;Cabeceiras;Cabeceiras (GO);GO;Centro-Oeste;7560;False
5204102;Cachoeira Alta;Cachoeira Alta (GO);GO;Centro-Oeste;11513;False
5204201;Cachoeira de Goiás;Cachoeira de Goiás (GO);GO;Centro-Oeste;1405;False
5204250;Cachoeira Dourada;Cachoeira Dourada (GO);GO;Centro-Oeste;7782;True
5204300;Caçu;Caçu (GO);GO;Centro-Oeste;13774;True
5204409;Caiapônia;Caiapônia (GO);GO;Centro-Oeste;16513;True
5204508;Caldas Novas;Caldas Novas (GO);GO;Centro-Oeste;98622;True
5204557;Caldazinha;Caldazinha (GO);GO;Centro-Oeste;4507;False
5204607;Campestre de Goiás;Campestre de Goiás (GO);GO;Centro-Oeste;3755;False
5204656;Campinaçu;Campinaçu (GO);GO;Centro-Oeste;3708;False
5204706;Campinorte;Campinorte (GO);GO;Centro-Oeste;12510;True
5204805;Campo Alegre de Goiás;Campo Alegre de Goiás (GO);GO;Centro-Oeste;7422;False
5204854;Campo Limpo de Goiás;Campo Limpo de Goiás (GO);GO;Centro-Oeste;8081;False
5204904;Campos Belos;Campos Belos (GO);GO;Centro-Oeste;18108;True
5204953;Campos Verdes;Campos Verdes (GO);GO;Centro-Oeste;4005;False
5205000;Carmo do Rio Verde;Carmo do Rio Verde (GO);GO;Centro-Oeste;9710;False
5205059;Castelândia;Castelândia (GO);GO;Centro-Oeste;2985;False
5205109;Catalão;Catalão (GO);GO;Centro-Oeste;114427;True
5205208;Caturaí;Caturaí (GO);GO;Centro-Oeste;5184;False
5205307;Cavalcante;Cavalcante (GO);GO;Centro-Oeste;9583;True
5205406;Ceres;Ceres (GO);GO;Centro-Oeste;22046;False
5205455;Cezarina;Cezarina (GO);GO;Centro-Oeste;8090;False
5205471;Chapadão do Céu;Chapadão do Céu (GO);GO;Centro-Oeste;12870;True
5205497;Cidade Ocidental;Cidade Ocidental (GO);GO;Centro-Oeste;91767;True
5205513;Cocalzinho de Goiás;Cocalzinho de Goiás (GO);GO;Centro-Oeste;25016;True
5205521;Colinas do Sul;Colinas do Sul (GO);GO;Centro-Oeste;4030;False
5205703;Córrego do Ouro;Córrego do Ouro (GO);GO;Centro-Oeste;2454;False
5205802;Corumbá de Goiás;Corumbá de Goiás (GO);GO;Centro-Oeste;10562;False
5205901;Corumbaíba;Corumbaíba (GO);GO;Centro-Oeste;9164;True
5206206;Cristalina;Cristalina (GO);GO;Centro-Oeste;62337;True
5206305;Cristianópolis;Cristianópolis (GO);GO;Centro-Oeste;3504;False
5206404;Crixás;Crixás (GO);GO;Centro-Oeste;17065;True
5206503;Cromínia;Cromínia (GO);GO;Centro-Oeste;3883;False
5206602;Cumari;Cumari (GO);GO;Centro-Oeste;2927;False
5206701;Damianópolis;Damianópolis (GO);GO;Centro-Oeste;3770;True
5206800;Damolândia;Damolândia (GO);GO;Centro-Oeste;2724;False
5206909;Davinópolis;Davinópolis (GO);GO;Centro-Oeste;1902;False
5207105;Diorama;Diorama (GO);GO;Centro-Oeste;2062;False
5207253;Doverlândia;Doverlândia (GO);GO;Centro-Oeste;6956;False
5207352;Edealina;Edealina (GO);GO;Centro-Oeste;4001;False
5207402;Edéia;Edéia (GO);GO;Centro-Oeste;11747;True
5207501;Estrela do Norte;Estrela do Norte (GO);GO;Centro-Oeste;3205;False
5207535;Faina;Faina (GO);GO;Centro-Oeste;7070;False
5207600;Fazenda Nova;Fazenda Nova (GO);GO;Centro-Oeste;5877;False
5207808;Firminópolis;Firminópolis (GO);GO;Centro-Oeste;10419;True
5207907;Flores de Goiás;Flores de Goiás (GO);GO;Centro-Oeste;13744;False
5208004;Formosa;Formosa (GO);GO;Centro-Oeste;115901;True
5208103;Formoso;Formoso (GO);GO;Centro-Oeste;4660;True
5208152;Gameleira de Goiás;Gameleira de Goiás (GO);GO;Centro-Oeste;3456;False
5208301;Divinópolis de Goiás;Divinópolis de Goiás (GO);GO;Centro-Oeste;4457;True
5208400;Goianápolis;Goianápolis (GO);GO;Centro-Oeste;13967;True
5208509;Goiandira;Goiandira (GO);GO;Centro-Oeste;4973;False
5208608;Goianésia;Goianésia (GO);GO;Centro-Oeste;73707;True
5208707;Goiânia;Goiânia (GO);GO;Centro-Oeste;1437366;True
5208806;Goianira;Goianira (GO);GO;Centro-Oeste;71916;True
5208905;Goiás;Goiás (GO);GO;Centro-Oeste;24071;True
5209101;Goiatuba;Goiatuba (GO);GO;Centro-Oeste;35664;True
5209150;Gouvelândia;Gouvelândia (GO);GO;Centro-Oeste;4390;False
5209200;Guapó;Guapó (GO);GO;Centro-Oeste;19545;True
5209291;Guaraíta;Guaraíta (GO);GO;Centro-Oeste;2188;False
5209408;Guarani de Goiás;Guarani de Goiás (GO);GO;Centro-Oeste;4085;False
5209457;Guarinos;Guarinos (GO);GO;Centro-Oeste;2161;False
5209606;Heitoraí;Heitoraí (GO);GO;Centro-Oeste;3354;False
5209705;Hidrolândia;Hidrolândia (GO);GO;Centro-Oeste;27742;True
5209804;Hidrolina;Hidrolina (GO);GO;Centro-Oeste;3545;False
5209903;Iaciara;Iaciara (GO);GO;Centro-Oeste;10584;True
5209937;Inaciolândia;Inaciolândia (GO);GO;Centro-Oeste;5954;False
5209952;Indiara;Indiara (GO);GO;Centro-Oeste;17061;True
5210000;Inhumas;Inhumas (GO);GO;Centro-Oeste;52204;True
5210109;Ipameri;Ipameri (GO);GO;Centro-Oeste;25548;True
5210158;Ipiranga de Goiás;Ipiranga de Goiás (GO);GO;Centro-Oeste;2919;False
5210208;Iporá;Iporá (GO);GO;Centro-Oeste;35684;True
5210307;Israelândia;Israelândia (GO);GO;Centro-Oeste;2560;False
5210406;Itaberaí;Itaberaí (GO);GO;Centro-Oeste;44734;False
5210562;Itaguari;Itaguari (GO);GO;Centro-Oeste;4963;False
5210604;Itaguaru;Itaguaru (GO);GO;Centro-Oeste;4904;False
5210802;Itajá;Itajá (GO);GO;Centro-Oeste;4380;True
5210901;Itapaci;Itapaci (GO);GO;Centro-Oeste;21087;True
5211008;Itapirapuã;Itapirapuã (GO);GO;Centro-Oeste;8007;False
5211206;Itapuranga;Itapuranga (GO);GO;Centro-Oeste;26113;True
5211305;Itarumã;Itarumã (GO);GO;Centro-Oeste;6101;False
5211404;Itauçu;Itauçu (GO);GO;Centro-Oeste;7736;True
5211503;Itumbiara;Itumbiara (GO);GO;Centro-Oeste;107970;True
5211602;Ivolândia;Ivolândia (GO);GO;Centro-Oeste;2693;False
5211701;Jandaia;Jandaia (GO);GO;Centro-Oeste;6272;True
5211800;Jaraguá;Jaraguá (GO);GO;Centro-Oeste;45223;True
5211909;Jataí;Jataí (GO);GO;Centro-Oeste;105729;True
5212006;Jaupaci;Jaupaci (GO);GO;Centro-Oeste;2924;False
5212055;Jesúpolis;Jesúpolis (GO);GO;Centro-Oeste;2123;False
5212105;Joviânia;Joviânia (GO);GO;Centro-Oeste;7159;False
5212204;Jussara;Jussara (GO);GO;Centro-Oeste;19620;True
5212253;Lagoa Santa;Lagoa Santa (GO);GO;Centro-Oeste;1390;False
5212303;Leopoldo de Bulhões;Leopoldo de Bulhões (GO);GO;Centro-Oeste;8745;False
5212501;Luziânia;Luziânia (GO);GO;Centro-Oeste;209129;True
5212600;Mairipotaba;Mairipotaba (GO);GO;Centro-Oeste;2561;False
5212709;Mambaí;Mambaí (GO);GO;Centro-Oeste;8124;False
5212808;Mara Rosa;Mara Rosa (GO);GO;Centro-Oeste;10700;False
5212907;Marzagão;Marzagão (GO);GO;Centro-Oeste;2758;False
5212956;Matrinchã;Matrinchã (GO);GO;Centro-Oeste;4042;False
5213004;Maurilândia;Maurilândia (GO);GO;Centro-Oeste;10304;True
5213053;Mimoso de Goiás;Mimoso de Goiás (GO);GO;Centro-Oeste;2614;False
5213087;Minaçu;Minaçu (GO);GO;Centro-Oeste;27075;True
5213103;Mineiros;Mineiros (GO);GO;Centro-Oeste;70081;True
5213400;Moiporá;Moiporá (GO);GO;Centro-Oeste;1685;False
5213509;Monte Alegre de Goiás;Monte Alegre de Goiás (GO);GO;Centro-Oeste;6692;True
5213707;Montes Claros de Goiás;Montes Claros de Goiás (GO);GO;Centro-Oeste;8756;False
5213756;Montividiu;Montividiu (GO);GO;Centro-Oeste;12521;False
5213772;Montividiu do Norte;Montividiu do Norte (GO);GO;Centro-Oeste;3779;False
5213806;Morrinhos;Morrinhos (GO);GO;Centro-Oeste;51351;True
5213855;Morro Agudo de Goiás;Morro Agudo de Goiás (GO);GO;Centro-Oeste;2456;False
5213905;Mossâmedes;Mossâmedes (GO);GO;Centro-Oeste;4654;False
5214002;Mozarlândia;Mozarlândia (GO);GO;Centro-Oeste;14750;True
5214051;Mundo Novo;Mundo Novo (GO);GO;Centro-Oeste;6189;True
5214101;Mutunópolis;Mutunópolis (GO);GO;Centro-Oeste;3564;False
5214408;Nazário;Nazário (GO);GO;Centro-Oeste;8189;False
5214507;Nerópolis;Nerópolis (GO);GO;Centro-Oeste;31932;True
5214606;Niquelândia;Niquelândia (GO);GO;Centro-Oeste;34964;True
5214705;Nova América;Nova América (GO);GO;Centro-Oeste;2337;False
5214804;Nova Aurora;Nova Aurora (GO);GO;Centro-Oeste;2101;False
5214838;Nova Crixás;Nova Crixás (GO);GO;Centro-Oeste;12815;True
5214861;Nova Glória;Nova Glória (GO);GO;Centro-Oeste;8310;False
5214879;Nova Iguaçu de Goiás;Nova Iguaçu de Goiás (GO);GO;Centro-Oeste;3010;False
5214903;Nova Roma;Nova Roma (GO);GO;Centro-Oeste;3076;False
5215009;Nova Veneza;Nova Veneza (GO);GO;Centro-Oeste;9481;False
5215207;Novo Brasil;Novo Brasil (GO);GO;Centro-Oeste;3527;False
5215231;Novo Gama;Novo Gama (GO);GO;Centro-Oeste;103804;True
5215256;Novo Planalto;Novo Planalto (GO);GO;Centro-Oeste;3716;False
5215306;Orizona;Orizona (GO);GO;Centro-Oeste;16399;True
5215405;Ouro Verde de Goiás;Ouro Verde de Goiás (GO);GO;Centro-Oeste;4057;False
5215504;Ouvidor;Ouvidor (GO);GO;Centro-Oeste;7200;False
5215603;Padre Bernardo;Padre Bernardo (GO);GO;Centro-Oeste;34967;True
5215652;Palestina de Goiás;Palestina de Goiás (GO);GO;Centro-Oeste;3132;False
5215702;Palmeiras de Goiás;Palmeiras de Goiás (GO);GO;Centro-Oeste;31858;False
5215801;Palmelo;Palmelo (GO);GO;Centro-Oeste;2259;True
5215900;Palminópolis;Palminópolis (GO);GO;Centro-Oeste;3851;False
5216007;Panamá;Panamá (GO);GO;Centro-Oeste;2455;False
5216304;Paranaiguara;Paranaiguara (GO);GO;Centro-Oeste;7607;False
5216403;Paraúna;Paraúna (GO);GO;Centro-Oeste;10659;True
5216452;Perolândia;Perolândia (GO);GO;Centro-Oeste;2964;False
5216809;Petrolina de Goiás;Petrolina de Goiás (GO);GO;Centro-Oeste;9573;True
5216908;Pilar de Goiás;Pilar de Goiás (GO);GO;Centro-Oeste;2328;False
5217104;Piracanjuba;Piracanjuba (GO);GO;Centro-Oeste;24883;True
5217203;Piranhas;Piranhas (GO);GO;Centro-Oeste;11712;True
5217302;Pirenópolis;Pirenópolis (GO);GO;Centro-Oeste;26690;True
5217401;Pires do Rio;Pires do Rio (GO);GO;Centro-Oeste;32373;True
5217609;Planaltina;Planaltina (GO);GO;Centro-Oeste;105031;True
5217708;Pontalina;Pontalina (GO);GO;Centro-Oeste;18309;True
5218003;Porangatu;Porangatu (GO);GO;Centro-Oeste;44317;True
5218052;Porteirão;Porteirão (GO);GO;Centro-Oeste;4070;False
5218102;Portelândia;Portelândia (GO);GO;Centro-Oeste;3280;False
5218300;Posse;Posse (GO);GO;Centro-Oeste;34914;True
5218391;Professor Jamil;Professor Jamil (GO);GO;Centro-Oeste;3649;False
5218508;Quirinópolis;Quirinópolis (GO);GO;Centro-Oeste;48447;True
5218607;Rialma;Rialma (GO);GO;Centro-Oeste;12165;True
5218706;Rianápolis;Rianápolis (GO);GO;Centro-Oeste;3980;False
5218789;Rio Quente;Rio Quente (GO);GO;Centro-Oeste;3864;False
5218805;Rio Verde;Rio Verde (GO);GO;Centro-Oeste;225696;True
5218904;Rubiataba;Rubiataba (GO);GO;Centro-Oeste;19788;True
5219001;Sanclerlândia;Sanclerlândia (GO);GO;Centro-Oeste;7918;False
5219100;Santa Bárbara de Goiás;Santa Bárbara de Goiás (GO);GO;Centro-Oeste;6149;False
5219209;Santa Cruz de Goiás;Santa Cruz de Goiás (GO);GO;Centro-Oeste;3002;False
5219258;Santa Fé de Goiás;Santa Fé de Goiás (GO);GO;Centro-Oeste;4951;False
5219308;Santa Helena de Goiás;Santa Helena de Goiás (GO);GO;Centro-Oeste;38492;True
5219357;Santa Isabel;Santa Isabel (GO);GO;Centro-Oeste;3538;False
5219407;Santa Rita do Araguaia;Santa Rita do Araguaia (GO);GO;Centro-Oeste;5924;False
5219456;Santa Rita do Novo Destino;Santa Rita do Novo Destino (GO);GO;Centro-Oeste;2689;False
5219506;Santa Rosa de Goiás;Santa Rosa de Goiás (GO);GO;Centro-Oeste;2820;False
5219605;Santa Tereza de Goiás;Santa Tereza de Goiás (GO);GO;Centro-Oeste;3293;False
5219704;Santa Terezinha de Goiás;Santa Terezinha de Goiás (GO);GO;Centro-Oeste;10645;True
5219712;Santo Antônio da Barra;Santo Antônio da Barra (GO);GO;Centro-Oeste;4267;False
5219738;Santo Antônio de Goiás;Santo Antônio de Goiás (GO);GO;Centro-Oeste;7386;True
5219753;Santo Antônio do Descoberto;Santo Antônio do Descoberto (GO);GO;Centro-Oeste;72127;True
5219803;São Domingos;São Domingos (GO);GO;Centro-Oeste;9711;True
5219902;São Francisco de Goiás;São Francisco de Goiás (GO);GO;Centro-Oeste;6378;False
5220009;São João d'Aliança;São João d'Aliança (GO);GO;Centro-Oeste;14041;False
5220058;São João da Paraúna;São João da Paraúna (GO);GO;Centro-Oeste;1774;False
5220108;São Luís de Montes Belos;São Luís de Montes Belos (GO);GO;Centro-Oeste;33852;True
5220157;São Luiz do Norte;São Luiz do Norte (GO);GO;Centro-Oeste;4837;False
5220207;São Miguel do Araguaia;São Miguel do Araguaia (GO);GO;Centro-Oeste;21900;True
5220264;São Miguel do Passa Quatro;São Miguel do Passa Quatro (GO);GO;Centro-Oeste;4464;False
5220280;São Patrício;São Patrício (GO);GO;Centro-Oeste;2143;False
5220405;São Simão;São Simão (GO);GO;Centro-Oeste;17020;True
5220454;Senador Canedo;Senador Canedo (GO);GO;Centro-Oeste;155635;True
5220504;Serranópolis;Serranópolis (GO);GO;Centro-Oeste;8027;False
5220603;Silvânia;Silvânia (GO);GO;Centro-Oeste;22245;True
5220686;Simolândia;Simolândia (GO);GO;Centro-Oeste;5742;True
5220702;Sítio d'Abadia;Sítio d'Abadia (GO);GO;Centro-Oeste;2927;False
5221007;Taquaral de Goiás;Taquaral de Goiás (GO);GO;Centro-Oeste;4026;False
5221080;Teresina de Goiás;Teresina de Goiás (GO);GO;Centro-Oeste;2701;False
5221197;Terezópolis de Goiás;Terezópolis de Goiás (GO);GO;Centro-Oeste;7944;False
5221304;Três Ranchos;Três Ranchos (GO);GO;Centro-Oeste;2921;False
5221403;Trindade;Trindade (GO);GO;Centro-Oeste;142431;True
5221452;Trombas;Trombas (GO);GO;Centro-Oeste;3120;False
5221502;Turvânia;Turvânia (GO);GO;Centro-Oeste;4480;True
5221551;Turvelândia;Turvelândia (GO);GO;Centro-Oeste;4985;False
5221577;Uirapuru;Uirapuru (GO);GO;Centro-Oeste;2798;False
5221601;Uruaçu;Uruaçu (GO);GO;Centro-Oeste;42546;True
5221700;Uruana;Uruana (GO);GO;Centro-Oeste;13729;False
5221809;Urutaí;Urutaí (GO);GO;Centro-Oeste;3553;False
5221858;Valparaíso de Goiás;Valparaíso de Goiás (GO);GO;Centro-Oeste;198861;True
5221908;Varjão;Varjão (GO);GO;Centro-Oeste;3716;False
5222005;Vianópolis;Vianópolis (GO);GO;Centro-Oeste;14956;True
5222054;Vicentinópolis;Vicentinópolis (GO);GO;Centro-Oeste;8768;False
5222203;Vila Boa;Vila Boa (GO);GO;Centro-Oeste;4215;False
5222302;Vila Propício;Vila Propício (GO);GO;Centro-Oeste;5815;False
5300108;Brasília;Brasília (DF);DF;Centro-Oeste;2817381;True
