cod_municipio;nome;municipio_uf;uf;regiao;cobertura_aps_2019;cobertura_aps_2023_24;icvd_2019;icvd_2023_24;letalidade_2019;letalidade_2023_24;prop_amputacao_2019;prop_amputacao_2023_24;taxa_internacao_padronizada_2019;taxa_internacao_padronizada_2023_24;recuperacao;quadrante
1100015;Alta Floresta D'Oeste;Alta Floresta D'Oeste (RO);RO;Norte;92,01;112,62;0,2005;0,2164;2,7;1,96;5,41;2,94;180,91;250,58;0,0159;Piorou
1100023;Ariquemes;Ariquemes (RO);RO;Norte;59,2;68,67;0,103;0,0482;3,51;1,18;1,75;1,18;69,85;48,79;-0,0548;Melhorou
1100031;Cabixi;Cabixi (RO);RO;Norte;100,0;149,88;0,1187;0,0903;0,0;0,0;0,0;0,0;189,77;149,05;-0,0284;Melhorou
1100049;Cacoal;Cacoal (RO);RO;Norte;75,72;79,51;0,2037;0,2264;9,64;3,92;0,0;13,07;104,41;95,61;0,0227;Piorou
1100056;Cerejeiras;Cerejeiras (RO);RO;Norte;93,3;129,4;0,1845;0,173;3,03;1,79;0,0;3,57;218,82;184,26;-0,0115;Melhorou
1100064;Colorado do Oeste;Colorado do Oeste (RO);RO;Norte;97,51;111,72;0,1591;0,1849;0,0;4,08;8,33;4,08;143,01;145,52;0,0257;Piorou
1100080;Costa Marques;Costa Marques (RO);RO;Norte;86,95;138,62;0,0848;0,2979;0,0;13,33;0,0;6,67;141,17;76,16;0,213;Piorou
1100098;Espigão D'Oeste;Espigão D'Oeste (RO);RO;Norte;64,59;83,29;0,1661;0,2513;1,79;2,5;0,0;7,5;219,26;231,7;0,0852;Piorou
1100106;Guajará-Mirim;Guajará-Mirim (RO);RO;Norte;76,61;121,06;0,2156;0,1781;4,44;1,94;6,67;5,83;149,35;159,9;-0,0376;Melhorou
1100114;Jaru;Jaru (RO);RO;Norte;98,73;120,6;0,1796;0,1998;2,5;1,97;3,75;7,89;176,17;164,29;0,0201;Piorou
1100122;Ji-Paraná;Ji-Paraná (RO);RO;Norte;79,31;86,49;0,1792;0,2444;2,56;4,37;3,08;7,46;182,61;182,3;0,0653;Piorou
1100130;Machadinho D'Oeste;Machadinho D'Oeste (RO);RO;Norte;48,53;102,1;0,1224;0,392;0,0;2,95;0,0;1,64;194,99;605,33;0,2696;Piorou
1100148;Nova Brasilândia D'Oeste;Nova Brasilândia D'Oeste (RO);RO;Norte;82,9;111,61;0,0716;0,1119;0,0;2,78;0,0;0,0;122,27;120,36;0,0403;Piorou
1100155;Ouro Preto do Oeste;Ouro Preto do Oeste (RO);RO;Norte;100,0;119,65;0,2142;0,1839;3,66;4,0;1,22;10,0;232,63;71,57;-0,0304;Melhorou
1100189;Pimenta Bueno;Pimenta Bueno (RO);RO;Norte;76,79;106,27;0,2763;0,3471;0,87;1,81;1,74;1,09;374,87;464,13;0,0707;Piorou
1100205;Porto Velho;Porto Velho (RO);RO;Norte;60,99;74,8;0,2075;0,2116;2,5;1,66;17,5;17,13;43,42;72,07;0,0041;Piorou
1100254;Presidente Médici;Presidente Médici (RO);RO;Norte;100,0;133,55;0,1854;0,1163;5,88;2,04;0,0;2,04;158,87;116,79;-0,0691;Melhorou
1100288;Rolim de Moura;Rolim de Moura (RO);RO;Norte;94,3;93,16;0,1593;0,1206;1,04;1,92;3,12;3,85;186,18;102,87;-0,0386;Melhorou
1100296;Santa Luzia D'Oeste;Santa Luzia D'Oeste (RO);RO;Norte;100,0;188,7;0,2769;0,198;0,0;3,23;0,0;3,23;416,16;193,51;-0,0788;Melhorou
1100304;Vilhena;Vilhena (RO);RO;Norte;87,04;111,01;0,2125;0,2099;5,63;2,95;1,41;2,65;185,29;223,55;-0,0026;Melhorou
1100320;São Miguel do Guaporé;São Miguel do Guaporé (RO);RO;Norte;71,52;67,48;0,3005;0,1659;12,5;1,75;4,17;5,26;129,2;153,61;-0,1345;Melhorou
1100338;Nova Mamoré;Nova Mamoré (RO);RO;Norte;62,8;115,2;0,2112;0,189;2,17;2,86;2,17;11,43;248,13;85,6;-0,0221;Melhorou
1100346;Alvorada D'Oeste;Alvorada D'Oeste (RO);RO;Norte;21,48;120,07;0,272;0,1539;5,88;0,0;2,94;3,77;245,93;192,67;-0,1181;Melhorou
1100379;Alto Alegre dos Parecis;Alto Alegre dos Parecis (RO);RO;Norte;100,0;182,94;0,2473;0,0719;7,14;0,0;7,14;0,0;130,72;122,65;-0,1754;Melhorou
1100403;Alto Paraíso;Alto Paraíso (RO);RO;Norte;76,67;140,74;0,1453;0,0369;0,0;0,0;14,29;0,0;48,53;72,53;-0,1085;Melhorou
1100452;Buritis;Buritis (RO);RO;Norte;62,09;117,02;0,1499;0,0826;0,0;2,78;4,76;0,0;174,62;78,3;-0,0673;Melhorou
1100502;Novo Horizonte do Oeste;Novo Horizonte do Oeste (RO);RO;Norte;89,9;171,19;0,2644;0,2241;3,7;2,33;0,0;2,33;318,77;261,43;-0,0403;Melhorou
1100700;Campo Novo de Rondônia;Campo Novo de Rondônia (RO);RO;Norte;92,35;166,54;0,1447;0,0423;0,0;0,0;0,0;0,0;226,88;80,31;-0,1024;Melhorou
1100809;Candeias do Jamari;Candeias do Jamari (RO);RO;Norte;100,0;145,44;0,0266;0,2552;0,0;0,0;0,0;24,14;57,89;82,13;0,2285;Piorou
1100924;Chupinguaia;Chupinguaia (RO);RO;Norte;100,0;144,38;0,0806;0,0681;0,0;0,0;0,0;0,0;135,19;117,25;-0,0125;Melhorou
1100940;Cujubim;Cujubim (RO);RO;Norte;41,9;94,19;0,1327;0,1785;0,0;2,78;0,0;5,56;209,74;145,9;0,0458;Piorou
1101005;Governador Jorge Teixeira;Governador Jorge Teixeira (RO);RO;Norte;100,0;174,97;0,0372;0,0596;0,0;0,0;0,0;0,0;72,94;105,1;0,0225;Piorou
1101203;Ministro Andreazza;Ministro Andreazza (RO);RO;Norte;72,62;162,38;0,2489;0,2814;5,56;9,09;0,0;4,55;256,8;170,31;0,0325;Piorou
1101302;Mirante da Serra;Mirante da Serra (RO);RO;Norte;93,41;143,7;0,2126;0,3805;10,0;11,76;0,0;17,65;109,4;90,39;0,1679;Piorou
1101401;Monte Negro;Monte Negro (RO);RO;Norte;86,1;212,15;0,0409;0,1577;0,0;3,33;0,0;3,33;78,35;132,1;0,1168;Piorou
1101435;Nova União;Nova União (RO);RO;Norte;81,59;157,58;0,0543;0,1928;0,0;0,0;0,0;9,09;97,43;181,67;0,1385;Piorou
1101468;Pimenteiras do Oeste;Pimenteiras do Oeste (RO);RO;Norte;100,0;162,33;0,4872;0,2328;20,0;0,0;0,0;12,5;287,72;196,2;-0,2543;Melhorou
1101476;Primavera de Rondônia;Primavera de Rondônia (RO);RO;Norte;83,33;208,6;0,1153;0,0994;0,0;0,0;0,0;0,0;184,81;162,03;-0,0159;Melhorou
1101484;São Felipe D'Oeste;São Felipe D'Oeste (RO);RO;Norte;100,0;124,81;0,3755;0,3111;0,0;0,0;40,0;33,33;80,13;46,83;-0,0644;Melhorou
1101492;São Francisco do Guaporé;São Francisco do Guaporé (RO);RO;Norte;92,39;171,92;0,0419;0,1612;0,0;5,41;0,0;0,0;79,67;134,44;0,1193;Piorou
1101500;Seringueiras;Seringueiras (RO);RO;Norte;100,0;116,08;0,0934;0,2575;0,0;7,41;0,0;7,41;153,54;136,4;0,1641;Piorou
1101559;Teixeirópolis;Teixeirópolis (RO);RO;Norte;91,67;164,47;0,1249;0,147;0,0;0,0;0,0;11,11;198,52;90,68;0,0221;Piorou
1101609;Theobroma;Theobroma (RO);RO;Norte;99,77;215,7;0,0786;0,2564;0,0;14,29;0,0;0,0;132,31;80,07;0,1778;Piorou
1101708;Urupá;Urupá (RO);RO;Norte;88,73;123,73;0,097;0,1975;0,0;0,0;0,0;13,79;158,67;129,36;0,1004;Piorou
1101757;Vale do Anari;Vale do Anari (RO);RO;Norte;62,57;147,93;0,0439;0,1346;0,0;0,0;0,0;12,5;82,55;55,58;0,0908;Piorou
1101807;Vale do Paraíso;Vale do Paraíso (RO);RO;Norte;99,88;159,81;0,178;0,1986;0,0;0,0;7,69;18,18;178,03;75,84;0,0206;Piorou
1200104;Brasiléia;Brasiléia (AC);AC;Norte;100,0;121,15;0,3093;0,2048;4,55;4,35;11,36;2,9;222,33;183,17;-0,1045;Melhorou
1200138;Bujari;Bujari (AC);AC;Norte;100,0;103,96;0,359;0,1362;0,0;6,67;50,0;0,0;56,51;71,64;-0,2228;Melhorou
1200203;Cruzeiro do Sul;Cruzeiro do Sul (AC);AC;Norte;100,0;153,06;0,1518;0,2579;3,45;6,82;5,17;10,61;98,1;109,42;0,1061;Piorou
1200252;Epitaciolândia;Epitaciolândia (AC);AC;Norte;99,6;177,26;0,2009;0,2908;3,7;9,38;3,7;9,38;181,42;117,1;0,0899;Piorou
1200336;Mâncio Lima;Mâncio Lima (AC);AC;Norte;100,0;151,0;0,14;0,2749;0,0;0,0;10,0;7,59;94,68;317,96;0,1348;Piorou
1200385;Plácido de Castro;Plácido de Castro (AC);AC;Norte;100,0;169,08;0,1757;0,083;8,33;0,0;0,0;4,0;92,36;88,41;-0,0927;Melhorou
1200401;Rio Branco;Rio Branco (AC);AC;Norte;69,4;92,96;0,2541;0,163;10,23;4,67;7,95;4,84;64,08;91,99;-0,0911;Melhorou
1200450;Senador Guiomard;Senador Guiomard (AC);AC;Norte;80,22;132,8;0,1049;0,1991;0,0;2,86;7,14;11,43;80,23;100,03;0,0943;Piorou
1200500;Sena Madureira;Sena Madureira (AC);AC;Norte;99,94;124,9;0,1153;0,177;0,0;6,56;0,0;1,64;184,87;111,8;0,0617;Piorou
1200609;Tarauacá;Tarauacá (AC);AC;Norte;72,6;94,8;0,2398;0,1701;6,25;2,78;12,5;4,17;72,02;151,38;-0,0697;Melhorou
1200708;Xapuri;Xapuri (AC);AC;Norte;96,85;169,86;0,0248;0,1891;0,0;2,33;0,0;6,98;55,22;152,93;0,1643;Piorou
1200807;Porto Acre;Porto Acre (AC);AC;Norte;90,14;104,83;0,2417;0,2684;14,29;12,5;0,0;6,25;58,99;57,14;0,0267;Piorou
1300029;Alvarães;Alvarães (AM);AM;Norte;89,53;106,04;0,2211;0,0635;0,0;0,0;4,76;0,0;276,48;110,65;-0,1576;Melhorou
1300086;Anamã;Anamã (AM);AM;Norte;100,0;232,76;0,2601;0,1827;0,0;0,0;0,0;0,0;392,17;281,36;-0,0774;Melhorou
1300102;Anori;Anori (AM);AM;Norte;100,0;158,24;0,1187;0,0396;0,0;0,0;0,0;0,0;189,67;76,51;-0,079;Melhorou
1300144;Apuí;Apuí (AM);AM;Norte;100,0;158,45;0,199;0,1737;0,0;7,14;8,7;0,0;195,54;115,02;-0,0253;Melhorou
1300201;Atalaia do Norte;Atalaia do Norte (AM);AM;Norte;92,21;183,78;0,0285;0,1158;0,0;0,0;0,0;6,67;60,49;101,8;0,0873;Piorou
1300300;Autazes;Autazes (AM);AM;Norte;100,0;112,74;0,1558;0,0601;0,0;0,0;11,11;0,0;103,36;105,8;-0,0957;Melhorou
1300409;Barcelos;Barcelos (AM);AM;Norte;81,37;152,03;0,011;0,0307;0,0;0,0;0,0;0,0;35,52;63,72;0,0197;Piorou
1300508;Barreirinha;Barreirinha (AM);AM;Norte;98,28;110,02;0,2307;0,1706;0,0;1,3;11,11;1,3;210,63;219,84;-0,0601;Melhorou
1300607;Benjamin Constant;Benjamin Constant (AM);AM;Norte;84,75;127,82;0,0273;0,137;0,0;6,45;0,0;0,0;58,88;77,38;0,1097;Piorou
1300631;Beruri;Beruri (AM);AM;Norte;52,25;118,25;0,0524;0,0334;0,0;0,0;0,0;0,0;94,78;67,58;-0,019;Melhorou
1300680;Boa Vista do Ramos;Boa Vista do Ramos (AM);AM;Norte;100,0;81,02;0,1916;0,1085;0,0;0,0;16,67;2,38;84,8;145,19;-0,0831;Melhorou
1300706;Boca do Acre;Boca do Acre (AM);AM;Norte;85,61;88,86;0,1796;0,2169;2,94;7,14;5,88;5,36;139,82;109,68;0,0374;Piorou
1300805;Borba;Borba (AM);AM;Norte;76,54;101,22;0,3199;0,24;0,0;2,65;0,0;1,77;477,74;284,1;-0,0799;Melhorou
1300839;Caapiranga;Caapiranga (AM);AM;Norte;100,0;155,91;0,2098;0,1117;9,09;0,0;0,0;5,56;124,93;109,91;-0,0982;Melhorou
1301001;Carauari;Carauari (AM);AM;Norte;92,43;84,9;0,0568;0,2241;0,0;3,39;0,0;6,78;101,08;182,74;0,1673;Piorou
1301100;Careiro;Careiro (AM);AM;Norte;100,0;164,71;0,2574;0,0852;8,7;0,0;8,7;1,79;92,32;119,36;-0,1721;Melhorou
1301209;Coari;Coari (AM);AM;Norte;98,13;162,32;0,2159;0,164;10,0;2,3;5,0;8,05;51,28;104,24;-0,0518;Melhorou
1301308;Codajás;Codajás (AM);AM;Norte;81,85;141,34;0,1701;0,1701;0,0;3,7;14,29;0,0;83,93;183,78;0,0;Estavel
1301407;Eirunepé;Eirunepé (AM);AM;Norte;84,99;105,88;0,0845;0,2273;0,0;8,33;0,0;5,56;140,67;96,48;0,1428;Piorou
1301506;Envira;Envira (AM);AM;Norte;96,05;182,44;0,0699;0,299;0,0;12,5;0,0;6,25;119,86;100,87;0,229;Piorou
1301605;Fonte Boa;Fonte Boa (AM);AM;Norte;92,8;117,53;0,1582;0,2169;4,17;6,52;0,0;2,17;156,78;162,93;0,0587;Piorou
1301654;Guajará;Guajará (AM);AM;Norte;94,69;154,38;0,2537;0,0887;0,0;0,0;15,38;0,0;189,86;146,73;-0,165;Melhorou
1301704;Humaitá;Humaitá (AM);AM;Norte;90,69;107,17;0,1331;0,2238;0,0;9,09;10,34;9,09;80,41;30,83;0,0907;Piorou
1301803;Ipixuna;Ipixuna (AM);AM;Norte;63,22;139,18;0,1524;0,1778;0,0;4,76;14,29;4,76;58,6;112,25;0,0254;Piorou
1301852;Iranduba;Iranduba (AM);AM;Norte;100,0;121,57;0,2748;0,1629;4,76;1,46;16,67;5,84;101,71;148,32;-0,1119;Melhorou
1301902;Itacoatiara;Itacoatiara (AM);AM;Norte;100,0;108,62;0,2578;0,1715;5,06;2,38;12,66;7,14;121,22;124,55;-0,0863;Melhorou
1302306;Jutaí;Jutaí (AM);AM;Norte;100,0;139,04;0,1774;0,1709;0,0;2,17;16,67;0,0;64,48;217,73;-0,0065;Melhorou
1302405;Lábrea;Lábrea (AM);AM;Norte;89,9;133,48;0,1666;0,2056;0,0;7,69;16,67;7,69;49,1;52,31;0,039;Piorou
1302504;Manacapuru;Manacapuru (AM);AM;Norte;85,17;104,34;0,1839;0,1776;1,9;3,77;6,67;1,26;158,48;177,35;-0,0064;Melhorou
1302553;Manaquiri;Manaquiri (AM);AM;Norte;53,23;128,67;0,0411;0,143;0,0;3,03;0,0;3,03;78,53;121,4;0,102;Piorou
1302603;Manaus;Manaus (AM);AM;Norte;46,99;68,24;0,2493;0,2332;4,35;4,29;13,15;9,95;118,24;136,64;-0,016;Melhorou
1302702;Manicoré;Manicoré (AM);AM;Norte;74,96;109,07;0,1627;0,213;0,0;8,77;15,0;3,51;64,37;92,23;0,0503;Piorou
1302801;Maraã;Maraã (AM);AM;Norte;100,0;152,74;0,0407;0,1262;0,0;0,0;0,0;0,0;78,01;200,4;0,0855;Piorou
1302900;Maués;Maués (AM);AM;Norte;88,88;127,36;0,2682;0,3131;6,12;3,37;10,2;21,35;144,13;127,72;0,045;Piorou
1303007;Nhamundá;Nhamundá (AM);AM;Norte;98,23;118,45;0,1392;0,1515;0,0;2,5;12,5;2,5;62,11;151,52;0,0123;Piorou
1303106;Nova Olinda do Norte;Nova Olinda do Norte (AM);AM;Norte;99,5;123,66;0,3087;0,1584;0,0;1,96;14,63;3,92;278,01;155,18;-0,1503;Melhorou
1303205;Novo Airão;Novo Airão (AM);AM;Norte;85,61;111,03;0,1409;0,1853;0,0;0,0;7,69;0,0;124,93;285,03;0,0444;Piorou
1303304;Novo Aripuanã;Novo Aripuanã (AM);AM;Norte;70,63;107,4;0,1221;0,1687;0,0;2,0;10,0;4,0;68,98;168,11;0,0466;Piorou
1303403;Parintins;Parintins (AM);AM;Norte;92,69;115,36;0,1998;0,1973;4,82;2,24;6,02;4,1;126,7;202,7;-0,0025;Melhorou
1303502;Pauini;Pauini (AM);AM;Norte;78,06;85,81;0,2082;0,0558;9,09;0,0;0,0;0,0;122,63;99,71;-0,1524;Melhorou
1303536;Presidente Figueiredo;Presidente Figueiredo (AM);AM;Norte;99,8;159,77;0,2895;0,1607;3,85;1,64;9,62;6,56;230,94;132,27;-0,1288;Melhorou
1303569;Rio Preto da Eva;Rio Preto da Eva (AM);AM;Norte;100,0;186,18;0,0698;0,1357;0,0;2,27;0,0;4,55;119,66;108,11;0,0659;Piorou
1303700;Santo Antônio do Içá;Santo Antônio do Içá (AM);AM;Norte;98,21;106,37;0,3912;0,1276;25,0;6,67;0,0;0,0;102,58;59,23;-0,2636;Melhorou
1303809;São Gabriel da Cachoeira;São Gabriel da Cachoeira (AM);AM;Norte;44,1;60,24;0,0063;0,054;0,0;0,0;0,0;2,63;28,82;63,99;0,0476;Piorou
1303908;São Paulo de Olivença;São Paulo de Olivença (AM);AM;Norte;100,0;148,61;0,2705;0,2245;5,56;0,0;2,78;1,0;252,8;328,62;-0,046;Melhorou
1303957;São Sebastião do Uatumã;São Sebastião do Uatumã (AM);AM;Norte;95,94;132,36;0,2584;0,235;0,0;3,03;20,0;3,03;138,7;253,15;-0,0234;Melhorou
1304005;Silves;Silves (AM);AM;Norte;92,8;115,35;0,0513;0,0582;0,0;0,0;0,0;0,0;93,2;103,02;0,0069;Piorou
1304062;Tabatinga;Tabatinga (AM);AM;Norte;76,72;96,08;0,0921;0,1294;3,7;2,5;0,0;7,5;72,09;57,18;0,0373;Piorou
1304203;Tefé;Tefé (AM);AM;Norte;97,94;93,7;0,328;0,1408;9,46;1,72;6,76;2,59;201,34;151,83;-0,1872;Melhorou
1304260;Uarini;Uarini (AM);AM;Norte;98,45;166,74;0,2861;0,1874;4,35;0,0;0,0;0,0;335,99;288,03;-0,0987;Melhorou
1304302;Urucará;Urucará (AM);AM;Norte;100,0;147,15;0,2306;0,0703;0,0;0,0;17,65;0,0;128,4;120,34;-0,1603;Melhorou
1400027;Amajari;Amajari (RR);RR;Norte;100,0;123,56;0,2936;0,1218;16,67;0,0;0,0;7,14;82,23;104,51;-0,1718;Melhorou
1400050;Alto Alegre;Alto Alegre (RR);RR;Norte;100,0;116,13;0,1636;0,2345;0,0;11,11;3,85;0,0;205,73;116,82;0,0709;Piorou
1400100;Boa Vista;Boa Vista (RR);RR;Norte;60,62;105,0;0,2364;0,1635;6,5;3,32;1,57;1,42;198,97;164,62;-0,0729;Melhorou
1400159;Bonfim;Bonfim (RR);RR;Norte;100,0;155,01;0,1281;0,165;0,0;3,33;0,0;0,0;203,21;184,43;0,0369;Piorou
1400175;Cantá;Cantá (RR);RR;Norte;86,43;184,22;0,3417;0,0891;9,68;0,0;6,45;3,57;220,12;102,52;-0,2525;Melhorou
1400209;Caracaraí;Caracaraí (RR);RR;Norte;100,0;156,75;0,2725;0,1469;7,41;2,38;7,41;2,38;157,88;149,06;-0,1256;Melhorou
1400233;Caroebe;Caroebe (RR);RR;Norte;100,0;164,22;0,2973;0,2176;4,76;3,23;0,0;3,23;343,16;221,6;-0,0797;Melhorou
1400308;Mucajaí;Mucajaí (RR);RR;Norte;100,0;174,08;0,1838;0,1126;3,45;0,0;0,0;2,7;208,83;147,0;-0,0712;Melhorou
1400407;Normandia;Normandia (RR);RR;Norte;98,43;125,12;0,3379;0,082;5,56;0,0;0,0;0,0;384,25;137,16;-0,2559;Melhorou
1400456;Pacaraima;Pacaraima (RR);RR;Norte;100,0;144,29;0,1775;0,1614;7,14;0,0;0,0;5,26;120,5;184,82;-0,0161;Melhorou
1400472;Rorainópolis;Rorainópolis (RR);RR;Norte;90,88;144,44;0,2205;0,1623;3,33;3,45;10,0;3,45;138,4;134,8;-0,0582;Melhorou
1400506;São João da Baliza;São João da Baliza (RR);RR;Norte;96,42;118,53;0,1423;0,2695;0,0;9,09;0,0;9,09;223,54;96,29;0,1272;Piorou
1400605;São Luiz do Anauá;São Luiz do Anauá (RR);RR;Norte;98,98;167,46;0,212;0,1271;0,0;0,0;8,33;0,0;218,72;201,78;-0,0849;Melhorou
1500107;Abaetetuba;Abaetetuba (PA);PA;Norte;52,42;95,26;0,1007;0,1401;3,23;4,65;3,23;3,49;54,15;76,66;0,0394;Piorou
1500131;Abel Figueiredo;Abel Figueiredo (PA);PA;Norte;99,46;160,24;0,4287;0,1889;25,0;7,69;0,0;0,0;156,33;125,02;-0,2398;Melhorou
1500206;Acará;Acará (PA);PA;Norte;49,2;86,22;0,1431;0,1064;4,26;0,88;2,13;1,77;106,49;130,89;-0,0367;Melhorou
1500305;Afuá;Afuá (PA);PA;Norte;24,41;100,1;0,123;0,0587;0,0;0,0;12,5;4,0;38,96;53,61;-0,0643;Melhorou
1500347;Água Azul do Norte;Água Azul do Norte (PA);PA;Norte;63,32;212,94;0,249;0,0505;2,86;0,0;0,0;0,0;314,89;92,08;-0,1985;Melhorou
1500404;Alenquer;Alenquer (PA);PA;Norte;49,17;57,38;0,2719;0,2963;5,69;8,25;0,0;2,43;286,9;236,33;0,0244;Piorou
1500503;Almeirim;Almeirim (PA);PA;Norte;59,79;102,1;0,0787;0,1467;0,0;1,59;0,0;3,17;132,47;155,82;0,0679;Piorou
1500602;Altamira;Altamira (PA);PA;Norte;69,85;67,9;0,0381;0,2181;0,0;5,1;2,33;10,19;45,08;94,68;0,18;Piorou
1500701;Anajás;Anajás (PA);PA;Norte;32,87;108,12;0,1737;0,0577;7,69;0,0;0,0;0,0;103,25;102,33;-0,116;Melhorou
1500800;Ananindeua;Ananindeua (PA);PA;Norte;84,74;96,06;0,1176;0,1792;0,95;4,07;3,81;9,56;119,82;68,93;0,0616;Piorou
1500859;Anapu;Anapu (PA);PA;Norte;76,21;90,66;0,1629;0,1414;0,0;0,0;5,88;9,09;179,14;108,07;-0,0215;Melhorou
1500909;Augusto Corrêa;Augusto Corrêa (PA);PA;Norte;99,44;159,62;0,2863;0,2362;2,68;0,49;0,89;0,97;361,0;335,3;-0,0502;Melhorou
1500958;Aurora do Pará;Aurora do Pará (PA);PA;Norte;54,9;131,88;0,2731;0,3881;0,0;2,49;1,56;1,99;391,15;627,06;0,115;Piorou
1501006;Aveiro;Aveiro (PA);PA;Norte;100,0;116,4;0,3674;0,5454;22,22;16,67;0,0;33,33;68,55;24,28;0,178;Piorou
1501204;Baião;Baião (PA);PA;Norte;76,66;83,84;0,0611;0,1501;0,0;2,6;0,0;5,19;107,29;113,69;0,089;Piorou
1501253;Bannach;Bannach (PA);PA;Norte;100,0;173,65;0,2176;0,2526;0,0;8,33;0,0;0,0;331,28;202,45;0,035;Piorou
1501303;Barcarena;Barcarena (PA);PA;Norte;91,91;99,9;0,2771;0,2682;13,04;1,96;6,52;20,92;54,48;99,06;-0,0089;Melhorou
1501402;Belém;Belém (PA);PA;Norte;40,9;64,92;0,263;0,1665;5,47;2,25;18,24;6,55;49,9;127,48;-0,0966;Melhorou
1501451;Belterra;Belterra (PA);PA;Norte;100,0;167,53;0,3817;0,2366;7,5;6,25;10,0;9,38;279,67;106,54;-0,1451;Melhorou
1501501;Benevides;Benevides (PA);PA;Norte;100,0;144,99;0,0695;0,1926;0,0;8,82;7,14;5,88;29,54;32,17;0,1231;Piorou
1501576;Bom Jesus do Tocantins;Bom Jesus do Tocantins (PA);PA;Norte;100,0;143,36;0,2671;0,2049;2,27;0,0;2,27;2,78;324,8;278,27;-0,0622;Melhorou
1501600;Bonito;Bonito (PA);PA;Norte;100,0;221,83;0,2648;0,0127;0,0;0,0;25,0;0,0;85,09;37,95;-0,2521;Melhorou
1501709;Bragança;Bragança (PA);PA;Norte;100,0;176,27;0,1737;0,2049;8,05;5,1;0,0;9,55;95,69;83,79;0,0312;Piorou
1501725;Brasil Novo;Brasil Novo (PA);PA;Norte;100,0;99,11;0,1871;0,311;0,0;1,94;0,0;0,65;287,7;415,44;0,1239;Piorou
1501782;Breu Branco;Breu Branco (PA);PA;Norte;35,97;129,3;0,2813;0,2533;12,5;4,82;2,5;12,05;122,7;127,62;-0,0281;Melhorou
1501808;Breves;Breves (PA);PA;Norte;55,75;60,22;0,1787;0,1627;1,92;4,9;11,54;4,9;89,44;85,94;-0,0159;Melhorou
1501907;Bujaru;Bujaru (PA);PA;Norte;63,3;119,61;0,1726;0,1467;2,86;0,0;0,0;15,38;205,54;36,65;-0,0259;Melhorou
1502004;Cachoeira do Arari;Cachoeira do Arari (PA);PA;Norte;25,72;63,8;0,1565;0,0626;0,0;0,0;11,11;0,0;104,3;109,41;-0,0938;Melhorou
1502103;Cametá;Cametá (PA);PA;Norte;48,5;108,44;0,1188;0,1427;4,11;4,3;1,37;6,45;84,4;50,77;0,0239;Piorou
1502152;Canaã dos Carajás;Canaã dos Carajás (PA);PA;Norte;100,0;71,14;0,2309;0,1767;9,52;2,11;4,76;2,82;86,06;192,02;-0,0542;Melhorou
1502202;Capanema;Capanema (PA);PA;Norte;100,0;110,21;0,3026;0,2224;0,0;5,26;29,79;11,58;79,17;79,85;-0,0802;Melhorou
1502301;Capitão Poço;Capitão Poço (PA);PA;Norte;99,1;105,29;0,196;0,177;0,0;1,94;6,45;8,74;219,41;121,74;-0,019;Melhorou
1502400;Castanhal;Castanhal (PA);PA;Norte;89,55;103,04;0,1851;0,0966;7,79;0,82;5,19;1,63;52,19;120,04;-0,0885;Melhorou
1502707;Conceição do Araguaia;Conceição do Araguaia (PA);PA;Norte;89,74;99,28;0,2324;0,1497;3,92;0,63;11,76;2,53;120,65;188,65;-0,0828;Melhorou
1502756;Concórdia do Pará;Concórdia do Pará (PA);PA;Norte;68,92;109,04;0,0403;0,1301;0,0;0,0;0,0;0,0;77,37;205,98;0,0898;Piorou
1502764;Cumaru do Norte;Cumaru do Norte (PA);PA;Norte;100,0;124,67;0,0933;0,2469;0,0;13,33;0,0;0,0;153,3;86,93;0,1536;Piorou
1502772;Curionópolis;Curionópolis (PA);PA;Norte;100,0;147,66;0,3488;0,2526;1,39;2,02;0,0;1,01;489,32;325,32;-0,0962;Melhorou
1502806;Curralinho;Curralinho (PA);PA;Norte;40,72;85,53;0,1121;0,1006;0,0;0,0;4,17;8,0;128,02;63,3;-0,0116;Melhorou
1502905;Curuçá;Curuçá (PA);PA;Norte;95,25;114,63;0,122;0,1343;2,7;0,74;2,7;0,74;102,43;187,04;0,0123;Piorou
1502939;Dom Eliseu;Dom Eliseu (PA);PA;Norte;87,29;74,3;0,1272;0,1196;2,27;3,7;2,27;0,0;124,51;111,39;-0,0076;Melhorou
1502954;Eldorado do Carajás;Eldorado do Carajás (PA);PA;Norte;50,38;106,69;0,1926;0,1671;0,0;1,19;0,0;2,38;295,49;203,5;-0,0255;Melhorou
1503044;Floresta do Araguaia;Floresta do Araguaia (PA);PA;Norte;90,09;158,07;0,2484;0,2246;8,33;2,9;8,33;2,9;91,86;242,67;-0,0238;Melhorou
1503077;Garrafão do Norte;Garrafão do Norte (PA);PA;Norte;99,4;134,6;0,1592;0,1641;3,45;2,38;0,0;7,14;173,65;113,96;0,0049;Piorou
1503093;Goianésia do Pará;Goianésia do Pará (PA);PA;Norte;60,59;131,1;0,219;0,1754;0,0;1,32;0,0;2,63;333,29;209,56;-0,0436;Melhorou
1503101;Gurupá;Gurupá (PA);PA;Norte;51,42;72,53;0,3738;0,2934;16,0;4,9;4,0;2,94;161,16;297,64;-0,0804;Melhorou
1503200;Igarapé-Açu;Igarapé-Açu (PA);PA;Norte;100,0;149,92;0,1165;0,1072;6,25;2,94;0,0;0,0;52,3;110,11;-0,0093;Melhorou
1503309;Igarapé-Miri;Igarapé-Miri (PA);PA;Norte;47,84;85,88;0,0961;0,1454;0,0;3,31;1,72;1,65;135,69;136,21;0,0493;Piorou
1503457;Ipixuna do Pará;Ipixuna do Pará (PA);PA;Norte;77,8;191,86;0,3362;0,2468;0,0;4,85;3,53;0,97;456,79;256,65;-0,0894;Melhorou
1503507;Irituia;Irituia (PA);PA;Norte;91,99;161,12;0,0903;0,1491;0,0;2,86;3,7;2,86;102,49;136,05;0,0589;Piorou
1503606;Itaituba;Itaituba (PA);PA;Norte;78,04;81,1;0,2722;0,2462;6,94;3,98;6,94;11,5;173,21;142,36;-0,026;Melhorou
1503705;Itupiranga;Itupiranga (PA);PA;Norte;51,36;99,06;0,1915;0,2406;9,38;12,82;0,0;2,56;92,53;56,66;0,0491;Piorou
1503754;Jacareacanga;Jacareacanga (PA);PA;Norte;77,54;70,96;0,0647;0,1268;0,0;0,0;0,0;6,45;112,43;120,38;0,0621;Piorou
1503804;Jacundá;Jacundá (PA);PA;Norte;58,53;120,66;0,1545;0,3033;4,65;8,33;0,0;7,41;141,02;182,12;0,1489;Piorou
1503903;Juruti;Juruti (PA);PA;Norte;46,48;122,93;0,114;0,1327;0,0;3,17;2,17;3,17;155,62;101,67;0,0187;Piorou
1504000;Limoeiro do Ajuru;Limoeiro do Ajuru (PA);PA;Norte;36,21;119,86;0,0601;0,0965;0,0;0,0;0,0;0,0;105,82;157,92;0,0364;Piorou
1504059;Mãe do Rio;Mãe do Rio (PA);PA;Norte;100,0;122,26;0,2652;0,1433;2,74;1,05;4,11;1,05;289,05;189,04;-0,122;Melhorou
1504208;Marabá;Marabá (PA);PA;Norte;31,14;55,94;0,1159;0,1586;3,66;5,32;4,88;6,38;45,84;52,41;0,0427;Piorou
1504307;Maracanã;Maracanã (PA);PA;Norte;100,0;149,54;0,2208;0,2209;3,85;6,25;11,54;2,5;108,5;170,37;0,0;Estavel
1504406;Marapanim;Marapanim (PA);PA;Norte;81,5;105,37;0,22;0,0568;14,29;0,0;0,0;3,33;27,89;59,21;-0,1632;Melhorou
1504422;Marituba;Marituba (PA);PA;Norte;66,77;111,37;0,1368;0,1304;1,52;4,14;7,58;2,07;88,01;91,62;-0,0064;Melhorou
1504455;Medicilândia;Medicilândia (PA);PA;Norte;62,64;80,46;0,1604;0,0994;0,0;2,17;2,27;0,0;220,89;115,33;-0,061;Melhorou
1504505;Melgaço;Melgaço (PA);PA;Norte;73,27;88,89;0,0369;0,0418;0,0;0,0;0,0;0,0;72,58;79,59;0,0049;Piorou
1504604;Mocajuba;Mocajuba (PA);PA;Norte;87,93;116,7;0,101;0,1173;0,0;2,86;6,67;2,86;80,62;90,5;0,0164;Piorou
1504703;Moju;Moju (PA);PA;Norte;32,39;54,39;0,2542;0,1644;15,38;5,19;0,0;5,19;53,25;78,42;-0,0897;Melhorou
1504802;Monte Alegre;Monte Alegre (PA);PA;Norte;38,73;81,65;0,243;0,2419;7,55;8,0;7,55;9,33;110,81;77,13;-0,0011;Melhorou
1504901;Muaná;Muaná (PA);PA;Norte;52,03;82,76;0,1081;0,0687;3,57;2,56;0,0;0,0;97,77;63,02;-0,0394;Melhorou
1504950;Nova Esperança do Piriá;Nova Esperança do Piriá (PA);PA;Norte;81,02;160,94;0,0764;0,3186;0,0;2,2;0,0;2,2;129,09;401,1;0,2422;Piorou
1504976;Nova Ipixuna;Nova Ipixuna (PA);PA;Norte;95,53;150,48;0,0143;0,0393;0,0;0,0;0,0;0,0;40,22;76,0;0,025;Piorou
1505031;Novo Progresso;Novo Progresso (PA);PA;Norte;95,09;93,64;0,1964;0,0952;4,65;0,0;0,0;4,44;201,07;100,25;-0,1012;Melhorou
1505064;Novo Repartimento;Novo Repartimento (PA);PA;Norte;48,94;86,68;0,1432;0,2133;3,08;4,0;0,0;14,0;158,65;63,57;0,0702;Piorou
1505106;Óbidos;Óbidos (PA);PA;Norte;45,92;95,68;0,1627;0,1738;4,17;7,14;8,33;4,76;58,59;55,46;0,0111;Piorou
1505205;Oeiras do Pará;Oeiras do Pará (PA);PA;Norte;54,4;93,68;0,0999;0,1489;0,0;4,0;0,0;2,0;162,81;121,86;0,0489;Piorou
1505304;Oriximiná;Oriximiná (PA);PA;Norte;74,17;76,22;0,1032;0,2027;2,7;3,03;2,7;13,64;75,53;73,68;0,0995;Piorou
1505403;Ourém;Ourém (PA);PA;Norte;100,0;156,81;0,2316;0,2059;0,0;3,51;18,75;3,51;116,04;195,21;-0,0257;Melhorou
1505437;Ourilândia do Norte;Ourilândia do Norte (PA);PA;Norte;100,0;124,87;0,3372;0,1974;0,0;0,0;0,99;0,85;490,07;291,7;-0,1398;Melhorou
1505486;Pacajá;Pacajá (PA);PA;Norte;47,12;96,34;0,1789;0,1963;2,13;2,73;4,26;2,73;176,73;207,94;0,0174;Piorou
1505494;Palestina do Pará;Palestina do Pará (PA);PA;Norte;100,0;165,21;0,1671;0,2525;0,0;8,7;0,0;0,0;259,0;194,57;0,0854;Piorou
1505502;Paragominas;Paragominas (PA);PA;Norte;71,0;105,42;0,0761;0,2027;0,0;2,6;6,67;6,49;44,97;172,65;0,1266;Piorou
1505536;Parauapebas;Parauapebas (PA);PA;Norte;61,78;62,64;0,2381;0,2752;8,11;6,74;7,21;15,54;96,1;74,06;0,0371;Piorou
1505551;Pau D'Arco;Pau D'Arco (PA);PA;Norte;100,0;201,99;0,2943;0,3915;0,0;1,41;13,33;4,23;273,71;591,32;0,0972;Piorou
1505601;Peixe-Boi;Peixe-Boi (PA);PA;Norte;100,0;168,98;0,3642;0,3003;0,0;12,5;60,0;6,25;63,87;102,78;-0,0639;Melhorou
1505635;Piçarra;Piçarra (PA);PA;Norte;100,0;163,65;0,0542;0,0608;0,0;0,0;0,0;0,0;97,3;106,83;0,0067;Piorou
1505650;Placas;Placas (PA);PA;Norte;23,73;139,06;0,3003;0,2595;8,82;2,82;0,0;4,23;260,16;277,72;-0,0408;Melhorou
1505700;Ponta de Pedras;Ponta de Pedras (PA);PA;Norte;67,63;118,18;0,0643;0,0519;0,0;0,0;0,0;0,0;111,8;93,98;-0,0124;Melhorou
1505809;Portel;Portel (PA);PA;Norte;52,21;111,09;0,2281;0,2089;9,09;8,62;9,09;3,45;36,92;90,45;-0,0191;Melhorou
1505908;Porto de Moz;Porto de Moz (PA);PA;Norte;59,69;80,48;0,0355;0,1054;0,0;0,0;0,0;5,41;70,54;102,87;0,07;Piorou
1506005;Prainha;Prainha (PA);PA;Norte;59,64;92,22;0,102;0,1269;0,0;0,0;5,26;9,68;99,72;79,94;0,0249;Piorou
1506104;Primavera;Primavera (PA);PA;Norte;100,0;161,27;0,3567;0,2425;0,0;9,09;60,0;9,09;53,21;57,62;-0,1142;Melhorou
1506112;Quatipuru;Quatipuru (PA);PA;Norte;96,1;183,48;0,5816;0,1959;14,29;0,0;71,43;20,0;68,4;49,24;-0,3857;Melhorou
1506138;Redenção;Redenção (PA);PA;Norte;49,34;73,17;0,2479;0,2636;6,33;6,14;8,86;7,02;127,47;177,26;0,0158;Piorou
1506161;Rio Maria;Rio Maria (PA);PA;Norte;95,98;133,26;0,1249;0,2864;0,0;7,59;4,55;1,27;141,53;250,76;0,1615;Piorou
1506187;Rondon do Pará;Rondon do Pará (PA);PA;Norte;66,47;80,13;0,2209;0,0888;4,6;2,74;2,3;0,0;208,41;88,05;-0,1321;Melhorou
1506195;Rurópolis;Rurópolis (PA);PA;Norte;54,62;114,88;0,1972;0,1587;1,67;2,63;1,67;2,63;245,38;157,4;-0,0385;Melhorou
1506203;Salinópolis;Salinópolis (PA);PA;Norte;100,0;160,58;0,1264;0,1528;3,7;4,49;3,7;1,12;74,66;127,85;0,0264;Piorou
1506302;Salvaterra;Salvaterra (PA);PA;Norte;73,64;81,23;0,0217;0,0693;0,0;0,0;0,0;3,45;50,74;75,73;0,0477;Piorou
1506500;Santa Izabel do Pará;Santa Izabel do Pará (PA);PA;Norte;99,68;97,12;0,0796;0,0923;2,56;1,59;0,0;0,0;78,71;117,75;0,0126;Piorou
1506559;Santa Luzia do Pará;Santa Luzia do Pará (PA);PA;Norte;100,0;171,1;0,2545;0,0285;0,0;0,0;25,0;0,0;70,27;60,48;-0,226;Melhorou
1506583;Santa Maria das Barreiras;Santa Maria das Barreiras (PA);PA;Norte;98,51;157,75;0,0878;0,1215;0,0;0,0;0,0;5,13;145,49;129,34;0,0337;Piorou
1506609;Santa Maria do Pará;Santa Maria do Pará (PA);PA;Norte;98,45;163,45;0,0836;0,1402;0,0;3,03;0,0;0,0;139,44;155,45;0,0566;Piorou
1506708;Santana do Araguaia;Santana do Araguaia (PA);PA;Norte;52,91;140,37;0,2404;0,1542;0,0;0,0;1,3;0,91;347,7;229,19;-0,0862;Melhorou
1506807;Santarém;Santarém (PA);PA;Norte;74,49;93,59;0,3761;0,3348;8,56;9,93;22,52;18,38;91,68;55,13;-0,0413;Melhorou
1507003;Santo Antônio do Tauá;Santo Antônio do Tauá (PA);PA;Norte;99,08;139,93;0,3405;0,2015;0,0;0,0;0,82;1,49;519,62;289,53;-0,139;Melhorou
1507201;São Domingos do Capim;São Domingos do Capim (PA);PA;Norte;100,0;159,34;0,1257;0,1944;4,55;9,3;0,0;0,0;102,07;98,26;0,0687;Piorou
1507300;São Félix do Xingu;São Félix do Xingu (PA);PA;Norte;45,4;104,92;0,3009;0,1611;3,37;2,46;0,56;4,1;371,21;146,2;-0,1398;Melhorou
1507409;São Francisco do Pará;São Francisco do Pará (PA);PA;Norte;100,0;187,99;0,0174;0,1134;0,0;5,26;0,0;0,0;44,7;69,07;0,096;Piorou
1507458;São Geraldo do Araguaia;São Geraldo do Araguaia (PA);PA;Norte;100,0;141,3;0,2207;0,1958;4,55;1,14;0,0;3,41;238,09;232,92;-0,0249;Melhorou
1507474;São João de Pirabas;São João de Pirabas (PA);PA;Norte;100,0;203,0;0,1126;0,2033;0,0;3,85;10,0;1,28;55,44;212,13;0,0907;Piorou
1507508;São João do Araguaia;São João do Araguaia (PA);PA;Norte;100,0;166,49;0,0377;0,018;0,0;0,0;0,0;0,0;73,74;45,52;-0,0197;Melhorou
1507607;São Miguel do Guamá;São Miguel do Guamá (PA);PA;Norte;41,64;98,56;0,1879;0,2355;2,0;5,39;10,0;2,4;120,25;211,13;0,0476;Piorou
1507706;São Sebastião da Boa Vista;São Sebastião da Boa Vista (PA);PA;Norte;78,7;108,08;0,022;0,0459;0,0;0,0;0,0;0,0;51,24;85,49;0,0239;Piorou
1507755;Sapucaia;Sapucaia (PA);PA;Norte;100,0;164,61;0,1654;0,2337;0,0;7,14;0,0;0,0;256,59;200,99;0,0683;Piorou
1507805;Senador José Porfírio;Senador José Porfírio (PA);PA;Norte;95,48;83,58;0,0441;0,069;0,0;0,0;0,0;0,0;82,95;118,58;0,0249;Piorou
1507904;Soure;Soure (PA);PA;Norte;55,79;70,19;0,4017;0,2378;18,18;4,41;3,03;7,35;166,43;173,17;-0,1639;Melhorou
1507953;Tailândia;Tailândia (PA);PA;Norte;41,16;60,04;0,2512;0,3017;7,69;5,15;11,54;11,76;69,33;193,46;0,0505;Piorou
1507979;Terra Santa;Terra Santa (PA);PA;Norte;100,0;99,72;0,2606;0,1178;0,0;0,0;23,08;12,5;103,19;31,54;-0,1428;Melhorou
1508001;Tomé-Açu;Tomé-Açu (PA);PA;Norte;43,0;80,17;0,1767;0,2075;4,23;4,38;1,41;2,5;164,29;191,51;0,0308;Piorou
1508035;Tracuateua;Tracuateua (PA);PA;Norte;100,0;195,83;0,294;0,3016;2,86;1,16;5,71;4,07;307,59;375,57;0,0076;Piorou
1508050;Trairão;Trairão (PA);PA;Norte;55,03;165,52;0,3207;0,4145;6,06;4,39;0,0;1,75;348,76;576,78;0,0938;Piorou
1508084;Tucumã;Tucumã (PA);PA;Norte;73,61;79,64;0,2908;0,3807;2,0;2,53;1,0;1,08;380,6;505,97;0,0899;Piorou
1508100;Tucuruí;Tucuruí (PA);PA;Norte;85,9;105,53;0,0757;0,4206;1,69;13,11;0,0;19,67;91,74;93,31;0,3449;Piorou
1508126;Ulianópolis;Ulianópolis (PA);PA;Norte;71,84;110,6;0,3414;0,136;0,0;1,23;0,92;1,23;504,82;172,48;-0,2054;Melhorou
1508159;Uruará;Uruará (PA);PA;Norte;71,38;87,38;0,1967;0,2559;2,99;3,5;1,49;5,59;218,48;240,85;0,0593;Piorou
1508209;Vigia;Vigia (PA);PA;Norte;64,92;87,2;0,2378;0,1351;9,3;1,14;4,65;6,82;102,05;103,16;-0,1027;Melhorou
1508308;Viseu;Viseu (PA);PA;Norte;63,1;160,2;0,2668;0,2077;6,12;7,21;2,04;1,8;244,64;139,72;-0,0591;Melhorou
1508357;Vitória do Xingu;Vitória do Xingu (PA);PA;Norte;98,68;152,34;0,1393;0,0914;0,0;0,0;7,14;0,0;129,57;150,63;-0,0479;Melhorou
1508407;Xinguara;Xinguara (PA);PA;Norte;93,22;88,78;0,2502;0,1629;7,27;1,72;5,45;5,17;153,38;151,01;-0,0874;Melhorou
1600105;Amapá;Amapá (AP);AP;Norte;100,0;145,95;0,2009;0,0561;0,0;0,0;12,5;0,0;150,47;100,05;-0,1448;Melhorou
1600204;Calçoene;Calçoene (AP);AP;Norte;98,24;164,9;0,0309;0,1396;0,0;0,0;0,0;12,5;64,03;62,77;0,1087;Piorou
1600279;Laranjal do Jari;Laranjal do Jari (AP);AP;Norte;100,0;199,35;0,2516;0,299;6,82;1,15;4,55;4,02;176,48;372,66;0,0474;Piorou
1600303;Macapá;Macapá (AP);AP;Norte;66,83;90,56;0,5053;0,1964;10,29;4,32;38,97;9,4;44,84;90,11;-0,3089;Melhorou
1600501;Oiapoque;Oiapoque (AP);AP;Norte;75,58;99,22;0,0904;0,0944;0,0;0,0;0,0;2,86;149,2;119,04;0,004;Piorou
1600535;Porto Grande;Porto Grande (AP);AP;Norte;93,79;175,68;0,0122;0,2149;0,0;8,0;0,0;4,0;37,19;105,47;0,2028;Piorou
1600600;Santana;Santana (AP);AP;Norte;95,56;97,56;0,4988;0,2433;17,95;8,65;23,08;8,65;58,72;73,63;-0,2555;Melhorou
1600808;Vitória do Jari;Vitória do Jari (AP);AP;Norte;100,0;180,52;0,3047;0,1778;16,67;5,0;0,0;0,0;98,01;166,89;-0,1269;Melhorou
1700400;Almas;Almas (TO);TO;Norte;100,0;161,56;0,7105;0,0209;40,0;0,0;40,0;0,0;82,48;49,67;-0,6896;Melhorou
1700707;Alvorada;Alvorada (TO);TO;Norte;100,0;159,05;0,0351;0,1558;0,0;3,7;0,0;0,0;70,0;163,22;0,1207;Piorou
1701002;Ananás;Ananás (TO);TO;Norte;100,0;169,62;0,1467;0,0711;0,0;0,0;7,69;0,0;133,21;121,57;-0,0756;Melhorou
1701903;Araguacema;Araguacema (TO);TO;Norte;100,0;177,15;0,0682;0,3333;0,0;0,0;0,0;0,0;117,42;570,44;0,2651;Piorou
1702000;Araguaçu;Araguaçu (TO);TO;Norte;100,0;172,13;0,3263;0,2715;2,44;1,39;0,0;0,0;434,6;378,7;-0,0548;Melhorou
1702109;Araguaína;Araguaína (TO);TO;Norte;61,87;116,81;0,2895;0,148;8,33;3,75;13,89;7,5;80,97;57,01;-0,1415;Melhorou
1702158;Araguanã;Araguanã (TO);TO;Norte;100,0;284,22;0,1453;0,3955;0,0;14,29;0,0;7,14;227,83;189,61;0,2502;Piorou
1702208;Araguatins;Araguatins (TO);TO;Norte;92,93;169,99;0,0139;0,1372;0,0;5,26;0,0;0,0;39,6;103,19;0,1234;Piorou
1702307;Arapoema;Arapoema (TO);TO;Norte;91,95;189,18;0,1076;0,2678;0,0;9,52;0,0;0,0;173,82;198,71;0,1602;Piorou
1702406;Arraias;Arraias (TO);TO;Norte;99,01;136,14;0,0447;0,1509;0,0;2,7;0,0;0,0;83,76;177,78;0,1062;Piorou
1702554;Augustinópolis;Augustinópolis (TO);TO;Norte;94,89;120,1;0,161;0,2856;0,0;18,18;16,67;0,0;41,08;38,19;0,1246;Piorou
1703701;Brejinho de Nazaré;Brejinho de Nazaré (TO);TO;Norte;100,0;222,22;0,2295;0,2412;0,0;3,57;20,0;0,0;97,33;288,4;0,0117;Piorou
1705508;Colinas do Tocantins;Colinas do Tocantins (TO);TO;Norte;100,0;158,89;0,1602;0,135;6,25;5,56;0,0;0,0;114,87;93,77;-0,0252;Melhorou
1705607;Conceição do Tocantins;Conceição do Tocantins (TO);TO;Norte;100,0;180,08;0,254;0,0738;0,0;0,0;20,0;0,0;132,31;125,44;-0,1801;Melhorou
1707009;Dianópolis;Dianópolis (TO);TO;Norte;92,11;147,15;0,4265;0,2934;12,5;14,29;25,0;3,57;48,12;88,19;-0,1331;Melhorou
1707108;Divinópolis do Tocantins;Divinópolis do Tocantins (TO);TO;Norte;100,0;149,48;0,5099;0,1617;20,0;0,0;20,0;16,67;69,25;42,07;-0,3482;Melhorou
1707207;Dois Irmãos do Tocantins;Dois Irmãos do Tocantins (TO);TO;Norte;99,64;202,83;0,4416;0,2866;16,67;10,53;16,67;5,26;84,91;137,97;-0,155;Melhorou
1708205;Formoso do Araguaia;Formoso do Araguaia (TO);TO;Norte;100,0;137,49;0,0301;0,1561;0,0;0,0;0,0;1,27;62,88;227,35;0,126;Piorou
1709005;Goiatins;Goiatins (TO);TO;Norte;89,98;150,14;0,2512;0,2254;0,0;8,0;13,64;4,0;208,19;120,51;-0,0257;Melhorou
1709302;Guaraí;Guaraí (TO);TO;Norte;99,5;139,5;0,0886;0,1126;0,0;0,0;5,56;8,11;76,86;79,14;0,024;Piorou
1709500;Gurupi;Gurupi (TO);TO;Norte;99,82;143,4;0,1983;0,1776;7,32;5,0;7,32;10,0;54,67;41,08;-0,0207;Melhorou
1710508;Itacajá;Itacajá (TO);TO;Norte;100,0;179,64;0,0666;0,0563;0,0;0,0;0,0;0,0;115,15;100,39;-0,0103;Melhorou
1712504;Marianópolis do Tocantins;Marianópolis do Tocantins (TO);TO;Norte;100,0;227,51;0,2437;0,1612;0,0;0,0;20,0;11,11;117,62;111,05;-0,0825;Melhorou
1713205;Miracema do Tocantins;Miracema do Tocantins (TO);TO;Norte;100,0;150,81;0,1275;0,1528;0,0;1,72;12,5;3,45;45,39;158,25;0,0253;Piorou
1713304;Miranorte;Miranorte (TO);TO;Norte;100,0;110,26;0,0424;0,1267;0,0;0,0;0,0;8,0;80,45;100,73;0,0843;Piorou
1713601;Monte do Carmo;Monte do Carmo (TO);TO;Norte;88,16;245,87;0,5326;0,3969;14,29;8,33;28,57;25,0;116,86;95,18;-0,1357;Melhorou
1714203;Natividade;Natividade (TO);TO;Norte;100,0;199,9;0,0417;0,196;0,0;5,88;0,0;5,88;79,4;100,23;0,1544;Piorou
1716109;Paraíso do Tocantins;Paraíso do Tocantins (TO);TO;Norte;100,0;113,63;0,1591;0,1658;2,94;2,61;8,82;6,09;73,59;124,68;0,0067;Piorou
1716208;Paranã;Paranã (TO);TO;Norte;99,03;132,8;0,1503;0,3494;0,0;16,67;5,88;8,33;161,08;57,39;0,1991;Piorou
1716505;Pedro Afonso;Pedro Afonso (TO);TO;Norte;100,0;173,28;0,1826;0,2034;5,0;2,13;0,0;4,26;173,78;211,8;0,0208;Piorou
1716604;Peixe;Peixe (TO);TO;Norte;100,0;225,39;0,0848;0,1407;0,0;0,0;0,0;8,7;141,23;112,04;0,0558;Piorou
1717503;Pium;Pium (TO);TO;Norte;99,27;167,76;0,1211;0,0863;0,0;0,0;0,0;0,0;193,13;143,32;-0,0348;Melhorou
1718204;Porto Nacional;Porto Nacional (TO);TO;Norte;100,0;122,47;0,1944;0,2278;2,86;10,53;8,57;3,95;129,12;70,33;0,0334;Piorou
1718550;Riachinho;Riachinho (TO);TO;Norte;89,55;173,08;0,4973;0,2379;0,0;0,0;40,0;14,29;254,57;181,01;-0,2595;Melhorou
1720903;Taguatinga;Taguatinga (TO);TO;Norte;71,27;100,96;0,0164;0,1906;0,0;10,53;0,0;0,0;43,25;66,52;0,1741;Piorou
1721000;Palmas;Palmas (TO);TO;Norte;100,0;97,88;0,0838;0,199;1,66;3,85;2,76;13,25;69,47;55,77;0,1152;Piorou
1721109;Tocantínia;Tocantínia (TO);TO;Norte;92,36;140,76;0,1469;0,0974;0,0;0,0;0,0;0,0;230,09;159,15;-0,0495;Melhorou
1721208;Tocantinópolis;Tocantinópolis (TO);TO;Norte;100,0;154,8;0,2054;0,1547;4,0;5,0;8,0;2,5;127,48;102,47;-0,0507;Melhorou
1722081;Wanderlândia;Wanderlândia (TO);TO;Norte;100,0;166,31;0,1513;0,1037;0,0;0,0;11,11;8,33;96,86;63,62;-0,0476;Melhorou
1722107;Xambioá;Xambioá (TO);TO;Norte;92,28;158,07;0,4231;0,3131;7,5;2,67;2,5;1,33;433,07;394,06;-0,11;Melhorou
2100055;Açailândia;Açailândia (MA);MA;Nordeste;78,98;106,56;0,1607;0,211;3,51;4,86;2,63;8,11;141,47;115,55;0,0503;Piorou
2100105;Afonso Cunha;Afonso Cunha (MA);MA;Nordeste;100,0;170,89;0,3242;0,0993;0,0;0,0;5,26;0,0;417,86;161,97;-0,2249;Melhorou
2100154;Água Doce do Maranhão;Água Doce do Maranhão (MA);MA;Nordeste;100,0;190,66;0,0387;0,1242;0,0;0,0;0,0;12,5;75,08;40,66;0,0855;Piorou
2100204;Alcântara;Alcântara (MA);MA;Nordeste;100,0;208,47;0,0851;0,2091;0,0;5,63;0,0;0,0;141,64;198,16;0,124;Piorou
2100303;Aldeias Altas;Aldeias Altas (MA);MA;Nordeste;100,0;195,7;0,3333;0,2397;0,0;6,49;0,0;0,0;588,49;223,55;-0,0936;Melhorou
2100402;Altamira do Maranhão;Altamira do Maranhão (MA);MA;Nordeste;96,38;266,92;0,1935;0,1354;0,0;0,0;14,29;11,11;117,52;74,19;-0,0581;Melhorou
2100436;Alto Alegre do Maranhão;Alto Alegre do Maranhão (MA);MA;Nordeste;100,0;189,2;0,2015;0,3394;0,0;8,91;1,92;2,97;284,12;277,05;0,1379;Piorou
2100477;Alto Alegre do Pindaré;Alto Alegre do Pindaré (MA);MA;Nordeste;100,0;217,81;0,2812;0,3073;1,49;1,74;4,48;0,0;334,11;422,36;0,0262;Piorou
2100501;Alto Parnaíba;Alto Parnaíba (MA);MA;Nordeste;98,17;157,52;0,1149;0,04;0,0;0,0;0,0;0,0;184,33;76,96;-0,075;Melhorou
2100550;Amapá do Maranhão;Amapá do Maranhão (MA);MA;Nordeste;100,0;187,12;0,0722;0,0404;0,0;0,0;0,0;0,0;123,18;77,57;-0,0319;Melhorou
2100600;Amarante do Maranhão;Amarante do Maranhão (MA);MA;Nordeste;100,0;198,19;0,2471;0,3362;1,19;2,44;1,19;4,39;333,1;393,59;0,089;Piorou
2100709;Anajatuba;Anajatuba (MA);MA;Nordeste;100,0;187,74;0,1341;0,1119;3,12;1,56;0,0;0,0;144,59;146,44;-0,0221;Melhorou
2100808;Anapurus;Anapurus (MA);MA;Nordeste;100,0;178,68;0,2652;0,1467;0,0;0,0;2,56;0,0;367,3;229,86;-0,1185;Melhorou
2100832;Apicum-Açu;Apicum-Açu (MA);MA;Nordeste;81,74;136,51;0,2292;0,2112;9,52;1,27;0,0;0,0;143,31;294,97;-0,018;Melhorou
2100873;Araguanã;Araguanã (MA);MA;Nordeste;99,18;250,42;0,3759;0,263;28,57;0,0;0,0;0,0;80,75;396,28;-0,113;Melhorou
2100907;Araioses;Araioses (MA);MA;Nordeste;100,0;151,99;0,0581;0,0719;0,0;4,0;0,0;0,0;102,97;36,71;0,0137;Piorou
2100956;Arame;Arame (MA);MA;Nordeste;88,43;166,88;0,3321;0,2232;0,0;4,48;0,0;4,48;495,3;186,97;-0,1089;Melhorou
2101004;Arari;Arari (MA);MA;Nordeste;100,0;177,14;0,0819;0,0645;0,0;0,0;0,0;0,0;137,04;112,11;-0,0174;Melhorou
2101103;Axixá;Axixá (MA);MA;Nordeste;100,0;176,88;0,2224;0,0989;4,17;0,0;0,0;0,0;248,76;161,31;-0,1236;Melhorou
2101202;Bacabal;Bacabal (MA);MA;Nordeste;100,0;178,94;0,3525;0,3266;6,67;7,61;25,0;12,46;67,49;167,58;-0,0259;Melhorou
2101301;Bacuri;Bacuri (MA);MA;Nordeste;100,0;152,18;0,2209;0,1055;2,56;0,0;0,0;0,0;281,01;170,8;-0,1154;Melhorou
2101400;Balsas;Balsas (MA);MA;Nordeste;100,0;93,56;0,2024;0,1269;3,5;4,17;0,7;3,12;225,62;72,78;-0,0754;Melhorou
2101509;Barão de Grajaú;Barão de Grajaú (MA);MA;Nordeste;100,0;165,92;0,2351;0,1991;2,44;6,25;4,88;6,25;242,71;92,08;-0,036;Melhorou
2101608;Barra do Corda;Barra do Corda (MA);MA;Nordeste;52,07;101,45;0,0939;0,2108;1,3;4,2;1,3;10,49;110,02;99,81;0,1169;Piorou
2101707;Barreirinhas;Barreirinhas (MA);MA;Nordeste;100,0;151,41;0,2559;0,312;2,56;3,1;11,54;10,18;186,18;272,19;0,0561;Piorou
2101772;Bela Vista do Maranhão;Bela Vista do Maranhão (MA);MA;Nordeste;100,0;178,72;0,4305;0,373;2,13;0,96;8,51;2,88;483,67;564,24;-0,0575;Melhorou
2101806;Benedito Leite;Benedito Leite (MA);MA;Nordeste;100,0;189,32;0,0921;0,269;0,0;11,11;0,0;0,0;151,66;166,25;0,1769;Piorou
2101905;Bequimão;Bequimão (MA);MA;Nordeste;100,0;178,71;0,1961;0,0911;0,0;0,0;0,0;1,96;300,59;125,62;-0,105;Melhorou
2101939;Bernardo do Mearim;Bernardo do Mearim (MA);MA;Nordeste;100,0;179,79;0,2571;0,3109;10,0;2,63;0,0;5,26;173,06;342,39;0,0539;Piorou
2101970;Boa Vista do Gurupi;Boa Vista do Gurupi (MA);MA;Nordeste;100,0;184,84;0,065;0,0573;0,0;0,0;0,0;0,0;112,84;101,82;-0,0077;Melhorou
2102002;Bom Jardim;Bom Jardim (MA);MA;Nordeste;100,0;211,48;0,2705;0,1877;2,53;0,71;3,8;0,71;304,96;264,23;-0,0827;Melhorou
2102036;Bom Jesus das Selvas;Bom Jesus das Selvas (MA);MA;Nordeste;88,2;152,46;0,2684;0,1382;0,0;6,25;0,0;0,0;403,99;83,43;-0,1301;Melhorou
2102077;Bom Lugar;Bom Lugar (MA);MA;Nordeste;100,0;200,62;0,1917;0,3948;0,0;15,38;20,0;15,38;43,2;61,47;0,2031;Piorou
2102101;Brejo;Brejo (MA);MA;Nordeste;94,66;176,94;0,0002;0,1079;0,0;1,2;0,0;0,0;19,96;148,36;0,1077;Piorou
2102200;Buriti;Buriti (MA);MA;Nordeste;100,0;157,69;0,0248;0,2275;0,0;0,71;0,0;0,71;55,32;321,23;0,2027;Piorou
2102309;Buriti Bravo;Buriti Bravo (MA);MA;Nordeste;68,78;155,22;0,3471;0,2185;0,0;1,64;1,57;0,0;610,91;297,37;-0,1287;Melhorou
2102325;Buriticupu;Buriticupu (MA);MA;Nordeste;84,64;170,27;0,1256;0,1391;0,0;0,0;1,41;6,31;181,97;139,77;0,0135;Piorou
2102358;Buritirana;Buritirana (MA);MA;Nordeste;100,0;216,75;0,3755;0,4001;30,0;6,25;0,0;31,25;80,13;66,09;0,0246;Piorou
2102374;Cachoeira Grande;Cachoeira Grande (MA);MA;Nordeste;100,0;179,81;0,1441;0,1127;0,0;0,0;0,0;0,0;226,05;181,15;-0,0314;Melhorou
2102408;Cajapió;Cajapió (MA);MA;Nordeste;100,0;174,34;0,1277;0,2181;0,0;2,04;0,0;0,0;202,56;288,16;0,0904;Piorou
2102507;Cajari;Cajari (MA);MA;Nordeste;86,37;154,61;0,133;0,1776;0,0;6,25;5,0;6,25;147,34;61,34;0,0446;Piorou
2102556;Campestre do Maranhão;Campestre do Maranhão (MA);MA;Nordeste;99,71;199,17;0,153;0,1064;0,0;0,0;0,0;4,35;238,82;117,55;-0,0466;Melhorou
2102606;Cândido Mendes;Cândido Mendes (MA);MA;Nordeste;98,83;184,37;0,0621;0,2454;0,0;2,78;0,0;5,56;108,68;241,68;0,1833;Piorou
2102705;Cantanhede;Cantanhede (MA);MA;Nordeste;100,0;144,01;0,1481;0,1098;3,57;0,0;0,0;1,79;155,07;154,55;-0,0383;Melhorou
2102754;Capinzal do Norte;Capinzal do Norte (MA);MA;Nordeste;100,0;153,85;0,2608;0,3642;0,0;6,67;20,0;20,0;142,05;147,01;0,1035;Piorou
2102804;Carolina;Carolina (MA);MA;Nordeste;87,93;170,3;0,1439;0,3515;0,0;0,36;2,17;1,45;198,44;608,29;0,2077;Piorou
2102903;Carutapera;Carutapera (MA);MA;Nordeste;81,19;115,52;0,108;0,1543;0,0;1,89;0,0;3,77;174,43;152,73;0,0462;Piorou
2103000;Caxias;Caxias (MA);MA;Nordeste;100,0;125,84;0,0847;0,34;2,38;26,19;2,38;0,0;60,02;29,32;0,2553;Piorou
2103109;Cedral;Cedral (MA);MA;Nordeste;100,0;168,58;0,1259;0,3333;0,0;0,0;0,0;0,0;199,99;1390,08;0,2075;Piorou
2103125;Central do Maranhão;Central do Maranhão (MA);MA;Nordeste;100,0;197,42;0,066;0,3601;0,0;1,72;0,0;1,72;114,31;476,73;0,2941;Piorou
2103158;Centro do Guilherme;Centro do Guilherme (MA);MA;Nordeste;100,0;198,5;0,0505;0,2055;0,0;5,88;0,0;5,88;92,0;113,82;0,155;Piorou
2103174;Centro Novo do Maranhão;Centro Novo do Maranhão (MA);MA;Nordeste;100,0;185,57;0,2616;0,027;7,14;0,0;7,14;0,0;151,19;58,44;-0,2345;Melhorou
2103208;Chapadinha;Chapadinha (MA);MA;Nordeste;100,0;112,17;0,2229;0,1137;6,25;2,47;0,0;0,0;204,67;129,51;-0,1092;Melhorou
2103257;Cidelândia;Cidelândia (MA);MA;Nordeste;100,0;190,24;0,2828;0,3425;2,63;0,39;2,63;0,39;335,18;1154,63;0,0597;Piorou
2103307;Codó;Codó (MA);MA;Nordeste;92,41;123,0;0,1601;0,1777;6,73;6,61;0,0;5,79;104,42;59,6;0,0176;Piorou
2103406;Coelho Neto;Coelho Neto (MA);MA;Nordeste;98,08;151,23;0,1021;0,0913;0,0;1,32;2,0;1,32;140,77;105,68;-0,0108;Melhorou
2103505;Colinas;Colinas (MA);MA;Nordeste;100,0;186,59;0,394;0,3865;2,99;6,47;1,8;0,36;508,8;429,56;-0,0075;Melhorou
2103554;Conceição do Lago-Açu;Conceição do Lago-Açu (MA);MA;Nordeste;100,0;175,44;0,1567;0,2466;0,0;2,56;0,0;0,0;244,11;317,74;0,0899;Piorou
2103604;Coroatá;Coroatá (MA);MA;Nordeste;75,66;99,93;0,3137;0,3005;0,0;6,42;30,95;16,51;80,35;104,84;-0,0131;Melhorou
2103703;Cururupu;Cururupu (MA);MA;Nordeste;100,0;168,2;0,0912;0,1039;0,0;4,65;0,0;0,0;150,36;68,61;0,0127;Piorou
2103802;Dom Pedro;Dom Pedro (MA);MA;Nordeste;100,0;151,82;0,1044;0,2128;0,0;3,57;4,35;8,93;114,69;135,72;0,1084;Piorou
2103901;Duque Bacelar;Duque Bacelar (MA);MA;Nordeste;99,3;205,41;0,0287;0,1077;0,0;0,0;0,0;0,0;60,82;173,94;0,079;Piorou
2104008;Esperantinópolis;Esperantinópolis (MA);MA;Nordeste;100,0;191,14;0,1947;0,1492;3,23;1,67;3,23;1,67;188,79;176,62;-0,0456;Melhorou
2104057;Estreito;Estreito (MA);MA;Nordeste;100,0;210,68;0,1715;0,2322;0,0;1,49;1,61;4,48;245,09;263,95;0,0607;Piorou
2104073;Feira Nova do Maranhão;Feira Nova do Maranhão (MA);MA;Nordeste;100,0;173,95;0,3048;0,3333;0,0;0,0;0,0;0,0;456,2;565,14;0,0285;Piorou
2104081;Fernando Falcão;Fernando Falcão (MA);MA;Nordeste;100,0;160,94;0,2349;0,2417;0,0;2,33;0,0;0,0;356,13;315,85;0,0068;Piorou
2104099;Formosa da Serra Negra;Formosa da Serra Negra (MA);MA;Nordeste;100,0;193,4;0,2563;0,1779;2,13;1,43;0,0;0,0;340,99;243,76;-0,0784;Melhorou
2104107;Fortaleza dos Nogueiras;Fortaleza dos Nogueiras (MA);MA;Nordeste;100,0;164,98;0,2261;0,3602;0,0;0,0;0,0;3,06;343,53;501,5;0,134;Piorou
2104206;Fortuna;Fortuna (MA);MA;Nordeste;100,0;180,4;0,3158;0,195;4,0;4,44;4,0;4,44;335,85;147,76;-0,1208;Melhorou
2104404;Gonçalves Dias;Gonçalves Dias (MA);MA;Nordeste;100,0;162,73;0,3243;0,1112;0,0;0,0;4,35;8,0;429,52;78,55;-0,2131;Melhorou
2104503;Governador Archer;Governador Archer (MA);MA;Nordeste;100,0;171,04;0,2662;0,3424;0,0;10,0;7,41;15,0;307,94;106,96;0,0762;Piorou
2104552;Governador Edison Lobão;Governador Edison Lobão (MA);MA;Nordeste;96,22;171,09;0,1089;0,1952;0,0;0,0;0,0;9,09;175,72;185,11;0,0863;Piorou
2104602;Governador Eugênio Barros;Governador Eugênio Barros (MA);MA;Nordeste;100,0;201,0;0,3577;0,3528;0,0;0,6;2,78;1,2;545,33;646,9;-0,0049;Melhorou
2104628;Governador Luiz Rocha;Governador Luiz Rocha (MA);MA;Nordeste;100,0;198,21;0,3881;0,2955;0,0;0,0;6,25;1,92;516,04;418,73;-0,0926;Melhorou
2104651;Governador Newton Bello;Governador Newton Bello (MA);MA;Nordeste;100,0;196,02;0,3564;0,1929;0,0;0,0;2,63;0,0;534,5;296,02;-0,1635;Melhorou
2104677;Governador Nunes Freire;Governador Nunes Freire (MA);MA;Nordeste;100,0;179,38;0,1189;0,3641;0,0;0,4;0,0;2,82;189,95;746,73;0,2453;Piorou
2104701;Graça Aranha;Graça Aranha (MA);MA;Nordeste;100,0;174,33;0,1024;0,3095;0,0;0,0;0,0;30,0;166,39;86,25;0,207;Piorou
2104800;Grajaú;Grajaú (MA);MA;Nordeste;95,17;89,34;0,2927;0,2888;5,06;8,46;1,27;4,48;314,21;195,41;-0,0039;Melhorou
2104909;Guimarães;Guimarães (MA);MA;Nordeste;100,0;202,66;0,3583;0,3422;1,67;0,59;0,0;0,0;541,58;760,95;-0,0161;Melhorou
2105005;Humberto de Campos;Humberto de Campos (MA);MA;Nordeste;100,0;192,5;0,1073;0,1081;0,0;0,0;0,0;1,75;173,42;152,57;0,0008;Piorou
2105104;Icatu;Icatu (MA);MA;Nordeste;100,0;197,62;0,1897;0,0603;2,13;0,0;0,0;0,0;245,67;106,06;-0,1294;Melhorou
2105153;Igarapé do Meio;Igarapé do Meio (MA);MA;Nordeste;100,0;150,27;0,2545;0,3203;0,0;0,0;6,67;3,49;300,51;434,59;0,0658;Piorou
2105203;Igarapé Grande;Igarapé Grande (MA);MA;Nordeste;100,0;205,25;0,1086;0,3314;0,0;2,44;0,0;2,44;175,3;411,26;0,2228;Piorou
2105302;Imperatriz;Imperatriz (MA);MA;Nordeste;72,64;87,8;0,1533;0,325;4,95;5,81;6,93;24,03;45,86;58,58;0,1717;Piorou
2105351;Itaipava do Grajaú;Itaipava do Grajaú (MA);MA;Nordeste;100,0;215,14;0,2575;0,2849;0,0;5,66;0,0;1,89;388,5;282,39;0,0273;Piorou
2105401;Itapecuru Mirim;Itapecuru Mirim (MA);MA;Nordeste;100,0;146,32;0,174;0,109;1,92;2,78;0,0;0,0;227,53;116,16;-0,065;Melhorou
2105427;Itinga do Maranhão;Itinga do Maranhão (MA);MA;Nordeste;100,0;182,66;0,2707;0,2337;1,67;3,17;3,33;9,52;329,71;166,63;-0,037;Melhorou
2105450;Jatobá;Jatobá (MA);MA;Nordeste;100,0;234,23;0,4212;0,37;2,13;6,25;6,38;2,08;793,5;389,13;-0,0512;Melhorou
2105476;Jenipapo dos Vieiras;Jenipapo dos Vieiras (MA);MA;Nordeste;100,0;165,25;0,2262;0,089;0,0;0,0;0,0;5,0;343,56;84,39;-0,1372;Melhorou
2105500;João Lisboa;João Lisboa (MA);MA;Nordeste;100,0;152,86;0,2058;0,2837;2,27;0,69;4,55;4,86;208,5;350,07;0,078;Piorou
2105609;Joselândia;Joselândia (MA);MA;Nordeste;100,0;161,22;0,2898;0,2174;0,0;2,38;1,92;9,52;410,62;160,33;-0,0724;Melhorou
2105708;Lago da Pedra;Lago da Pedra (MA);MA;Nordeste;100,0;196,44;0,2147;0,3981;2,15;7,47;2,15;1,3;253,94;413,08;0,1834;Piorou
2105807;Lago do Junco;Lago do Junco (MA);MA;Nordeste;100,0;184,1;0,1928;0,2785;0,0;1,52;0,0;0,0;295,74;386,03;0,0858;Piorou
2105906;Lago Verde;Lago Verde (MA);MA;Nordeste;100,0;189,58;0,1772;0,307;6,67;5,26;0,0;21,05;130,27;81,94;0,1298;Piorou
2105922;Lagoa do Mato;Lagoa do Mato (MA);MA;Nordeste;100,0;198,63;0,025;0,0033;0,0;0,0;0,0;0,0;55,51;24,52;-0,0216;Melhorou
2105948;Lago dos Rodrigues;Lago dos Rodrigues (MA);MA;Nordeste;100,0;159,85;0,2825;0,4204;3,33;11,9;0,0;9,52;352,64;246,51;0,1379;Piorou
2105963;Lagoa Grande do Maranhão;Lagoa Grande do Maranhão (MA);MA;Nordeste;100,0;184,03;0,4873;0,2666;16,67;11,11;16,67;0,0;150,34;162,82;-0,2207;Melhorou
2105989;Lajeado Novo;Lajeado Novo (MA);MA;Nordeste;100,0;196,32;0,1856;0,039;0,0;0,0;14,29;0,0;106,11;75,58;-0,1466;Melhorou
2106003;Lima Campos;Lima Campos (MA);MA;Nordeste;100,0;185,89;0,396;0,2721;3,85;6,25;1,92;4,17;480,0;222,82;-0,1239;Melhorou
2106102;Loreto;Loreto (MA);MA;Nordeste;100,0;181,08;0,1575;0,0379;0,0;0,0;0,0;0,0;245,21;74,02;-0,1196;Melhorou
2106201;Luís Domingues;Luís Domingues (MA);MA;Nordeste;100,0;177,84;0,0997;0,2511;0,0;0,0;0,0;15,79;162,5;181,05;0,1514;Piorou
2106300;Magalhães de Almeida;Magalhães de Almeida (MA);MA;Nordeste;100,0;177,44;0,0372;0,2553;0,0;2,5;0,0;0,0;72,99;331,56;0,2181;Piorou
2106326;Maracaçumé;Maracaçumé (MA);MA;Nordeste;99,8;173,76;0,17;0,0843;4,35;0,0;0,0;2,94;169,71;103,59;-0,0856;Melhorou
2106359;Marajá do Sena;Marajá do Sena (MA);MA;Nordeste;66,26;199,23;0,0983;0,0518;0,0;0,0;0,0;0,0;160,47;93,88;-0,0465;Melhorou
2106375;Maranhãozinho;Maranhãozinho (MA);MA;Nordeste;100,0;183,33;0,3526;0,3398;1,28;0,0;0,0;0,74;875,87;772,08;-0,0127;Melhorou
2106409;Mata Roma;Mata Roma (MA);MA;Nordeste;100,0;184,31;0,2805;0,1992;4,88;0,0;0,0;0,0;316,57;304,94;-0,0813;Melhorou
2106508;Matinha;Matinha (MA);MA;Nordeste;100,0;172,08;0,2225;0,1663;4,26;0,0;0,0;0,0;246,93;257,8;-0,0562;Melhorou
2106607;Matões;Matões (MA);MA;Nordeste;100,0;184,93;0,2633;0,2633;3,45;12,0;8,62;0,0;214,52;139,02;-0,0;Estavel
2106631;Matões do Norte;Matões do Norte (MA);MA;Nordeste;94,22;140,54;0,0575;0,0161;0,0;0,0;0,0;0,0;102,06;42,81;-0,0414;Melhorou
2106706;Mirador;Mirador (MA);MA;Nordeste;99,88;188,62;0,2736;0,2036;8,0;2,41;8,0;2,41;139,32;229,2;-0,0701;Melhorou
2106755;Miranda do Norte;Miranda do Norte (MA);MA;Nordeste;96,52;175,99;0,2304;0,1156;1,82;0,0;0,0;0,0;310,63;185,22;-0,1149;Melhorou
2106805;Mirinzal;Mirinzal (MA);MA;Nordeste;100,0;178,4;0,3173;0,2205;7,89;1,3;0,0;0,0;304,46;307,5;-0,0968;Melhorou
2106904;Monção;Monção (MA);MA;Nordeste;76,2;157,65;0,294;0,1938;6,38;3,75;6,38;2,5;223,49;185,28;-0,1002;Melhorou
2107001;Montes Altos;Montes Altos (MA);MA;Nordeste;100,0;192,18;0,0259;0,0687;0,0;0,0;0,0;0,0;56,85;118,14;0,0428;Piorou
2107100;Morros;Morros (MA);MA;Nordeste;100,0;160,34;0,1183;0,1708;0,0;4,65;0,0;0,0;189,19;164,35;0,0524;Piorou
2107209;Nina Rodrigues;Nina Rodrigues (MA);MA;Nordeste;100,0;172,82;0,2109;0,2076;0,0;2,0;0,0;0,0;321,71;274,04;-0,0033;Melhorou
2107258;Nova Colinas;Nova Colinas (MA);MA;Nordeste;100,0;209,12;0,2482;0,3333;0,0;0,0;0,0;0,0;375,11;714,58;0,0851;Piorou
2107357;Nova Olinda do Maranhão;Nova Olinda do Maranhão (MA);MA;Nordeste;99,64;220,06;0,2615;0,2244;2,44;3,39;0,0;1,69;341,84;247,01;-0,0371;Melhorou
2107407;Olho d'Água das Cunhãs;Olho d'Água das Cunhãs (MA);MA;Nordeste;100,0;176,6;0,1099;0,2601;0,0;6,25;8,33;1,25;72,44;242,17;0,1502;Piorou
2107456;Olinda Nova do Maranhão;Olinda Nova do Maranhão (MA);MA;Nordeste;100,0;180,45;0,2364;0,3186;3,12;0,99;0,0;0,0;291,16;454,63;0,0821;Piorou
2107506;Paço do Lumiar;Paço do Lumiar (MA);MA;Nordeste;60,52;52,86;0,0698;0,1152;1,05;4,73;0,0;0,0;97,05;82,95;0,0454;Piorou
2107605;Palmeirândia;Palmeirândia (MA);MA;Nordeste;100,0;166,19;0,1632;0,1244;3,03;0,0;0,0;3,92;188,39;148,64;-0,0388;Melhorou
2107704;Paraibano;Paraibano (MA);MA;Nordeste;100,0;160,8;0,3549;0,2032;1,67;0,99;11,67;0,0;345,63;289,45;-0,1517;Melhorou
2107803;Parnarama;Parnarama (MA);MA;Nordeste;100,0;156,8;0,1855;0,1096;5,41;4,26;2,7;0,0;135,3;85,29;-0,0759;Melhorou
2107902;Passagem Franca;Passagem Franca (MA);MA;Nordeste;100,0;179,53;0,3333;0,2105;0,0;3,03;0,0;3,03;569,64;217,99;-0,1229;Melhorou
2108009;Pastos Bons;Pastos Bons (MA);MA;Nordeste;100,0;186,15;0,2452;0,2009;0,0;0,0;19,05;3,61;131,8;261,97;-0,0444;Melhorou
2108058;Paulino Neves;Paulino Neves (MA);MA;Nordeste;98,9;164,16;0,2297;0,1445;0,0;0,0;2,5;0,0;317,3;226,61;-0,0852;Melhorou
2108108;Paulo Ramos;Paulo Ramos (MA);MA;Nordeste;98,5;190,7;0,2686;0,3409;0,0;2,94;0,0;2,94;404,4;407,71;0,0722;Piorou
2108207;Pedreiras;Pedreiras (MA);MA;Nordeste;100,0;190,94;0,2125;0,1721;2,0;4,82;0,0;3,61;280,99;117,35;-0,0403;Melhorou
2108256;Pedro do Rosário;Pedro do Rosário (MA);MA;Nordeste;99,74;158,3;0,1169;0,102;0,0;0,0;3,7;2,0;140,66;140,66;-0,0149;Melhorou
2108306;Penalva;Penalva (MA);MA;Nordeste;100,0;206,9;0,1955;0,1357;4,17;2,5;2,08;0,0;184,07;160,4;-0,0598;Melhorou
2108405;Peri Mirim;Peri Mirim (MA);MA;Nordeste;100,0;220,56;0,0213;0,0967;0,0;0,0;0,0;4,55;50,2;101,15;0,0754;Piorou
2108454;Peritoró;Peritoró (MA);MA;Nordeste;100,0;187,99;0,2919;0,3231;4,76;5,62;7,14;7,87;245,79;262,98;0,0312;Piorou
2108504;Pindaré-Mirim;Pindaré-Mirim (MA);MA;Nordeste;100,0;172,14;0,2622;0,1973;2,9;2,5;4,35;7,5;278,28;154,41;-0,0649;Melhorou
2108603;Pinheiro;Pinheiro (MA);MA;Nordeste;83,91;110,6;0,2871;0,3042;6,72;7,69;9,24;13,61;170,38;119,31;0,0172;Piorou
2108702;Pio XII;Pio XII (MA);MA;Nordeste;100,0;157,25;0,3444;0,1284;2,41;1,61;0,0;0,0;461,17;169,0;-0,216;Melhorou
2108801;Pirapemas;Pirapemas (MA);MA;Nordeste;100,0;158,06;0,2021;0,1266;3,23;2,78;0,0;0,0;239,9;141,34;-0,0756;Melhorou
2108900;Poção de Pedras;Poção de Pedras (MA);MA;Nordeste;100,0;183,55;0,335;0,2715;1,3;3,67;2,6;1,83;438,96;306,61;-0,0636;Melhorou
2109007;Porto Franco;Porto Franco (MA);MA;Nordeste;100,0;146,42;0,2173;0,2697;0,0;4,76;0,0;2,86;330,82;267,76;0,0524;Piorou
2109056;Porto Rico do Maranhão;Porto Rico do Maranhão (MA);MA;Nordeste;100,0;176,35;0,0989;0,0257;0,0;0,0;0,0;0,0;161,39;56,53;-0,0732;Melhorou
2109106;Presidente Dutra;Presidente Dutra (MA);MA;Nordeste;100,0;176,78;0,3288;0,3427;4,42;4,73;7,96;14,79;295,58;223,14;0,0139;Piorou
2109205;Presidente Juscelino;Presidente Juscelino (MA);MA;Nordeste;100,0;184,92;0,0504;0,2153;0,0;0,0;0,0;0,0;91,94;327,96;0,1648;Piorou
2109239;Presidente Médici;Presidente Médici (MA);MA;Nordeste;99,93;295,02;0,3423;0,3533;16,67;18,18;0,0;0,0;151,92;135,05;0,0109;Piorou
2109270;Presidente Sarney;Presidente Sarney (MA);MA;Nordeste;100,0;191,54;0,1691;0,3303;5,0;8,7;0,0;17,39;154,52;87,57;0,1611;Piorou
2109304;Presidente Vargas;Presidente Vargas (MA);MA;Nordeste;100,0;199,07;0,0511;0,31;0,0;3,77;0,0;0,0;92,9;382,59;0,2589;Piorou
2109403;Primeira Cruz;Primeira Cruz (MA);MA;Nordeste;100,0;169,25;0,2023;0,2099;0,0;1,96;3,7;1,96;262,87;253,58;0,0076;Piorou
2109452;Raposa;Raposa (MA);MA;Nordeste;100,0;124,84;0,074;0,1167;0,0;1,59;0,0;0,0;125,63;152,69;0,0427;Piorou
2109502;Riachão;Riachão (MA);MA;Nordeste;100,0;124,46;0,1702;0,2976;2,38;1,23;0,0;1,23;212,24;403,86;0,1275;Piorou
2109601;Rosário;Rosário (MA);MA;Nordeste;100,0;191,03;0,3521;0,3377;1,25;0,29;0,0;0,0;502,07;555,76;-0,0144;Melhorou
2109809;Santa Helena;Santa Helena (MA);MA;Nordeste;99,93;113,62;0,2648;0,1738;0,93;0,74;3,7;2,96;332,53;215,55;-0,091;Melhorou
2109908;Santa Inês;Santa Inês (MA);MA;Nordeste;95,57;145,89;0,2945;0,3348;5,81;6,53;5,23;8,81;250,92;248,25;0,0403;Piorou
2110005;Santa Luzia;Santa Luzia (MA);MA;Nordeste;100,0;187,49;0,3101;0,1824;3,92;1,36;3,27;0,91;338,56;240,21;-0,1277;Melhorou
2110039;Santa Luzia do Paruá;Santa Luzia do Paruá (MA);MA;Nordeste;100,0;142,79;0,351;0,2957;16,67;10,53;5,56;5,26;94,58;151,01;-0,0553;Melhorou
2110104;Santa Quitéria do Maranhão;Santa Quitéria do Maranhão (MA);MA;Nordeste;100,0;189,92;0,0679;0,0828;0,0;0,0;0,0;2,44;117,03;107,72;0,0149;Piorou
2110203;Santa Rita;Santa Rita (MA);MA;Nordeste;100,0;157,5;0,1076;0,1232;4,0;2,6;0,0;0,0;87,94;140,37;0,0156;Piorou
2110237;Santana do Maranhão;Santana do Maranhão (MA);MA;Nordeste;100,0;199,42;0,2129;0,1893;5,88;11,11;0,0;0,0;198,24;52,22;-0,0236;Melhorou
2110278;Santo Amaro do Maranhão;Santo Amaro do Maranhão (MA);MA;Nordeste;100,0;200,73;0,297;0,2096;0,0;4,17;0,0;8,33;445,03;125,76;-0,0874;Melhorou
2110302;Santo Antônio dos Lopes;Santo Antônio dos Lopes (MA);MA;Nordeste;100,0;171,28;0,2493;0,1279;4,0;0,0;8,0;0,0;190,35;202,82;-0,1214;Melhorou
2110401;São Benedito do Rio Preto;São Benedito do Rio Preto (MA);MA;Nordeste;100,0;177,09;0,1748;0,1863;0,0;3,51;0,0;0,0;270,01;211,16;0,0115;Piorou
2110500;São Bento;São Bento (MA);MA;Nordeste;100,0;139,24;0,1062;0,1892;2,0;1,23;0,0;4,32;128,87;209,92;0,083;Piorou
2110609;São Bernardo;São Bernardo (MA);MA;Nordeste;99,56;147,49;0,1522;0,3501;0,0;1,12;2,08;0,0;211,57;981,23;0,1978;Piorou
2110658;São Domingos do Azeitão;São Domingos do Azeitão (MA);MA;Nordeste;99,48;153,28;0,1421;0,1273;0,0;0,0;0,0;6,67;223,14;118,38;-0,0147;Melhorou
2110708;São Domingos do Maranhão;São Domingos do Maranhão (MA);MA;Nordeste;100,0;176,96;0,2385;0,2359;1,39;1,1;6,94;14,29;244,27;154,56;-0,0026;Melhorou
2110807;São Félix de Balsas;São Félix de Balsas (MA);MA;Nordeste;100,0;220,3;0,2379;0,0832;0,0;0,0;0,0;0,0;360,37;138,84;-0,1547;Melhorou
2110856;São Francisco do Brejão;São Francisco do Brejão (MA);MA;Nordeste;88,83;116,0;0,0271;0,2541;0,0;0,0;0,0;6,25;58,55;305,1;0,227;Piorou
2110906;São Francisco do Maranhão;São Francisco do Maranhão (MA);MA;Nordeste;100,0;174,07;0,2281;0,1357;0,0;0,0;0,0;2,27;346,33;185,55;-0,0924;Melhorou
2111003;São João Batista;São João Batista (MA);MA;Nordeste;100,0;188,74;0,0635;0,3374;0,0;0,0;0,0;0,47;110,66;631,08;0,2739;Piorou
2111029;São João do Carú;São João do Carú (MA);MA;Nordeste;100,0;228,55;0,1975;0,224;0,0;2,78;5,26;5,56;236,53;211,02;0,0264;Piorou
2111052;São João do Paraíso;São João do Paraíso (MA);MA;Nordeste;100,0;179,64;0,2344;0,1568;0,0;0,0;9,09;11,76;241,31;96,58;-0,0776;Melhorou
2111078;São João do Soter;São João do Soter (MA);MA;Nordeste;100,0;186,51;0,188;0,2485;0,0;2,13;0,0;0,0;288,89;329,83;0,0605;Piorou
2111102;São João dos Patos;São João dos Patos (MA);MA;Nordeste;100,0;140,15;0,2179;0,2243;5,41;3,08;5,41;0,77;147,72;265,11;0,0064;Piorou
2111201;São José de Ribamar;São José de Ribamar (MA);MA;Nordeste;89,36;74,98;0,0615;0,0744;1,69;1,87;0,0;0,37;71,45;81,55;0,0129;Piorou
2111250;São José dos Basílios;São José dos Basílios (MA);MA;Nordeste;99,19;226,39;0,2918;0,1833;0,0;0,0;4,0;10,0;387,41;156,63;-0,1086;Melhorou
2111300;São Luís;São Luís (MA);MA;Nordeste;43,42;59,81;0,1028;0,1048;2,33;3,4;0,61;0,62;109,24;89,02;0,002;Piorou
2111409;São Luís Gonzaga do Maranhão;São Luís Gonzaga do Maranhão (MA);MA;Nordeste;100,0;176,78;0,1656;0,3599;0,0;1,12;0,0;1,12;256,9;558,9;0,1943;Piorou
2111508;São Mateus do Maranhão;São Mateus do Maranhão (MA);MA;Nordeste;100,0;153,23;0,2235;0,142;3,57;1,87;1,19;1,87;248,05;159,39;-0,0815;Melhorou
2111532;São Pedro da Água Branca;São Pedro da Água Branca (MA);MA;Nordeste;68,21;117,43;0,1552;0,3082;0,0;1,05;0,0;1,05;241,9;425,19;0,153;Piorou
2111573;São Pedro dos Crentes;São Pedro dos Crentes (MA);MA;Nordeste;100,0;132,39;0,1171;0,1018;0,0;0,0;0,0;0,0;187,43;165,57;-0,0153;Melhorou
2111607;São Raimundo das Mangabeiras;São Raimundo das Mangabeiras (MA);MA;Nordeste;100,0;187,44;0,2882;0,3398;0,0;0,63;0,0;0,0;432,37;492,63;0,0516;Piorou
2111631;São Raimundo do Doca Bezerra;São Raimundo do Doca Bezerra (MA);MA;Nordeste;100,0;185,84;0,2241;0,2046;0,0;7,69;0,0;0,0;340,58;147,44;-0,0195;Melhorou
2111706;São Vicente Ferrer;São Vicente Ferrer (MA);MA;Nordeste;100,0;197,45;0,2201;0,2106;0,0;2,15;1,82;1,08;312,02;261,61;-0,0095;Melhorou
2111722;Satubinha;Satubinha (MA);MA;Nordeste;100,0;216,65;0,1962;0,3414;0,0;6,0;16,67;0,0;91,51;379,66;0,1451;Piorou
2111748;Senador Alexandre Costa;Senador Alexandre Costa (MA);MA;Nordeste;100,0;205,74;0,3784;0,3344;0,0;3,12;57,14;4,69;84,25;372,66;-0,0439;Melhorou
2111763;Senador La Rocque;Senador La Rocque (MA);MA;Nordeste;100,0;190,47;0,3328;0,4263;14,29;14,29;7,14;21,43;99,72;54,38;0,0936;Piorou
2111789;Serrano do Maranhão;Serrano do Maranhão (MA);MA;Nordeste;100,0;171,53;0,1202;0,118;0,0;0,0;0,0;0,0;191,8;188,65;-0,0022;Melhorou
2111805;Sítio Novo;Sítio Novo (MA);MA;Nordeste;100,0;184,49;0,2455;0,2913;0,0;2,94;1,92;1,96;347,18;349,05;0,0458;Piorou
2111904;Sucupira do Norte;Sucupira do Norte (MA);MA;Nordeste;99,55;170,93;0,2349;0,2185;0,0;0,0;3,33;6,38;314,26;252,44;-0,0164;Melhorou
2111953;Sucupira do Riachão;Sucupira do Riachão (MA);MA;Nordeste;100,0;140,42;0,3333;0,0707;0,0;0,0;0,0;0,0;690,98;121,0;-0,2626;Melhorou
2112001;Tasso Fragoso;Tasso Fragoso (MA);MA;Nordeste;100,0;157,97;0,0806;0,0913;0,0;0,0;0,0;0,0;135,14;150,4;0,0107;Piorou
2112100;Timbiras;Timbiras (MA);MA;Nordeste;55,69;118,38;0,3992;0,2525;6,25;1,61;0,0;16,13;457,13;144,2;-0,1467;Melhorou
2112209;Timon;Timon (MA);MA;Nordeste;100,0;114,62;0,1673;0,1182;5,71;6,43;4,76;0,0;76,78;50,96;-0,0491;Melhorou
2112233;Trizidela do Vale;Trizidela do Vale (MA);MA;Nordeste;100,0;171,23;0,369;0,3822;2,38;3,37;0,0;2,25;657,09;466,42;0,0132;Piorou
2112274;Tufilândia;Tufilândia (MA);MA;Nordeste;93,2;190,66;0,3715;0,1961;0,0;0,0;4,35;5,26;508,25;234,41;-0,1754;Melhorou
2112308;Tuntum;Tuntum (MA);MA;Nordeste;100,0;206,36;0,3535;0,2246;4,55;3,19;7,27;10,64;336,95;139,27;-0,1289;Melhorou
2112407;Turiaçu;Turiaçu (MA);MA;Nordeste;87,47;83,24;0,0161;0,1652;0,0;0,8;0,0;0,0;42,77;239,15;0,1491;Piorou
2112456;Turilândia;Turilândia (MA);MA;Nordeste;100,0;139,66;0,1094;0,2289;0,0;10,71;5,26;3,57;110,3;72,51;0,1195;Piorou
2112506;Tutóia;Tutóia (MA);MA;Nordeste;98,66;158,45;0,2775;0,1391;1,49;0,72;3,73;2,16;338,2;176,38;-0,1384;Melhorou
2112605;Urbano Santos;Urbano Santos (MA);MA;Nordeste;83,77;122,66;0,1878;0,2441;2,13;0,68;2,13;0,0;216,28;354,68;0,0563;Piorou
2112704;Vargem Grande;Vargem Grande (MA);MA;Nordeste;80,32;137,57;0,2554;0,2228;0,85;5,04;0,0;0,72;367,18;221,59;-0,0325;Melhorou
2112803;Viana;Viana (MA);MA;Nordeste;100,0;142,87;0,2487;0,2435;9,09;5,16;0,0;5,81;180,53;184,7;-0,0051;Melhorou
2112852;Vila Nova dos Martírios;Vila Nova dos Martírios (MA);MA;Nordeste;80,14;159,03;0,1547;0,2806;0,0;3,85;0,0;1,92;241,27;314,75;0,1259;Piorou
2112902;Vitória do Mearim;Vitória do Mearim (MA);MA;Nordeste;100,0;177,52;0,2045;0,098;3,08;1,49;0,0;0,0;246,5;128,04;-0,1065;Melhorou
2113009;Vitorino Freire;Vitorino Freire (MA);MA;Nordeste;100,0;181,55;0,2905;0,2996;0,0;5,7;0,0;3,8;435,75;278,71;0,0091;Piorou
2114007;Zé Doca;Zé Doca (MA);MA;Nordeste;100,0;216,58;0,4007;0,1928;4,49;1,09;0,0;0,55;515,61;265,48;-0,2079;Melhorou
2200202;Água Branca;Água Branca (PI);PI;Nordeste;100,0;159,33;0,2421;0,13;7,41;2,17;3,7;2,17;160,82;131,96;-0,1121;Melhorou
2200301;Alto Longá;Alto Longá (PI);PI;Nordeste;100,0;181,76;0,1125;0,1448;0,0;4,55;7,69;4,55;84,33;72,32;0,0322;Piorou
2200400;Altos;Altos (PI);PI;Nordeste;100,0;155,43;0,078;0,1537;0,0;4,6;2,17;3,45;104,16;97,8;0,0757;Piorou
2200509;Amarante;Amarante (PI);PI;Nordeste;100,0;182,77;0,3348;0,2777;2,67;8,96;1,33;2,99;425,13;187,59;-0,0571;Melhorou
2200707;Anísio de Abreu;Anísio de Abreu (PI);PI;Nordeste;100,0;186,03;0,328;0,5026;0,0;20,0;33,33;20,0;71,02;58,72;0,1745;Piorou
2200806;Antônio Almeida;Antônio Almeida (PI);PI;Nordeste;100,0;222,08;0,2616;0,0962;0,0;0,0;20,0;0,0;143,23;157,52;-0,1654;Melhorou
2200905;Aroazes;Aroazes (PI);PI;Nordeste;100,0;195,56;0,4435;0,2175;16,67;12,5;16,67;0,0;87,62;62,66;-0,226;Melhorou
2201002;Arraial;Arraial (PI);PI;Nordeste;100,0;154,86;0,0888;0,2133;0,0;0,0;0,0;11,11;146,82;185,67;0,1245;Piorou
2201101;Avelino Lopes;Avelino Lopes (PI);PI;Nordeste;100,0;193,26;0,0358;0,1118;0,0;0,0;0,0;11,11;70,97;40,28;0,076;Piorou
2201200;Barras;Barras (PI);PI;Nordeste;100,0;156,36;0,2096;0,1188;3,41;3,49;3,41;1,16;203,81;100,27;-0,0908;Melhorou
2201507;Batalha;Batalha (PI);PI;Nordeste;100,0;173,0;0,2341;0,1216;1,28;0,0;2,56;1,06;295,23;180,45;-0,1125;Melhorou
2201606;Beneditinos;Beneditinos (PI);PI;Nordeste;100,0;176,25;0,0306;0,0013;0,0;0,0;0,0;0,0;63,59;21,58;-0,0293;Melhorou
2201770;Boa Hora;Boa Hora (PI);PI;Nordeste;100,0;152,12;0,0555;0,0573;0,0;0,0;0,0;0,0;99,18;101,76;0,0018;Piorou
2201903;Bom Jesus;Bom Jesus (PI);PI;Nordeste;100,0;155,98;0,1819;0,185;2,0;2,27;0,0;2,27;237,21;207,31;0,0031;Piorou
2201929;Bonfim do Piauí;Bonfim do Piauí (PI);PI;Nordeste;100,0;177,57;0,3993;0,0171;20,0;0,0;0,0;0,0;161,98;44,16;-0,3823;Melhorou
2201945;Boqueirão do Piauí;Boqueirão do Piauí (PI);PI;Nordeste;100,0;160,42;0,1281;0,2695;0,0;16,67;0,0;0,0;203,15;47,62;0,1414;Piorou
2201988;Brejo do Piauí;Brejo do Piauí (PI);PI;Nordeste;100,0;179,3;0,123;0,5169;0,0;33,33;0,0;16,67;195,8;73,3;0,3939;Piorou
2202000;Buriti dos Lopes;Buriti dos Lopes (PI);PI;Nordeste;100,0;178,08;0,0193;0,0199;0,0;0,0;0,0;0,0;47,38;48,18;0,0006;Piorou
2202059;Cabeceiras do Piauí;Cabeceiras do Piauí (PI);PI;Nordeste;100,0;171,36;0,0523;0,2314;0,0;8,7;0,0;4,35;94,67;109,75;0,1791;Piorou
2202208;Campo Maior;Campo Maior (PI);PI;Nordeste;100,0;160,78;0,1566;0,1391;0,92;3,37;0,0;4,49;224,24;90,12;-0,0175;Melhorou
2202307;Canto do Buriti;Canto do Buriti (PI);PI;Nordeste;100,0;198,81;0,255;0,2123;1,45;0,86;1,45;1,72;335,51;283,58;-0,0427;Melhorou
2202406;Capitão de Campos;Capitão de Campos (PI);PI;Nordeste;100,0;189,18;0,0303;0,297;0,0;0,0;0,0;33,33;63,19;26,62;0,2667;Piorou
2202505;Caracol;Caracol (PI);PI;Nordeste;100,0;169,6;0,1652;0,1026;0,0;0,0;6,25;8,33;177,85;62,0;-0,0626;Melhorou
2202604;Castelo do Piauí;Castelo do Piauí (PI);PI;Nordeste;100,0;147,43;0,1016;0,1518;0,0;3,57;0,0;1,79;165,21;137,92;0,0502;Piorou
2202703;Cocal;Cocal (PI);PI;Nordeste;100,0;173,68;0,0086;0,0785;0,0;2,7;0,0;0,0;32,1;74,08;0,0699;Piorou
2202711;Cocal de Telha;Cocal de Telha (PI);PI;Nordeste;100,0;142,53;0,1473;0,2475;0,0;14,29;0,0;0,0;230,59;67,37;0,1003;Piorou
2202752;Colônia do Gurguéia;Colônia do Gurguéia (PI);PI;Nordeste;100,0;170,73;0,0414;0,3603;0,0;0,0;0,0;42,86;79,04;58,28;0,3188;Piorou
2202851;Coronel José Dias;Coronel José Dias (PI);PI;Nordeste;100,0;164,7;0,1922;0,2817;0,0;16,67;11,11;0,0;155,49;65,06;0,0894;Piorou
2202901;Corrente;Corrente (PI);PI;Nordeste;100,0;166,8;0,122;0,117;0,0;4,26;0,0;0,0;194,49;95,83;-0,0051;Melhorou
2203107;Cristino Castro;Cristino Castro (PI);PI;Nordeste;100,0;166,61;0,2421;0,3303;3,57;0,0;0,0;0,0;289,75;492,7;0,0882;Piorou
2203206;Curimatá;Curimatá (PI);PI;Nordeste;100,0;186,33;0,1716;0,2064;0,0;1,67;0,0;0,0;265,4;279,43;0,0348;Piorou
2203230;Currais;Currais (PI);PI;Nordeste;100,0;144,21;0,2966;0,1576;10,0;0,0;0,0;0,0;229,7;245,41;-0,139;Melhorou
2203305;Demerval Lobão;Demerval Lobão (PI);PI;Nordeste;100,0;149,82;0,0191;0,253;0,0;9,09;0,0;9,09;47,06;72,62;0,2339;Piorou
2203503;Elesbão Veloso;Elesbão Veloso (PI);PI;Nordeste;100,0;180,05;0,371;0,2858;1,94;5,38;0,97;2,15;638,27;286,5;-0,0852;Melhorou
2203701;Esperantina;Esperantina (PI);PI;Nordeste;100,0;155,99;0,115;0,1577;0,0;1,75;1,59;10,53;164,53;75,66;0,0426;Piorou
2203909;Floriano;Floriano (PI);PI;Nordeste;100,0;146,68;0,3816;0,3428;12,82;10,83;12,82;14,17;129,85;100,0;-0,0389;Melhorou
2204006;Francinópolis;Francinópolis (PI);PI;Nordeste;100,0;233,07;0,1234;0,0208;0,0;0,0;0,0;0,0;196,49;49,5;-0,1027;Melhorou
2204402;Gilbués;Gilbués (PI);PI;Nordeste;100,0;160,66;0,1562;0,2184;0,0;5,0;12,5;10,0;86,44;99,58;0,0623;Piorou
2204501;Guadalupe;Guadalupe (PI);PI;Nordeste;100,0;170,39;0,2846;0,152;2,94;0,0;2,94;6,06;327,15;161,26;-0,1326;Melhorou
2204709;Inhuma;Inhuma (PI);PI;Nordeste;100,0;187,19;0,0933;0,2765;0,0;13,64;0,0;4,55;153,36;65,67;0,1832;Piorou
2204808;Ipiranga do Piauí;Ipiranga do Piauí (PI);PI;Nordeste;100,0;185,77;0,0779;0,2609;0,0;10,0;0,0;10,0;131,25;53,06;0,1831;Piorou
2205102;Itaueira;Itaueira (PI);PI;Nordeste;100,0;179,41;0,328;0,1383;7,41;0,0;7,41;5,71;237,26;145,99;-0,1897;Melhorou
2205201;Jaicós;Jaicós (PI);PI;Nordeste;100,0;199,69;0,2893;0,3447;0,0;0,48;28,57;0,48;75,33;594,43;0,0554;Piorou
2205276;Jatobá do Piauí;Jatobá do Piauí (PI);PI;Nordeste;100,0;155,76;0,1175;0,1412;0,0;0,0;0,0;11,11;188,04;82,49;0,0237;Piorou
2205409;Joaquim Pires;Joaquim Pires (PI);PI;Nordeste;100,0;176,43;0,0773;0,1587;0,0;2,63;0,0;2,63;130,38;157,39;0,0814;Piorou
2205458;Joca Marques;Joca Marques (PI);PI;Nordeste;100,0;197,36;0,0918;0,2949;0,0;10,0;0,0;10,0;151,24;101,74;0,2031;Piorou
2205508;José de Freitas;José de Freitas (PI);PI;Nordeste;100,0;164,47;0,0753;0,1134;0,0;0,0;2,78;10,81;92,75;46,36;0,038;Piorou
2205524;Júlio Borges;Júlio Borges (PI);PI;Nordeste;100,0;194,87;0,46;0,1415;16,67;0,0;8,33;7,69;215,82;125,76;-0,3185;Melhorou
2205573;Lagoa de São Francisco;Lagoa de São Francisco (PI);PI;Nordeste;91,87;165,85;0,1074;0,1525;0,0;0,0;0,0;14,29;173,47;58,73;0,0451;Piorou
2205599;Lagoa do Sítio;Lagoa do Sítio (PI);PI;Nordeste;100,0;232,3;0,1247;0,1915;0,0;6,25;0,0;0,0;198,35;159,71;0,0668;Piorou
2205706;Luís Correia;Luís Correia (PI);PI;Nordeste;100,0;171,33;0,1648;0,3406;0,0;14,81;1,56;11,11;236,11;49,72;0,1758;Piorou
2205805;Luzilândia;Luzilândia (PI);PI;Nordeste;100,0;179,31;0,2523;0,1522;2,38;2,53;11,9;1,27;180,38;167,46;-0,1;Melhorou
2205854;Madeiro;Madeiro (PI);PI;Nordeste;100,0;174,3;0,1846;0,0419;0,0;0,0;12,5;0,0;127,1;79,76;-0,1426;Melhorou
2206209;Miguel Alves;Miguel Alves (PI);PI;Nordeste;100,0;185,06;0,2197;0,123;0,0;0,0;0,0;8,89;334,36;84,22;-0,0968;Melhorou
2206506;Monsenhor Hipólito;Monsenhor Hipólito (PI);PI;Nordeste;100,0;184,76;0,1039;0,1124;0,0;0,0;0,0;6,25;168,46;102,16;0,0085;Piorou
2206605;Monte Alegre do Piauí;Monte Alegre do Piauí (PI);PI;Nordeste;100,0;164,16;0,1523;0,0172;0,0;0,0;8,33;0,0;133,22;44,35;-0,1351;Melhorou
2206704;Nazaré do Piauí;Nazaré do Piauí (PI);PI;Nordeste;100,0;210,05;0,4712;0,2975;12,5;16,67;25,0;0,0;112,13;87,74;-0,1737;Melhorou
2206753;Nossa Senhora de Nazaré;Nossa Senhora de Nazaré (PI);PI;Nordeste;100,0;133,89;0,3249;0,13;4,35;0,0;0,0;7,14;391,54;116,22;-0,1949;Melhorou
2206902;Novo Oriente do Piauí;Novo Oriente do Piauí (PI);PI;Nordeste;100,0;172,21;0,0877;0,163;0,0;0,0;0,0;16,67;145,31;43,9;0,0753;Piorou
2207009;Oeiras;Oeiras (PI);PI;Nordeste;100,0;165,16;0,1763;0,0634;4,65;3,23;4,65;0,0;113,89;41,3;-0,1129;Melhorou
2207405;Palmeira do Piauí;Palmeira do Piauí (PI);PI;Nordeste;97,36;212,03;0,3021;0,153;14,29;0,0;0,0;6,25;145,44;160,31;-0,1491;Melhorou
2207603;Parnaguá;Parnaguá (PI);PI;Nordeste;100,0;173,21;0,1959;0,201;0,0;7,41;0,0;0,0;300,29;148,46;0,0051;Piorou
2207702;Parnaíba;Parnaíba (PI);PI;Nordeste;91,46;94,96;0,1051;0,1682;3,5;3,8;0,0;8,02;95,09;78,37;0,0631;Piorou
2207801;Paulistana;Paulistana (PI);PI;Nordeste;100,0;166,23;0,1855;0,2235;11,11;10,53;0,0;5,26;46,75;47,65;0,038;Piorou
2207900;Pedro II;Pedro II (PI);PI;Nordeste;100,0;138,54;0,1345;0,1733;1,37;2,65;0,0;1,32;182,93;194,35;0,0388;Piorou
2208007;Picos;Picos (PI);PI;Nordeste;100,0;151,78;0,2427;0,3228;5,41;11,76;16,22;15,69;47,66;32,37;0,0801;Piorou
2208106;Pimenteiras;Pimenteiras (PI);PI;Nordeste;100,0;185,16;0,172;0,0541;0,0;0,0;3,85;0,0;217,7;97,22;-0,1179;Melhorou
2208205;Pio IX;Pio IX (PI);PI;Nordeste;100,0;178,84;0,1284;0,0;0,0;0,0;12,5;0,0;46,66;16,7;-0,1284;Melhorou
2208304;Piracuruca;Piracuruca (PI);PI;Nordeste;100,0;165,82;0,0811;0,0698;0,0;0,0;4,55;7,69;78,78;23,11;-0,0113;Melhorou
2208403;Piripiri;Piripiri (PI);PI;Nordeste;100,0;159,23;0,1458;0,1462;9,09;6,9;0,0;1,15;33,29;66,55;0,0004;Piorou
2208502;Porto;Porto (PI);PI;Nordeste;100,0;174,24;0,1878;0,1616;0,0;0,0;4,76;0,0;228,9;251,07;-0,0263;Melhorou
2208700;Redenção do Gurguéia;Redenção do Gurguéia (PI);PI;Nordeste;100,0;166,78;0,2585;0,1414;5,0;0,0;0,0;3,85;282,51;173,98;-0,1171;Melhorou
2208809;Regeneração;Regeneração (PI);PI;Nordeste;100,0;183,85;0,3547;0,3721;2,47;2,35;1,23;0,39;459,14;738,73;0,0173;Piorou
2208908;Ribeiro Gonçalves;Ribeiro Gonçalves (PI);PI;Nordeste;100,0;227,12;0,2958;0,0811;14,29;0,0;0,0;0,0;136,46;135,92;-0,2147;Melhorou
2209302;Santa Luz;Santa Luz (PI);PI;Nordeste;100,0;196,77;0,2037;0,2019;0,0;0,0;0,0;3,57;311,35;264,05;-0,0017;Melhorou
2209559;São Braz do Piauí;São Braz do Piauí (PI);PI;Nordeste;100,0;160,62;0,219;0,1447;0,0;0,0;16,67;10,0;124,16;101,4;-0,0743;Melhorou
2209757;São Gonçalo do Gurguéia;São Gonçalo do Gurguéia (PI);PI;Nordeste;100,0;123,71;0,2958;0,088;0,0;0,0;14,29;0,0;263,98;145,71;-0,2078;Melhorou
2209971;São João do Arraial;São João do Arraial (PI);PI;Nordeste;100,0;171,02;0,085;0,4129;0,0;16,67;0,0;16,67;141,38;43,79;0,328;Piorou
2210003;São João do Piauí;São João do Piauí (PI);PI;Nordeste;100,0;163,39;0,3251;0,1733;11,76;3,12;11,76;9,38;84,84;83,04;-0,1518;Melhorou
2210359;São Lourenço do Piauí;São Lourenço do Piauí (PI);PI;Nordeste;100,0;158,73;0,2573;0,0196;10,0;0,0;0,0;0,0;173,33;47,74;-0,2377;Melhorou
2210409;São Miguel do Tapuio;São Miguel do Tapuio (PI);PI;Nordeste;100,0;179,44;0,148;0,2081;3,23;9,38;0,0;3,12;162,31;77,06;0,0601;Piorou
2210607;São Raimundo Nonato;São Raimundo Nonato (PI);PI;Nordeste;100,0;131,46;0,24;0,2257;2,82;6,67;7,04;5,56;214,55;129,99;-0,0143;Melhorou
2210656;Sigefredo Pacheco;Sigefredo Pacheco (PI);PI;Nordeste;100,0;184,98;0,1096;0,2634;0,0;7,14;0,0;14,29;176,66;64,12;0,1538;Piorou
2210706;Simões;Simões (PI);PI;Nordeste;100,0;170,73;0,0233;0,1413;0,0;2,94;0,0;2,94;53,16;122,0;0,118;Piorou
2211001;Teresina;Teresina (PI);PI;Nordeste;100,0;106,58;0,1063;0,1874;3,63;4,96;3,91;10,56;44,86;49,01;0,0812;Piorou
2211100;União;União (PI);PI;Nordeste;100,0;136,28;0,2132;0,1498;7,89;5,06;5,26;2,53;89,4;93,77;-0,0634;Melhorou
2211209;Uruçuí;Uruçuí (PI);PI;Nordeste;100,0;152,75;0,3025;0,2167;1,15;3,49;1,15;3,49;413,83;211,33;-0,0858;Melhorou
2211308;Valença do Piauí;Valença do Piauí (PI);PI;Nordeste;100,0;159,06;0,2635;0,221;1,15;3,81;2,3;2,86;343,54;218,54;-0,0425;Melhorou
2211357;Várzea Branca;Várzea Branca (PI);PI;Nordeste;100,0;138,47;0,2978;0,0458;14,29;0,0;0,0;0,0;139,37;85,36;-0,252;Melhorou
2300101;Abaiara;Abaiara (CE);CE;Nordeste;100,0;174,33;0,1899;0,0259;8,33;0,0;0,0;0,0;112,71;56,88;-0,164;Melhorou
2300150;Acarape;Acarape (CE);CE;Nordeste;100,0;174,66;0,2842;0,0849;10,0;0,0;10,0;5,0;86,39;78,59;-0,1993;Melhorou
2300200;Acaraú;Acaraú (CE);CE;Nordeste;100,0;150,15;0,2541;0,2243;3,45;2,73;20,69;14,55;49,78;99,75;-0,0298;Melhorou
2300309;Acopiara;Acopiara (CE);CE;Nordeste;99,33;177,58;0,1408;0,3409;0,0;9,09;13,33;19,7;53,96;65,33;0,2001;Piorou
2300408;Aiuaba;Aiuaba (CE);CE;Nordeste;94,94;174,05;0,0238;0,1177;0,0;0,0;0,0;10,0;53,75;62,7;0,0939;Piorou
2300606;Altaneira;Altaneira (CE);CE;Nordeste;100,0;170,41;0,0387;0,064;0,0;0,0;0,0;0,0;75,16;111,33;0,0253;Piorou
2300705;Alto Santo;Alto Santo (CE);CE;Nordeste;100,0;189,56;0,1615;0,1676;0,0;3,33;16,67;6,67;41,78;104,44;0,0061;Piorou
2300754;Amontada;Amontada (CE);CE;Nordeste;93,66;132,83;0,1282;0,2044;0,0;7,5;12,5;7,5;46,37;57,24;0,0763;Piorou
2300903;Apuiarés;Apuiarés (CE);CE;Nordeste;100,0;189,51;0,2106;0,0821;12,5;0,0;0,0;5,0;52,83;74,52;-0,1285;Melhorou
2301000;Aquiraz;Aquiraz (CE);CE;Nordeste;100,0;150,66;0,1525;0,1733;3,45;2,35;6,9;12,94;77,46;54,92;0,0208;Piorou
2301109;Aracati;Aracati (CE);CE;Nordeste;95,57;118,04;0,3772;0,1663;8,89;9,3;24,44;2,33;62,12;28,81;-0,211;Melhorou
2301208;Aracoiaba;Aracoiaba (CE);CE;Nordeste;100,0;178,06;0,1616;0,2107;0,0;2,74;7,32;9,59;159,25;142,16;0,0491;Piorou
2301257;Ararendá;Ararendá (CE);CE;Nordeste;100,0;157,71;0,0497;0,1409;0,0;7,69;0,0;0,0;90,88;56,27;0,0912;Piorou
2301307;Araripe;Araripe (CE);CE;Nordeste;98,34;159,22;0,2292;0,119;14,29;2,27;0,0;2,27;41,04;112,75;-0,1102;Melhorou
2301406;Aratuba;Aratuba (CE);CE;Nordeste;96,73;172,8;0,0559;0,173;0,0;0,0;0,0;9,09;99,75;153,28;0,1171;Piorou
2301505;Arneiroz;Arneiroz (CE);CE;Nordeste;95,02;184,52;0,2805;0,0284;16,67;0,0;0,0;0,0;63,42;60,42;-0,2521;Melhorou
2301604;Assaré;Assaré (CE);CE;Nordeste;100,0;172,74;0,0224;0,0578;0,0;0,0;0,0;4,35;51,82;47,93;0,0354;Piorou
2301703;Aurora;Aurora (CE);CE;Nordeste;87,43;177,11;0,1942;0,1212;1,49;1,3;1,49;1,3;247,0;149,13;-0,073;Melhorou
2301802;Baixio;Baixio (CE);CE;Nordeste;96,25;184,08;0,0689;0,4173;0,0;16,67;0,0;16,67;118,41;50,05;0,3484;Piorou
2301901;Barbalha;Barbalha (CE);CE;Nordeste;100,0;121,27;0,3729;0,3074;17,46;10,87;6,35;15,22;99,02;35,38;-0,0656;Melhorou
2301950;Barreira;Barreira (CE);CE;Nordeste;100,0;171,93;0,1412;0,1498;0,0;5,26;10,53;2,63;89,84;88,11;0,0085;Piorou
2302008;Barro;Barro (CE);CE;Nordeste;100,0;198,64;0,0434;0,0961;0,0;0,0;0,0;7,41;81,85;64,3;0,0527;Piorou
2302057;Barroquinha;Barroquinha (CE);CE;Nordeste;99,34;192,21;0,2733;0,4246;0,0;10,0;28,57;30,0;52,47;36,32;0,1512;Piorou
2302107;Baturité;Baturité (CE);CE;Nordeste;95,81;149,07;0,1743;0,2237;1,89;2,56;5,66;17,95;157,74;59,64;0,0494;Piorou
2302206;Beberibe;Beberibe (CE);CE;Nordeste;96,87;122,94;0,217;0,1787;7,55;6,8;5,66;2,91;97,25;93,02;-0,0383;Melhorou
2302305;Bela Cruz;Bela Cruz (CE);CE;Nordeste;92,69;117,46;0,0042;0,408;0,0;4,0;0,0;56,0;25,79;40,69;0,4037;Piorou
2302404;Boa Viagem;Boa Viagem (CE);CE;Nordeste;63,23;155,06;0,1204;0,1271;0,0;2,99;9,52;5,97;72,55;62,68;0,0067;Piorou
2302503;Brejo Santo;Brejo Santo (CE);CE;Nordeste;100,0;143,0;0,1804;0,1203;1,67;0,88;0,0;4,42;242,22;117,5;-0,06;Melhorou
2302602;Camocim;Camocim (CE);CE;Nordeste;92,05;113,72;0,1683;0,2578;0,0;4,76;17,39;16,67;42,45;77,41;0,0895;Piorou
2302701;Campos Sales;Campos Sales (CE);CE;Nordeste;92,83;154,91;0,2001;0,1794;7,69;3,85;7,69;11,54;44,45;49,1;-0,0207;Melhorou
2302800;Canindé;Canindé (CE);CE;Nordeste;71,5;102,24;0,2105;0,2571;8,33;8,45;6,25;12,68;63,72;47,26;0,0466;Piorou
2302909;Capistrano;Capistrano (CE);CE;Nordeste;99,24;141,99;0,3316;0,1721;5,26;0,0;21,05;6,56;117,29;183,9;-0,1595;Melhorou
2303006;Caridade;Caridade (CE);CE;Nordeste;87,82;149,6;0,4841;0,2341;20,0;6,67;20,0;13,33;32,29;44,37;-0,25;Melhorou
2303105;Cariré;Cariré (CE);CE;Nordeste;90,6;178,65;0,2464;0,2637;6,25;0,0;12,5;28,57;81,46;38,6;0,0172;Piorou
2303204;Caririaçu;Caririaçu (CE);CE;Nordeste;100,0;172,87;0,2513;0,1408;5,26;2,56;15,79;7,69;68,38;69,66;-0,1106;Melhorou
2303303;Cariús;Cariús (CE);CE;Nordeste;100,0;185,13;0,0176;0,1358;0,0;4,55;0,0;4,55;44,95;59,49;0,1182;Piorou
2303402;Carnaubal;Carnaubal (CE);CE;Nordeste;100,0;181,34;0,1469;0,2306;4,35;4,76;0,0;14,29;136,76;68,27;0,0836;Piorou
2303501;Cascavel;Cascavel (CE);CE;Nordeste;99,71;117,51;0,1507;0,2506;6,67;3,61;2,22;19,28;64,46;58,94;0,0999;Piorou
2303659;Catunda;Catunda (CE);CE;Nordeste;100,0;167,56;0,1704;0,0939;0,0;0,0;16,67;7,69;54,44;57,62;-0,0765;Melhorou
2303709;Caucaia;Caucaia (CE);CE;Nordeste;70,61;82,24;0,159;0,1408;5,88;1,92;6,86;11,54;34,9;35,25;-0,0182;Melhorou
2303808;Cedro;Cedro (CE);CE;Nordeste;100,0;203,64;0,2678;0,1051;0,0;3,23;18,6;3,23;169,63;60,45;-0,1627;Melhorou
2303907;Chaval;Chaval (CE);CE;Nordeste;100,0;196,59;0,4357;0,0879;12,5;0,0;25,0;5,56;61,37;75,91;-0,3478;Melhorou
2303931;Choró;Choró (CE);CE;Nordeste;100,0;173,36;0,0202;0,0256;0,0;0,0;0,0;0,0;48,64;56,35;0,0054;Piorou
2303956;Chorozinho;Chorozinho (CE);CE;Nordeste;100,0;173,58;0,1797;0,0306;0,0;0,0;16,67;0,0;67,78;63,57;-0,1491;Melhorou
2304004;Coreaú;Coreaú (CE);CE;Nordeste;92,94;183,74;0,1158;0,2116;0,0;0,0;11,11;19,35;46,09;79,82;0,0958;Piorou
2304103;Crateús;Crateús (CE);CE;Nordeste;89,07;116,64;0,0556;0,1877;0,0;3,31;1,54;8,29;80,02;113,3;0,1321;Piorou
2304202;Crato;Crato (CE);CE;Nordeste;94,44;117,87;0,1469;0,2091;3,2;6,67;4,8;9,33;101,14;58,86;0,0622;Piorou
2304236;Croatá;Croatá (CE);CE;Nordeste;98,97;180,19;0,4504;0,0993;22,22;5,0;11,11;0,0;47,83;54,52;-0,3511;Melhorou
2304251;Cruz;Cruz (CE);CE;Nordeste;100,0;141,12;0,3166;0,3898;7,14;3,7;21,43;31,48;50,63;103,18;0,0732;Piorou
2304269;Deputado Irapuan Pinheiro;Deputado Irapuan Pinheiro (CE);CE;Nordeste;100,0;195,92;0,0391;0,1819;0,0;5,88;0,0;5,88;75,74;79,97;0,1428;Piorou
2304285;Eusébio;Eusébio (CE);CE;Nordeste;99,99;126,07;0,3253;0,2325;10,0;6,12;20,0;14,29;15,74;41,88;-0,0928;Melhorou
2304301;Farias Brito;Farias Brito (CE);CE;Nordeste;100,0;192,12;0,0311;0,1879;0,0;3,57;0,0;10,71;64,25;77,6;0,1568;Piorou
2304350;Forquilha;Forquilha (CE);CE;Nordeste;98,8;130,31;0,4315;0,5884;10,0;16,67;30,0;41,67;46,24;27,03;0,1569;Piorou
2304400;Fortaleza;Fortaleza (CE);CE;Nordeste;50,43;72,42;0,2228;0,2318;5,14;2,75;15,41;19,24;34,98;51,08;0,0089;Piorou
2304459;Fortim;Fortim (CE);CE;Nordeste;100,0;155,37;0,2115;0,1397;7,14;4,55;7,14;4,55;79,51;65,09;-0,0718;Melhorou
2304509;Frecheirinha;Frecheirinha (CE);CE;Nordeste;100,0;156,47;0,3105;0,3488;0,0;0,0;33,33;41,67;45,89;41,82;0,0383;Piorou
2304657;Graça;Graça (CE);CE;Nordeste;100,0;202,88;0,1617;0,4067;0,0;5,56;16,67;33,33;42,04;64,26;0,245;Piorou
2304707;Granja;Granja (CE);CE;Nordeste;90,88;152,26;0,1595;0,2634;0,0;0,0;16,67;29,03;38,86;32,51;0,104;Piorou
2304905;Groaíras;Groaíras (CE);CE;Nordeste;99,45;160,4;0,1925;0,377;0,0;0,0;20,0;38,89;44,36;82,28;0,1845;Piorou
2304954;Guaiúba;Guaiúba (CE);CE;Nordeste;97,81;173,26;0,2398;0,2714;6,67;7,41;6,67;14,81;136,29;63,31;0,0316;Piorou
2305001;Guaraciaba do Norte;Guaraciaba do Norte (CE);CE;Nordeste;100,0;140,44;0,2431;0,2123;0,0;6,06;27,27;12,12;25,46;41,35;-0,0308;Melhorou
2305100;Guaramiranga;Guaramiranga (CE);CE;Nordeste;100,0;177,96;0,5345;0,2963;25,0;6,67;12,5;13,33;150,85;133,5;-0,2381;Melhorou
2305209;Hidrolândia;Hidrolândia (CE);CE;Nordeste;100,0;137,21;0,1034;0,2196;0,0;0,0;5,88;25,0;93,95;20,33;0,1162;Piorou
2305233;Horizonte;Horizonte (CE);CE;Nordeste;100,0;121,73;0,1091;0,1985;0,0;2,5;11,76;11,67;28,31;103,84;0,0894;Piorou
2305266;Ibaretama;Ibaretama (CE);CE;Nordeste;100,0;204,91;0,0859;0,0588;0,0;0,0;0,0;0,0;142,74;103,96;-0,0271;Melhorou
2305308;Ibiapina;Ibiapina (CE);CE;Nordeste;100,0;187,42;0,0867;0,3104;0,0;10,53;5,0;15,79;81,09;39,86;0,2237;Piorou
2305332;Ibicuitinga;Ibicuitinga (CE);CE;Nordeste;98,61;180,86;0,0272;0,3463;0,0;14,29;0,0;14,29;58,64;29,4;0,3191;Piorou
2305357;Icapuí;Icapuí (CE);CE;Nordeste;100,0;163,29;0,1107;0,5589;0,0;25,0;10,0;25,0;52,79;28,94;0,4482;Piorou
2305407;Icó;Icó (CE);CE;Nordeste;86,29;118,73;0,2124;0,2163;2,78;8,33;16,67;8,33;54,96;45,83;0,0039;Piorou
2305506;Iguatu;Iguatu (CE);CE;Nordeste;100,0;135,92;0,4031;0,1924;17,14;6,38;12,86;7,09;67,33;69,13;-0,2107;Melhorou
2305605;Independência;Independência (CE);CE;Nordeste;98,71;172,39;0,1253;0,1087;0,0;0,0;6,67;8,11;115,45;73,62;-0,0166;Melhorou
2305654;Ipaporanga;Ipaporanga (CE);CE;Nordeste;100,0;181,42;0,1621;0,119;0,0;0,0;0,0;12,5;251,81;33,21;-0,0431;Melhorou
2305803;Ipu;Ipu (CE);CE;Nordeste;100,0;153,35;0,1931;0,2945;4,0;8,47;12,0;15,25;59,7;67,92;0,1014;Piorou
2305902;Ipueiras;Ipueiras (CE);CE;Nordeste;65,47;142,67;0,1785;0,2255;2,27;1,67;9,09;18,33;112,34;76,73;0,0471;Piorou
2306009;Iracema;Iracema (CE);CE;Nordeste;100,0;164,82;0,0329;0,1166;0,0;0,0;0,0;6,67;66,82;102,95;0,0837;Piorou
2306108;Irauçuba;Irauçuba (CE);CE;Nordeste;100,0;184,76;0,0119;0,3395;0,0;3,57;0,0;28,57;36,83;70,5;0,3276;Piorou
2306256;Itaitinga;Itaitinga (CE);CE;Nordeste;85,84;92,48;0,4183;0,2124;20,83;6,06;8,33;9,09;66,64;79,64;-0,2059;Melhorou
2306306;Itapajé;Itapajé (CE);CE;Nordeste;100,0;188,16;0,1534;0,0764;5,56;1,19;2,78;0,0;85,15;103,57;-0,077;Melhorou
2306405;Itapipoca;Itapipoca (CE);CE;Nordeste;100,0;129,34;0,2976;0,2289;8,7;3,23;17,39;16,77;40,86;67,7;-0,0687;Melhorou
2306504;Itapiúna;Itapiúna (CE);CE;Nordeste;94,03;117,7;0,1783;0,074;4,55;0,0;4,55;3,7;120,35;79,17;-0,1043;Melhorou
2306553;Itarema;Itarema (CE);CE;Nordeste;95,04;132,4;0,117;0,2139;0,0;2,38;10,0;11,9;61,73;125,47;0,0969;Piorou
2306603;Itatira;Itatira (CE);CE;Nordeste;100,0;187,78;0,1248;0,2124;0,0;0,0;12,5;23,08;41,51;34,21;0,0876;Piorou
2306900;Jaguaribe;Jaguaribe (CE);CE;Nordeste;100,0;169,5;0,0;0,161;0,0;0,0;0,0;17,39;15,82;32,02;0,161;Piorou
2307007;Jaguaruana;Jaguaruana (CE);CE;Nordeste;100,0;186,31;0,028;0,147;0,0;3,33;0,0;5,0;59,84;95,89;0,119;Piorou
2307106;Jardim;Jardim (CE);CE;Nordeste;100,0;165,99;0,1874;0,1714;5,0;1,32;2,5;7,89;149,28;137,79;-0,016;Melhorou
2307205;Jati;Jati (CE);CE;Nordeste;100,0;163,25;0,2339;0,1613;11,11;0,0;0,0;11,76;116,06;103,01;-0,0726;Melhorou
2307254;Jijoca de Jericoacoara;Jijoca de Jericoacoara (CE);CE;Nordeste;98,01;120,4;0,1605;0,2466;0,0;7,14;16,67;14,29;40,31;40,09;0,0861;Piorou
2307304;Juazeiro do Norte;Juazeiro do Norte (CE);CE;Nordeste;80,69;103,97;0,3805;0,3436;1,45;1,5;39,86;32,93;56,21;66,1;-0,037;Melhorou
2307403;Jucás;Jucás (CE);CE;Nordeste;100,0;175,57;0,2501;0,1657;10,0;0,0;10,0;17,39;37,59;38,65;-0,0845;Melhorou
2307502;Lavras da Mangabeira;Lavras da Mangabeira (CE);CE;Nordeste;95,52;148,18;0,259;0,1545;11,76;5,56;2,94;5,56;101,05;51,91;-0,1045;Melhorou
2307601;Limoeiro do Norte;Limoeiro do Norte (CE);CE;Nordeste;97,93;117,77;0,1532;0,1881;5,13;2,0;5,13;13,0;64,52;82,99;0,035;Piorou
2307635;Madalena;Madalena (CE);CE;Nordeste;97,78;165,71;0,1821;0,0766;0,0;0,0;20,0;7,14;29,45;39,73;-0,1055;Melhorou
2307650;Maracanaú;Maracanaú (CE);CE;Nordeste;100,0;108,82;0,3458;0,4006;9,34;7,78;17,58;24,41;93,58;120,03;0,0548;Piorou
2307700;Maranguape;Maranguape (CE);CE;Nordeste;97,84;139,6;0,317;0,2936;7,04;7,95;19,72;14,2;74,82;91,04;-0,0233;Melhorou
2307809;Marco;Marco (CE);CE;Nordeste;93,31;146,4;0,3403;0,2355;5,88;0,0;23,53;21,88;85,27;82,39;-0,1047;Melhorou
2308005;Massapê;Massapê (CE);CE;Nordeste;98,74;119,92;0,1845;0,2382;0,0;2,78;20,0;19,44;32,82;57,04;0,0537;Piorou
2308104;Mauriti;Mauriti (CE);CE;Nordeste;100,0;180,04;0,1088;0,3173;2,94;10,96;2,94;12,33;75,51;83,99;0,2085;Piorou
2308302;Milagres;Milagres (CE);CE;Nordeste;100,0;189,18;0,241;0,164;5,0;1,67;15,0;8,33;69,1;114,22;-0,0769;Melhorou
2308401;Missão Velha;Missão Velha (CE);CE;Nordeste;100,0;161,58;0,1068;0,1455;2,56;4,23;0,0;2,82;117,56;101,94;0,0387;Piorou
2308500;Mombaça;Mombaça (CE);CE;Nordeste;100,0;170,43;0,13;0,1896;5,88;9,23;0,0;1,54;79,47;73,68;0,0597;Piorou
2308609;Monsenhor Tabosa;Monsenhor Tabosa (CE);CE;Nordeste;100,0;163,27;0,1362;0,239;0,0;0,0;14,29;21,88;35,42;87,37;0,1028;Piorou
2308708;Morada Nova;Morada Nova (CE);CE;Nordeste;100,0;167,5;0,1175;0,1195;2,94;1,1;5,88;7,69;50,98;70,65;0,002;Piorou
2309003;Mucambo;Mucambo (CE);CE;Nordeste;99,61;173,94;0,0702;0,2403;0,0;3,85;0,0;15,38;120,23;88,04;0,1701;Piorou
2309102;Mulungu;Mulungu (CE);CE;Nordeste;100,0;132,46;0,1702;0,0209;0,0;0,0;16,67;0,0;54,27;49,67;-0,1493;Melhorou
2309201;Nova Olinda;Nova Olinda (CE);CE;Nordeste;100,0;159,1;0,029;0,3419;0,0;9,38;0,0;15,62;61,29;111,76;0,3129;Piorou
2309300;Nova Russas;Nova Russas (CE);CE;Nordeste;98,43;157,0;0,1095;0,1969;2,38;4,3;0,0;5,38;125,36;141,77;0,0874;Piorou
2309409;Novo Oriente;Novo Oriente (CE);CE;Nordeste;97,71;177,89;0,2197;0,3353;7,14;6,9;7,14;24,14;91,27;48,66;0,1155;Piorou
2309458;Ocara;Ocara (CE);CE;Nordeste;100,0;185,76;0,1182;0,0843;0,0;0,0;12,5;5,41;32,1;72,6;-0,0339;Melhorou
2309508;Orós;Orós (CE);CE;Nordeste;100,0;195,67;0,1246;0,1472;4,76;0,0;0,0;8,77;95,88;120,33;0,0226;Piorou
2309607;Pacajus;Pacajus (CE);CE;Nordeste;91,52;117,3;0,0933;0,1886;2,44;8,82;2,44;5,88;70,33;26,45;0,0953;Piorou
2309706;Pacatuba;Pacatuba (CE);CE;Nordeste;99,49;119,52;0,3711;0,2615;18,37;3,64;6,12;21,82;79,8;42,18;-0,1096;Melhorou
2309805;Pacoti;Pacoti (CE);CE;Nordeste;100,0;187,73;0,2415;0,251;6,67;4,76;6,67;14,29;138,68;97,5;0,0095;Piorou
2310001;Palhano;Palhano (CE);CE;Nordeste;100,0;181,0;0,0398;0,2395;0,0;9,09;0,0;9,09;76,7;53,31;0,1997;Piorou
2310209;Paracuru;Paracuru (CE);CE;Nordeste;94,69;125,52;0,0975;0,0972;4,76;1,59;0,0;3,17;57,03;84,99;-0,0003;Melhorou
2310308;Parambu;Parambu (CE);CE;Nordeste;99,82;148,4;0,1729;0,2237;0,0;2,22;4,11;2,22;215,69;264,44;0,0508;Piorou
2310407;Paramoti;Paramoti (CE);CE;Nordeste;81,34;185,38;0,0251;0,2222;0,0;3,57;0,0;10,71;55,64;126,65;0,1971;Piorou
2310506;Pedra Branca;Pedra Branca (CE);CE;Nordeste;96,69;139,34;0,135;0,2501;6,45;3,57;0,0;21,43;74,42;32,13;0,1151;Piorou
2310704;Pentecoste;Pentecoste (CE);CE;Nordeste;92,58;138,84;0,0418;0,0996;0,0;1,79;0,0;3,57;79,57;79,23;0,0579;Piorou
2310803;Pereiro;Pereiro (CE);CE;Nordeste;100,0;158,05;0,0493;0,0775;0,0;0,0;0,0;4,0;90,39;80,51;0,0282;Piorou
2310852;Pindoretama;Pindoretama (CE);CE;Nordeste;100,0;149,63;0,3465;0,0851;14,29;4,35;14,29;0,0;29,77;48,17;-0,2615;Melhorou
2310902;Piquet Carneiro;Piquet Carneiro (CE);CE;Nordeste;100,0;182,77;0,2893;0,1019;5,88;0,0;17,65;11,11;86,09;26,11;-0,1874;Melhorou
2311009;Poranga;Poranga (CE);CE;Nordeste;98,66;145,04;0,046;0,3513;0,0;4,55;0,0;27,27;85,62;82,72;0,3053;Piorou
2311108;Porteiras;Porteiras (CE);CE;Nordeste;100,0;143,69;0,1506;0,2277;7,14;4,55;0,0;4,55;81,97;191,06;0,0771;Piorou
2311264;Quiterianópolis;Quiterianópolis (CE);CE;Nordeste;98,51;180,37;0,1994;0,4967;12,5;27,27;0,0;18,18;36,77;25,43;0,2973;Piorou
2311306;Quixadá;Quixadá (CE);CE;Nordeste;81,84;103,6;0,1039;0,1908;2,82;4,18;1,41;3,04;90,3;164,94;0,0869;Piorou
2311355;Quixelô;Quixelô (CE);CE;Nordeste;100,0;175,98;0,1332;0,1168;6,67;2,7;0,0;2,7;67,24;95,03;-0,0164;Melhorou
2311405;Quixeramobim;Quixeramobim (CE);CE;Nordeste;91,25;118,0;0,1684;0,1995;4,84;2,99;6,45;10,78;76,0;105,75;0,031;Piorou
2311504;Quixeré;Quixeré (CE);CE;Nordeste;100,0;174,3;0,2017;0,0916;12,5;2,7;0,0;0,0;40,09;92,83;-0,1101;Melhorou
2311603;Redenção;Redenção (CE);CE;Nordeste;100,0;183,26;0,2439;0,2793;1,33;7,95;5,33;6,82;273,42;163,25;0,0354;Piorou
2311801;Russas;Russas (CE);CE;Nordeste;98,93;133,57;0,1233;0,1392;2,94;3,03;2,94;3,03;96,13;115,98;0,016;Piorou
2311900;Saboeiro;Saboeiro (CE);CE;Nordeste;100,0;202,1;0,5633;0,1683;14,29;6,25;42,86;6,25;42,2;48,02;-0,395;Melhorou
2311959;Salitre;Salitre (CE);CE;Nordeste;100,0;164,83;0,2144;0,0202;12,5;0,0;0,0;0,0;58,28;48,73;-0,1942;Melhorou
2312007;Santana do Acaraú;Santana do Acaraú (CE);CE;Nordeste;94,76;148,55;0,3376;0,3056;0,0;0,0;42,86;33,33;25,88;38,87;-0,032;Melhorou
2312106;Santana do Cariri;Santana do Cariri (CE);CE;Nordeste;89,68;165,15;0,0303;0,367;0,0;11,11;0,0;22,22;63,16;27,64;0,3367;Piorou
2312205;Santa Quitéria;Santa Quitéria (CE);CE;Nordeste;53,3;155,33;0,0893;0,3275;4,55;2,56;0,0;30,77;50,01;47,32;0,2382;Piorou
2312304;São Benedito;São Benedito (CE);CE;Nordeste;92,73;139,58;0,2284;0,2905;9,09;2,44;6,06;26,83;75,51;46,59;0,0621;Piorou
2312403;São Gonçalo do Amarante;São Gonçalo do Amarante (CE);CE;Nordeste;100,0;158,17;0,1724;0,1379;7,69;2,27;3,85;5,68;53,16;97,1;-0,0345;Melhorou
2312601;São Luís do Curu;São Luís do Curu (CE);CE;Nordeste;100,0;215,6;0,3487;0,4751;0,0;11,11;40,0;33,33;41,78;42,92;0,1264;Piorou
2312700;Senador Pompeu;Senador Pompeu (CE);CE;Nordeste;100,0;187,5;0,1671;0,0583;5,13;0,0;0,0;2,78;148,81;68,42;-0,1087;Melhorou
2312908;Sobral;Sobral (CE);CE;Nordeste;100,0;137,54;0,3076;0,4228;2,86;1,9;28,57;43,75;40,19;106,92;0,1151;Piorou
2313005;Solonópole;Solonópole (CE);CE;Nordeste;100,0;173,27;0,1068;0,0032;0,0;0,0;3,7;0,0;126,2;24,35;-0,1036;Melhorou
2313104;Tabuleiro do Norte;Tabuleiro do Norte (CE);CE;Nordeste;100,0;146,06;0,27;0,1742;11,11;3,75;11,11;5,0;28,17;125,88;-0,0958;Melhorou
2313203;Tamboril;Tamboril (CE);CE;Nordeste;100,0;183,35;0,2309;0,142;10,0;0,0;5,0;10,87;72,88;86,6;-0,089;Melhorou
2313252;Tarrafas;Tarrafas (CE);CE;Nordeste;100,0;185,94;0,3324;0,0102;20,0;0,0;0,0;0,0;66,08;34,3;-0,3222;Melhorou
2313302;Tauá;Tauá (CE);CE;Nordeste;100,0;146,72;0,188;0,1285;3,6;1,87;3,6;6,54;166,34;81,52;-0,0595;Melhorou
2313401;Tianguá;Tianguá (CE);CE;Nordeste;99,4;116,47;0,2076;0,3694;6,67;5,63;10,0;29,58;48,23;56,4;0,1618;Piorou
2313500;Trairi;Trairi (CE);CE;Nordeste;99,75;151,97;0,1491;0,1541;0,0;4,35;16,67;4,35;23,97;92,47;0,0051;Piorou
2313559;Tururu;Tururu (CE);CE;Nordeste;97,74;181,67;0,0491;0,0889;0,0;0,0;0,0;3,57;90,07;102,25;0,0398;Piorou
2313609;Ubajara;Ubajara (CE);CE;Nordeste;100,0;191,82;0,1581;0,3311;0,0;0,0;13,64;34,21;74,89;64,44;0,1731;Piorou
2313708;Umari;Umari (CE);CE;Nordeste;99,11;203,75;0,0456;0,1419;0,0;0,0;0,0;14,29;85,01;43,64;0,0963;Piorou
2313757;Umirim;Umirim (CE);CE;Nordeste;98,92;173,62;0,3411;0,1142;0,0;0,0;40,0;12,5;30,86;26,34;-0,2269;Melhorou
2313807;Uruburetama;Uruburetama (CE);CE;Nordeste;86,12;190,69;0,3848;0,1083;11,11;0,0;22,22;8,7;53,16;65,72;-0,2765;Melhorou
2313955;Varjota;Varjota (CE);CE;Nordeste;100,0;173,98;0,2625;0,0764;0,0;0,0;28,57;7,14;36,93;39,4;-0,1861;Melhorou
2314003;Várzea Alegre;Várzea Alegre (CE);CE;Nordeste;100,0;134,67;0,1758;0,0726;4,76;1,72;9,52;1,72;49,69;65,07;-0,1032;Melhorou
2314102;Viçosa do Ceará;Viçosa do Ceará (CE);CE;Nordeste;85,0;111,36;0,1243;0,2026;2,63;4,0;5,26;12,0;75,08;73,24;0,0783;Piorou
2400109;Acari;Acari (RN);RN;Nordeste;100,0;165,14;0,0342;0,0905;0,0;0,0;0,0;6,67;68,78;65,6;0,0562;Piorou
2400208;Assú;Assú (RN);RN;Nordeste;100,0;118,22;0,2002;0,265;9,8;15,87;0,0;0,0;95,8;58,2;0,0648;Piorou
2400505;Alexandria;Alexandria (RN);RN;Nordeste;100,0;179,61;0,0357;0,133;0,0;2,56;0,0;2,56;70,89;122,91;0,0973;Piorou
2400604;Almino Afonso;Almino Afonso (RN);RN;Nordeste;97,7;149,34;0,0528;0,0295;0,0;0,0;0,0;0,0;95,38;62,02;-0,0233;Melhorou
2400703;Alto do Rodrigues;Alto do Rodrigues (RN);RN;Nordeste;76,87;169,38;0,3684;0,1913;25,0;9,52;0,0;0,0;69,91;89,04;-0,1771;Melhorou
2400802;Angicos;Angicos (RN);RN;Nordeste;100,0;175,52;0,0353;0,0907;0,0;0,0;0,0;0,0;70,28;149,62;0,0554;Piorou
2401008;Apodi;Apodi (RN);RN;Nordeste;100,0;133,26;0,0923;0,204;3,33;11,9;0,0;0,0;80,28;56,13;0,1117;Piorou
2401107;Areia Branca;Areia Branca (RN);RN;Nordeste;100,0;130,74;0,0395;0,1029;0,0;1,49;0,0;0,0;76,24;134,97;0,0634;Piorou
2401206;Arez;Arez (RN);RN;Nordeste;99,77;158,47;0,1902;0,1933;0,0;0,0;20,0;20,0;41,06;45,47;0,0031;Piorou
2401453;Baraúna;Baraúna (RN);RN;Nordeste;100,0;183,82;0,1305;0,0619;5,88;0,0;0,0;2,94;80,32;71,42;-0,0687;Melhorou
2401701;Bom Jesus;Bom Jesus (RN);RN;Nordeste;100,0;168,52;0,2338;0,213;0,0;0,0;20,0;20,0;103,5;73,64;-0,0209;Melhorou
2401800;Brejinho;Brejinho (RN);RN;Nordeste;100,0;172,1;0,22;0,0919;12,5;0,0;0,0;7,14;66,23;61,61;-0,1281;Melhorou
2402006;Caicó;Caicó (RN);RN;Nordeste;100,0;155,2;0,1425;0,218;7,69;6,06;0,0;10,1;58,56;74,95;0,0755;Piorou
2402105;Campo Redondo;Campo Redondo (RN);RN;Nordeste;100,0;187,02;0,0204;0,116;0,0;0,0;0,0;11,11;48,97;46,38;0,0956;Piorou
2402204;Canguaretama;Canguaretama (RN);RN;Nordeste;100,0;187,76;0,015;0,4123;0,0;2,94;0,0;38,24;41,17;69,64;0,3973;Piorou
2402303;Caraúbas;Caraúbas (RN);RN;Nordeste;100,0;170,7;0,2068;0,2088;10,53;7,5;0,0;5,0;89,76;94,81;0,002;Piorou
2402501;Carnaubais;Carnaubais (RN);RN;Nordeste;100,0;180,15;0,0979;0,0551;0,0;0,0;0,0;0,0;159,91;98,6;-0,0428;Melhorou
2402600;Ceará-Mirim;Ceará-Mirim (RN);RN;Nordeste;91,24;120,58;0,2143;0,2197;5,26;4,57;10,53;7,61;81,43;140,62;0,0054;Piorou
2402709;Cerro Corá;Cerro Corá (RN);RN;Nordeste;100,0;173,67;0,2377;0,2156;0,0;0,0;22,22;20,0;81,18;77,33;-0,0222;Melhorou
2403103;Currais Novos;Currais Novos (RN);RN;Nordeste;100,0;151,79;0,1575;0,312;4,17;2,94;8,33;26,47;51,13;71,02;0,1545;Piorou
2403251;Parnamirim;Parnamirim (RN);RN;Nordeste;72,54;82,66;0,1482;0,1786;2,33;3,4;11,63;11,7;35,97;55,72;0,0305;Piorou
2403608;Extremoz;Extremoz (RN);RN;Nordeste;100,0;70,27;0,2151;0,275;6,25;5,71;12,5;12,38;36,52;135,34;0,0599;Piorou
2404200;Goianinha;Goianinha (RN);RN;Nordeste;100,0;176,14;0,2358;0,2033;9,09;5,71;9,09;8,57;47,97;80,5;-0,0325;Melhorou
2404408;Grossos;Grossos (RN);RN;Nordeste;100,0;174,87;0,1753;0,2165;0,0;7,69;16,67;7,69;61,6;68,0;0,0412;Piorou
2404507;Guamaré;Guamaré (RN);RN;Nordeste;100,0;183,06;0,1757;0,2226;5,88;1,85;0,0;5,56;145,02;228,92;0,0468;Piorou
2405009;Jaçanã;Jaçanã (RN);RN;Nordeste;100,0;178,7;0,387;0,1287;14,29;0,0;14,29;12,5;87,71;47,15;-0,2583;Melhorou
2405108;Jandaíra;Jandaíra (RN);RN;Nordeste;100,0;160,01;0,2238;0,3678;0,0;0,0;20,0;37,5;89,16;75,59;0,1439;Piorou
2405207;Janduís;Janduís (RN);RN;Nordeste;100,0;221,23;0,0738;0,2232;0,0;0,0;0,0;0,0;125,4;339,32;0,1494;Piorou
2405603;Jardim de Piranhas;Jardim de Piranhas (RN);RN;Nordeste;100,0;170,06;0,162;0,0882;5,56;0,0;0,0;3,57;132,4;101,24;-0,0738;Melhorou
2405702;Jardim do Seridó;Jardim do Seridó (RN);RN;Nordeste;100,0;150,15;0,0322;0,1492;0,0;0,0;0,0;15,38;65,78;40,18;0,117;Piorou
2405801;João Câmara;João Câmara (RN);RN;Nordeste;100,0;179,6;0,2011;0,2668;9,38;6,98;0,0;13,95;106,27;76,76;0,0657;Piorou
2406106;Jucurutu;Jucurutu (RN);RN;Nordeste;100,0;177,03;0,1403;0,1249;6,67;3,57;0,0;3,57;77,37;77,07;-0,0153;Melhorou
2406502;Lagoa Nova;Lagoa Nova (RN);RN;Nordeste;100,0;134,84;0,045;0,2152;0,0;0,0;0,0;21,05;84,24;63,57;0,1701;Piorou
2406700;Lajes;Lajes (RN);RN;Nordeste;99,36;189,2;0,2646;0,3391;9,09;6,9;0,0;17,24;203,4;140,67;0,0744;Piorou
2407104;Macaíba;Macaíba (RN);RN;Nordeste;99,39;113,12;0,2602;0,2702;10,2;4,6;8,16;19,54;70,63;62,54;0,01;Piorou
2407203;Macau;Macau (RN);RN;Nordeste;98,87;139,07;0,1758;0,3364;11,11;8,7;0,0;21,74;32,77;41,77;0,1606;Piorou
2407302;Marcelino Vieira;Marcelino Vieira (RN);RN;Nordeste;100,0;206,86;0,4972;0,0161;20,0;0,0;20,0;0,0;51,1;42,72;-0,4812;Melhorou
2407500;Maxaranguape;Maxaranguape (RN);RN;Nordeste;100,0;204,77;0,1577;0,3772;0,0;6,67;12,5;26,67;88,69;81,95;0,2195;Piorou
2407708;Montanhas;Montanhas (RN);RN;Nordeste;100,0;183,5;0,3022;0,1927;11,11;0,0;11,11;20,0;74,28;44,55;-0,1095;Melhorou
2407807;Monte Alegre;Monte Alegre (RN);RN;Nordeste;100,0;167,16;0,1795;0,1474;0,0;4,55;13,04;2,27;112,98;104,68;-0,032;Melhorou
2408003;Mossoró;Mossoró (RN);RN;Nordeste;72,89;92,22;0,1551;0,0998;6,98;3,61;3,1;2,81;53,12;49,77;-0,0553;Melhorou
2408102;Natal;Natal (RN);RN;Nordeste;54,12;76,29;0,1461;0,1315;1,57;1,49;2,82;6,98;159,94;88,32;-0,0147;Melhorou
2408201;Nísia Floresta;Nísia Floresta (RN);RN;Nordeste;100,0;160,02;0,2065;0,2318;0,0;4,35;22,22;17,39;36,48;39,95;0,0253;Piorou
2408300;Nova Cruz;Nova Cruz (RN);RN;Nordeste;100,0;188,32;0,2932;0,2718;6,67;3,33;20,0;23,33;45,32;44,4;-0,0214;Melhorou
2408904;Parelhas;Parelhas (RN);RN;Nordeste;100,0;130,23;0,0179;0,0977;0,0;0,0;0,0;8,33;45,44;54,97;0,0797;Piorou
2409308;Patu;Patu (RN);RN;Nordeste;100,0;190,78;0,2223;0,2129;12,5;11,76;0,0;0,0;69,64;71,85;-0,0095;Melhorou
2409407;Pau dos Ferros;Pau dos Ferros (RN);RN;Nordeste;84,77;160,86;0,2912;0,1881;13,79;6,0;3,45;6,0;97,17;84,9;-0,1031;Melhorou
2409902;Pendências;Pendências (RN);RN;Nordeste;100,0;209,04;0,1042;0,1146;0,0;0,0;0,0;2,86;168,97;148,01;0,0104;Piorou
2410108;Poço Branco;Poço Branco (RN);RN;Nordeste;100,0;185,96;0,4184;0,209;16,67;0,0;16,67;22,22;51,66;40,11;-0,2094;Melhorou
2410603;Rafael Godeiro;Rafael Godeiro (RN);RN;Nordeste;91,67;238,58;0,3385;0,2708;9,09;0,0;0,0;15,38;309,12;214,36;-0,0677;Melhorou
2411205;Santa Cruz;Santa Cruz (RN);RN;Nordeste;98,81;112,56;0,1039;0,1819;0,0;4,88;6,9;4,88;81,91;114,19;0,078;Piorou
2411403;Santana do Matos;Santana do Matos (RN);RN;Nordeste;100,0;196,69;0,012;0,0094;0,0;0,0;0,0;0,0;36,89;33,26;-0,0025;Melhorou
2411502;Santo Antônio;Santo Antônio (RN);RN;Nordeste;100,0;189,38;0,3186;0,2339;15,0;7,14;5,0;10,71;90,99;66,74;-0,0847;Melhorou
2412005;São Gonçalo do Amarante;São Gonçalo do Amarante (RN);RN;Nordeste;100,0;109,14;0,188;0,2405;5,63;5,29;7,04;11,64;79,53;104,3;0,0525;Piorou
2412203;São José de Mipibu;São José de Mipibu (RN);RN;Nordeste;100,0;163,14;0,1684;0,2312;6,67;1,75;6,67;19,3;33,92;70,89;0,0629;Piorou
2412302;São José do Campestre;São José do Campestre (RN);RN;Nordeste;100,0;188,83;0,2248;0,1825;12,5;3,57;0,0;7,14;73,16;114,67;-0,0423;Melhorou
2412500;São Miguel;São Miguel (RN);RN;Nordeste;40,58;128,26;0,0337;0,088;0,0;0,0;0,0;6,45;68,04;64,69;0,0542;Piorou
2412559;São Miguel do Gostoso;São Miguel do Gostoso (RN);RN;Nordeste;100,0;171,21;0,2872;0,3696;16,67;0,0;0,0;41,67;73,05;71,61;0,0823;Piorou
2412609;São Paulo do Potengi;São Paulo do Potengi (RN);RN;Nordeste;100,0;178,1;0,1386;0,0846;4,55;0,0;0,0;2,56;120,53;108,74;-0,0539;Melhorou
2413003;São Vicente;São Vicente (RN);RN;Nordeste;100,0;166,4;0,0322;0,1213;0,0;0,0;0,0;7,14;65,87;103,8;0,0891;Piorou
2413102;Senador Elói de Souza;Senador Elói de Souza (RN);RN;Nordeste;100,0;180,81;0,595;0,254;16,67;0,0;33,33;25,0;95,37;69,67;-0,341;Melhorou
2413300;Serra de São Bento;Serra de São Bento (RN);RN;Nordeste;100,0;184,11;0,119;0,154;0,0;0,0;0,0;14,29;190,14;60,91;0,035;Piorou
2413359;Serra do Mel;Serra do Mel (RN);RN;Nordeste;95,93;155,95;0,5005;0,1343;14,29;0,0;28,57;9,09;70,96;97,93;-0,3662;Melhorou
2413508;Serrinha;Serrinha (RN);RN;Nordeste;100,0;163,14;0,1739;0,1258;0,0;0,0;11,11;9,09;129,26;85,8;-0,0481;Melhorou
2413607;Severiano Melo;Severiano Melo (RN);RN;Nordeste;100,0;255,14;0,3476;0,0415;20,0;0,0;0,0;0,0;87,96;79,15;-0,3062;Melhorou
2413904;Taipu;Taipu (RN);RN;Nordeste;100,0;153,21;0,422;0,3463;16,67;25,0;16,67;0,0;56,78;38,36;-0,0756;Melhorou
2414407;Touros;Touros (RN);RN;Nordeste;100,0;175,25;0,1424;0,1558;4,17;3,7;4,17;5,56;81,87;93,56;0,0134;Piorou
2414506;Umarizal;Umarizal (RN);RN;Nordeste;100,0;173,64;0,0182;0,0359;0,0;0,0;0,0;0,0;45,8;71,17;0,0177;Piorou
2414704;Várzea;Várzea (RN);RN;Nordeste;100,0;200,64;0,2753;0,3157;12,5;20,0;0,0;0,0;145,39;42,28;0,0405;Piorou
2414803;Vera Cruz;Vera Cruz (RN);RN;Nordeste;100,0;195,62;0,1483;0,2803;0,0;11,11;12,5;11,11;75,18;43,0;0,132;Piorou
2500106;Água Branca;Água Branca (PB);PB;Nordeste;100,0;187,46;0,2461;0,1024;0,0;0,0;22,22;5,0;93,15;103,59;-0,1437;Melhorou
2500304;Alagoa Grande;Alagoa Grande (PB);PB;Nordeste;100,0;167,86;0,1945;0,2313;0,0;4,35;18,75;17,39;62,83;39,18;0,0368;Piorou
2500403;Alagoa Nova;Alagoa Nova (PB);PB;Nordeste;100,0;149,9;0,203;0,3826;4,35;12,73;8,7;12,73;107,83;134,46;0,1796;Piorou
2500536;Alcantil;Alcantil (PB);PB;Nordeste;100,0;188,23;0,34;0,3117;10,0;0,0;10,0;30,0;166,26;89,51;-0,0283;Melhorou
2500601;Alhandra;Alhandra (PB);PB;Nordeste;100,0;146,3;0,1663;0,3722;9,09;5,26;0,0;26,32;62,66;109,35;0,2059;Piorou
2500700;São João do Rio do Peixe;São João do Rio do Peixe (PB);PB;Nordeste;100,0;175,35;0,0082;0,2183;0,0;8,0;0,0;8,0;31,47;60,01;0,2101;Piorou
2501005;Araruna;Araruna (PB);PB;Nordeste;92,27;162,89;0,1816;0,1201;0,0;0,0;20,0;11,11;28,65;52,2;-0,0615;Melhorou
2501104;Areia;Areia (PB);PB;Nordeste;100,0;170,1;0,0919;0,1958;0,0;3,23;7,14;12,9;61,65;68,9;0,104;Piorou
2501302;Aroeiras;Aroeiras (PB);PB;Nordeste;100,0;187,11;0,0648;0,3034;0,0;11,54;0,0;11,54;112,45;61,44;0,2386;Piorou
2501401;Baía da Traição;Baía da Traição (PB);PB;Nordeste;100,0;183,4;0,2621;0,167;14,29;0,0;0,0;11,11;88,27;119,33;-0,0952;Melhorou
2501500;Bananeiras;Bananeiras (PB);PB;Nordeste;100,0;166,42;0,1189;0,1355;4,0;0,0;0,0;10,81;104,02;78,08;0,0167;Piorou
2501534;Baraúna;Baraúna (PB);PB;Nordeste;97,62;140,86;0,0799;0,2501;0,0;0,0;0,0;15,79;134,13;179,66;0,1702;Piorou
2501609;Barra de Santa Rosa;Barra de Santa Rosa (PB);PB;Nordeste;100,0;216,98;0,4113;0,3981;16,67;20,0;16,67;10,0;41,45;34,72;-0,0131;Melhorou
2501708;Barra de São Miguel;Barra de São Miguel (PB);PB;Nordeste;100,0;177,78;0,0571;0,2185;0,0;0,0;0,0;20,0;101,57;81,5;0,1613;Piorou
2501807;Bayeux;Bayeux (PB);PB;Nordeste;100,0;124,08;0,2855;0,1874;14,58;2,53;4,17;10,76;63,03;98,67;-0,0981;Melhorou
2502003;Belém do Brejo do Cruz;Belém do Brejo do Cruz (PB);PB;Nordeste;100,0;223,35;0,0498;0,013;0,0;0,0;0,0;0,0;91,06;38,35;-0,0368;Melhorou
2502102;Boa Ventura;Boa Ventura (PB);PB;Nordeste;100,0;201,65;0,0741;0,0421;0,0;0,0;0,0;0,0;125,79;80,0;-0,032;Melhorou
2502151;Boa Vista;Boa Vista (PB);PB;Nordeste;99,74;187,52;0,4041;0,3606;0,0;25,0;37,5;0,0;127,6;58,83;-0,0435;Melhorou
2502409;Bonito de Santa Fé;Bonito de Santa Fé (PB);PB;Nordeste;97,96;170,69;0,3773;0,3989;14,29;15,38;14,29;15,38;73,89;67,35;0,0215;Piorou
2502508;Boqueirão;Boqueirão (PB);PB;Nordeste;100,0;164,9;0,1105;0,2505;0,0;1,82;5,0;14,55;115,21;156,72;0,1399;Piorou
2502805;Brejo do Cruz;Brejo do Cruz (PB);PB;Nordeste;97,83;154,26;0,0239;0,1233;0,0;6,25;0,0;0,0;53,89;62,12;0,0995;Piorou
2502904;Brejo dos Santos;Brejo dos Santos (PB);PB;Nordeste;100,0;182,86;0,1961;0,0366;0,0;0,0;16,67;0,0;91,38;72,18;-0,1595;Melhorou
2503001;Caaporã;Caaporã (PB);PB;Nordeste;100,0;148,63;0,3088;0,278;20,0;0,78;0,0;1,55;32,33;381,73;-0,0308;Melhorou
2503209;Cabedelo;Cabedelo (PB);PB;Nordeste;100,0;115,75;0,1905;0,1561;9,38;2,52;3,12;7,56;51,95;94,11;-0,0345;Melhorou
2503506;Cacimba de Dentro;Cacimba de Dentro (PB);PB;Nordeste;100,0;152,51;0,2112;0,2672;12,5;0,0;0,0;30,0;53,63;25,69;0,056;Piorou
2503555;Cacimbas;Cacimbas (PB);PB;Nordeste;100,0;193,82;0,0718;0,0388;0,0;0,0;0,0;0,0;122,54;75,36;-0,033;Melhorou
2503704;Cajazeiras;Cajazeiras (PB);PB;Nordeste;100,0;170,99;0,1819;0,235;5,56;4,71;8,33;8,38;56,25;149,9;0,0531;Piorou
2503803;Caldas Brandão;Caldas Brandão (PB);PB;Nordeste;100,0;182,51;0,2148;0,3962;0,0;6,25;20,0;25,0;76,18;138,92;0,1814;Piorou
2503902;Camalaú;Camalaú (PB);PB;Nordeste;100,0;115,03;0,0528;0,1939;0,0;0,0;0,0;16,67;95,32;88,14;0,1411;Piorou
2504009;Campina Grande;Campina Grande (PB);PB;Nordeste;99,56;132,54;0,1927;0,3505;3,11;6,51;8,92;20,31;116,78;126,82;0,1579;Piorou
2504074;Caraúbas;Caraúbas (PB);PB;Nordeste;100,0;177,48;0,2559;0,255;0,0;14,29;20,0;0,0;135,03;77,98;-0,0009;Melhorou
2504157;Casserengue;Casserengue (PB);PB;Nordeste;100,0;203,22;0,1703;0,4821;0,0;20,0;14,29;20,0;84,2;29,41;0,3118;Piorou
2504306;Catolé do Rocha;Catolé do Rocha (PB);PB;Nordeste;100,0;121,76;0,2439;0,1589;15,38;8,0;0,0;0,0;38,49;75,47;-0,0849;Melhorou
2504405;Conceição;Conceição (PB);PB;Nordeste;100,0;170,92;0,1556;0,1354;0,0;4,88;12,5;0,0;85,62;108,8;-0,0202;Melhorou
2504603;Conde;Conde (PB);PB;Nordeste;100,0;137,34;0,3398;0,1979;28,57;2,22;0,0;13,33;28,93;87,95;-0,1419;Melhorou
2504702;Congo;Congo (PB);PB;Nordeste;95,35;141,9;0,1184;0,2437;0,0;0,0;0,0;16,67;189,31;159,48;0,1253;Piorou
2504801;Coremas;Coremas (PB);PB;Nordeste;100,0;190,69;0,0446;0,0723;0,0;0,0;0,0;0,0;83,61;123,31;0,0277;Piorou
2504900;Cruz do Espírito Santo;Cruz do Espírito Santo (PB);PB;Nordeste;100,0;145,01;0,0238;0,109;0,0;5,26;0,0;0,0;53,82;62,74;0,0852;Piorou
2505006;Cubati;Cubati (PB);PB;Nordeste;100,0;200,08;0,0454;0,2233;0,0;0,0;0,0;22,22;84,82;60,57;0,1779;Piorou
2505105;Cuité;Cuité (PB);PB;Nordeste;100,0;177,49;0,1257;0,2768;4,17;6,82;0,0;13,64;110,3;98,44;0,151;Piorou
2505402;Desterro;Desterro (PB);PB;Nordeste;100,0;173,54;0,0398;0,3462;0,0;33,33;0,0;0,0;76,76;38,23;0,3064;Piorou
2506004;Esperança;Esperança (PB);PB;Nordeste;100,0;157,42;0,1996;0,1671;5,88;4,84;5,88;4,84;105,32;94,27;-0,0325;Melhorou
2506103;Fagundes;Fagundes (PB);PB;Nordeste;100,0;190,06;0,3155;0,388;0,0;9,38;33,33;18,75;53,0;138,65;0,0726;Piorou
2506251;Gado Bravo;Gado Bravo (PB);PB;Nordeste;100,0;171,17;0,4617;0,4127;12,5;20,0;25,0;10,0;98,48;55,65;-0,0489;Melhorou
2506301;Guarabira;Guarabira (PB);PB;Nordeste;100,0;121,77;0,077;0,3657;3,85;13,0;0,0;14,0;47,33;88,44;0,2888;Piorou
2506806;Ingá;Ingá (PB);PB;Nordeste;100,0;178,04;0,3156;0,1088;0,0;0,0;5,8;5,13;398,84;111,09;-0,2068;Melhorou
2506905;Itabaiana;Itabaiana (PB);PB;Nordeste;100,0;151,63;0,1783;0,2142;11,11;6,35;0,0;4,76;36,44;130,26;0,0358;Piorou
2507002;Itaporanga;Itaporanga (PB);PB;Nordeste;100,0;146,19;0,2235;0,1246;5,56;5,13;11,11;0,0;80,91;87,93;-0,0989;Melhorou
2507101;Itapororoca;Itapororoca (PB);PB;Nordeste;100,0;133,28;0,3049;0,1541;20,0;5,56;0,0;5,56;26,72;51,3;-0,1508;Melhorou
2507200;Itatuba;Itatuba (PB);PB;Nordeste;93,63;179,18;0,1962;0,2984;0,0;8,33;20,0;16,67;49,61;58,84;0,1022;Piorou
2507507;João Pessoa;João Pessoa (PB);PB;Nordeste;93,51;86,59;0,1738;0,1602;7,46;4,22;4,05;7,19;57,5;68,18;-0,0136;Melhorou
2507606;Juarez Távora;Juarez Távora (PB);PB;Nordeste;98,95;179,57;0,056;0,0093;0,0;0,0;0,0;0,0;99,92;33,03;-0,0467;Melhorou
2507705;Juazeirinho;Juazeirinho (PB);PB;Nordeste;100,0;185,21;0,1314;0,1639;0,0;3,33;12,5;6,67;50,96;99,12;0,0325;Piorou
2508000;Juru;Juru (PB);PB;Nordeste;100,0;189,51;0,1766;0,144;0,0;7,14;16,67;0,0;63,39;72,45;-0,0326;Melhorou
2508307;Lagoa Seca;Lagoa Seca (PB);PB;Nordeste;100,0;164,08;0,1412;0,3874;3,45;9,38;3,45;25,0;104,64;59,31;0,2462;Piorou
2508505;Livramento;Livramento (PB);PB;Nordeste;99,47;152,68;0,0966;0,1094;0,0;0,0;0,0;6,25;158,06;97,92;0,0128;Piorou
2508901;Mamanguape;Mamanguape (PB);PB;Nordeste;100,0;141,57;0,3081;0,1647;19,05;3,53;0,0;5,88;51,85;105,96;-0,1434;Melhorou
2509057;Marcação;Marcação (PB);PB;Nordeste;100,0;152,33;0,2653;0,4846;14,29;20,0;0,0;20,0;92,74;32,97;0,2193;Piorou
2509206;Massaranduba;Massaranduba (PB);PB;Nordeste;100,0;173,27;0,094;0,2026;0,0;0,0;0,0;18,18;154,37;81,6;0,1086;Piorou
2509404;Mogeiro;Mogeiro (PB);PB;Nordeste;100,0;176,27;0,0559;0,0288;0,0;0,0;0,0;0,0;99,83;61,02;-0,0271;Melhorou
2509701;Monteiro;Monteiro (PB);PB;Nordeste;100,0;151,81;0,2236;0,2773;6,25;10,0;12,5;5,56;48,74;132,33;0,0537;Piorou
2510808;Patos;Patos (PB);PB;Nordeste;100,0;140,39;0,217;0,157;5,56;7,25;13,89;4,35;36,81;34,34;-0,06;Melhorou
2510907;Paulista;Paulista (PB);PB;Nordeste;100,0;177,45;0,1769;0,1274;4,17;0,0;0,0;6,45;183,48;121,19;-0,0494;Melhorou
2511103;Pedra Lavrada;Pedra Lavrada (PB);PB;Nordeste;100,0;153,08;0,2463;0,2181;12,5;0,0;0,0;17,65;103,98;110,45;-0,0283;Melhorou
2511202;Pedras de Fogo;Pedras de Fogo (PB);PB;Nordeste;100,0;150,93;0,1205;0,2471;6,25;3,39;0,0;15,25;58,1;109,29;0,1266;Piorou
2511301;Piancó;Piancó (PB);PB;Nordeste;100,0;170,3;0,1668;0,1042;9,09;5,26;0,0;0,0;63,39;55,92;-0,0626;Melhorou
2511400;Picuí;Picuí (PB);PB;Nordeste;100,0;177,39;0,0205;0,2632;0,0;0,0;0,0;21,15;49,09;131,04;0,2427;Piorou
2511905;Pitimbu;Pitimbu (PB);PB;Nordeste;100,0;170,63;0,311;0,0807;20,0;0,0;0,0;5,56;35,48;65,6;-0,2303;Melhorou
2512002;Pocinhos;Pocinhos (PB);PB;Nordeste;100,0;180,31;0,106;0,2623;0,0;6,67;6,25;13,33;92,99;84,7;0,1563;Piorou
2512101;Pombal;Pombal (PB);PB;Nordeste;100,0;155,38;0,0945;0,1161;4,35;1,79;0,0;5,36;61,7;80,35;0,0216;Piorou
2512408;Puxinanã;Puxinanã (PB);PB;Nordeste;100,0;171,6;0,2627;0,292;9,09;8,11;9,09;10,81;86,53;127,99;0,0293;Piorou
2512507;Queimadas;Queimadas (PB);PB;Nordeste;100,0;132,19;0,1576;0,19;7,5;2,74;0,0;12,33;84,38;78,22;0,0324;Piorou
2512705;Remígio;Remígio (PB);PB;Nordeste;100,0;176,12;0,3758;0,1445;8,33;0,0;25,0;15,38;65,02;33,58;-0,2313;Melhorou
2512903;Rio Tinto;Rio Tinto (PB);PB;Nordeste;100,0;128,14;0,1538;0,2124;9,09;2,04;0,0;14,29;44,64;100,65;0,0586;Piorou
2513406;Santa Luzia;Santa Luzia (PB);PB;Nordeste;99,16;140,38;0,2351;0,1717;8,33;11,11;8,33;0,0;72,81;26,98;-0,0634;Melhorou
2513703;Santa Rita;Santa Rita (PB);PB;Nordeste;98,43;92,12;0,2609;0,1574;12,31;2,76;6,15;4,91;51,67;124,22;-0,1035;Melhorou
2513901;São Bento;São Bento (PB);PB;Nordeste;100,0;164,67;0,1732;0,0165;11,11;0,0;0,0;0,0;29,08;43,36;-0,1567;Melhorou
2514008;São João do Cariri;São João do Cariri (PB);PB;Nordeste;100,0;165,64;0,3251;0,2061;16,67;7,69;0,0;0,0;127,34;149,67;-0,119;Melhorou
2514503;São José de Piranhas;São José de Piranhas (PB);PB;Nordeste;100,0;183,58;0,1895;0,2023;5,71;2,99;0,0;5,97;168,29;170,29;0,0128;Piorou
2515104;São Sebastião de Lagoa de Roça;São Sebastião de Lagoa de Roça (PB);PB;Nordeste;100,0;158,51;0,1977;0,2724;10,0;16,67;0,0;0,0;88,11;51,82;0,0747;Piorou
2515302;Sapé;Sapé (PB);PB;Nordeste;100,0;129,61;0,2304;0,214;5,26;5,74;15,79;6,56;38,45;120,63;-0,0164;Melhorou
2515401;São Vicente do Seridó;São Vicente do Seridó (PB);PB;Nordeste;100,0;170,05;0,0237;0,1868;0,0;0,0;0,0;18,18;53,69;58,92;0,163;Piorou
2515500;Serra Branca;Serra Branca (PB);PB;Nordeste;100,0;128,54;0,1496;0,2199;6,67;4,55;0,0;13,64;90,73;65,86;0,0704;Piorou
2516003;Solânea;Solânea (PB);PB;Nordeste;100,0;143,79;0,1862;0,2328;0,0;9,86;0,0;1,41;286,37;123,69;0,0466;Piorou
2516102;Soledade;Soledade (PB);PB;Nordeste;99,42;175,4;0,2117;0,3232;12,5;12,5;0,0;12,5;54,36;57,14;0,1115;Piorou
2516201;Sousa;Sousa (PB);PB;Nordeste;100,0;182,13;0,0692;0,2031;3,85;11,11;0,0;0,0;36,16;71,93;0,134;Piorou
2516300;Sumé;Sumé (PB);PB;Nordeste;100,0;122,33;0,0954;0,1534;0,0;4,55;0,0;2,27;156,32;113,23;0,058;Piorou
2516508;Taperoá;Taperoá (PB);PB;Nordeste;100,0;174,15;0,072;0,1293;0,0;0,0;0,0;4,08;122,9;153,59;0,0572;Piorou
2516904;Uiraúna;Uiraúna (PB);PB;Nordeste;100,0;187,54;0,1354;0,2712;0,0;0,0;0,0;0,0;213,68;408,06;0,1358;Piorou
2600054;Abreu e Lima;Abreu e Lima (PE);PE;Nordeste;86,99;112,84;0,1382;0,0985;7,55;2,6;0,0;5,19;55,48;39,75;-0,0397;Melhorou
2600104;Afogados da Ingazeira;Afogados da Ingazeira (PE);PE;Nordeste;100,0;129,4;0,1805;0,2188;6,12;3,57;2,04;6,43;121,14;175,65;0,0383;Piorou
2600203;Afrânio;Afrânio (PE);PE;Nordeste;100,0;187,42;0,5019;0,1285;16,67;3,85;25,0;3,85;66,65;72,82;-0,3735;Melhorou
2600302;Agrestina;Agrestina (PE);PE;Nordeste;100,0;176,62;0,1592;0,2034;2,17;3,88;0,0;0,0;200,96;227,58;0,0442;Piorou
2600401;Água Preta;Água Preta (PE);PE;Nordeste;100,0;171,95;0,0156;0,1249;0,0;2,33;0,0;4,65;42,12;90,23;0,1093;Piorou
2600500;Águas Belas;Águas Belas (PE);PE;Nordeste;99,65;139,69;0,0943;0,0951;3,33;4,65;0,0;0,0;83,19;55,98;0,0008;Piorou
2600609;Alagoinha;Alagoinha (PE);PE;Nordeste;100,0;174,58;0,0604;0,0845;0,0;0,0;0,0;7,14;106,17;51,08;0,0241;Piorou
2600708;Aliança;Aliança (PE);PE;Nordeste;100,0;133,01;0,1243;0,3569;3,33;5,71;3,33;28,57;84,22;49,41;0,2327;Piorou
2600807;Altinho;Altinho (PE);PE;Nordeste;100,0;163,65;0,2238;0,0434;14,29;0,0;0,0;0,0;33,34;81,91;-0,1804;Melhorou
2600906;Amaraji;Amaraji (PE);PE;Nordeste;100,0;181,04;0,1462;0,0213;0,0;0,0;3,12;0,0;189,84;50,3;-0,1248;Melhorou
2601003;Angelim;Angelim (PE);PE;Nordeste;100,0;205,11;0,1934;0,0906;8,33;0,0;0,0;0,0;117,63;149,44;-0,1028;Melhorou
2601052;Araçoiaba;Araçoiaba (PE);PE;Nordeste;100,0;139,44;0,1832;0,1232;0,0;0,0;20,0;11,76;30,96;48,4;-0,06;Melhorou
2601102;Araripina;Araripina (PE);PE;Nordeste;25,83;103,26;0,0891;0,1843;1,09;3,92;0,0;7,84;123,96;100,98;0,0952;Piorou
2601201;Arcoverde;Arcoverde (PE);PE;Nordeste;99,84;119,38;0,1141;0,1866;2,41;5,66;1,2;7,55;116,31;70,63;0,0725;Piorou
2601300;Barra de Guabiraba;Barra de Guabiraba (PE);PE;Nordeste;100,0;199,78;0,1571;0,1995;0,0;12,5;14,29;0,0;65,36;36,85;0,0423;Piorou
2601409;Barreiros;Barreiros (PE);PE;Nordeste;89,18;122,13;0,1816;0,2111;4,08;1,56;4,08;15,62;140,84;92,26;0,0295;Piorou
2601508;Belém de Maria;Belém de Maria (PE);PE;Nordeste;100,0;198,84;0,197;0,2142;0,0;7,69;20,0;7,69;50,73;64,71;0,0172;Piorou
2601607;Belém do São Francisco;Belém do São Francisco (PE);PE;Nordeste;99,11;180,08;0,1475;0,1465;5,56;0,0;0,0;13,04;111,61;65,71;-0,001;Melhorou
2601706;Belo Jardim;Belo Jardim (PE);PE;Nordeste;72,46;100,88;0,1051;0,1398;2,5;7,41;5,0;1,85;53,75;37,51;0,0347;Piorou
2601904;Bezerros;Bezerros (PE);PE;Nordeste;100,0;156,22;0,0731;0,0966;0,0;2,04;8,33;6,12;17,47;37,34;0,0235;Piorou
2602001;Bodocó;Bodocó (PE);PE;Nordeste;93,24;128,57;0,2398;0,2012;13,64;4,92;0,0;8,2;70,25;99,26;-0,0387;Melhorou
2602100;Bom Conselho;Bom Conselho (PE);PE;Nordeste;98,8;126,97;0,1524;0,0838;5,71;2,9;2,86;0,0;79,37;77,41;-0,0687;Melhorou
2602209;Bom Jardim;Bom Jardim (PE);PE;Nordeste;96,98;113,17;0,1464;0,0684;7,41;0,0;0,0;5,88;70,24;43,81;-0,078;Melhorou
2602308;Bonito;Bonito (PE);PE;Nordeste;91,74;103,17;0,1602;0,1564;4,44;4,55;2,22;6,82;125,7;60,51;-0,0037;Melhorou
2602407;Brejão;Brejão (PE);PE;Nordeste;100,0;154,2;0,0721;0,1147;0,0;0,0;0,0;5,0;123,03;121,14;0,0425;Piorou
2602605;Brejo da Madre de Deus;Brejo da Madre de Deus (PE);PE;Nordeste;65,8;98,92;0,0;0,1842;0,0;5,77;0,0;7,69;11,37;62,98;0,1842;Piorou
2602803;Buíque;Buíque (PE);PE;Nordeste;63,64;132,72;0,1567;0,146;2,17;2,88;0,0;1,44;197,48;148,93;-0,0107;Melhorou
2602902;Cabo de Santo Agostinho;Cabo de Santo Agostinho (PE);PE;Nordeste;83,2;84,96;0,1545;0,2801;2,44;3,69;9,76;22,58;66,17;58,15;0,1255;Piorou
2603009;Cabrobó;Cabrobó (PE);PE;Nordeste;70,7;166,08;0,3981;0,263;16,67;0,0;16,67;30,0;22,57;18,25;-0,1351;Melhorou
2603108;Cachoeirinha;Cachoeirinha (PE);PE;Nordeste;100,0;123,12;0,0364;0,1783;0,0;5,41;0,0;5,41;71,92;91,04;0,1418;Piorou
2603207;Caetés;Caetés (PE);PE;Nordeste;100,0;169,97;0,1295;0,1664;7,14;5,41;0,0;5,41;51,82;74,05;0,0369;Piorou
2603306;Calçado;Calçado (PE);PE;Nordeste;100,0;157,94;0,3366;0,1578;12,5;9,09;12,5;0,0;76,36;50,46;-0,1788;Melhorou
2603405;Calumbi;Calumbi (PE);PE;Nordeste;100,0;200,84;0,421;0,2759;14,29;0,0;14,29;23,08;136,44;125,05;-0,1452;Melhorou
2603454;Camaragibe;Camaragibe (PE);PE;Nordeste;96,88;106,62;0,1694;0,1595;5,26;4,84;8,77;8,06;39,11;42,98;-0,0099;Melhorou
2603504;Camocim de São Félix;Camocim de São Félix (PE);PE;Nordeste;100,0;168,28;0,0187;0,0099;0,0;0,0;0,0;0,0;46,57;33,95;-0,0088;Melhorou
2603702;Canhotinho;Canhotinho (PE);PE;Nordeste;96,07;165,36;0,2921;0,0825;13,33;2,63;6,67;0,0;67,92;81,37;-0,2096;Melhorou
2603801;Capoeiras;Capoeiras (PE);PE;Nordeste;100,0;171,05;0,1448;0,0124;6,67;0,0;0,0;0,0;83,87;37,47;-0,1324;Melhorou
2603900;Carnaíba;Carnaíba (PE);PE;Nordeste;100,0;185,11;0,035;0,1251;0,0;0,0;0,0;7,14;69,86;109,19;0,0901;Piorou
2603926;Carnaubeira da Penha;Carnaubeira da Penha (PE);PE;Nordeste;53,76;57,19;0,0613;0,0221;0,0;0,0;0,0;0,0;107,45;51,42;-0,0391;Melhorou
2604007;Carpina;Carpina (PE);PE;Nordeste;80,49;96,92;0,1314;0,1338;3,7;6,0;7,41;4,0;35,35;32,21;0,0024;Piorou
2604106;Caruaru;Caruaru (PE);PE;Nordeste;76,76;79,16;0,2407;0,1386;9,43;4,64;10,38;7,22;31,53;28,01;-0,1021;Melhorou
2604155;Casinhas;Casinhas (PE);PE;Nordeste;100,0;186,75;0,3077;0,0096;0,0;0,0;33,33;0,0;41,86;33,51;-0,2981;Melhorou
2604205;Catende;Catende (PE);PE;Nordeste;80,62;138,77;0,2347;0,1925;13,04;4,08;0,0;10,2;75,71;79,57;-0,0423;Melhorou
2604304;Cedro;Cedro (PE);PE;Nordeste;100,0;184,4;0,0396;0,1475;0,0;0,0;0,0;9,52;76,5;111,36;0,1078;Piorou
2604403;Chã de Alegria;Chã de Alegria (PE);PE;Nordeste;100,0;134,78;0,0171;0,1122;0,0;0,0;0,0;11,11;44,21;40,96;0,0951;Piorou
2604502;Chã Grande;Chã Grande (PE);PE;Nordeste;100,0;136,27;0,1973;0,1555;8,7;4,76;0,0;2,38;115,46;110,18;-0,0418;Melhorou
2604601;Condado;Condado (PE);PE;Nordeste;97,57;128,26;0,1244;0,1624;5,88;6,9;0,0;3,45;71,55;60,87;0,038;Piorou
2604700;Correntes;Correntes (PE);PE;Nordeste;100,0;183,87;0,0378;0,2238;0,0;6,25;0,0;12,5;73,88;49,06;0,186;Piorou
2604809;Cortês;Cortês (PE);PE;Nordeste;100,0;202,78;0,1459;0,2081;0,0;2,33;0,0;2,33;228,61;238,55;0,0622;Piorou
2604908;Cumaru;Cumaru (PE);PE;Nordeste;100,0;132,41;0,1091;0,1144;0,0;0,0;9,09;5,13;61,85;119,1;0,0052;Piorou
2605004;Cupira;Cupira (PE);PE;Nordeste;100,0;148,82;0,1821;0,1886;3,33;4,0;6,67;12,0;125,16;53,31;0,0066;Piorou
2605103;Custódia;Custódia (PE);PE;Nordeste;100,0;146,04;0,1551;0,1367;4,65;1,59;2,33;7,94;112,73;81,79;-0,0184;Melhorou
2605152;Dormentes;Dormentes (PE);PE;Nordeste;100,0;198,11;0,2322;0,1753;8,33;6,67;8,33;6,67;68,61;43,83;-0,0569;Melhorou
2605202;Escada;Escada (PE);PE;Nordeste;85,35;113,38;0,1915;0,2393;9,09;4,55;3,03;7,95;60,59;164,85;0,0478;Piorou
2605301;Exu;Exu (PE);PE;Nordeste;100,0;131,89;0,1909;0,1201;12,5;0,0;0,0;10,0;24,62;66,12;-0,0708;Melhorou
2605400;Feira Nova;Feira Nova (PE);PE;Nordeste;99,5;172,86;0,1401;0,2104;7,14;4,55;0,0;13,64;66,9;52,15;0,0703;Piorou
2605608;Flores;Flores (PE);PE;Nordeste;100,0;124,0;0,0106;0,1864;0,0;2,86;0,0;11,43;34,91;81,85;0,1758;Piorou
2605707;Floresta;Floresta (PE);PE;Nordeste;84,78;129,49;0,1183;0,1703;3,45;1,82;0,0;9,09;115,08;110,43;0,052;Piorou
2605806;Frei Miguelinho;Frei Miguelinho (PE);PE;Nordeste;100,0;134,39;0,0161;0,2229;0,0;0,0;0,0;25,0;42,78;25,09;0,2068;Piorou
2605905;Gameleira;Gameleira (PE);PE;Nordeste;87,8;153,72;0,054;0,1771;0,0;4,35;0,0;8,7;97,02;70,83;0,1232;Piorou
2606002;Garanhuns;Garanhuns (PE);PE;Nordeste;89,72;95,05;0,2818;0,1518;12,5;3,04;7,5;4,73;60,57;112,37;-0,13;Melhorou
2606101;Glória do Goitá;Glória do Goitá (PE);PE;Nordeste;90,48;104,39;0,0217;0,2065;0,0;10,0;0,0;5,0;50,77;37,86;0,1848;Piorou
2606200;Goiana;Goiana (PE);PE;Nordeste;99,98;121,04;0,1585;0,1431;4,76;3,33;4,76;5,83;84,6;79,83;-0,0154;Melhorou
2606408;Gravatá;Gravatá (PE);PE;Nordeste;85,45;95,19;0,1215;0,0718;2,5;1,35;7,5;4,05;45,83;42,66;-0,0497;Melhorou
2606507;Iati;Iati (PE);PE;Nordeste;95,34;169,06;0,047;0,1544;0,0;3,85;0,0;0,0;86,98;158,23;0,1074;Piorou
2606606;Ibimirim;Ibimirim (PE);PE;Nordeste;100,0;153,58;0,1208;0,339;5,0;9,38;0,0;18,75;85,29;68,38;0,2182;Piorou
2606705;Ibirajuba;Ibirajuba (PE);PE;Nordeste;100,0;196,07;0,1755;0,1507;0,0;5,56;10,0;0,0;145,51;116,19;-0,0248;Melhorou
2606804;Igarassu;Igarassu (PE);PE;Nordeste;89,64;103,02;0,1003;0,2188;0,0;9,35;8,33;6,54;58,76;50,11;0,1184;Piorou
2606903;Iguaracy;Iguaracy (PE);PE;Nordeste;98,73;158,25;0,3566;0,017;28,57;0,0;0,0;0,0;53,11;44,09;-0,3396;Melhorou
2607000;Inajá;Inajá (PE);PE;Nordeste;90,63;104,24;0,046;0,2078;0,0;0,0;0,0;21,05;85,58;52,97;0,1618;Piorou
2607109;Ingazeira;Ingazeira (PE);PE;Nordeste;100,0;146,47;0,3549;0,146;9,09;0,0;9,09;11,11;218,51;89,28;-0,2089;Melhorou
2607208;Ipojuca;Ipojuca (PE);PE;Nordeste;79,5;83,43;0,1314;0,3555;3,57;2,73;7,14;31,82;41,51;70,76;0,2241;Piorou
2607307;Ipubi;Ipubi (PE);PE;Nordeste;96,52;147,92;0,1363;0,2095;7,14;6,82;0,0;6,82;61,52;87,74;0,0732;Piorou
2607505;Itaíba;Itaíba (PE);PE;Nordeste;100,0;110,72;0,2908;0,1709;17,65;0,0;0,0;18,18;57,05;36,21;-0,1199;Melhorou
2607604;Ilha de Itamaracá;Ilha de Itamaracá (PE);PE;Nordeste;100,0;154,79;0,1964;0,1067;12,5;6,25;0,0;0,0;32,48;38,32;-0,0897;Melhorou
2607653;Itambé;Itambé (PE);PE;Nordeste;100,0;120,22;0,2778;0,0482;13,33;0,0;6,67;2,94;47,5;51,86;-0,2296;Melhorou
2607703;Itapetim;Itapetim (PE);PE;Nordeste;100,0;177,65;0,1847;0,4218;0,0;10,0;20,0;30,0;33,21;32,29;0,237;Piorou
2607752;Itapissuma;Itapissuma (PE);PE;Nordeste;100,0;133,88;0,0164;0,2393;0,0;0,0;0,0;25,0;43,29;48,59;0,2229;Piorou
2607802;Itaquitinga;Itaquitinga (PE);PE;Nordeste;100,0;130,57;0,0225;0,1993;0,0;7,69;0,0;7,69;51,9;43,32;0,1768;Piorou
2607901;Jaboatão dos Guararapes;Jaboatão dos Guararapes (PE);PE;Nordeste;61,28;60,38;0,1526;0,1877;4,09;3,27;7,86;12,67;51,74;59,25;0,0351;Piorou
2607950;Jaqueira;Jaqueira (PE);PE;Nordeste;100,0;204,93;0,2532;0,2605;14,29;4,08;0,0;2,04;75,47;279,52;0,0073;Piorou
2608008;Jataúba;Jataúba (PE);PE;Nordeste;100,0;219,99;0,2104;0,2032;3,03;5,26;3,03;10,53;217,86;65,47;-0,0072;Melhorou
2608057;Jatobá;Jatobá (PE);PE;Nordeste;100,0;149,78;0,0485;0,1517;0,0;0,0;0,0;10,34;89,18;107,06;0,1032;Piorou
2608107;João Alfredo;João Alfredo (PE);PE;Nordeste;99,38;164,11;0,0814;0,0846;0,0;0,0;6,25;3,77;57,89;93,47;0,0031;Piorou
2608206;Joaquim Nabuco;Joaquim Nabuco (PE);PE;Nordeste;100,0;174,74;0,2227;0,2669;12,5;4,17;0,0;16,67;70,19;103,17;0,0441;Piorou
2608255;Jucati;Jucati (PE);PE;Nordeste;100,0;169,64;0,0943;0,0191;0,0;0,0;0,0;0,0;154,76;47,1;-0,0752;Melhorou
2608305;Jupi;Jupi (PE);PE;Nordeste;100,0;162,67;0,0436;0,11;0,0;3,03;0,0;0,0;82,12;112,2;0,0665;Piorou
2608404;Jurema;Jurema (PE);PE;Nordeste;100,0;179,51;0,0932;0,1125;0,0;3,23;0,0;0,0;153,17;111,56;0,0193;Piorou
2608453;Lagoa do Carro;Lagoa do Carro (PE);PE;Nordeste;100,0;174,37;0,0203;0,1075;0,0;0,0;0,0;7,69;48,84;77,06;0,0871;Piorou
2608503;Lagoa de Itaenga;Lagoa de Itaenga (PE);PE;Nordeste;100,0;162,08;0,2459;0,0929;9,09;0,0;9,09;10,0;62,45;27,23;-0,153;Melhorou
2608602;Lagoa do Ouro;Lagoa do Ouro (PE);PE;Nordeste;100,0;204,43;0,1024;0,2171;0,0;7,5;0,0;0,0;166,37;169,49;0,1147;Piorou
2608701;Lagoa dos Gatos;Lagoa dos Gatos (PE);PE;Nordeste;84,86;174,05;0,0086;0,4395;0,0;22,22;0,0;11,11;32,0;32,32;0,431;Piorou
2608750;Lagoa Grande;Lagoa Grande (PE);PE;Nordeste;100,0;145,3;0,1877;0,1072;5,88;0,0;5,88;9,09;88,28;59,1;-0,0805;Melhorou
2608800;Lajedo;Lajedo (PE);PE;Nordeste;94,92;112,74;0,157;0,0822;3,7;1,56;7,41;1,56;71,94;84,21;-0,0748;Melhorou
2608909;Limoeiro;Limoeiro (PE);PE;Nordeste;100,0;141,9;0,1213;0,0721;3,64;2,22;1,82;0,0;92,5;75,27;-0,0492;Melhorou
2609006;Macaparana;Macaparana (PE);PE;Nordeste;100,0;161,22;0,1467;0,2343;8,33;7,41;0,0;11,11;50,76;56,58;0,0876;Piorou
2609105;Machados;Machados (PE);PE;Nordeste;100,0;246,84;0,0191;0,1123;0,0;0,0;0,0;11,11;47,07;41,06;0,0932;Piorou
2609154;Manari;Manari (PE);PE;Nordeste;100,0;96,33;0,0107;0,0813;0,0;0,0;0,0;3,03;35,02;98,04;0,0706;Piorou
2609204;Maraial;Maraial (PE);PE;Nordeste;90,21;112,19;0,0376;0,5425;0,0;18,18;0,0;27,27;73,65;63,63;0,5048;Piorou
2609303;Mirandiba;Mirandiba (PE);PE;Nordeste;30,05;148,24;0,1306;0,1659;0,0;0,0;8,33;14,29;102,12;77,99;0,0353;Piorou
2609402;Moreno;Moreno (PE);PE;Nordeste;78,03;113,74;0,1841;0,2594;4,0;10,71;12,0;10,71;46,73;26,62;0,0754;Piorou
2609501;Nazaré da Mata;Nazaré da Mata (PE);PE;Nordeste;96,53;149,4;0,1655;0,1449;3,7;2,94;7,41;8,82;84,14;53,22;-0,0206;Melhorou
2609600;Olinda;Olinda (PE);PE;Nordeste;45,05;59,94;0,114;0,1329;1,97;3,85;6,9;6,51;54,02;45,76;0,019;Piorou
2609709;Orobó;Orobó (PE);PE;Nordeste;100,0;160,24;0,1208;0,0114;5,56;0,0;0,0;0,0;73,41;36,0;-0,1095;Melhorou
2609808;Orocó;Orocó (PE);PE;Nordeste;94,39;181,04;0,0223;0,3432;0,0;16,67;0,0;8,33;51,66;48,62;0,3209;Piorou
2609907;Ouricuri;Ouricuri (PE);PE;Nordeste;100,0;139,47;0,1622;0,1636;7,41;1,72;3,7;9,48;46,38;97,99;0,0015;Piorou
2610004;Palmares;Palmares (PE);PE;Nordeste;97,67;173,36;0,2161;0,2124;7,58;4,76;3,03;9,52;128,41;102,07;-0,0037;Melhorou
2610103;Palmeirina;Palmeirina (PE);PE;Nordeste;100,0;199,08;0,0606;0,2024;0,0;5,0;0,0;5,0;106,54;139,39;0,1418;Piorou
2610202;Panelas;Panelas (PE);PE;Nordeste;87,98;197,9;0,1256;0,1445;6,25;8,0;0,0;0,0;65,39;54,76;0,0188;Piorou
2610301;Paranatama;Paranatama (PE);PE;Nordeste;100,0;172,14;0,1267;0,25;0,0;8,33;7,14;8,33;111,55;94,18;0,1233;Piorou
2610400;Parnamirim;Parnamirim (PE);PE;Nordeste;100,0;206,85;0,0485;0,1209;0,0;0,0;0,0;3,64;89,18;147,19;0,0724;Piorou
2610509;Passira;Passira (PE);PE;Nordeste;98,61;172,9;0,0789;0,1073;0,0;3,7;4,76;3,7;72,95;47,35;0,0284;Piorou
2610608;Paudalho;Paudalho (PE);PE;Nordeste;100,0;144,38;0,114;0,325;4,0;17,24;4,0;6,9;46,79;28,18;0,211;Piorou
2610707;Paulista;Paulista (PE);PE;Nordeste;47,86;51,14;0,1673;0,0955;4,13;2,04;10,74;6,12;35,7;35,78;-0,0718;Melhorou
2610806;Pedra;Pedra (PE);PE;Nordeste;100,0;153,54;0,301;0,1461;20,0;3,45;0,0;6,9;21,11;68,32;-0,1548;Melhorou
2610905;Pesqueira;Pesqueira (PE);PE;Nordeste;90,99;119,84;0,0692;0,129;0,0;2,27;0,0;6,82;118,8;70,03;0,0598;Piorou
2611002;Petrolândia;Petrolândia (PE);PE;Nordeste;80,24;143,85;0,14;0,1734;3,23;4,41;3,23;4,41;110,37;117,82;0,0334;Piorou
2611101;Petrolina;Petrolina (PE);PE;Nordeste;92,01;88,34;0,3461;0,2851;7,91;4,56;23,74;21,65;47,31;58,26;-0,061;Melhorou
2611200;Poção;Poção (PE);PE;Nordeste;100,0;166,66;0,1697;0,141;0,0;0,0;16,67;8,7;53,49;112,48;-0,0287;Melhorou
2611309;Pombos;Pombos (PE);PE;Nordeste;100,0;146,03;0,1366;0,0649;7,69;0,0;0,0;6,67;50,09;28,95;-0,0717;Melhorou
2611507;Quipapá;Quipapá (PE);PE;Nordeste;100,0;198,48;0,1447;0,1585;4,35;1,85;0,0;3,7;133,54;160,45;0,0138;Piorou
2611606;Recife;Recife (PE);PE;Nordeste;64,98;79,64;0,1407;0,1419;2,49;3,78;10,12;7,94;40,65;41,98;0,0012;Piorou
2611705;Riacho das Almas;Riacho das Almas (PE);PE;Nordeste;98,7;123,64;0,0972;0,1865;0,0;3,7;4,76;11,11;99,2;67,71;0,0892;Piorou
2611804;Ribeirão;Ribeirão (PE);PE;Nordeste;93,14;125,34;0,2601;0,31;14,29;7,32;0,0;19,51;85,37;61,55;0,0499;Piorou
2611903;Rio Formoso;Rio Formoso (PE);PE;Nordeste;100,0;174,92;0,117;0,3465;0,0;13,04;8,33;13,04;82,63;72,0;0,2295;Piorou
2612000;Sairé;Sairé (PE);PE;Nordeste;100,0;192,89;0,0214;0,1548;0,0;9,09;0,0;0,0;50,4;46,2;0,1334;Piorou
2612208;Salgueiro;Salgueiro (PE);PE;Nordeste;90,13;122,52;0,1655;0,1669;4,26;0,83;6,38;10,83;85,13;104,77;0,0014;Piorou
2612307;Saloá;Saloá (PE);PE;Nordeste;100,0;202,37;0,0089;0,3545;0,0;9,52;0,0;14,29;32,44;143,45;0,3456;Piorou
2612406;Sanharó;Sanharó (PE);PE;Nordeste;95,29;180,88;0,0299;0,0374;0,0;0,0;0,0;0,0;62,49;73,26;0,0075;Piorou
2612455;Santa Cruz;Santa Cruz (PE);PE;Nordeste;86,17;151,72;0,1658;0,1685;7,14;2,63;0,0;5,26;103,75;138,49;0,0027;Piorou
2612505;Santa Cruz do Capibaribe;Santa Cruz do Capibaribe (PE);PE;Nordeste;58,62;78,25;0,1128;0,1338;0,0;6,98;11,11;2,33;41,71;32,32;0,0211;Piorou
2612604;Santa Maria da Boa Vista;Santa Maria da Boa Vista (PE);PE;Nordeste;82,44;117,52;0,1769;0,0769;6,67;4,35;6,67;0,0;46,11;36,49;-0,0999;Melhorou
2612703;Santa Maria do Cambucá;Santa Maria do Cambucá (PE);PE;Nordeste;99,85;174,83;0,0252;0,0061;0,0;0,0;0,0;0,0;55,86;28,44;-0,0191;Melhorou
2613008;São Bento do Una;São Bento do Una (PE);PE;Nordeste;63,88;95,7;0,108;0,0824;2,56;1,12;2,56;1,12;87,08;99,45;-0,0256;Melhorou
2613107;São Caitano;São Caitano (PE);PE;Nordeste;93,65;114,7;0,1137;0,2866;2,08;12,09;0,0;3,3;137,73;129,05;0,1729;Piorou
2613206;São João;São João (PE);PE;Nordeste;100,0;161,64;0,2544;0,0801;10,53;0,0;5,26;2,13;91,79;107,72;-0,1743;Melhorou
2613305;São Joaquim do Monte;São Joaquim do Monte (PE);PE;Nordeste;100,0;176,28;0,1002;0,0669;0,0;0,0;8,33;3,45;58,54;72,2;-0,0333;Melhorou
2613404;São José da Coroa Grande;São José da Coroa Grande (PE);PE;Nordeste;99,88;157,25;0,115;0,272;0,0;0,0;10,0;27,27;58,84;66,83;0,157;Piorou
2613503;São José do Belmonte;São José do Belmonte (PE);PE;Nordeste;86,52;120,54;0,2196;0,17;3,45;4,17;13,79;8,33;86,97;69,07;-0,0496;Melhorou
2613602;São José do Egito;São José do Egito (PE);PE;Nordeste;100,0;180,62;0,2136;0,1801;11,54;5,71;0,0;4,29;77,77;101,14;-0,0335;Melhorou
2613701;São Lourenço da Mata;São Lourenço da Mata (PE);PE;Nordeste;81,02;89,66;0,0886;0,0865;0,0;0,93;7,84;5,61;48,21;53,09;-0,0022;Melhorou
2613800;São Vicente Férrer;São Vicente Férrer (PE);PE;Nordeste;100,0;175,1;0,0601;0,1983;0,0;0,0;0,0;19,05;105,75;64,58;0,1382;Piorou
2613909;Serra Talhada;Serra Talhada (PE);PE;Nordeste;95,41;96,34;0,206;0,2117;5,71;4,33;2,14;6,3;165,01;150,83;0,0058;Piorou
2614006;Serrita;Serrita (PE);PE;Nordeste;100,0;192,23;0,1149;0,1381;0,0;0,0;10,0;11,11;58,73;78,03;0,0232;Piorou
2614105;Sertânia;Sertânia (PE);PE;Nordeste;94,86;161,3;0,1087;0,2034;0,0;5,56;5,56;11,11;105,61;52,16;0,0947;Piorou
2614204;Sirinhaém;Sirinhaém (PE);PE;Nordeste;76,69;135,95;0,1502;0,3003;2,27;2,17;2,27;26,09;157,51;75,5;0,15;Piorou
2614402;Solidão;Solidão (PE);PE;Nordeste;100,0;199,2;0,285;0,1624;12,5;0,0;0,0;14,29;159,39;72,95;-0,1226;Melhorou
2614501;Surubim;Surubim (PE);PE;Nordeste;99,24;117,41;0,092;0,1394;1,69;3,6;1,69;4,5;93,86;85,39;0,0473;Piorou
2614600;Tabira;Tabira (PE);PE;Nordeste;100,0;177,38;0,1265;0,2885;7,14;2,17;0,0;23,91;47,5;85,98;0,162;Piorou
2614709;Tacaimbó;Tacaimbó (PE);PE;Nordeste;100,0;156,05;0,4874;0,0;14,29;0,0;28,57;0,0;52,17;19,03;-0,4874;Melhorou
2614857;Tamandaré;Tamandaré (PE);PE;Nordeste;100,0;144,83;0,1361;0,2115;4,76;0,0;0,0;19,35;112,29;79,6;0,0754;Piorou
2615003;Taquaritinga do Norte;Taquaritinga do Norte (PE);PE;Nordeste;71,84;127,34;0,1405;0,2981;7,69;15,79;0,0;5,26;55,65;41,39;0,1576;Piorou
2615201;Terra Nova;Terra Nova (PE);PE;Nordeste;76,84;156,95;0,2399;0,153;12,5;0,0;0,0;10,0;94,79;113,33;-0,0869;Melhorou
2615300;Timbaúba;Timbaúba (PE);PE;Nordeste;100,0;151,68;0,0606;0,1207;0,0;2,56;5,26;7,69;40,42;40,91;0,0601;Piorou
2615409;Toritama;Toritama (PE);PE;Nordeste;67,56;85,08;0,1607;0,0501;10,0;0,0;0,0;3,45;35,01;48,26;-0,1105;Melhorou
2615508;Tracunhaém;Tracunhaém (PE);PE;Nordeste;100,0;203,49;0,3063;0,0;0,0;0,0;30,0;0,0;81,72;18,35;-0,3063;Melhorou
2615607;Trindade;Trindade (PE);PE;Nordeste;93,53;118,56;0,0368;0,1718;0,0;7,69;0,0;3,85;72,48;52,17;0,1349;Piorou
2615706;Triunfo;Triunfo (PE);PE;Nordeste;99,2;166,6;0,0364;0,2343;0,0;2,13;0,0;12,77;71,79;149,32;0,198;Piorou
2615805;Tupanatinga;Tupanatinga (PE);PE;Nordeste;64,83;122,78;0,0468;0,0633;0,0;0,0;0,0;5,88;86,76;36,59;0,0165;Piorou
2615904;Tuparetama;Tuparetama (PE);PE;Nordeste;100,0;175,32;0,1849;0,3599;0,0;0,0;16,67;66,67;75,27;57,72;0,175;Piorou
2616001;Venturosa;Venturosa (PE);PE;Nordeste;100,0;186,69;0,0259;0,1346;0,0;0,0;0,0;8,82;56,85;101,69;0,1087;Piorou
2616100;Verdejante;Verdejante (PE);PE;Nordeste;87,82;171,77;0,3203;0,3258;11,11;0,0;11,11;33,33;100,2;67,75;0,0055;Piorou
2616183;Vertente do Lério;Vertente do Lério (PE);PE;Nordeste;100,0;185,23;0,0515;0,0291;0,0;0,0;0,0;0,0;93,51;61,42;-0,0224;Melhorou
2616308;Vicência;Vicência (PE);PE;Nordeste;99,62;159,36;0,0845;0,2018;0,0;5,88;5,0;11,76;77,95;34,73;0,1174;Piorou
2616407;Vitória de Santo Antão;Vitória de Santo Antão (PE);PE;Nordeste;94,8;121,9;0,1537;0,1111;2,16;3,7;0,87;3,7;182,44;52,71;-0,0426;Melhorou
2616506;Xexéu;Xexéu (PE);PE;Nordeste;100,0;211,0;0,2167;0,2851;11,11;4,35;0,0;17,39;91,37;116,31;0,0684;Piorou
2700102;Água Branca;Água Branca (AL);AL;Nordeste;98,8;164,28;0,0456;0,1272;0,0;2,5;0,0;2,5;84,99;116,74;0,0816;Piorou
2700201;Anadia;Anadia (AL);AL;Nordeste;100,0;191,08;0,0311;0,1299;0,0;0,0;0,0;14,29;64,26;26,36;0,0988;Piorou
2700300;Arapiraca;Arapiraca (AL);AL;Nordeste;100,0;108,94;0,2447;0,1692;13,64;7,27;1,82;6,36;54,4;25,98;-0,0755;Melhorou
2700409;Atalaia;Atalaia (AL);AL;Nordeste;100,0;148,8;0,192;0,1927;12,5;9,68;0,0;3,23;26,12;47,31;0,0007;Piorou
2700508;Barra de Santo Antônio;Barra de Santo Antônio (AL);AL;Nordeste;100,0;128,32;0,0213;0,1883;0,0;0,0;0,0;20,0;50,17;38,36;0,1671;Piorou
2700706;Batalha;Batalha (AL);AL;Nordeste;100,0;146,05;0,0275;0,1152;0,0;0,0;0,0;12,5;59,15;27,77;0,0877;Piorou
2701001;Boca da Mata;Boca da Mata (AL);AL;Nordeste;100,0;181,71;0,1285;0,3148;5,26;10,53;0,0;15,79;90,74;46,2;0,1863;Piorou
2701100;Branquinha;Branquinha (AL);AL;Nordeste;100,0;182,23;0,361;0,0129;40,0;0,0;0,0;0,0;59,31;38,15;-0,3481;Melhorou
2701308;Cajueiro;Cajueiro (AL);AL;Nordeste;97,87;163,13;0,2148;0,1298;12,5;7,14;0,0;0,0;58,76;52,17;-0,085;Melhorou
2701407;Campo Alegre;Campo Alegre (AL);AL;Nordeste;100,0;119,91;0,2342;0,1903;9,38;5,71;3,12;8,57;114,51;61,84;-0,0439;Melhorou
2701605;Canapi;Canapi (AL);AL;Nordeste;99,55;172,14;0,2338;0,5087;14,29;40,0;0,0;20,0;47,65;17,97;0,2749;Piorou
2701704;Capela;Capela (AL);AL;Nordeste;100,0;188,97;0,1704;0,1499;0,0;4,0;3,45;4,0;220,45;98,22;-0,0205;Melhorou
2701902;Chã Preta;Chã Preta (AL);AL;Nordeste;100,0;236,88;0,0739;0,0168;0,0;0,0;0,0;0,0;125,61;43,8;-0,0571;Melhorou
2702108;Colônia Leopoldina;Colônia Leopoldina (AL);AL;Nordeste;99,66;178,15;0,008;0,3043;0,0;12,5;0,0;12,5;31,17;30,02;0,2963;Piorou
2702306;Coruripe;Coruripe (AL);AL;Nordeste;99,6;133,35;0,0819;0,1679;0,0;6,67;0,0;6,67;137,05;33,29;0,086;Piorou
2702405;Delmiro Gouveia;Delmiro Gouveia (AL);AL;Nordeste;59,12;126,46;0,1764;0,2235;2,08;5,63;1,04;11,27;214,56;77,36;0,0471;Piorou
2702603;Feira Grande;Feira Grande (AL);AL;Nordeste;100,0;123,28;0,3018;0,4753;20,0;20,0;0,0;20,0;22,35;12,11;0,1735;Piorou
2702801;Flexeiras;Flexeiras (AL);AL;Nordeste;100,0;181,95;0,086;0,1739;0,0;10,0;0,0;0,0;142,86;53,93;0,0879;Piorou
2702900;Girau do Ponciano;Girau do Ponciano (AL);AL;Nordeste;87,38;140,35;0,3438;0,3333;27,27;25,0;0,0;0,0;34,72;11,16;-0,0105;Melhorou
2703106;Igaci;Igaci (AL);AL;Nordeste;100,0;159,5;0,3964;0,2641;22,22;11,11;0,0;11,11;110,01;18,32;-0,1323;Melhorou
2703205;Igreja Nova;Igreja Nova (AL);AL;Nordeste;100,0;161,13;0,0289;0,3026;0,0;20,0;0,0;0,0;61,1;23,52;0,2738;Piorou
2703809;Joaquim Gomes;Joaquim Gomes (AL);AL;Nordeste;100,0;163,26;0,249;0,1476;11,76;9,09;0,0;0,0;123,56;35,87;-0,1013;Melhorou
2704005;Junqueiro;Junqueiro (AL);AL;Nordeste;100,0;175,68;0,0854;0,1601;0,0;7,5;0,0;0,0;142,09;87,83;0,0746;Piorou
2704203;Limoeiro de Anadia;Limoeiro de Anadia (AL);AL;Nordeste;100,0;198,05;0,0059;0,0;0,0;0,0;0,0;0,0;28,24;15,17;-0,0059;Melhorou
2704302;Maceió;Maceió (AL);AL;Nordeste;43,96;34,29;0,1296;0,2474;7,48;9,67;0,62;10,1;36,96;39,41;0,1177;Piorou
2704401;Major Isidoro;Major Isidoro (AL);AL;Nordeste;98,89;149,97;0,3487;0,1461;42,86;0,0;0,0;16,67;41,78;18,08;-0,2026;Melhorou
2704500;Maragogi;Maragogi (AL);AL;Nordeste;100,0;131,44;0,0;0,3466;0,0;14,29;0,0;14,29;15,44;29,86;0,3466;Piorou
2704708;Marechal Deodoro;Marechal Deodoro (AL);AL;Nordeste;100,0;122,34;0,0956;0,3131;5,88;14,29;0,0;10,71;30,36;26,7;0,2174;Piorou
2704906;Mar Vermelho;Mar Vermelho (AL);AL;Nordeste;100,0;221,87;0,1062;0,0705;0,0;0,0;0,0;0,0;171,82;120,65;-0,0357;Melhorou
2705002;Mata Grande;Mata Grande (AL);AL;Nordeste;80,92;135,42;0,0722;0,0177;0,0;0,0;0,0;0,0;123,16;45,04;-0,0546;Melhorou
2705101;Matriz de Camaragibe;Matriz de Camaragibe (AL);AL;Nordeste;100,0;161,37;0,3615;0,2522;21,43;8,57;0,0;8,57;77,17;89,19;-0,1093;Melhorou
2705507;Murici;Murici (AL);AL;Nordeste;100,0;152,85;0,0146;0,2697;0,0;13,33;0,0;6,67;40,7;35,84;0,255;Piorou
2706307;Palmeira dos Índios;Palmeira dos Índios (AL);AL;Nordeste;99,93;113,28;0,1714;0,1238;4,76;6,38;3,57;2,13;118,11;33,16;-0,0477;Melhorou
2706406;Pão de Açúcar;Pão de Açúcar (AL);AL;Nordeste;100,0;133,44;0,0126;0,0056;0,0;0,0;0,0;0,0;37,81;27,81;-0,007;Melhorou
2706422;Pariconha;Pariconha (AL);AL;Nordeste;100,0;165,51;0,0621;0,0439;0,0;0,0;0,0;0,0;108,64;82,66;-0,0181;Melhorou
2706703;Penedo;Penedo (AL);AL;Nordeste;92,44;119,46;0,3489;0,2545;16,95;13,33;3,39;4,44;112,69;41,98;-0,0944;Melhorou
2706802;Piaçabuçu;Piaçabuçu (AL);AL;Nordeste;100,0;132,0;0,1628;0,1891;7,14;7,14;0,0;7,14;99,48;47,49;0,0263;Piorou
2706901;Pilar;Pilar (AL);AL;Nordeste;100,0;128,64;0,2886;0,2083;0,84;4,81;0,0;3,85;414,9;166,39;-0,0803;Melhorou
2707107;Piranhas;Piranhas (AL);AL;Nordeste;97,52;108,36;0,0984;0,198;0,0;7,55;0,0;0,0;160,6;141,19;0,0997;Piorou
2707305;Porto Calvo;Porto Calvo (AL);AL;Nordeste;100,0;159,94;0,2509;0,2007;10,34;9,09;0,0;4,55;156,76;54,84;-0,0501;Melhorou
2707503;Porto Real do Colégio;Porto Real do Colégio (AL);AL;Nordeste;100,0;166,8;0,2582;0,1658;16,67;0,0;0,0;18,18;31,43;28,92;-0,0924;Melhorou
2707602;Quebrangulo;Quebrangulo (AL);AL;Nordeste;100,0;157,94;0,0615;0,199;0,0;12,5;0,0;0,0;107,77;36,22;0,1375;Piorou
2707701;Rio Largo;Rio Largo (AL);AL;Nordeste;99,08;122,81;0,1289;0,219;8,0;6,59;0,0;10,99;32,51;53,74;0,0901;Piorou
2707800;Roteiro;Roteiro (AL);AL;Nordeste;100,0;162,18;0,3713;0,3204;20,0;20,0;0,0;0,0;121,85;48,98;-0,0509;Melhorou
2708006;Santana do Ipanema;Santana do Ipanema (AL);AL;Nordeste;77,5;116,92;0,3333;0,0002;28,57;0,0;0,0;0,0;17,48;19,99;-0,3332;Melhorou
2708303;São José da Laje;São José da Laje (AL);AL;Nordeste;100,0;176,57;0,2041;0,4343;8,33;22,22;0,0;11,11;133,03;24,82;0,2302;Piorou
2708402;São José da Tapera;São José da Tapera (AL);AL;Nordeste;100,0;160,1;0,1412;0,1031;7,69;1,54;0,0;0,0;56,77;134,27;-0,0382;Melhorou
2708501;São Luís do Quitunde;São Luís do Quitunde (AL);AL;Nordeste;100,0;136,04;0,0591;0,1402;0,0;9,09;0,0;0,0;104,33;25,19;0,0811;Piorou
2708600;São Miguel dos Campos;São Miguel dos Campos (AL);AL;Nordeste;100,0;128,74;0,2029;0,3315;4,35;7,27;0,0;21,82;216,86;64,25;0,1286;Piorou
2708709;São Miguel dos Milagres;São Miguel dos Milagres (AL);AL;Nordeste;100,0;165,05;0,0406;0,0117;0,0;0,0;0,0;0,0;77,92;36,54;-0,0289;Melhorou
2708808;São Sebastião;São Sebastião (AL);AL;Nordeste;100,0;188,32;0,1122;0,3;5,0;20,0;0,0;0,0;73,03;8,78;0,1878;Piorou
2708907;Satuba;Satuba (AL);AL;Nordeste;100,0;100,91;0,3486;0,3352;22,22;28,57;0,0;0,0;41,53;22,42;-0,0133;Melhorou
2709103;Taquarana;Taquarana (AL);AL;Nordeste;100,0;161,68;0,3526;0,5685;33,33;20,0;0,0;30,0;47,36;27,58;0,2159;Piorou
2709152;Teotônio Vilela;Teotônio Vilela (AL);AL;Nordeste;100,0;174,75;0,1249;0,1421;2,27;4,29;0,0;1,43;149,78;113,28;0,0172;Piorou
2709202;Traipu;Traipu (AL);AL;Nordeste;100,0;147,71;0,1772;0,3333;0,0;42,86;20,0;0,0;22,41;15,44;0,1561;Piorou
2709301;União dos Palmares;União dos Palmares (AL);AL;Nordeste;87,02;104,86;0,1722;0,1965;9,68;8,33;0,0;6,25;58,42;43,72;0,0244;Piorou
2709400;Viçosa;Viçosa (AL);AL;Nordeste;99,48;146,61;0,0862;0,2008;0,0;7,55;0,0;1,89;143,14;121,5;0,1146;Piorou
2800209;Aquidabã;Aquidabã (SE);SE;Nordeste;99,42;173,86;0,3188;0,3452;1,16;0,36;2,33;0,73;422,1;666,89;0,0264;Piorou
2800308;Aracaju;Aracaju (SE);SE;Nordeste;73,86;87,25;0,4286;0,2093;12,77;5,2;26,06;13,71;32,05;35,65;-0,2193;Melhorou
2800605;Barra dos Coqueiros;Barra dos Coqueiros (SE);SE;Nordeste;100,0;90,28;0,3316;0,2638;0,0;7,69;36,36;15,38;38,1;39,09;-0,0678;Melhorou
2800670;Boquim;Boquim (SE);SE;Nordeste;100,0;145,02;0,3138;0,3007;20,0;8,62;0,0;12,07;39,49;113,58;-0,0131;Melhorou
2801306;Capela;Capela (SE);SE;Nordeste;100,0;152,76;0,1118;0,1838;0,0;5,48;2,33;2,74;150,65;130,77;0,0719;Piorou
2801405;Carira;Carira (SE);SE;Nordeste;91,42;170,96;0,2326;0,0036;0,0;0,0;25,0;0,0;39,0;24,94;-0,229;Melhorou
2801702;Cristinápolis;Cristinápolis (SE);SE;Nordeste;100,0;170,78;0,2296;0,1826;0,0;0,0;22,22;13,33;69,5;113,82;-0,047;Melhorou
2802007;Divina Pastora;Divina Pastora (SE);SE;Nordeste;100,0;241,93;0,2715;0,071;0,0;0,0;0,0;0,0;408,45;121,36;-0,2005;Melhorou
2802106;Estância;Estância (SE);SE;Nordeste;89,84;104,92;0,3586;0,3297;6,94;6,32;20,83;16,67;122,48;146,87;-0,0288;Melhorou
2802809;Indiaroba;Indiaroba (SE);SE;Nordeste;99,76;126,89;0,1942;0,3397;0,0;7,5;16,67;15,0;88,59;156,82;0,1455;Piorou
2802908;Itabaiana;Itabaiana (SE);SE;Nordeste;81,98;93,5;0,2581;0,2047;6,25;9,64;18,75;4,82;16,93;45,39;-0,0534;Melhorou
2803005;Itabaianinha;Itabaianinha (SE);SE;Nordeste;98,63;110,06;0,1817;0,3086;0,0;7,94;18,75;15,87;44,57;91,92;0,1269;Piorou
2803203;Itaporanga d'Ajuda;Itaporanga d'Ajuda (SE);SE;Nordeste;100,0;162,73;0,3429;0,3258;14,29;10,34;14,29;17,24;24,62;47,67;-0,0171;Melhorou
2803500;Lagarto;Lagarto (SE);SE;Nordeste;79,08;103,36;0,2459;0,2888;8,82;4,73;11,76;19,53;34,58;86,46;0,0429;Piorou
2803609;Laranjeiras;Laranjeiras (SE);SE;Nordeste;100,0;162,4;0,3784;0,1942;8,33;5,56;25,0;11,11;68,71;38,95;-0,1842;Melhorou
2804300;Muribeca;Muribeca (SE);SE;Nordeste;95,44;178,98;0,1946;0,22;0,0;6,67;16,67;6,67;89,15;107,85;0,0254;Piorou
2804508;Nossa Senhora da Glória;Nossa Senhora da Glória (SE);SE;Nordeste;100,0;106,32;0,1956;0,1902;7,69;4,35;7,69;13,04;38,02;35,03;-0,0053;Melhorou
2804607;Nossa Senhora das Dores;Nossa Senhora das Dores (SE);SE;Nordeste;100,0;140,02;0,4766;0,1401;20,0;0,0;20,0;15,38;21,59;27,21;-0,3365;Melhorou
2804805;Nossa Senhora do Socorro;Nossa Senhora do Socorro (SE);SE;Nordeste;100,0;125,48;0,3127;0,2878;5,8;5,85;23,19;19,3;51,88;63,94;-0,0249;Melhorou
2805109;Pedrinhas;Pedrinhas (SE);SE;Nordeste;93,08;143,93;0,2075;0,1264;0,0;0,0;20,0;11,11;65,84;61,19;-0,0812;Melhorou
2805505;Poço Verde;Poço Verde (SE);SE;Nordeste;74,36;128,47;0,4183;0,2683;12,5;6,25;25,0;18,75;36,33;34,33;-0,1499;Melhorou
2805703;Propriá;Propriá (SE);SE;Nordeste;97,24;133,12;0,3928;0,2377;9,09;7,69;27,27;11,54;44,53;49,98;-0,1551;Melhorou
2805802;Riachão do Dantas;Riachão do Dantas (SE);SE;Nordeste;98,93;114,67;0,3022;0,2994;0,0;5,56;33,33;22,22;34,09;50,23;-0,0028;Melhorou
2805901;Riachuelo;Riachuelo (SE);SE;Nordeste;100,0;200,04;0,4199;0,2595;3,08;6,06;4,62;3,03;934,23;223,17;-0,1604;Melhorou
2806206;Salgado;Salgado (SE);SE;Nordeste;98,86;132,31;0,4762;0,4344;14,29;5,56;28,57;38,89;36,17;45,09;-0,0419;Melhorou
2806305;Santa Luzia do Itanhy;Santa Luzia do Itanhy (SE);SE;Nordeste;99,48;174,58;0,4378;0,263;7,14;2,86;28,57;14,29;134,58;155,68;-0,1748;Melhorou
2806503;Santa Rosa de Lima;Santa Rosa de Lima (SE);SE;Nordeste;99,03;166,69;0,484;0,1133;18,18;0,0;0,0;0,0;322,31;181,94;-0,3708;Melhorou
2806701;São Cristóvão;São Cristóvão (SE);SE;Nordeste;96,29;99,92;0,4733;0,394;22,45;12,35;12,24;20,99;66,47;55,23;-0,0794;Melhorou
2807105;Simão Dias;Simão Dias (SE);SE;Nordeste;91,07;106,86;0,4193;0,28;12,5;5,15;25,0;15,46;37,83;115,84;-0,1393;Melhorou
2807402;Tobias Barreto;Tobias Barreto (SE);SE;Nordeste;88,87;111,11;0,6338;0,4238;20,0;5,0;40,0;42,5;20,34;41,82;-0,21;Melhorou
2807501;Tomar do Geru;Tomar do Geru (SE);SE;Nordeste;100,0;145,68;0,4312;0,4412;9,09;12,5;27,27;18,75;99,54;147,62;0,01;Piorou
2807600;Umbaúba;Umbaúba (SE);SE;Nordeste;80,35;131,7;0,2092;0,411;0,0;5,71;18,75;31,43;83,98;90,92;0,2017;Piorou
2900207;Abaré;Abaré (BA);BA;Nordeste;97,47;138,89;0,2938;0,0557;3,03;0,0;12,12;0,0;223,23;99,46;-0,2382;Melhorou
2900306;Acajutiba;Acajutiba (BA);BA;Nordeste;100,0;177,6;0,0192;0,1753;0,0;0,0;0,0;20,0;47,29;16,97;0,1561;Piorou
2900405;Água Fria;Água Fria (BA);BA;Nordeste;100,0;214,26;0,1331;0,0158;0,0;0,0;12,5;0,0;53,38;42,39;-0,1173;Melhorou
2900504;Érico Cardoso;Érico Cardoso (BA);BA;Nordeste;100,0;165,03;0,289;0,2711;6,67;16,67;13,33;0,0;122,93;50,0;-0,0178;Melhorou
2900702;Alagoinhas;Alagoinhas (BA);BA;Nordeste;77,72;84,18;0,3949;0,289;11,61;7,9;11,99;13,06;185,37;99,89;-0,1059;Melhorou
2900801;Alcobaça;Alcobaça (BA);BA;Nordeste;100,0;155,76;0,2408;0,2185;8,11;6,78;2,7;5,08;156,4;123,18;-0,0222;Melhorou
2901007;Amargosa;Amargosa (BA);BA;Nordeste;93,17;115,0;0,3474;0,1062;13,46;3,12;7,69;1,56;131,51;85,13;-0,2412;Melhorou
2901106;Amélia Rodrigues;Amélia Rodrigues (BA);BA;Nordeste;96,09;130,49;0,2334;0,0778;9,09;2,94;9,09;0,0;44,53;68,03;-0,1555;Melhorou
2901155;América Dourada;América Dourada (BA);BA;Nordeste;100,0;184,97;0,1638;0,1797;4,35;4,44;0,0;2,22;160,93;153,63;0,0158;Piorou
2901205;Anagé;Anagé (BA);BA;Nordeste;100,0;147,33;0,2276;0,081;9,09;4,76;9,09;0,0;36,32;33,39;-0,1467;Melhorou
2901304;Andaraí;Andaraí (BA);BA;Nordeste;100,0;133,79;0,1477;0,1826;0,0;2,33;0,0;4,65;231,27;172,86;0,0349;Piorou
2901353;Andorinha;Andorinha (BA);BA;Nordeste;100,0;163,2;0,3461;0,0;0,0;0,0;83,33;0,0;37,97;18,01;-0,3461;Melhorou
2901502;Anguera;Anguera (BA);BA;Nordeste;100,0;183,76;0,2454;0,2081;14,29;7,69;0,0;7,69;64,28;55,88;-0,0373;Melhorou
2901601;Antas;Antas (BA);BA;Nordeste;92,76;142,35;0,361;0,1672;11,63;1,43;2,33;1,43;257,73;210,53;-0,1938;Melhorou
2901809;Antônio Gonçalves;Antônio Gonçalves (BA);BA;Nordeste;99,03;161,11;0,0368;0,2365;0,0;13,33;0,0;0,0;72,5;72,06;0,1997;Piorou
2901908;Aporá;Aporá (BA);BA;Nordeste;99,8;153,87;0,4258;0,2512;12,5;0,0;25,0;28,57;47,19;20,77;-0,1746;Melhorou
2902005;Aracatu;Aracatu (BA);BA;Nordeste;98,19;150,68;0,205;0,1411;6,25;4,17;6,25;4,17;100,59;79,92;-0,064;Melhorou
2902054;Araçás;Araçás (BA);BA;Nordeste;100,0;121,13;0,5007;0,1711;20,0;4,17;20,0;4,17;56,11;123,01;-0,3296;Melhorou
2902104;Araci;Araci (BA);BA;Nordeste;81,66;125,38;0,3112;0,2399;13,33;10,13;6,67;5,06;95,28;82,18;-0,0713;Melhorou
2902203;Aramari;Aramari (BA);BA;Nordeste;100,0;142,37;0,2508;0,35;5,0;25,0;5,0;0,0;208,73;43,64;0,0992;Piorou
2902252;Arataca;Arataca (BA);BA;Nordeste;100,0;171,72;0,3392;0,2617;12,5;15,38;12,5;0,0;80,1;64,08;-0,0775;Melhorou
2902302;Aratuípe;Aratuípe (BA);BA;Nordeste;100,0;161,34;0,0735;0,2454;0,0;0,0;0,0;23,08;125,03;81,39;0,1718;Piorou
2902401;Aurelino Leal;Aurelino Leal (BA);BA;Nordeste;100,0;187,85;0,1832;0,2593;7,14;3,03;0,0;1,52;128,67;306,88;0,0761;Piorou
2902500;Baianópolis;Baianópolis (BA);BA;Nordeste;100,0;154,25;0,1219;0,1885;0,0;0,0;5,88;15,38;120,47;96,56;0,0666;Piorou
2902609;Baixa Grande;Baixa Grande (BA);BA;Nordeste;94,56;130,46;0,3913;0,3963;26,09;22,86;0,0;2,86;102,69;74,05;0,005;Piorou
2902658;Banzaê;Banzaê (BA);BA;Nordeste;100,0;196,34;0,2755;0,2556;0,0;0,0;28,57;28,57;55,57;27,11;-0,0199;Melhorou
2902708;Barra;Barra (BA);BA;Nordeste;83,77;108,18;0,181;0,3303;1,25;7,37;5,0;5,99;189,33;259,05;0,1492;Piorou
2902807;Barra da Estiva;Barra da Estiva (BA);BA;Nordeste;100,0;116,54;0,0934;0,1072;0,0;2,94;7,69;2,94;56,9;73,17;0,0138;Piorou
2902906;Barra do Choça;Barra do Choça (BA);BA;Nordeste;100,0;114,94;0,2873;0,5073;11,11;19,35;11,11;22,58;53,03;47,04;0,22;Piorou
2903003;Barra do Mendes;Barra do Mendes (BA);BA;Nordeste;100,0;177,07;0,0876;0,2243;0,0;5,19;0,0;0,0;145,22;229,26;0,1366;Piorou
2903102;Barra do Rocha;Barra do Rocha (BA);BA;Nordeste;100,0;166,66;0,1041;0,0386;0,0;0,0;0,0;0,0;168,74;74,99;-0,0655;Melhorou
2903201;Barreiras;Barreiras (BA);BA;Nordeste;68,33;108,34;0,0906;0,2173;3,85;5,14;1,92;12,0;42,72;69,83;0,1267;Piorou
2903276;Barrocas;Barrocas (BA);BA;Nordeste;100,0;184,17;0,2382;0,2175;10,53;14,29;0,0;0,0;134,72;24,35;-0,0207;Melhorou
2903409;Belmonte;Belmonte (BA);BA;Nordeste;100,0;161,62;0,1465;0,2047;3,23;6,52;0,0;4,35;160,24;118,19;0,0582;Piorou
2903508;Belo Campo;Belo Campo (BA);BA;Nordeste;100,0;150,49;0,0135;0,0936;0,0;2,63;0,0;0,0;39,13;97,29;0,0801;Piorou
2903607;Biritinga;Biritinga (BA);BA;Nordeste;100,0;161,75;0,2071;0,2814;12,5;0,0;0,0;29,41;47,84;53,44;0,0743;Piorou
2903706;Boa Nova;Boa Nova (BA);BA;Nordeste;100,0;153,39;0,3412;0,2645;40,0;16,67;0,0;0,0;30,99;40,55;-0,0767;Melhorou
2903805;Boa Vista do Tupim;Boa Vista do Tupim (BA);BA;Nordeste;100,0;194,46;0,1101;0,1041;0,0;0,0;10,0;7,14;51,81;79,14;-0,006;Melhorou
2903904;Bom Jesus da Lapa;Bom Jesus da Lapa (BA);BA;Nordeste;100,0;178,04;0,1494;0,233;5,77;4,88;1,92;11,38;85,6;105,75;0,0836;Piorou
2903953;Bom Jesus da Serra;Bom Jesus da Serra (BA);BA;Nordeste;100,0;143,88;0,1762;0,1311;6,67;5,56;0,0;0,0;128,89;88,09;-0,0452;Melhorou
2904001;Boninal;Boninal (BA);BA;Nordeste;96,58;102,77;0,2864;0,1828;5,13;2,0;5,13;6,0;255,28;163,22;-0,1036;Melhorou
2904050;Bonito;Bonito (BA);BA;Nordeste;100,0;150,94;0,2795;0,2079;10,0;5,26;10,0;10,53;79,62;72,22;-0,0716;Melhorou
2904100;Boquira;Boquira (BA);BA;Nordeste;94,85;144,91;0,1317;0,2014;3,33;7,27;0,0;1,82;136,76;129,14;0,0697;Piorou
2904308;Brejões;Brejões (BA);BA;Nordeste;100,0;162,24;0,2647;0,0221;16,67;0,0;0,0;0,0;40,77;51,36;-0,2426;Melhorou
2904407;Brejolândia;Brejolândia (BA);BA;Nordeste;99,89;192,13;0,091;0,2359;0,0;9,09;0,0;4,55;149,98;105,16;0,1449;Piorou
2904506;Brotas de Macaúbas;Brotas de Macaúbas (BA);BA;Nordeste;100,0;148,74;0,0146;0,161;0,0;0,0;0,0;13,64;40,59;79,08;0,1464;Piorou
2904605;Brumado;Brumado (BA);BA;Nordeste;91,33;104,24;0,1111;0,1411;0,0;2,94;9,52;8,82;59,22;47,88;0,0301;Piorou
2904704;Buerarema;Buerarema (BA);BA;Nordeste;100,0;203,91;0,3074;0,0094;18,18;0,0;0,0;0,0;69,34;33,14;-0,298;Melhorou
2904852;Cabaceiras do Paraguaçu;Cabaceiras do Paraguaçu (BA);BA;Nordeste;100,0;190,22;0,3147;0,6104;18,18;27,27;0,0;27,27;79,89;74,06;0,2956;Piorou
2904902;Cachoeira;Cachoeira (BA);BA;Nordeste;100,0;155,55;0,3555;0,2152;12,86;2,26;1,43;4,51;234,65;222,82;-0,1403;Melhorou
2905008;Caculé;Caculé (BA);BA;Nordeste;100,0;124,65;0,12;0,1684;3,45;6,45;0,0;0,0;117,5;122,27;0,0484;Piorou
2905107;Caém;Caém (BA);BA;Nordeste;100,0;134,82;0,159;0,2635;0,0;0,0;5,56;2,6;177,67;364,41;0,1045;Piorou
2905206;Caetité;Caetité (BA);BA;Nordeste;76,91;109,62;0,1366;0,125;1,85;1,94;5,56;4,85;105,76;96,14;-0,0115;Melhorou
2905305;Cafarnaum;Cafarnaum (BA);BA;Nordeste;100,0;139,44;0,5556;0,0831;22,22;0,0;22,22;7,69;59,03;42,21;-0,4725;Melhorou
2905404;Cairu;Cairu (BA);BA;Nordeste;100,0;141,22;0,0664;0,0799;0,0;0,0;0,0;6,25;114,8;55,63;0,0135;Piorou
2905503;Caldeirão Grande;Caldeirão Grande (BA);BA;Nordeste;87,2;121,52;0,0461;0,1974;0,0;2,38;0,0;7,14;85,68;161,54;0,1513;Piorou
2905602;Camacan;Camacan (BA);BA;Nordeste;100,0;170,51;0,363;0,2641;11,43;11,86;0,0;1,69;293,99;121,72;-0,0989;Melhorou
2905701;Camaçari;Camaçari (BA);BA;Nordeste;84,71;84,07;0,3251;0,3385;15,79;9,7;7,89;19,03;47,08;57,14;0,0133;Piorou
2905800;Camamu;Camamu (BA);BA;Nordeste;97,77;164,64;0,0991;0,2587;0,0;11,54;10,0;3,85;36,11;93,99;0,1595;Piorou
2905909;Campo Alegre de Lourdes;Campo Alegre de Lourdes (BA);BA;Nordeste;79,1;103,18;0,1816;0,1478;0,0;3,23;1,27;4,84;263,83;101,38;-0,0337;Melhorou
2906006;Campo Formoso;Campo Formoso (BA);BA;Nordeste;97,51;130,24;0,2725;0,2247;8,2;11,49;11,48;2,3;89,85;65,72;-0,0478;Melhorou
2906105;Canápolis;Canápolis (BA);BA;Nordeste;100,0;171,14;0,0496;0,0748;0,0;0,0;0,0;0,0;90,75;126,91;0,0253;Piorou
2906204;Canarana;Canarana (BA);BA;Nordeste;100,0;159,05;0,1204;0,1731;4,55;4,76;0,0;9,52;94,51;45,76;0,0527;Piorou
2906303;Canavieiras;Canavieiras (BA);BA;Nordeste;99,2;107,08;0,1121;0,1788;2,22;6,9;0,0;3,45;132,57;84,39;0,0667;Piorou
2906501;Candeias;Candeias (BA);BA;Nordeste;81,46;122,09;0,0776;0,2768;4,55;8,57;0,0;12,38;33,17;76,61;0,1993;Piorou
2906600;Candiba;Candiba (BA);BA;Nordeste;72,54;132,76;0,3573;0,1741;22,22;11,11;0,0;0,0;54,06;30,36;-0,1832;Melhorou
2906709;Cândido Sales;Cândido Sales (BA);BA;Nordeste;100,0;138,63;0,1038;0,0823;0,0;0,0;2,78;1,52;133,46;118,52;-0,0215;Melhorou
2906808;Cansanção;Cansanção (BA);BA;Nordeste;98,28;125,03;0,1951;0,2265;3,92;4,92;5,88;5,74;141,06;166,36;0,0313;Piorou
2906824;Canudos;Canudos (BA);BA;Nordeste;98,53;129,49;0,0088;0,0949;0,0;0,0;0,0;10,0;32,3;30,15;0,0862;Piorou
2906873;Capim Grosso;Capim Grosso (BA);BA;Nordeste;99,22;117,04;0,0763;0,1228;0,0;1,59;4,0;4,76;78,81;101,77;0,0465;Piorou
2906907;Caravelas;Caravelas (BA);BA;Nordeste;100,0;170,06;0,0039;0,1951;0,0;8,7;0,0;4,35;25,26;57,75;0,1912;Piorou
2907103;Carinhanha;Carinhanha (BA);BA;Nordeste;99,61;106,08;0,0103;0,1997;0,0;6,25;0,0;6,25;34,54;92,93;0,1893;Piorou
2907202;Casa Nova;Casa Nova (BA);BA;Nordeste;93,6;95,08;0,3836;0,1345;12,5;6,98;20,83;2,33;39,03;33,33;-0,2491;Melhorou
2907301;Castro Alves;Castro Alves (BA);BA;Nordeste;100,0;141,63;0,1296;0,1765;2,56;3,28;0,0;6,56;150,17;119,76;0,047;Piorou
2907509;Catu;Catu (BA);BA;Nordeste;78,18;109,03;0,2105;0,1433;9,52;4,62;2,38;4,62;86,72;67,87;-0,0672;Melhorou
2907608;Central;Central (BA);BA;Nordeste;100,0;128,45;0,0237;0,0215;0,0;0,0;0,0;0,0;53,71;50,56;-0,0022;Melhorou
2907806;Cícero Dantas;Cícero Dantas (BA);BA;Nordeste;97,7;113,82;0,3233;0,2678;14,29;8,33;4,76;12,5;116,04;67,24;-0,0555;Melhorou
2907905;Cipó;Cipó (BA);BA;Nordeste;100,0;142,19;0,1486;0,2297;5,88;4,65;0,0;9,3;106,17;132,04;0,0812;Piorou
2908002;Coaraci;Coaraci (BA);BA;Nordeste;99,9;153,12;0,0154;0,3947;0,0;17,86;0,0;10,71;41,77;66,94;0,3794;Piorou
2908200;Conceição da Feira;Conceição da Feira (BA);BA;Nordeste;100,0;134,61;0,402;0,3977;20,0;4,35;5,0;34,78;103,0;59,26;-0,0042;Melhorou
2908309;Conceição do Almeida;Conceição do Almeida (BA);BA;Nordeste;100,0;132,96;0,3658;0,1381;16,67;2,0;4,17;2,0;133,2;149,37;-0,2277;Melhorou
2908408;Conceição do Coité;Conceição do Coité (BA);BA;Nordeste;73,4;94,17;0,3087;0,2836;7,93;8,63;3,66;7,61;245,58;144,84;-0,0251;Melhorou
2908507;Conceição do Jacuípe;Conceição do Jacuípe (BA);BA;Nordeste;100,0;168,51;0,3836;0,1898;15,0;1,96;15,0;13,73;58,5;77,07;-0,1938;Melhorou
2908606;Conde;Conde (BA);BA;Nordeste;100,0;129,46;0,3769;0,1993;18,18;12,5;9,09;0,0;54,8;36,62;-0,1776;Melhorou
2908705;Condeúba;Condeúba (BA);BA;Nordeste;100,0;164,19;0,034;0,0148;0,0;0,0;0,0;0,0;68,35;40,95;-0,0191;Melhorou
2908903;Coração de Maria;Coração de Maria (BA);BA;Nordeste;100,0;122,92;0,0995;0,2625;0,0;3,39;0,0;16,95;162,18;110,09;0,1631;Piorou
2909109;Coribe;Coribe (BA);BA;Nordeste;100,0;175,12;0,0645;0,1462;0,0;0,0;0,0;3,51;112,11;185,07;0,0817;Piorou
2909307;Correntina;Correntina (BA);BA;Nordeste;96,7;137,48;0,0331;0,1384;0,0;4,17;0,0;1,39;67,11;111,05;0,1054;Piorou
2909505;Cravolândia;Cravolândia (BA);BA;Nordeste;100,0;237,82;0,0706;0,0793;0,0;0,0;0,0;0,0;120,77;133,3;0,0088;Piorou
2909604;Crisópolis;Crisópolis (BA);BA;Nordeste;99,86;128,62;0,3227;0,1477;11,76;4,17;11,76;2,08;81,47;115,61;-0,175;Melhorou
2909802;Cruz das Almas;Cruz das Almas (BA);BA;Nordeste;70,42;115,56;0,2052;0,1788;4,26;4,8;5,32;5,6;155,43;102,34;-0,0264;Melhorou
2909901;Curaçá;Curaçá (BA);BA;Nordeste;92,24;135,24;0,1358;0,0539;0,0;0,0;13,33;2,38;46,78;67,06;-0,0819;Melhorou
2910008;Dário Meira;Dário Meira (BA);BA;Nordeste;100,0;161,73;0,0352;0,02;0,0;0,0;0,0;0,0;70,15;48,42;-0,0152;Melhorou
2910057;Dias d'Ávila;Dias d'Ávila (BA);BA;Nordeste;86,49;97,92;0,1811;0,3044;5,26;5,68;10,53;20,45;33,82;76,75;0,1233;Piorou
2910305;Elísio Medrado;Elísio Medrado (BA);BA;Nordeste;100,0;179,3;0,0544;0,2829;0,0;10,81;0,0;0,0;97,65;192,58;0,2285;Piorou
2910404;Encruzilhada;Encruzilhada (BA);BA;Nordeste;100,0;146,54;0,2469;0,1296;7,14;0,0;0,0;5,77;219,83;132,83;-0,1173;Melhorou
2910503;Entre Rios;Entre Rios (BA);BA;Nordeste;89,04;126,79;0,268;0,1839;8,33;4,0;12,5;10,0;67,58;71,62;-0,0841;Melhorou
2910602;Esplanada;Esplanada (BA);BA;Nordeste;71,71;129,68;0,1801;0,288;5,26;13,64;2,63;1,52;131,61;120,19;0,1078;Piorou
2910701;Euclides da Cunha;Euclides da Cunha (BA);BA;Nordeste;100,0;136,68;0,1703;0,2647;7,14;9,26;1,79;9,26;87,77;83,64;0,0944;Piorou
2910727;Eunápolis;Eunápolis (BA);BA;Nordeste;97,98;110,9;0,257;0,2725;10,53;8,66;2,26;4,18;133,33;171,55;0,0155;Piorou
2910750;Fátima;Fátima (BA);BA;Nordeste;100,0;156,45;0,3389;0,1597;0,0;5,88;40,0;5,88;27,72;48,28;-0,1792;Melhorou
2910800;Feira de Santana;Feira de Santana (BA);BA;Nordeste;74,74;82,62;0,4624;0,3909;10,09;5,25;33,77;33,4;41,29;47,44;-0,0715;Melhorou
2910859;Filadélfia;Filadélfia (BA);BA;Nordeste;100,0;156,45;0,3488;0,254;13,04;5,0;8,7;12,5;129,87;119,14;-0,0948;Melhorou
2911204;Gandu;Gandu (BA);BA;Nordeste;97,61;129,16;0,2539;0,1782;8,93;5,21;0,0;0,0;191,56;163,08;-0,0757;Melhorou
2911501;Gongogi;Gongogi (BA);BA;Nordeste;100,0;315,03;0,261;0,1763;12,5;5,88;0,0;0,0;124,94;145,78;-0,0847;Melhorou
2911600;Governador Mangabeira;Governador Mangabeira (BA);BA;Nordeste;100,0;152,87;0,303;0,128;11,43;0,0;2,86;10,71;172,21;68,52;-0,175;Melhorou
2911709;Guanambi;Guanambi (BA);BA;Nordeste;100,0;115,28;0,1915;0,1592;7,55;2,86;5,66;6,86;60,81;100,2;-0,0323;Melhorou
2911857;Heliópolis;Heliópolis (BA);BA;Nordeste;100,0;137,93;0,1488;0,5269;0,0;12,5;14,29;50,0;53,52;28,46;0,3781;Piorou
2911907;Iaçu;Iaçu (BA);BA;Nordeste;100,0;170,68;0,0074;0,1352;0,0;3,23;0,0;6,45;30,31;63,02;0,1278;Piorou
2912004;Ibiassucê;Ibiassucê (BA);BA;Nordeste;100,0;167,8;0,1245;0,0079;0,0;0,0;6,67;0,0;114,35;31,04;-0,1166;Melhorou
2912103;Ibicaraí;Ibicaraí (BA);BA;Nordeste;100,0;177,7;0,1775;0,1714;11,11;10,53;0,0;0,0;35,23;39,03;-0,0061;Melhorou
2912202;Ibicoara;Ibicoara (BA);BA;Nordeste;98,2;152,25;0,1115;0,0143;0,0;0,0;8,33;0,0;74,83;40,27;-0,0972;Melhorou
2912301;Ibicuí;Ibicuí (BA);BA;Nordeste;100,0;181,06;0,2318;0,1726;5,0;0,0;0,0;13,33;244,31;99,54;-0,0592;Melhorou
2912400;Ibipeba;Ibipeba (BA);BA;Nordeste;100,0;147,56;0,0167;0,1114;0,0;6,25;0,0;0,0;43,69;44,96;0,0946;Piorou
2912509;Ibipitanga;Ibipitanga (BA);BA;Nordeste;100,0;151,48;0,0128;0,1396;0,0;0,0;0,0;14,29;38,0;40,24;0,1268;Piorou
2912707;Ibirapitanga;Ibirapitanga (BA);BA;Nordeste;100,0;110,47;0,1286;0,2349;2,94;0,62;0,0;0,0;140,7;342,71;0,1063;Piorou
2912806;Ibirapuã;Ibirapuã (BA);BA;Nordeste;100,0;157,37;0,0469;0,1958;0,0;0,0;0,0;16,67;86,9;90,9;0,1489;Piorou
2912905;Ibirataia;Ibirataia (BA);BA;Nordeste;100,0;130,37;0,3519;0,4054;1,23;4,56;0,0;0,41;803,7;598,43;0,0536;Piorou
2913002;Ibitiara;Ibitiara (BA);BA;Nordeste;100,0;167,38;0,0964;0,1532;0,0;5,26;0,0;5,26;157,73;59,92;0,0568;Piorou
2913101;Ibititá;Ibititá (BA);BA;Nordeste;95,12;103,12;0,003;0,0;0,0;0,0;0,0;0,0;23,99;14,52;-0,003;Melhorou
2913200;Ibotirama;Ibotirama (BA);BA;Nordeste;100,0;128,05;0,3822;0,4124;14,71;8,77;8,82;24,56;140,42;113,56;0,0302;Piorou
2913408;Igaporã;Igaporã (BA);BA;Nordeste;100,0;157,78;0,0538;0,1902;0,0;11,11;0,0;0,0;96,76;53,49;0,1364;Piorou
2913457;Igrapiúna;Igrapiúna (BA);BA;Nordeste;100,0;186,29;0,1891;0,2623;4,55;5,26;0,0;15,79;192,85;84,04;0,0732;Piorou
2913507;Iguaí;Iguaí (BA);BA;Nordeste;88,81;122,14;0,3442;0,3515;2,8;0,77;0,93;0,77;440,6;812,84;0,0073;Piorou
2913606;Ilhéus;Ilhéus (BA);BA;Nordeste;62,93;89,17;0,1874;0,1868;7,78;5,87;2,4;2,52;90,82;129,56;-0,0006;Melhorou
2913705;Inhambupe;Inhambupe (BA);BA;Nordeste;96,2;158,06;0,1758;0,1996;4,35;8,33;8,7;5,56;68,91;56,87;0,0238;Piorou
2913903;Ipiaú;Ipiaú (BA);BA;Nordeste;96,86;128,97;0,3004;0,1427;5,38;6,9;2,31;3,45;305,26;32,69;-0,1577;Melhorou
2914000;Ipirá;Ipirá (BA);BA;Nordeste;64,06;95,88;0,1252;0,1626;0,0;6,67;14,29;6,67;12,68;25,62;0,0373;Piorou
2914208;Irajuba;Irajuba (BA);BA;Nordeste;100,0;229,47;0,2956;0,1501;0,0;0,0;0,0;0,0;443,01;234,67;-0,1455;Melhorou
2914307;Iramaia;Iramaia (BA);BA;Nordeste;100,0;162,76;0,3333;0,3332;0,0;0,0;0,0;0,0;655,95;496,89;-0,0001;Melhorou
2914406;Iraquara;Iraquara (BA);BA;Nordeste;95,93;131,91;0,2681;0,2141;3,08;1,53;3,08;0,0;298,93;293,55;-0,054;Melhorou
2914505;Irará;Irará (BA);BA;Nordeste;100,0;124,8;0,1825;0,273;2,63;3,85;7,89;19,23;125,46;86,56;0,0904;Piorou
2914604;Irecê;Irecê (BA);BA;Nordeste;91,71;104,12;0,22;0,2077;11,11;7,07;5,56;7,07;26,3;76,46;-0,0123;Melhorou
2914653;Itabela;Itabela (BA);BA;Nordeste;100,0;136,69;0,3744;0,2434;7,95;5,22;1,14;0,87;370,74;245,24;-0,131;Melhorou
2914703;Itaberaba;Itaberaba (BA);BA;Nordeste;91,62;112,72;0,2465;0,421;8,33;19,23;12,5;13,46;36,79;40,54;0,1745;Piorou
2914802;Itabuna;Itabuna (BA);BA;Nordeste;80,34;91,86;0,346;0,3886;32,89;17,16;0,0;11,19;37,92;67,03;0,0426;Piorou
2914901;Itacaré;Itacaré (BA);BA;Nordeste;100,0;157,78;0,2794;0,0753;16,67;0,0;0,0;0,0;61,81;127,55;-0,2041;Melhorou
2915007;Itaeté;Itaeté (BA);BA;Nordeste;100,0;181,85;0,4705;0,4006;16,67;20,0;16,67;10,0;126,18;38,23;-0,0699;Melhorou
2915106;Itagi;Itagi (BA);BA;Nordeste;100,0;121,5;0,2379;0,2255;10,53;10,0;0,0;5,0;134,25;65,11;-0,0123;Melhorou
2915205;Itagibá;Itagibá (BA);BA;Nordeste;79,51;137,16;0,4324;0,0053;21,43;0,0;7,14;0,0;89,01;27,27;-0,4272;Melhorou
2915403;Itaju do Colônia;Itaju do Colônia (BA);BA;Nordeste;100,0;173,92;0,0836;0,203;0,0;11,11;0,0;0,0;139,5;71,8;0,1194;Piorou
2915502;Itajuípe;Itajuípe (BA);BA;Nordeste;100,0;128,9;0,019;0,0845;0,0;3,57;0,0;0,0;46,89;63,97;0,0655;Piorou
2915601;Itamaraju;Itamaraju (BA);BA;Nordeste;100,0;139,94;0,214;0,1847;7,04;5,3;4,23;3,31;121,93;128,84;-0,0294;Melhorou
2915809;Itambé;Itambé (BA);BA;Nordeste;100,0;114,78;0,246;0,2747;3,57;9,89;5,36;1,1;228,08;186,86;0,0287;Piorou
2916005;Itanhém;Itanhém (BA);BA;Nordeste;100,0;164,55;0,1408;0,2025;2,56;7,55;0,0;1,89;166,32;123,97;0,0617;Piorou
2916104;Itaparica;Itaparica (BA);BA;Nordeste;100,0;159,17;0,0571;0,1821;0,0;4,08;0,0;6,12;101,53;115,99;0,125;Piorou
2916401;Itapetinga;Itapetinga (BA);BA;Nordeste;63,4;110,1;0,2748;0,1678;4,92;7,41;2,73;0,0;273,29;100,92;-0,107;Melhorou
2916500;Itapicuru;Itapicuru (BA);BA;Nordeste;96,52;141,78;0,192;0,2307;12,5;8,89;0,0;6,67;26,16;75,47;0,0387;Piorou
2916609;Itapitanga;Itapitanga (BA);BA;Nordeste;100,0;136,2;0,3341;0,1833;18,18;11,11;0,0;0,0;107,61;43,52;-0,1508;Melhorou
2916708;Itaquara;Itaquara (BA);BA;Nordeste;100,0;171,71;0,3187;0,2051;2,78;2,17;0,0;0,0;416,38;266,71;-0,1136;Melhorou
2916807;Itarantim;Itarantim (BA);BA;Nordeste;92,88;164,2;0,2037;0,1852;2,78;4,92;5,56;1,64;182,04;158,65;-0,0186;Melhorou
2916856;Itatim;Itatim (BA);BA;Nordeste;100,0;155,68;0,0597;0,1255;0,0;0,0;0,0;10,53;105,18;67,3;0,0658;Piorou
2916906;Itiruçu;Itiruçu (BA);BA;Nordeste;100,0;159,1;0,4285;0,3973;5,68;2,96;1,14;2,22;686,74;542,41;-0,0313;Melhorou
2917003;Itiúba;Itiúba (BA);BA;Nordeste;95,67;118,82;0,298;0,3008;5,71;8,24;17,14;11,76;108,53;125,91;0,0028;Piorou
2917102;Itororó;Itororó (BA);BA;Nordeste;100,0;147,43;0,3733;0,2768;2,06;1,38;1,03;0,69;520,81;377,75;-0,0965;Melhorou
2917201;Ituaçu;Ituaçu (BA);BA;Nordeste;100,0;182,34;0,1338;0,292;5,88;12,82;0,0;5,13;84,94;98,18;0,1583;Piorou
2917300;Ituberá;Ituberá (BA);BA;Nordeste;91,94;151,14;0,1921;0,2235;4,88;10,71;0,0;3,57;190,02;64,75;0,0314;Piorou
2917359;Jaborandi;Jaborandi (BA);BA;Nordeste;100,0;150,94;0,1927;0,0375;8,33;0,0;0,0;0,0;116,67;73,37;-0,1552;Melhorou
2917409;Jacaraci;Jacaraci (BA);BA;Nordeste;100,0;165,67;0,1849;0,1151;11,11;6,67;0,0;0,0;45,91;41,39;-0,0698;Melhorou
2917508;Jacobina;Jacobina (BA);BA;Nordeste;94,86;123,24;0,1903;0,3771;6,0;4,76;8,0;33,33;62,88;38,98;0,1868;Piorou
2917607;Jaguaquara;Jaguaquara (BA);BA;Nordeste;95,54;130,4;0,2569;0,1374;9,09;7,27;0,0;0,0;192,29;60,2;-0,1195;Melhorou
2917706;Jaguarari;Jaguarari (BA);BA;Nordeste;99,42;121,28;0,1017;0,235;0,0;6,67;11,11;13,33;25,86;45,61;0,1333;Piorou
2917805;Jaguaripe;Jaguaripe (BA);BA;Nordeste;100,0;158,55;0,2286;0,1404;11,11;4,55;0,0;4,55;108,45;66,16;-0,0882;Melhorou
2918001;Jequié;Jequié (BA);BA;Nordeste;82,85;94,42;0,2176;0,1521;8,14;2,93;8,14;6,19;54,36;96,82;-0,0656;Melhorou
2918100;Jeremoabo;Jeremoabo (BA);BA;Nordeste;99,06;130,22;0,2088;0,2168;9,52;4,6;4,76;9,2;54,35;116,04;0,0081;Piorou
2918209;Jiquiriçá;Jiquiriçá (BA);BA;Nordeste;100,0;179,76;0,3;0,3272;4,0;7,87;0,0;0,0;363,42;319,26;0,0271;Piorou
2918308;Jitaúna;Jitaúna (BA);BA;Nordeste;100,0;146,29;0,0481;0,1936;0,0;7,69;0,0;3,85;88,65;83,51;0,1455;Piorou
2918357;João Dourado;João Dourado (BA);BA;Nordeste;82,92;112,65;0,13;0,1972;6,25;7,55;0,0;1,89;71,71;116,3;0,0671;Piorou
2918407;Juazeiro;Juazeiro (BA);BA;Nordeste;99,98;98,15;0,3822;0,3871;11,54;5,93;20,0;30,0;68,17;70,12;0,0048;Piorou
2918506;Jussara;Jussara (BA);BA;Nordeste;100,0;128,4;0,215;0,0418;5,71;0,0;0,0;0,0;204,89;79,66;-0,1732;Melhorou
2918605;Jussiape;Jussiape (BA);BA;Nordeste;100,0;189,72;0,0678;0,0212;0,0;0,0;0,0;0,0;116,79;50,15;-0,0465;Melhorou
2918803;Laje;Laje (BA);BA;Nordeste;100,0;149,62;0,1873;0,2848;6,06;4,35;0,0;8,7;157,78;225,02;0,0975;Piorou
2919058;Lajedo do Tabocal;Lajedo do Tabocal (BA);BA;Nordeste;100,0;186,81;0,3667;0,0798;2,22;0,0;0,0;0,0;533,88;133,97;-0,2869;Melhorou
2919157;Lapão;Lapão (BA);BA;Nordeste;100,0;163,19;0,3048;0,0766;12,5;2,56;12,5;0,0;30,78;74,33;-0,2282;Melhorou
2919207;Lauro de Freitas;Lauro de Freitas (BA);BA;Nordeste;82,15;74,68;0,2017;0,1441;4,07;2,75;12,2;9,34;68,13;49,83;-0,0576;Melhorou
2919306;Lençóis;Lençóis (BA);BA;Nordeste;98,58;142,12;0,2125;0,0125;10,0;0,0;0,0;0,0;109,21;37,66;-0,2;Melhorou
2919504;Livramento de Nossa Senhora;Livramento de Nossa Senhora (BA);BA;Nordeste;92,31;95,33;0,1398;0,1739;4,55;6,25;2,27;0,89;93,75;123,29;0,0341;Piorou
2919603;Macajuba;Macajuba (BA);BA;Nordeste;100,0;133,92;0,044;0,1261;0,0;4,76;0,0;0,0;82,79;98,05;0,0821;Piorou
2919702;Macarani;Macarani (BA);BA;Nordeste;92,78;94,52;0,0256;0,2814;0,0;3,82;0,0;2,29;56,37;311,92;0,2558;Piorou
2919801;Macaúbas;Macaúbas (BA);BA;Nordeste;95,11;133,78;0,3885;0,1292;20,0;6,06;6,67;0,0;62,83;74,57;-0,2593;Melhorou
2920007;Maiquinique;Maiquinique (BA);BA;Nordeste;68,89;172,04;0,0789;0,2711;0,0;5,0;0,0;15,0;132,78;112,16;0,1921;Piorou
2920106;Mairi;Mairi (BA);BA;Nordeste;100,0;165,84;0,2552;0,2235;13,04;5,41;0,0;10,81;105,04;87,89;-0,0318;Melhorou
2920205;Malhada;Malhada (BA);BA;Nordeste;97,0;115,54;0,2011;0,0119;0,0;0,0;18,18;0,0;79,48;36,72;-0,1893;Melhorou
2920403;Manoel Vitorino;Manoel Vitorino (BA);BA;Nordeste;100,0;138,88;0,2634;0,1551;16,67;5,0;0,0;5,0;38,99;71,62;-0,1084;Melhorou
2920502;Maracás;Maracás (BA);BA;Nordeste;99,07;90,81;0,2042;0,1573;5,08;2,97;0,0;0,0;202,98;181,18;-0,0469;Melhorou
2920601;Maragogipe;Maragogipe (BA);BA;Nordeste;100,0;136,64;0,2746;0,1637;13,33;7,02;3,33;1,75;84,76;81,33;-0,111;Melhorou
2920700;Maraú;Maraú (BA);BA;Nordeste;100,0;142,69;0,3066;0,1008;13,33;0,0;6,67;6,45;88,67;83,02;-0,2058;Melhorou
2920908;Mascote;Mascote (BA);BA;Nordeste;100,0;180,89;0,162;0,3352;4,76;17,65;0,0;0,0;149,44;120,63;0,1732;Piorou
2921005;Mata de São João;Mata de São João (BA);BA;Nordeste;98,12;125,73;0,1155;0,1954;0,0;3,12;11,11;8,33;45,69;127,78;0,0799;Piorou
2921054;Matina;Matina (BA);BA;Nordeste;100,0;135,52;0,0282;0,0259;0,0;0,0;0,0;0,0;60,15;56,78;-0,0024;Melhorou
2921104;Medeiros Neto;Medeiros Neto (BA);BA;Nordeste;100,0;152,44;0,1667;0,2532;5,13;10,77;0,0;1,54;148,3;131,63;0,0865;Piorou
2921203;Miguel Calmon;Miguel Calmon (BA);BA;Nordeste;92,32;141,92;0,3272;0,2929;11,32;8,54;3,77;8,54;197,72;148,63;-0,0343;Melhorou
2921302;Milagres;Milagres (BA);BA;Nordeste;100,0;126,45;0,2329;0,0714;4,17;0,0;4,17;0,0;211,35;121,97;-0,1615;Melhorou
2921500;Monte Santo;Monte Santo (BA);BA;Nordeste;100,0;131,85;0,2505;0,2581;0,0;7,79;28,57;11,69;14,98;75,18;0,0076;Piorou
2921708;Morro do Chapéu;Morro do Chapéu (BA);BA;Nordeste;100,0;187,53;0,2334;0,2535;3,9;10,34;2,6;2,3;237,61;131,67;0,0201;Piorou
2921906;Mucugê;Mucugê (BA);BA;Nordeste;100,0;173,02;0,0764;0,0141;0,0;0,0;0,0;0,0;129,19;39,92;-0,0623;Melhorou
2922003;Mucuri;Mucuri (BA);BA;Nordeste;100,0;144,28;0,0788;0,1264;0,0;5,88;7,69;0,0;35,94;74,33;0,0476;Piorou
2922102;Mundo Novo;Mundo Novo (BA);BA;Nordeste;85,46;161,8;0,2049;0,1964;9,09;10,34;0,0;0,0;117,86;78,8;-0,0085;Melhorou
2922201;Muniz Ferreira;Muniz Ferreira (BA);BA;Nordeste;100,0;210,94;0,0485;0,0759;0,0;0,0;0,0;0,0;89,17;128,48;0,0275;Piorou
2922300;Muritiba;Muritiba (BA);BA;Nordeste;100,0;109,72;0,3584;0,2391;29,41;12,2;0,0;2,44;55,63;69,59;-0,1193;Melhorou
2922409;Mutuípe;Mutuípe (BA);BA;Nordeste;97,81;128,09;0,1092;0,2594;0,0;6,25;0,0;7,81;176,05;158,81;0,1502;Piorou
2922508;Nazaré;Nazaré (BA);BA;Nordeste;100,0;155,21;0,1137;0,1296;3,45;4,65;0,0;2,33;108,55;76,15;0,0158;Piorou
2922607;Nilo Peçanha;Nilo Peçanha (BA);BA;Nordeste;100,0;165,62;0,1829;0,3206;5,56;14,29;0,0;3,57;162,25;127,09;0,1377;Piorou
2922656;Nordestina;Nordestina (BA);BA;Nordeste;100,0;113,37;0,1087;0,3389;0,0;15,0;9,09;10,0;61,25;57,25;0,2302;Piorou
2922706;Nova Canaã;Nova Canaã (BA);BA;Nordeste;100,0;209,73;0,355;0,3468;1,27;0,57;1,27;0,57;484,97;527,92;-0,0082;Melhorou
2922730;Nova Fátima;Nova Fátima (BA);BA;Nordeste;100,0;136,36;0,2277;0,2817;12,5;5,56;0,0;16,67;77,31;94,57;0,054;Piorou
2922755;Nova Ibiá;Nova Ibiá (BA);BA;Nordeste;100,0;161,51;0,0569;0,2673;0,0;16,67;0,0;0,0;101,2;44,47;0,2104;Piorou
2922805;Nova Itarana;Nova Itarana (BA);BA;Nordeste;100,0;179,94;0,2544;0,182;12,5;10,0;0,0;0,0;115,51;65,58;-0,0724;Melhorou
2922904;Nova Soure;Nova Soure (BA);BA;Nordeste;99,77;166,67;0,2147;0,3155;5,56;7,81;11,11;14,06;68,35;127,22;0,1008;Piorou
2923001;Nova Viçosa;Nova Viçosa (BA);BA;Nordeste;84,96;106,3;0,1451;0,2537;6,67;12,24;0,0;4,08;84,26;68,76;0,1086;Piorou
2923035;Novo Horizonte;Novo Horizonte (BA);BA;Nordeste;100,0;188,13;0,3716;0,1403;14,29;7,69;14,29;0,0;65,62;55,49;-0,2312;Melhorou
2923050;Novo Triunfo;Novo Triunfo (BA);BA;Nordeste;98,29;208,54;0,1756;0,3875;7,14;7,14;0,0;28,57;117,81;62,55;0,2119;Piorou
2923100;Olindina;Olindina (BA);BA;Nordeste;85,78;123,71;0,2583;0,1373;3,64;3,23;5,45;6,45;243,08;66,11;-0,121;Melhorou
2923209;Oliveira dos Brejinhos;Oliveira dos Brejinhos (BA);BA;Nordeste;99,57;142,2;0,2852;0,1392;12,12;3,92;3,03;1,96;129,67;110,25;-0,1459;Melhorou
2923308;Ouriçangas;Ouriçangas (BA);BA;Nordeste;100,0;173,88;0,2671;0,2481;7,69;5,26;7,69;2,63;140,41;228,95;-0,019;Melhorou
2923357;Ourolândia;Ourolândia (BA);BA;Nordeste;100,0;145,5;0,1096;0,2558;0,0;3,57;7,69;17,86;80,06;85,09;0,1462;Piorou
2923407;Palmas de Monte Alto;Palmas de Monte Alto (BA);BA;Nordeste;66,81;155,25;0,0404;0,0917;0,0;4,35;0,0;0,0;77,54;57,73;0,0514;Piorou
2923605;Paramirim;Paramirim (BA);BA;Nordeste;100,0;207,8;0,1959;0,2145;4,76;5,56;9,52;7,41;78,35;114,58;0,0187;Piorou
2923704;Paratinga;Paratinga (BA);BA;Nordeste;98,26;143,57;0,0796;0,1813;0,0;0,0;4,55;6,19;76,67;201,5;0,1016;Piorou
2923902;Pau Brasil;Pau Brasil (BA);BA;Nordeste;100,0;180,54;0,2309;0,1406;12,5;6,25;0,0;0,0;81,88;86,88;-0,0903;Melhorou
2924009;Paulo Afonso;Paulo Afonso (BA);BA;Nordeste;70,27;85,72;0,223;0,4525;9,76;4,19;7,32;43,72;37,59;100,39;0,2295;Piorou
2924306;Piatã;Piatã (BA);BA;Nordeste;99,98;111,81;0,0918;0,0083;0,0;0,0;0,0;0,0;151,16;31,65;-0,0835;Melhorou
2924504;Pindaí;Pindaí (BA);BA;Nordeste;100,0;181,9;0,0077;0,0393;0,0;0,0;0,0;0,0;30,7;76,03;0,0317;Piorou
2924603;Pindobaçu;Pindobaçu (BA);BA;Nordeste;100,0;183,4;0,2283;0,2103;6,9;9,52;3,45;4,76;155,19;56,51;-0,018;Melhorou
2924652;Pintadas;Pintadas (BA);BA;Nordeste;98,74;151,12;0,1621;0,454;0,0;18,18;16,67;18,18;42,62;51,08;0,2919;Piorou
2924801;Piritiba;Piritiba (BA);BA;Nordeste;98,42;139,47;0,1348;0,1673;3,85;0,0;0,0;18,18;130,14;31,12;0,0326;Piorou
2924900;Planaltino;Planaltino (BA);BA;Nordeste;100,0;212,7;0,2124;0,1471;10,0;0,0;0,0;0,0;109,06;230,3;-0,0653;Melhorou
2925006;Planalto;Planalto (BA);BA;Nordeste;100,0;149,99;0,0224;0,3215;0,0;9,76;0,0;14,63;51,79;86,89;0,2992;Piorou
2925105;Poções;Poções (BA);BA;Nordeste;100,0;108,71;0,3307;0,2485;13,75;9,38;3,75;6,25;150,85;95,73;-0,0822;Melhorou
2925204;Pojuca;Pojuca (BA);BA;Nordeste;99,3;130,69;0,2415;0,2224;11,76;10,17;0,0;1,69;112,88;98,44;-0,0192;Melhorou
2925253;Ponto Novo;Ponto Novo (BA);BA;Nordeste;100,0;156,09;0,231;0,1729;5,26;2,63;10,53;7,89;105,33;111,62;-0,0582;Melhorou
2925303;Porto Seguro;Porto Seguro (BA);BA;Nordeste;99,67;89,62;0,2492;0,2786;8,05;6,17;10,34;11,42;73,84;142,66;0,0294;Piorou
2925402;Potiraguá;Potiraguá (BA);BA;Nordeste;100,0;136,26;0,0223;0,1922;0,0;0,0;0,0;15,79;51,66;96,73;0,1699;Piorou
2925501;Prado;Prado (BA);BA;Nordeste;100,0;138,32;0,1697;0,3507;8,7;10,53;0,0;21,05;75,94;31,54;0,181;Piorou
2925758;Presidente Tancredo Neves;Presidente Tancredo Neves (BA);BA;Nordeste;99,01;121,98;0,0258;0,1148;0,0;3,57;0,0;3,57;56,71;62,56;0,089;Piorou
2925808;Queimadas;Queimadas (BA);BA;Nordeste;81,35;107,74;0,0854;0,1431;0,0;0,0;7,69;15,0;45,51;36,28;0,0576;Piorou
2925907;Quijingue;Quijingue (BA);BA;Nordeste;86,59;150,03;0,0973;0,0659;0,0;0,0;2,7;1,92;125,18;89,93;-0,0315;Melhorou
2925931;Quixabeira;Quixabeira (BA);BA;Nordeste;100,0;147,97;0,3101;0,1229;11,11;0,0;11,11;12,5;85,6;38,83;-0,1872;Melhorou
2925956;Rafael Jambeiro;Rafael Jambeiro (BA);BA;Nordeste;100,0;178,0;0,3319;0,1215;18,18;3,85;0,0;3,85;104,46;62,77;-0,2104;Melhorou
2926004;Remanso;Remanso (BA);BA;Nordeste;89,44;106,36;0,2192;0,3253;0,0;10,0;25,0;20,0;19,74;12,03;0,1062;Piorou
2926103;Retirolândia;Retirolândia (BA);BA;Nordeste;100,0;173,06;0,6269;0,2958;30,0;9,09;30,0;13,64;63,45;76,85;-0,3311;Melhorou
2926202;Riachão das Neves;Riachão das Neves (BA);BA;Nordeste;100,0;161,72;0,0922;0,1523;0,0;1,79;0,0;5,36;151,7;132,23;0,0602;Piorou
2926301;Riachão do Jacuípe;Riachão do Jacuípe (BA);BA;Nordeste;98,55;141,84;0,4056;0,1592;18,75;5,88;12,5;5,88;40,82;47,45;-0,2464;Melhorou
2926400;Riacho de Santana;Riacho de Santana (BA);BA;Nordeste;84,85;136,75;0,1578;0,1201;7,41;0,0;0,0;10,26;86,53;62,93;-0,0377;Melhorou
2926509;Ribeira do Amparo;Ribeira do Amparo (BA);BA;Nordeste;95,72;149,31;0,2683;0,419;0,0;18,75;28,57;12,5;45,18;60,06;0,1507;Piorou
2926608;Ribeira do Pombal;Ribeira do Pombal (BA);BA;Nordeste;80,36;116,52;0,2561;0,3035;8,33;5,66;11,11;18,87;67,95;95,83;0,0474;Piorou
2926657;Ribeirão do Largo;Ribeirão do Largo (BA);BA;Nordeste;100,0;143,73;0,0809;0,3092;0,0;13,64;0,0;4,55;135,57;112,47;0,2283;Piorou
2926707;Rio de Contas;Rio de Contas (BA);BA;Nordeste;100,0;159,28;0,1847;0,0127;0,0;0,0;20,0;0,0;33,15;37,91;-0,172;Melhorou
2926905;Rio do Pires;Rio do Pires (BA);BA;Nordeste;100,0;198,66;0,1688;0,1233;4,35;5,88;0,0;0,0;168,1;69,95;-0,0455;Melhorou
2927002;Rio Real;Rio Real (BA);BA;Nordeste;85,95;108,87;0,1609;0,1582;5,88;5,63;5,88;1,41;49,88;107,63;-0,0026;Melhorou
2927200;Ruy Barbosa;Ruy Barbosa (BA);BA;Nordeste;100,0;123,75;0,1397;0,2437;2,38;9,38;2,38;4,69;138,75;108,42;0,104;Piorou
2927309;Salinas da Margarida;Salinas da Margarida (BA);BA;Nordeste;98,21;126,5;0,1842;0,1142;10,0;5,88;0,0;0,0;68,74;56,98;-0,07;Melhorou
2927408;Salvador;Salvador (BA);BA;Nordeste;38,23;65,26;0,2316;0,2468;5,78;4,75;14,37;17,72;46,79;48,72;0,0152;Piorou
2927606;Santa Brígida;Santa Brígida (BA);BA;Nordeste;99,66;163,71;0,0103;0,1716;0,0;0,0;0,0;12,9;34,44;103,44;0,1613;Piorou
2927705;Santa Cruz Cabrália;Santa Cruz Cabrália (BA);BA;Nordeste;100,0;143,9;0,3042;0,2236;11,11;5,45;11,11;9,09;77,19;108,62;-0,0806;Melhorou
2927903;Santa Inês;Santa Inês (BA);BA;Nordeste;100,0;169,9;0,1074;0,149;0,0;2,27;0,0;0,0;173,56;184,22;0,0415;Piorou
2928000;Santaluz;Santaluz (BA);BA;Nordeste;83,56;116,31;0,1462;0,2391;7,14;6,38;0,0;12,77;75,61;64,7;0,0929;Piorou
2928059;Santa Luzia;Santa Luzia (BA);BA;Nordeste;100,0;125,93;0,3702;0,3116;20,0;18,75;0,0;0,0;120,24;63,24;-0,0586;Melhorou
2928109;Santa Maria da Vitória;Santa Maria da Vitória (BA);BA;Nordeste;100,0;126,92;0,1018;0,1839;5,56;3,95;0,0;7,89;46,22;99,18;0,0821;Piorou
2928208;Santana;Santana (BA);BA;Nordeste;78,06;98,96;0,0316;0,1914;0,0;8,33;0,0;2,08;65,05;88,68;0,1598;Piorou
2928406;Santa Rita de Cássia;Santa Rita de Cássia (BA);BA;Nordeste;98,25;127,78;0,1641;0,2563;6,67;13,16;0,0;2,63;111,55;71,11;0,0922;Piorou
2928505;Santa Terezinha;Santa Terezinha (BA);BA;Nordeste;100,0;183,31;0,2112;0,0463;11,11;0,0;0,0;0,0;83,5;86,09;-0,1649;Melhorou
2928604;Santo Amaro;Santo Amaro (BA);BA;Nordeste;81,64;105,7;0,2296;0,3039;3,57;1,96;17,86;29,41;47,69;43,59;0,0743;Piorou
2928703;Santo Antônio de Jesus;Santo Antônio de Jesus (BA);BA;Nordeste;85,65;108,07;0,4184;0,2085;18,07;6,11;10,84;9,16;94,53;72,15;-0,2099;Melhorou
2928802;Santo Estêvão;Santo Estêvão (BA);BA;Nordeste;90,46;112,14;0,3415;0,2475;7,69;3,53;23,08;16,47;53,88;91,51;-0,0941;Melhorou
2928901;São Desidério;São Desidério (BA);BA;Nordeste;100,0;146,37;0,0106;0,098;0,0;2,78;0,0;2,78;34,97;65,52;0,0874;Piorou
2928950;São Domingos;São Domingos (BA);BA;Nordeste;100,0;207,69;0,3263;0,1254;7,69;0,0;15,38;12,5;128,6;42,36;-0,2009;Melhorou
2929008;São Félix;São Félix (BA);BA;Nordeste;100,0;190,45;0,2573;0,2089;9,52;1,52;0,0;0,0;183,64;286,29;-0,0484;Melhorou
2929057;São Félix do Coribe;São Félix do Coribe (BA);BA;Nordeste;100,0;161,24;0,3377;0,1416;9,09;2,5;18,18;2,5;79,82;137,48;-0,1961;Melhorou
2929107;São Felipe;São Felipe (BA);BA;Nordeste;98,25;114,31;0,25;0,1789;7,41;6,82;7,41;2,27;125,69;100,86;-0,0712;Melhorou
2929206;São Francisco do Conde;São Francisco do Conde (BA);BA;Nordeste;100,0;142,31;0,1773;0,1338;4,35;0,0;8,7;14,29;71,0;31,95;-0,0435;Melhorou
2929255;São Gabriel;São Gabriel (BA);BA;Nordeste;99,31;131,72;0,1359;0,1341;4,55;4,35;0,0;4,35;116,75;63,86;-0,0018;Melhorou
2929305;São Gonçalo dos Campos;São Gonçalo dos Campos (BA);BA;Nordeste;96,86;97,43;0,2275;0,3169;14,29;0,0;0,0;34,48;38,62;40,6;0,0894;Piorou
2929354;São José da Vitória;São José da Vitória (BA);BA;Nordeste;100,0;197,55;0,315;0,4792;16,67;25,0;0,0;12,5;112,79;71,68;0,1642;Piorou
2929404;São Miguel das Matas;São Miguel das Matas (BA);BA;Nordeste;99,07;204,62;0,0234;0,2661;0,0;0,0;0,0;2,47;53,28;369,79;0,2427;Piorou
2929503;São Sebastião do Passé;São Sebastião do Passé (BA);BA;Nordeste;100,0;136,72;0,1645;0,2284;6,45;7,14;3,23;7,14;76,17;103,7;0,0639;Piorou
2929602;Sapeaçu;Sapeaçu (BA);BA;Nordeste;100,0;170,08;0,2723;0,2603;8,0;6,0;8,0;10,0;137,45;138,05;-0,012;Melhorou
2929800;Saúde;Saúde (BA);BA;Nordeste;100,0;167,01;0,2889;0,235;2,38;6,9;2,38;6,9;352,35;121,59;-0,0538;Melhorou
2929909;Seabra;Seabra (BA);BA;Nordeste;58,59;72,03;0,149;0,1751;5,26;6,02;2,63;3,61;86,94;95,75;0,0262;Piorou
2930105;Senhor do Bonfim;Senhor do Bonfim (BA);BA;Nordeste;72,16;103,32;0,5718;0,3139;14,71;7,27;38,24;19,09;45,38;73,29;-0,258;Melhorou
2930154;Serra do Ramalho;Serra do Ramalho (BA);BA;Nordeste;98,36;109,94;0,0821;0,0982;0,0;0,0;7,69;5,08;40,79;96,55;0,0161;Piorou
2930204;Sento Sé;Sento Sé (BA);BA;Nordeste;76,19;110,08;0,5063;0,0119;11,11;0,0;55,56;0,0;28,82;36,81;-0,4944;Melhorou
2930303;Serra Dourada;Serra Dourada (BA);BA;Nordeste;100,0;164,06;0,1434;0,0688;0,0;0,0;2,86;4,55;189,16;61,26;-0,0745;Melhorou
2930402;Serra Preta;Serra Preta (BA);BA;Nordeste;100,0;136,14;0,2853;0,2893;11,11;12,5;11,11;8,33;50,13;60,94;0,004;Piorou
2930501;Serrinha;Serrinha (BA);BA;Nordeste;82,68;99,5;0,2279;0,3002;9,38;11,69;4,69;11,69;85,9;51,83;0,0723;Piorou
2930600;Serrolândia;Serrolândia (BA);BA;Nordeste;94,39;131,23;0,0277;0,0845;0,0;0,0;0,0;7,69;59,37;44,2;0,0568;Piorou
2930709;Simões Filho;Simões Filho (BA);BA;Nordeste;51,7;77,06;0,114;0,2066;2,35;2,98;3,53;13,1;88,06;87,22;0,0926;Piorou
2930758;Sítio do Mato;Sítio do Mato (BA);BA;Nordeste;100,0;168,58;0,2437;0,0348;14,29;0,0;0,0;0,0;61,89;69,54;-0,2089;Melhorou
2930766;Sítio do Quinto;Sítio do Quinto (BA);BA;Nordeste;97,24;126,94;0,2133;0,0976;9,52;0,0;0,0;10,0;120,6;33,99;-0,1157;Melhorou
2930774;Sobradinho;Sobradinho (BA);BA;Nordeste;100,0;96,17;0,295;0,0935;8,33;5,26;16,67;0,0;53,98;40,59;-0,2015;Melhorou
2930808;Souto Soares;Souto Soares (BA);BA;Nordeste;100,0;125,7;0,1534;0,4014;7,14;10,0;0,0;25,0;85,92;65,92;0,2481;Piorou
2930907;Tabocas do Brejo Velho;Tabocas do Brejo Velho (BA);BA;Nordeste;100,0;175,3;0,0967;0,1348;0,0;7,14;0,0;0,0;158,22;59,34;0,0381;Piorou
2931053;Tanque Novo;Tanque Novo (BA);BA;Nordeste;100,0;163,18;0,2169;0,2809;4,55;4,65;9,09;16,28;118,52;117,76;0,0641;Piorou
2931202;Taperoá;Taperoá (BA);BA;Nordeste;99,92;135,77;0,227;0,179;2,33;0,0;2,33;2,56;265,64;243,87;-0,048;Melhorou
2931301;Tapiramutá;Tapiramutá (BA);BA;Nordeste;98,41;117,77;0,1832;0,1689;0,0;3,33;9,09;6,67;167,9;106,24;-0,0143;Melhorou
2931350;Teixeira de Freitas;Teixeira de Freitas (BA);BA;Nordeste;89,0;102,64;0,2095;0,2964;0,0;5,98;23,08;19,57;29,99;70,08;0,0869;Piorou
2931509;Teofilândia;Teofilândia (BA);BA;Nordeste;100,0;181,8;0,2854;0,1541;12,5;3,7;6,25;7,41;81,45;67,92;-0,1312;Melhorou
2931608;Teolândia;Teolândia (BA);BA;Nordeste;99,41;162,64;0,2984;0,2932;11,11;0,0;11,11;33,33;68,94;21,16;-0,0052;Melhorou
2931806;Tremedal;Tremedal (BA);BA;Nordeste;100,0;171,12;0,3269;0,3488;9,09;8,33;18,18;25,0;64,26;26,39;0,022;Piorou
2931905;Tucano;Tucano (BA);BA;Nordeste;79,01;132,85;0,2004;0,1429;6,06;1,45;9,09;10,14;62,34;65,87;-0,0575;Melhorou
2932002;Uauá;Uauá (BA);BA;Nordeste;100,0;152,55;0,0219;0,1262;0,0;1,43;0,0;2,86;51,16;133,89;0,1043;Piorou
2932101;Ubaíra;Ubaíra (BA);BA;Nordeste;86,62;103,34;0,2357;0,2213;9,68;5,26;0,0;2,63;149,45;190,57;-0,0144;Melhorou
2932200;Ubaitaba;Ubaitaba (BA);BA;Nordeste;90,37;145,03;0,2585;0,2247;3,64;0,92;0,0;0,92;311,81;310,22;-0,0338;Melhorou
2932309;Ubatã;Ubatã (BA);BA;Nordeste;89,06;130,48;0,2388;0,4048;5,41;23,53;2,7;5,88;211,59;48,18;0,166;Piorou
2932408;Uibaí;Uibaí (BA);BA;Nordeste;99,9;130,28;0,1545;0,1432;6,67;0,0;0,0;3,7;97,82;178,3;-0,0113;Melhorou
2932606;Urandi;Urandi (BA);BA;Nordeste;100,0;159,55;0,1297;0,1379;0,0;0,0;4,17;7,69;153,11;120,65;0,0082;Piorou
2932705;Uruçuca;Uruçuca (BA);BA;Nordeste;96,11;114,37;0,2006;0,2236;12,5;14,29;0,0;0,0;38,56;33,05;0,0229;Piorou
2932804;Utinga;Utinga (BA);BA;Nordeste;45,16;87,8;0,2524;0,1952;9,09;3,57;9,09;10,71;71,72;87,99;-0,0572;Melhorou
2932903;Valença;Valença (BA);BA;Nordeste;65,94;100,22;0,3448;0,1767;13,57;5,35;3,57;0,41;177,16;152,63;-0,1682;Melhorou
2933000;Valente;Valente (BA);BA;Nordeste;98,12;133,48;0,0466;0,1154;0,0;4,88;0,0;0,0;86,51;80,27;0,0688;Piorou
2933059;Várzea da Roça;Várzea da Roça (BA);BA;Nordeste;100,0;152,17;0,0317;0,098;0,0;0,0;0,0;10,0;65,06;34,53;0,0663;Piorou
2933109;Várzea do Poço;Várzea do Poço (BA);BA;Nordeste;62,57;129,61;0,1818;0,2731;0,0;11,11;4,76;5,56;220,31;102,34;0,0912;Piorou
2933208;Vera Cruz;Vera Cruz (BA);BA;Nordeste;88,19;109,04;0,1564;0,227;4,17;8,33;8,33;6,94;49,61;78,66;0,0706;Piorou
2933257;Vereda;Vereda (BA);BA;Nordeste;100,0;174,91;0,1755;0,1949;0,0;11,11;0,0;0,0;271,03;60,23;0,0195;Piorou
2933307;Vitória da Conquista;Vitória da Conquista (BA);BA;Nordeste;60,0;58,58;0,2215;0,2072;3,77;4,7;15,57;12,08;60,45;63,92;-0,0143;Melhorou
2933505;Wenceslau Guimarães;Wenceslau Guimarães (BA);BA;Nordeste;100,0;143,0;0,2821;0,1059;6,45;0,0;0,0;1,54;285,1;152,08;-0,1762;Melhorou
2933604;Xique-Xique;Xique-Xique (BA);BA;Nordeste;92,14;99,7;0,1068;0,1555;6,25;7,14;0,0;1,79;38,43;66,51;0,0487;Piorou
3100203;Abaeté;Abaeté (MG);MG;Sudeste;97,29;92,61;0,3399;0,1467;25,0;2,7;0,0;8,11;29,19;70,02;-0,1932;Melhorou
3100302;Abre Campo;Abre Campo (MG);MG;Sudeste;100,0;153,34;0,2236;0,2588;2,44;5,95;2,44;0,0;256,87;262,52;0,0353;Piorou
3100906;Águas Formosas;Águas Formosas (MG);MG;Sudeste;100,0;152,08;0,1294;0,1454;0,0;2,9;2,86;0,0;169,16;165,62;0,016;Piorou
3101003;Águas Vermelhas;Águas Vermelhas (MG);MG;Sudeste;100,0;174,53;0,2089;0,0597;2,94;0,0;0,0;0,0;255,7;105,23;-0,1492;Melhorou
3101102;Aimorés;Aimorés (MG);MG;Sudeste;100,0;121,77;0,2718;0,1713;8,47;2,59;1,69;0,0;205,58;209,45;-0,1005;Melhorou
3101201;Aiuruoca;Aiuruoca (MG);MG;Sudeste;100,0;116,98;0,2842;0,268;16,67;16,67;0,0;0,0;68,71;45,52;-0,0162;Melhorou
3101508;Além Paraíba;Além Paraíba (MG);MG;Sudeste;87,88;136,73;0,109;0,1431;0,0;2,53;4,65;5,06;117,45;106,73;0,0341;Piorou
3101607;Alfenas;Alfenas (MG);MG;Sudeste;87,19;103,08;0,1645;0,1731;2,04;7,27;12,24;3,64;57,77;65,79;0,0086;Piorou
3101706;Almenara;Almenara (MG);MG;Sudeste;98,88;104,76;0,1217;0,2601;1,72;10,48;1,72;3,81;135,38;119,35;0,1384;Piorou
3101904;Alpinópolis;Alpinópolis (MG);MG;Sudeste;100,0;114,75;0,1303;0,2014;4,0;2,67;0,0;5,33;120,37;183,86;0,0711;Piorou
3102001;Alterosa;Alterosa (MG);MG;Sudeste;99,29;167,68;0,2146;0,1505;2,86;2,38;2,86;4,76;229,82;124,29;-0,0641;Melhorou
3102050;Alto Caparaó;Alto Caparaó (MG);MG;Sudeste;100,0;120,79;0,3425;0,1862;20,0;9,09;0,0;0,0;80,62;91,14;-0,1563;Melhorou
3102100;Alto Rio Doce;Alto Rio Doce (MG);MG;Sudeste;100,0;160,68;0,1156;0,2846;0,0;4,76;0,0;19,05;185,27;85,85;0,169;Piorou
3102308;Alvinópolis;Alvinópolis (MG);MG;Sudeste;100,0;162,69;0,141;0,0007;4,55;0,0;0,0;0,0;123,98;20,76;-0,1403;Melhorou
3102407;Alvorada de Minas;Alvorada de Minas (MG);MG;Sudeste;100,0;168,3;0,1123;0,0943;0,0;0,0;0,0;0,0;180,58;154,8;-0,018;Melhorou
3102605;Andradas;Andradas (MG);MG;Sudeste;33,87;60,63;0,0112;0,09;0,0;2,38;0,0;0,0;35,81;97,47;0,0788;Piorou
3102704;Cachoeira de Pajeú;Cachoeira de Pajeú (MG);MG;Sudeste;100,0;192,09;0,1966;0,2147;0,0;4,35;0,0;0,0;301,3;233,84;0,0181;Piorou
3102902;Antônio Carlos;Antônio Carlos (MG);MG;Sudeste;100,0;205,04;0,0582;0,028;0,0;0,0;0,0;0,0;103,1;59,83;-0,0302;Melhorou
3103009;Antônio Dias;Antônio Dias (MG);MG;Sudeste;100,0;189,82;0,0419;0,0104;0,0;0,0;0,0;0,0;79,67;34,7;-0,0314;Melhorou
3103207;Araçaí;Araçaí (MG);MG;Sudeste;100,0;160,47;0,1596;0,0488;0,0;0,0;0,0;0,0;248,27;89,59;-0,1108;Melhorou
3103405;Araçuaí;Araçuaí (MG);MG;Sudeste;100,0;145,5;0,2099;0,1713;11,54;3,16;0,0;5,26;72,45;131,19;-0,0386;Melhorou
3103504;Araguari;Araguari (MG);MG;Sudeste;80,53;79,04;0,1383;0,1359;3,17;3,39;7,94;5,65;49,99;70,58;-0,0024;Melhorou
3104007;Araxá;Araxá (MG);MG;Sudeste;80,42;70,24;0,2974;0,4065;3,64;3,31;25,45;39,67;48,01;53,55;0,1091;Piorou
3104205;Arcos;Arcos (MG);MG;Sudeste;100,0;101,41;0,2249;0,2127;6,9;3,66;10,34;12,2;63,78;92,69;-0,0122;Melhorou
3104304;Areado;Areado (MG);MG;Sudeste;100,0;120,81;0,3065;0,086;15,79;0,0;0,0;3,57;119,54;98,03;-0,2206;Melhorou
3104502;Arinos;Arinos (MG);MG;Sudeste;100,0;182,37;0,142;0,1888;5,88;11,11;0,0;0,0;96,75;51,5;0,0468;Piorou
3104601;Astolfo Dutra;Astolfo Dutra (MG);MG;Sudeste;85,73;100,05;0,3745;0,1816;30,77;7,5;0,0;0,0;78,75;118,69;-0,1929;Melhorou
3104700;Ataléia;Ataléia (MG);MG;Sudeste;100,0;139,34;0,1937;0,1848;0,0;7,14;0,0;3,57;297,1;86,05;-0,0089;Melhorou
3104908;Baependi;Baependi (MG);MG;Sudeste;100,0;152,45;0,0714;0,1191;0,0;0,0;0,0;6,38;121,94;110,17;0,0477;Piorou
3105103;Bambuí;Bambuí (MG);MG;Sudeste;100,0;104,05;0,1863;0,0793;0,0;4,0;18,75;0,0;51,07;47,35;-0,107;Melhorou
3105400;Barão de Cocais;Barão de Cocais (MG);MG;Sudeste;93,82;113,71;0,2026;0,1299;3,85;5,13;11,54;2,56;82,41;63,34;-0,0728;Melhorou
3105509;Barão do Monte Alto;Barão do Monte Alto (MG);MG;Sudeste;100,0;211,52;0,2745;0,2746;0,0;5,0;22,22;10,0;133,88;180,08;0,0001;Piorou
3105608;Barbacena;Barbacena (MG);MG;Sudeste;63,55;69,94;0,0601;0,1802;2,0;1,49;2,0;15,67;37,75;48,99;0,1201;Piorou
3105905;Barroso;Barroso (MG);MG;Sudeste;91,67;139,44;0,0362;0,0733;0,0;0,0;0,0;2,63;71,64;91,61;0,037;Piorou
3106002;Bela Vista de Minas;Bela Vista de Minas (MG);MG;Sudeste;100,0;172,12;0,2733;0,3706;16,67;14,29;0,0;14,29;53,04;64,29;0,0974;Piorou
3106200;Belo Horizonte;Belo Horizonte (MG);MG;Sudeste;99,55;90,04;0,2096;0,201;1,84;1,72;16,43;14,88;74,09;83,84;-0,0086;Melhorou
3106309;Belo Oriente;Belo Oriente (MG);MG;Sudeste;100,0;153,58;0,0202;0,1564;0,0;1,82;0,0;7,27;48,68;113,28;0,1361;Piorou
3106408;Belo Vale;Belo Vale (MG);MG;Sudeste;100,0;162,28;0,1996;0,1416;0,0;0,0;11,76;6,9;157,87;135,92;-0,058;Melhorou
3106507;Berilo;Berilo (MG);MG;Sudeste;100,0;194,79;0,09;0,0625;0,0;0,0;0,0;0,0;148,58;109,29;-0,0274;Melhorou
3106705;Betim;Betim (MG);MG;Sudeste;90,32;93,3;0,259;0,4064;5,33;4,13;18,34;34,42;46,01;80,88;0,1474;Piorou
3106903;Bicas;Bicas (MG);MG;Sudeste;100,0;125,19;0,2132;0,1299;7,14;3,33;7,14;3,33;81,87;92,28;-0,0833;Melhorou
3107109;Boa Esperança;Boa Esperança (MG);MG;Sudeste;71,54;127,92;0,1102;0,3156;2,63;13,46;2,63;9,62;88,0;61,75;0,2053;Piorou
3107307;Bocaiúva;Bocaiúva (MG);MG;Sudeste;91,15;114,76;0,2455;0,204;7,5;3,25;10,0;8,94;84,65;129,69;-0,0415;Melhorou
3107406;Bom Despacho;Bom Despacho (MG);MG;Sudeste;97,29;114,2;0,1155;0,0764;2,33;1,54;4,65;3,08;76,8;57,4;-0,0392;Melhorou
3107505;Bom Jardim de Minas;Bom Jardim de Minas (MG);MG;Sudeste;100,0;154,79;0,0698;0,1615;0,0;8,33;0,0;0,0;119,64;72,03;0,0918;Piorou
3107802;Bom Jesus do Galho;Bom Jesus do Galho (MG);MG;Sudeste;100,0;145,46;0,0113;0,0715;0,0;0,0;0,0;5,0;35,85;59,41;0,0603;Piorou
3108008;Bom Sucesso;Bom Sucesso (MG);MG;Sudeste;100,0;142,9;0,1311;0,1396;4,17;5,0;0,0;5,0;117,98;49,43;0,0085;Piorou
3108305;Borda da Mata;Borda da Mata (MG);MG;Sudeste;100,0;129,04;0,2617;0,1538;0,0;0,0;28,57;16,67;35,81;30,77;-0,1079;Melhorou
3108404;Botelhos;Botelhos (MG);MG;Sudeste;100,0;119,0;0,2666;0,1398;8,0;4,76;8,0;0,0;129,29;117,62;-0,1269;Melhorou
3108503;Botumirim;Botumirim (MG);MG;Sudeste;100,0;181,34;0,193;0,0205;0,0;0,0;10,0;0,0;170,62;49,06;-0,1726;Melhorou
3108602;Brasília de Minas;Brasília de Minas (MG);MG;Sudeste;100,0;140,25;0,211;0,1293;3,23;3,77;12,9;3,77;90,59;76,39;-0,0817;Melhorou
3108701;Brás Pires;Brás Pires (MG);MG;Sudeste;100,0;164,31;0,4097;0,1804;0,0;0,0;42,86;16,67;129,15;68,79;-0,2294;Melhorou
3108909;Brazópolis;Brazópolis (MG);MG;Sudeste;99,19;138,7;0,1144;0,152;0,0;3,23;4,0;6,45;133,28;87,15;0,0377;Piorou
3109006;Brumadinho;Brumadinho (MG);MG;Sudeste;100,0;165,92;0,1724;0,2331;0,0;2,78;16,67;16,67;57,43;84,58;0,0606;Piorou
3109105;Bueno Brandão;Bueno Brandão (MG);MG;Sudeste;98,25;126,98;0,1138;0,016;0,0;0,0;8,33;0,0;78,07;42,7;-0,0978;Melhorou
3109303;Buritis;Buritis (MG);MG;Sudeste;100,0;122,59;0,1253;0,0868;5,56;2,38;0,0;0,0;79,85;92,93;-0,0385;Melhorou
3109402;Buritizeiro;Buritizeiro (MG);MG;Sudeste;100,0;155,07;0,2789;0,0637;0,0;0,0;30,0;5,88;42,54;37,06;-0,2153;Melhorou
3109501;Cabo Verde;Cabo Verde (MG);MG;Sudeste;97,42;122,69;0,1825;0,2024;3,45;1,43;0,0;1,43;207,0;260,89;0,0199;Piorou
3109907;Caetanópolis;Caetanópolis (MG);MG;Sudeste;100,0;100,1;0,3022;0,2553;1,92;3,33;0,0;6,67;411,09;230,03;-0,0468;Melhorou
3110004;Caeté;Caeté (MG);MG;Sudeste;71,47;95,52;0,1477;0,2849;0,0;1,18;12,9;24,71;69,18;92,23;0,1372;Piorou
3110301;Caldas;Caldas (MG);MG;Sudeste;99,64;167,2;0,1405;0,0013;6,67;0,0;0,0;0,0;77,69;21,65;-0,1391;Melhorou
3110509;Camanducaia;Camanducaia (MG);MG;Sudeste;100,0;88,29;0,2766;0,139;8,0;5,17;12,0;0,0;93,31;107,67;-0,1376;Melhorou
3110608;Cambuí;Cambuí (MG);MG;Sudeste;100,0;129,35;0,0347;0,1218;0,0;4,65;0,0;2,33;69,45;65,02;0,0871;Piorou
3110707;Cambuquira;Cambuquira (MG);MG;Sudeste;100,0;145,68;0,179;0,2912;0,0;5,26;3,23;5,26;235,55;257,55;0,1122;Piorou
3111002;Campestre;Campestre (MG);MG;Sudeste;81,92;142,16;0,1206;0,2027;0,0;4,76;7,14;3,57;102,73;162,8;0,0821;Piorou
3111101;Campina Verde;Campina Verde (MG);MG;Sudeste;100,0;116,59;0,1028;0,0126;0,0;0,0;4,0;0,0;116,76;37,79;-0,0902;Melhorou
3111200;Campo Belo;Campo Belo (MG);MG;Sudeste;99,67;107,74;0,1933;0,1637;4,0;6,25;10,0;3,12;85,08;80,64;-0,0296;Melhorou
3111309;Campo do Meio;Campo do Meio (MG);MG;Sudeste;100,0;153,81;0,2317;0,213;0,0;0,0;22,22;14,29;72,6;145,41;-0,0187;Melhorou
3111507;Campos Altos;Campos Altos (MG);MG;Sudeste;89,87;107,86;0,3205;0,1928;8,33;6,45;16,67;3,23;90,5;116,67;-0,1278;Melhorou
3111606;Campos Gerais;Campos Gerais (MG);MG;Sudeste;84,14;142,86;0,2456;0,2264;1,59;5,21;9,52;5,21;217,81;166,63;-0,0193;Melhorou
3111804;Canápolis;Canápolis (MG);MG;Sudeste;100,0;131,97;0,17;0,1186;6,25;5,56;0,0;0,0;128,86;70,18;-0,0514;Melhorou
3112000;Candeias;Candeias (MG);MG;Sudeste;100,0;149,98;0,0722;0,1957;0,0;5,88;0,0;5,88;123,07;99,82;0,1236;Piorou
3112109;Caparaó;Caparaó (MG);MG;Sudeste;100,0;138,66;0,1353;0,2146;0,0;4,35;0,0;0,0;213,4;233,71;0,0794;Piorou
3112307;Capelinha;Capelinha (MG);MG;Sudeste;100,0;140,96;0,0274;0,1362;0,0;4,44;0,0;4,44;58,97;63,53;0,1088;Piorou
3112406;Capetinga;Capetinga (MG);MG;Sudeste;100,0;160,01;0,2458;0,1258;0,0;0,0;20,0;11,11;120,69;60,43;-0,12;Melhorou
3112505;Capim Branco;Capim Branco (MG);MG;Sudeste;100,0;131,29;0,1301;0,0107;0,0;0,0;10,0;0,0;80,43;35,0;-0,1194;Melhorou
3112604;Capinópolis;Capinópolis (MG);MG;Sudeste;98,81;119,41;0,2375;0,1844;8,33;8,33;8,33;0,0;76,21;104,75;-0,0531;Melhorou
3112802;Capitólio;Capitólio (MG);MG;Sudeste;100,0;101,15;0,2458;0,1251;14,29;4,0;0,0;0,0;64,85;112,93;-0,1207;Melhorou
3113008;Caraí;Caraí (MG);MG;Sudeste;100,0;143,23;0,1228;0,2694;4,35;13,64;0,0;4,55;102,19;55,59;0,1466;Piorou
3113206;Carandaí;Carandaí (MG);MG;Sudeste;96,12;159,84;0,1634;0,0789;10,0;4,0;0,0;0,0;38,99;46,81;-0,0845;Melhorou
3113305;Carangola;Carangola (MG);MG;Sudeste;94,13;112,24;0,2255;0,1207;6,15;1,85;3,08;0,0;171,81;152,85;-0,1048;Melhorou
3113404;Caratinga;Caratinga (MG);MG;Sudeste;99,88;100,29;0,1741;0,1221;4,08;3,49;10,2;5,81;53,25;46,61;-0,052;Melhorou
3113503;Carbonita;Carbonita (MG);MG;Sudeste;100,0;164,47;0,0341;0,2672;0,0;0,0;0,0;27,27;68,55;59,95;0,2331;Piorou
3113602;Careaçu;Careaçu (MG);MG;Sudeste;100,0;154,04;0,1719;0,0344;0,0;0,0;7,14;0,0;176,18;69,01;-0,1375;Melhorou
3113701;Carlos Chagas;Carlos Chagas (MG);MG;Sudeste;100,0;131,61;0,2765;0,2146;0,0;3,6;0,0;0,0;415,62;249,68;-0,0618;Melhorou
3113909;Carmo da Cachoeira;Carmo da Cachoeira (MG);MG;Sudeste;100,0;121,24;0,1874;0,1373;4,17;0,0;0,0;11,11;198,6;76,82;-0,0501;Melhorou
3114105;Carmo de Minas;Carmo de Minas (MG);MG;Sudeste;100,0;126,83;0,1273;0,1132;0,0;3,03;5,0;0,0;139,22;116,7;-0,0141;Melhorou
3114204;Carmo do Cajuru;Carmo do Cajuru (MG);MG;Sudeste;99,42;149,06;0,3395;0,0974;0,0;0,0;42,86;11,11;28,6;17,69;-0,2421;Melhorou
3114303;Carmo do Paranaíba;Carmo do Paranaíba (MG);MG;Sudeste;100,0;135,71;0,2098;0,0534;8,33;0,0;8,33;5,26;36,6;30,19;-0,1564;Melhorou
3114402;Carmo do Rio Claro;Carmo do Rio Claro (MG);MG;Sudeste;65,16;143,54;0,1644;0,1545;0,0;3,03;8,33;3,03;150,56;137,84;-0,0099;Melhorou
3114501;Carmópolis de Minas;Carmópolis de Minas (MG);MG;Sudeste;100,0;136,08;0,1322;0,133;5,56;4,26;0,0;0,0;89,75;118,79;0,0008;Piorou
3114709;Carvalhópolis;Carvalhópolis (MG);MG;Sudeste;100,0;104,75;0,173;0,1941;0,0;0,0;0,0;6,67;267,52;213,95;0,021;Piorou
3115102;Cássia;Cássia (MG);MG;Sudeste;80,77;116,46;0,1848;0,1331;0,0;0,0;1,89;1,2;260,63;195,13;-0,0517;Melhorou
3115300;Cataguases;Cataguases (MG);MG;Sudeste;86,99;100,36;0,198;0,2094;7,14;7,48;0,89;1,87;138,68;135,54;0,0114;Piorou
3115458;Catuji;Catuji (MG);MG;Sudeste;100,0;149,35;0,2986;0,2151;7,69;12,5;7,69;0,0;185,48;59,32;-0,0834;Melhorou
3115508;Caxambu;Caxambu (MG);MG;Sudeste;78,16;99,73;0,0796;0,2034;0,0;3,67;5,0;2,75;70,93;197,66;0,1238;Piorou
3115706;Central de Minas;Central de Minas (MG);MG;Sudeste;100,0;170,15;0,3104;0,1799;3,23;3,03;0,0;0,0;394,85;212,27;-0,1304;Melhorou
3115805;Centralina;Centralina (MG);MG;Sudeste;99,28;137,16;0,2835;0,1336;10,0;0,0;10,0;10,0;85,4;85,53;-0,1499;Melhorou
3116100;Chapada do Norte;Chapada do Norte (MG);MG;Sudeste;100,0;270,87;0,0768;0,0259;0,0;0,0;0,0;0,0;129,65;56,89;-0,0508;Melhorou
3116308;Cipotânea;Cipotânea (MG);MG;Sudeste;100,0;188,13;0,116;0,1635;0,0;4,55;0,0;0,0;185,82;156,16;0,0475;Piorou
3116506;Claro dos Poções;Claro dos Poções (MG);MG;Sudeste;100,0;195,36;0,5743;0,2823;16,67;11,76;33,33;5,88;65,62;97,43;-0,292;Melhorou
3116605;Cláudio;Cláudio (MG);MG;Sudeste;83,11;104,44;0,0165;0,1753;0,0;2,38;0,0;11,9;43,31;70,11;0,1588;Piorou
3116704;Coimbra;Coimbra (MG);MG;Sudeste;95,9;147,53;0,2577;0,1513;14,29;3,45;0,0;0,0;81,95;162,31;-0,1064;Melhorou
3116803;Coluna;Coluna (MG);MG;Sudeste;90,61;160,78;0,2533;0,2012;0,0;0,0;8,33;15,79;277,8;109,59;-0,0521;Melhorou
3117009;Comercinho;Comercinho (MG);MG;Sudeste;100,0;210,21;0,1281;0,0108;0,0;0,0;0,0;0,0;203,16;35,26;-0,1173;Melhorou
3117108;Conceição da Aparecida;Conceição da Aparecida (MG);MG;Sudeste;100,0;134,99;0,0559;0,2476;0,0;10,53;0,0;5,26;99,77;82,09;0,1917;Piorou
3117306;Conceição das Alagoas;Conceição das Alagoas (MG);MG;Sudeste;100,0;122,29;0,1531;0,1401;4,17;0,0;4,17;14,29;97,12;41,01;-0,013;Melhorou
3117504;Conceição do Mato Dentro;Conceição do Mato Dentro (MG);MG;Sudeste;100,0;135,99;0,1505;0,1944;8,33;0,0;0,0;17,65;56,22;76,6;0,0439;Piorou
3117702;Conceição do Rio Verde;Conceição do Rio Verde (MG);MG;Sudeste;59,84;139,54;0,173;0,3079;0,0;5,56;9,52;22,22;147,84;62,33;0,1349;Piorou
3117801;Conceição dos Ouros;Conceição dos Ouros (MG);MG;Sudeste;100,0;174,25;0,1914;0,092;0,0;0,0;20,0;5,56;42,68;81,69;-0,0994;Melhorou
3117900;Congonhal;Congonhal (MG);MG;Sudeste;98,97;157,89;0,497;0,1174;33,33;5,0;16,67;0,0;44,91;80,51;-0,3796;Melhorou
3118007;Congonhas;Congonhas (MG);MG;Sudeste;100,0;128,22;0,2893;0,2922;13,04;7,27;8,7;18,18;44,63;53,67;0,0029;Piorou
3118304;Conselheiro Lafaiete;Conselheiro Lafaiete (MG);MG;Sudeste;82,93;85,42;0,0767;0,2051;1,08;7,19;3,23;8,63;65,91;50,53;0,1285;Piorou
3118403;Conselheiro Pena;Conselheiro Pena (MG);MG;Sudeste;100,0;168,82;0,17;0,1334;5,56;3,77;5,56;1,89;74,08;105,96;-0,0366;Melhorou
3118601;Contagem;Contagem (MG);MG;Sudeste;78,01;93,38;0,2721;0,2707;1,08;2,81;26,08;21,81;58,95;73,22;-0,0014;Melhorou
3118700;Coqueiral;Coqueiral (MG);MG;Sudeste;100,0;175,76;0,3177;0,098;0,0;0,0;33,33;5,26;56,14;94,01;-0,2196;Melhorou
3118809;Coração de Jesus;Coração de Jesus (MG);MG;Sudeste;100,0;179,29;0,0306;0,1593;0,0;8,57;0,0;0,0;63,6;63,76;0,1287;Piorou
3119005;Cordislândia;Cordislândia (MG);MG;Sudeste;100,0;218,75;0,1109;0,2565;0,0;12,5;0,0;0,0;178,57;118,5;0,1455;Piorou
3119104;Corinto;Corinto (MG);MG;Sudeste;96,5;119,09;0,0164;0,2819;0,0;1,85;0,0;22,22;43,28;104,64;0,2655;Piorou
3119203;Coroaci;Coroaci (MG);MG;Sudeste;100,0;160,78;0,0445;0,0159;0,0;0,0;0,0;0,0;83,52;42,49;-0,0287;Melhorou
3119302;Coromandel;Coromandel (MG);MG;Sudeste;89,99;109,01;0,0131;0,0348;0,0;0,0;0,0;0,0;38,45;69,57;0,0217;Piorou
3119401;Coronel Fabriciano;Coronel Fabriciano (MG);MG;Sudeste;90,92;86,84;0,1113;0,1389;1,82;2,94;7,27;6,47;48,75;74,3;0,0277;Piorou
3119708;Coronel Xavier Chaves;Coronel Xavier Chaves (MG);MG;Sudeste;100,0;179,88;0,1085;0,2094;0,0;9,09;0,0;0,0;175,05;124,31;0,1009;Piorou
3120409;Cristiano Otoni;Cristiano Otoni (MG);MG;Sudeste;100,0;149,98;0,0564;0,2451;0,0;0,0;0,0;22,22;100,56;91,7;0,1886;Piorou
3120508;Cristina;Cristina (MG);MG;Sudeste;100,0;134,95;0,3501;0,3993;5,88;3,94;0,0;0,79;394,75;505,4;0,0492;Piorou
3120607;Crucilândia;Crucilândia (MG);MG;Sudeste;100,0;225,43;0,0377;0,3508;0,0;0,0;0,0;50,0;73,68;44,82;0,3132;Piorou
3120805;Cruzília;Cruzília (MG);MG;Sudeste;100,0;159,48;0,282;0,291;5,26;8,89;7,89;8,89;211,37;133,95;0,009;Piorou
3120839;Cuparaque;Cuparaque (MG);MG;Sudeste;100,0;248,98;0,3071;0,2407;14,29;12,5;0,0;0,0;152,64;95,92;-0,0664;Melhorou
3120904;Curvelo;Curvelo (MG);MG;Sudeste;89,66;102,24;0,25;0,1385;8,82;2,14;11,76;7,14;40,57;82,31;-0,1116;Melhorou
3121308;Descoberto;Descoberto (MG);MG;Sudeste;100,0;142,04;0,3558;0,0162;11,11;0,0;11,11;0,0;151,1;42,89;-0,3396;Melhorou
3121407;Desterro de Entre Rios;Desterro de Entre Rios (MG);MG;Sudeste;100,0;141,01;0,264;0,1047;7,69;0,0;7,69;6,67;136,02;85,95;-0,1593;Melhorou
3121605;Diamantina;Diamantina (MG);MG;Sudeste;99,03;117,38;0,0897;0,1887;5,0;3,33;0,0;10,0;40,84;92,78;0,0989;Piorou
3122009;Divino;Divino (MG);MG;Sudeste;100,0;142,62;0,1765;0,1663;0,0;0,0;0,0;0,0;272,47;257,8;-0,0102;Melhorou
3122108;Divino das Laranjeiras;Divino das Laranjeiras (MG);MG;Sudeste;100,0;167,54;0,1734;0,269;0,0;12,5;0,0;0,0;268,05;136,44;0,0956;Piorou
3122207;Divinolândia de Minas;Divinolândia de Minas (MG);MG;Sudeste;100,0;208,14;0,2304;0,1635;10,0;4,35;0,0;0,0;134,89;160,46;-0,0669;Melhorou
3122306;Divinópolis;Divinópolis (MG);MG;Sudeste;63,91;95,14;0,1088;0,1998;2,17;7,02;8,7;10,53;18,05;23,03;0,091;Piorou
3122355;Divisa Alegre;Divisa Alegre (MG);MG;Sudeste;100,0;166,11;0,3463;0,0852;5,0;0,0;5,0;0,0;345,4;141,72;-0,2611;Melhorou
3122504;Dom Cavati;Dom Cavati (MG);MG;Sudeste;100,0;214,11;0,0659;0,1289;0,0;0,0;0,0;5,56;114,11;134,6;0,063;Piorou
3122603;Dom Joaquim;Dom Joaquim (MG);MG;Sudeste;100,0;142,88;0,2102;0,2187;0,0;0,0;16,67;9,09;111,47;218,83;0,0086;Piorou
3122702;Dom Silvério;Dom Silvério (MG);MG;Sudeste;100,0;133,89;0,2454;0,0842;12,5;0,0;0,0;0,0;102,7;140,24;-0,1613;Melhorou
3122801;Dom Viçoso;Dom Viçoso (MG);MG;Sudeste;100,0;113,08;0,3086;0,2962;12,5;0,0;0,0;28,57;193,2;85,16;-0,0125;Melhorou
3123007;Dores de Campos;Dores de Campos (MG);MG;Sudeste;65,6;69,95;0,0268;0,3111;0,0;6,67;0,0;20,0;58,14;71,0;0,2843;Piorou
3123106;Dores de Guanhães;Dores de Guanhães (MG);MG;Sudeste;94,42;208,78;0,0594;0,4105;0,0;14,29;0,0;14,29;104,86;121,41;0,3511;Piorou
3123205;Dores do Indaiá;Dores do Indaiá (MG);MG;Sudeste;100,0;110,84;0,0822;0,2145;0,0;3,08;0,0;3,08;137,49;222,14;0,1322;Piorou
3123601;Elói Mendes;Elói Mendes (MG);MG;Sudeste;99,3;99,66;0,0901;0,0671;0,0;0,0;8,33;1,96;44,11;91,24;-0,023;Melhorou
3123700;Engenheiro Caldas;Engenheiro Caldas (MG);MG;Sudeste;100,0;122,04;0,0193;0,1284;0,0;6,67;0,0;0,0;47,35;60,45;0,1091;Piorou
3123908;Entre Rios de Minas;Entre Rios de Minas (MG);MG;Sudeste;79,07;148,34;0,1309;0,1704;0,0;2,27;0,0;6,82;207,14;129,27;0,0395;Piorou
3124005;Ervália;Ervália (MG);MG;Sudeste;100,0;156,87;0,1472;0,2133;0,0;3,88;0,0;0,97;230,55;229,62;0,0661;Piorou
3124104;Esmeraldas;Esmeraldas (MG);MG;Sudeste;100,0;91,91;0,1649;0,248;4,55;0,73;6,06;21,9;82,1;84,23;0,0831;Piorou
3124203;Espera Feliz;Espera Feliz (MG);MG;Sudeste;97,49;101,65;0,193;0,1225;5,41;1,82;2,7;3,64;146,01;110,48;-0,0704;Melhorou
3124302;Espinosa;Espinosa (MG);MG;Sudeste;100,0;137,96;0,1333;0,174;3,7;4,08;3,7;2,04;84,57;155,56;0,0407;Piorou
3124500;Estiva;Estiva (MG);MG;Sudeste;53,33;182,57;0,0392;0,1355;0,0;7,69;0,0;0,0;75,82;48,57;0,0964;Piorou
3124609;Estrela Dalva;Estrela Dalva (MG);MG;Sudeste;100,0;160,1;0,1804;0,08;0,0;0,0;0,0;0,0;278,03;134,24;-0,1004;Melhorou
3124906;Eugenópolis;Eugenópolis (MG);MG;Sudeste;100,0;187,14;0,2824;0,2359;0,0;1,27;3,85;2,53;375,81;298,49;-0,0465;Melhorou
3125101;Extrema;Extrema (MG);MG;Sudeste;100,0;131,35;0,0;0,0141;0,0;0,0;0,0;0,0;11,92;39,87;0,0141;Piorou
3125606;Felisburgo;Felisburgo (MG);MG;Sudeste;98,86;161,81;0,0475;0,3168;0,0;7,89;0,0;5,26;87,82;237,75;0,2693;Piorou
3125903;Ferros;Ferros (MG);MG;Sudeste;100,0;145,98;0,0358;0,3794;0,0;0,0;0,0;40,0;71,03;85,7;0,3436;Piorou
3125952;Fervedouro;Fervedouro (MG);MG;Sudeste;100,0;134,03;0,2363;0,0838;0,0;0,0;0,0;0,0;358,13;139,79;-0,1525;Melhorou
3126109;Formiga;Formiga (MG);MG;Sudeste;89,3;101,5;0,1714;0,1634;10,71;4,0;0,0;9,33;34,99;50,67;-0,0079;Melhorou
3126703;Francisco Sá;Francisco Sá (MG);MG;Sudeste;100,0;149,39;0,096;0,1537;0,0;1,72;3,45;6,9;113,88;116,24;0,0577;Piorou
3126802;Frei Gaspar;Frei Gaspar (MG);MG;Sudeste;100,0;183,58;0,346;0,0773;20,0;0,0;0,0;0,0;85,63;130,43;-0,2687;Melhorou
3127057;Fronteira dos Vales;Fronteira dos Vales (MG);MG;Sudeste;100,0;161,1;0,0693;0,0374;0,0;0,0;0,0;0,0;118,9;73,28;-0,0319;Melhorou
3127107;Frutal;Frutal (MG);MG;Sudeste;69,18;61,16;0,2466;0,0956;13,04;2,94;4,35;2,94;38,06;56,46;-0,151;Melhorou
3127305;Galiléia;Galiléia (MG);MG;Sudeste;100,0;168,75;0,2477;0,0574;0,0;0,0;14,29;0,0;195,11;101,92;-0,1903;Melhorou
3127503;Gonzaga;Gonzaga (MG);MG;Sudeste;100,0;200,76;0,2504;0,2864;6,67;10,0;0,0;5,0;235,09;152,22;0,036;Piorou
3127602;Gouveia;Gouveia (MG);MG;Sudeste;100,0;185,33;0,0695;0,2321;0,0;1,39;0,0;2,78;119,18;287,37;0,1626;Piorou
3127701;Governador Valadares;Governador Valadares (MG);MG;Sudeste;91,45;92,25;0,1747;0,1041;5,68;2,07;5,24;3,68;82,11;78,16;-0,0706;Melhorou
3127800;Grão Mogol;Grão Mogol (MG);MG;Sudeste;100,0;151,06;0,0946;0,0976;0,0;0,0;0,0;0,0;155,18;159,49;0,003;Piorou
3128006;Guanhães;Guanhães (MG);MG;Sudeste;90,22;152,67;0,1167;0,2761;2,08;7,04;0,0;4,23;142,14;210,77;0,1594;Piorou
3128204;Guaraciaba;Guaraciaba (MG);MG;Sudeste;100,0;143,54;0,0592;0,0192;0,0;0,0;0,0;0,0;104,57;47,27;-0,04;Melhorou
3128303;Guaranésia;Guaranésia (MG);MG;Sudeste;98,44;127,93;0,0614;0,1053;0,0;0,0;0,0;3,92;107,61;121,27;0,0439;Piorou
3128709;Guaxupé;Guaxupé (MG);MG;Sudeste;85,27;92,88;0,1729;0,1926;4,88;7,58;7,32;6,06;70,72;56,8;0,0197;Piorou
3128808;Guidoval;Guidoval (MG);MG;Sudeste;100,0;147,24;0,0322;0,3595;0,0;14,29;0,0;14,29;65,79;48,27;0,3273;Piorou
3129004;Guiricema;Guiricema (MG);MG;Sudeste;100,0;134,99;0,0629;0,2923;0,0;14,81;0,0;0,0;109,85;120,07;0,2294;Piorou
3129103;Gurinhatã;Gurinhatã (MG);MG;Sudeste;100,0;202,23;0,2337;0,0389;6,67;0,0;0,0;0,0;211,24;75,44;-0,1948;Melhorou
3129400;Ibertioga;Ibertioga (MG);MG;Sudeste;100,0;202,0;0,0594;0,2439;0,0;14,29;0,0;0,0;104,82;62,18;0,1845;Piorou
3129509;Ibiá;Ibiá (MG);MG;Sudeste;86,12;122,68;0,4172;0,1543;12,5;0,0;25,0;14,81;34,83;54,71;-0,2629;Melhorou
3129608;Ibiaí;Ibiaí (MG);MG;Sudeste;100,0;222,71;0,4769;0,2631;12,5;9,09;25,0;9,09;120,31;87,09;-0,2138;Melhorou
3129806;Ibirité;Ibirité (MG);MG;Sudeste;94,57;101,98;0,2187;0,1879;4,63;2,82;12,96;12,68;70,78;69,19;-0,0308;Melhorou
3130101;Igarapé;Igarapé (MG);MG;Sudeste;89,15;104,96;0,2268;0,3342;0,0;0,0;25,0;33,87;30,63;73,15;0,1075;Piorou
3130309;Iguatama;Iguatama (MG);MG;Sudeste;100,0;205,09;0,2997;0,317;10,0;1,96;10,0;9,8;108,59;308,51;0,0173;Piorou
3130556;Imbé de Minas;Imbé de Minas (MG);MG;Sudeste;100,0;150,3;0,1816;0,1337;0,0;0,0;14,29;12,5;100,39;54,25;-0,0479;Melhorou
3130606;Inconfidentes;Inconfidentes (MG);MG;Sudeste;100,0;162,78;0,2858;0,2426;16,67;0,0;0,0;23,08;70,98;77,43;-0,0432;Melhorou
3130655;Indaiabira;Indaiabira (MG);MG;Sudeste;100,0;220,61;0,0727;0,3864;0,0;5,26;0,0;26,32;123,81;129,65;0,3137;Piorou
3130903;Inhapim;Inhapim (MG);MG;Sudeste;100,0;154,23;0,1615;0,1633;5,26;2,27;5,26;3,41;71,83;161,94;0,0018;Piorou
3131158;Ipaba;Ipaba (MG);MG;Sudeste;100,0;156,94;0,0399;0,1066;0,0;0,0;0,0;7,14;76,94;82,67;0,0666;Piorou
3131208;Ipanema;Ipanema (MG);MG;Sudeste;100,0;117,28;0,0144;0,0921;0,0;0,0;0,0;6,25;40,39;73,17;0,0777;Piorou
3131307;Ipatinga;Ipatinga (MG);MG;Sudeste;71,83;90,92;0,0845;0,1109;1,07;1,17;3,21;6,71;77,55;69,38;0,0264;Piorou
3131505;Ipuiúna;Ipuiúna (MG);MG;Sudeste;100,0;114,94;0,2486;0,0255;7,69;0,0;7,69;0,0;113,93;56,2;-0,2231;Melhorou
3131703;Itabira;Itabira (MG);MG;Sudeste;89,49;99,58;0,0931;0,1583;1,79;3,16;1,79;5,93;92,26;104,1;0,0652;Piorou
3131802;Itabirinha;Itabirinha (MG);MG;Sudeste;100,0;168,88;0,4936;0,0921;14,29;0,0;28,57;7,69;61,05;55,02;-0,4015;Melhorou
3131901;Itabirito;Itabirito (MG);MG;Sudeste;97,14;92,36;0,0596;0,2435;0,0;2,22;2,56;18,89;72,9;83,62;0,1839;Piorou
3132107;Itacarambi;Itacarambi (MG);MG;Sudeste;99,59;142,37;0,0076;0,0224;0,0;0,0;0,0;0,0;30,55;51,88;0,0149;Piorou
3132206;Itaguara;Itaguara (MG);MG;Sudeste;100,0;126,39;0,1383;0,0592;0,0;0,0;0,0;0,0;217,79;104,51;-0,0791;Melhorou
3132305;Itaipé;Itaipé (MG);MG;Sudeste;100,0;200,7;0,24;0,1393;0,0;3,7;3,23;0,0;322,86;139,68;-0,1007;Melhorou
3132404;Itajubá;Itajubá (MG);MG;Sudeste;76,73;105,23;0,2383;0,1702;3,08;2,05;18,46;11,64;63,16;73,17;-0,0681;Melhorou
3132503;Itamarandiba;Itamarandiba (MG);MG;Sudeste;100,0;130,56;0,2185;0,1611;9,52;1,41;4,76;8,45;68,27;114,15;-0,0573;Melhorou
3132602;Itamarati de Minas;Itamarati de Minas (MG);MG;Sudeste;100,0;189,7;0,0958;0,1973;0,0;5,88;0,0;0,0;156,94;175,94;0,1015;Piorou
3132701;Itambacuri;Itambacuri (MG);MG;Sudeste;100,0;200,8;0,2334;0,1024;2,9;0,0;0,0;0,0;291,71;166,41;-0,131;Melhorou
3133006;Itamonte;Itamonte (MG);MG;Sudeste;100,0;142,02;0,2392;0,1694;0,0;1,69;15,38;3,39;169,14;183,32;-0,0698;Melhorou
3133105;Itanhandu;Itanhandu (MG);MG;Sudeste;91,36;110,06;0,439;0,3484;10,0;3,91;2,86;4,69;397,66;375,9;-0,0906;Melhorou
3133204;Itanhomi;Itanhomi (MG);MG;Sudeste;100,0;140,22;0,2465;0,2547;2,33;4,0;0,0;2,67;322,8;265,03;0,0081;Piorou
3133303;Itaobim;Itaobim (MG);MG;Sudeste;100,0;179,02;0,0995;0,0513;0,0;0,0;5,0;0,0;99,39;93,18;-0,0482;Melhorou
3133501;Itapecerica;Itapecerica (MG);MG;Sudeste;93,8;130,96;0,2934;0,1605;17,65;2,56;0,0;10,26;60,85;65,69;-0,1329;Melhorou
3133758;Itaú de Minas;Itaú de Minas (MG);MG;Sudeste;100,0;121,47;0,2179;0,1741;3,7;0,0;7,41;14,29;159,23;89,69;-0,0438;Melhorou
3133808;Itaúna;Itaúna (MG);MG;Sudeste;82,41;84,21;0,3046;0,1975;5,97;6,31;20,9;9,01;65,34;54,01;-0,1071;Melhorou
3134004;Itinga;Itinga (MG);MG;Sudeste;100,0;138,45;0,461;0,0776;22,22;0,0;11,11;5,26;63,05;64,78;-0,3834;Melhorou
3134103;Itueta;Itueta (MG);MG;Sudeste;96,43;179,43;0,0885;0,1939;0,0;11,11;0,0;0,0;146,44;58,68;0,1054;Piorou
3134202;Ituiutaba;Ituiutaba (MG);MG;Sudeste;45,12;56,24;0,2532;0,1525;8,24;4,17;10,59;7,5;72,48;54,5;-0,1007;Melhorou
3134400;Iturama;Iturama (MG);MG;Sudeste;76,24;80,73;0,0684;0,2432;0,0;4,26;5,56;17,02;47,96;62,87;0,1748;Piorou
3134608;Jaboticatubas;Jaboticatubas (MG);MG;Sudeste;99,55;100,76;0,2586;0,2172;7,14;3,12;14,29;15,62;57,34;67,53;-0,0414;Melhorou
3134707;Jacinto;Jacinto (MG);MG;Sudeste;100,0;190,18;0,1805;0,2187;0,0;1,25;0,0;1,25;278,12;290,37;0,0383;Piorou
3134905;Jacutinga;Jacutinga (MG);MG;Sudeste;67,16;68,56;0,1134;0,0824;3,23;1,85;0,0;0,0;112,77;97,89;-0,031;Melhorou
3135050;Jaíba;Jaíba (MG);MG;Sudeste;100,0;165,73;0,17;0,0763;3,33;0,0;6,67;4,76;107,87;69,23;-0,0937;Melhorou
3135100;Janaúba;Janaúba (MG);MG;Sudeste;100,0;129,68;0,2106;0,0835;6,67;1,46;8,89;0,73;66,54;98,82;-0,1271;Melhorou
3135209;Januária;Januária (MG);MG;Sudeste;87,15;127,29;0,1915;0,1949;6,06;9,72;9,09;2,78;49,69;55,06;0,0033;Piorou
3135407;Jeceaba;Jeceaba (MG);MG;Sudeste;100,0;112,95;0,0891;0,1622;0,0;7,14;0,0;0,0;147,38;98,58;0,0731;Piorou
3135456;Jenipapo de Minas;Jenipapo de Minas (MG);MG;Sudeste;100,0;265,36;0,5208;0,1667;25,0;0,0;12,5;16,67;131,33;49,25;-0,3541;Melhorou
3135506;Jequeri;Jequeri (MG);MG;Sudeste;100,0;140,91;0,0167;0,1338;0,0;7,69;0,0;0,0;43,72;46,14;0,1171;Piorou
3135803;Jequitinhonha;Jequitinhonha (MG);MG;Sudeste;99,62;145,4;0,3761;0,2932;14,93;7,01;0,0;0,0;237,71;289,1;-0,0829;Melhorou
3135902;Jesuânia;Jesuânia (MG);MG;Sudeste;100,0;130,56;0,2018;0,151;0,0;0,0;14,29;14,29;129,36;56,55;-0,0509;Melhorou
3136009;Joaíma;Joaíma (MG);MG;Sudeste;100,0;189,01;0,1146;0,1033;0,0;3,85;9,09;0,0;69,76;85,05;-0,0113;Melhorou
3136207;João Monlevade;João Monlevade (MG);MG;Sudeste;74,82;72,42;0,1948;0,2437;3,17;7,79;12,7;9,09;71,08;87,21;0,0489;Piorou
3136306;João Pinheiro;João Pinheiro (MG);MG;Sudeste;81,62;98,45;0,1801;0,2258;6,06;7,69;6,06;9,62;71,36;57,17;0,0457;Piorou
3136504;Jordânia;Jordânia (MG);MG;Sudeste;100,0;169,83;0,0303;0,1234;0,0;5,56;0,0;0,0;63,16;77,05;0,093;Piorou
3136652;Juatuba;Juatuba (MG);MG;Sudeste;100,0;148,13;0,3587;0,4054;6,67;2,78;26,67;47,22;55,39;63,33;0,0468;Piorou
3136702;Juiz de Fora;Juiz de Fora (MG);MG;Sudeste;73,26;98,02;0,1459;0,0976;4,36;2,69;6,1;3,59;58,38;56,6;-0,0484;Melhorou
3137007;Ladainha;Ladainha (MG);MG;Sudeste;100,0;152,08;0,1999;0,2042;3,33;11,76;3,33;0,0;192,52;59,49;0,0043;Piorou
3137106;Lagamar;Lagamar (MG);MG;Sudeste;100,0;202,32;0,0269;0,1643;0,0;9,09;0,0;0,0;58,25;59,74;0,1374;Piorou
3137205;Lagoa da Prata;Lagoa da Prata (MG);MG;Sudeste;75,24;73,17;0,0799;0,1035;4,0;1,37;0,0;5,48;48,3;69,71;0,0235;Piorou
3137403;Lagoa Dourada;Lagoa Dourada (MG);MG;Sudeste;100,0;137,05;0,1743;0,1191;8,33;3,12;0,0;0,0;90,36;123,17;-0,0552;Melhorou
3137601;Lagoa Santa;Lagoa Santa (MG);MG;Sudeste;100,0;108,62;0,155;0,137;0,0;2,94;12,5;6,86;84,76;66,58;-0,018;Melhorou
3137700;Lajinha;Lajinha (MG);MG;Sudeste;98,88;117,59;0,2801;0,2226;11,11;3,12;11,11;15,62;42,73;75,2;-0,0575;Melhorou
3137809;Lambari;Lambari (MG);MG;Sudeste;100,0;120,01;0,0454;0,1376;0,0;4,65;0,0;2,33;84,77;87,68;0,0922;Piorou
3138005;Laranjal;Laranjal (MG);MG;Sudeste;100,0;176,08;0,076;0,1937;0,0;0,0;0,0;16,67;128,57;87,9;0,1177;Piorou
3138203;Lavras;Lavras (MG);MG;Sudeste;88,97;66,98;0,179;0,2194;4,44;10,98;11,11;4,88;41,11;36,85;0,0404;Piorou
3138401;Leopoldina;Leopoldina (MG);MG;Sudeste;89,73;101,5;0,1471;0,1606;5,17;5,36;1,72;2,68;97,58;100,97;0,0135;Piorou
3138609;Lima Duarte;Lima Duarte (MG);MG;Sudeste;100,0;129,56;0,0252;0,1261;0,0;7,69;0,0;0,0;55,84;35,12;0,1009;Piorou
3138682;Luislândia;Luislândia (MG);MG;Sudeste;100,0;169,08;0,3458;0,1825;20,0;4,76;0,0;0,0;85,37;178,81;-0,1633;Melhorou
3138708;Luminárias;Luminárias (MG);MG;Sudeste;97,17;187,96;0,193;0,1646;0,0;0,0;16,67;16,67;86,86;46,16;-0,0284;Melhorou
3138807;Luz;Luz (MG);MG;Sudeste;94,93;144,81;0,208;0,2875;2,08;5,66;4,17;4,72;220,5;250,68;0,0796;Piorou
3138906;Machacalis;Machacalis (MG);MG;Sudeste;100,0;215,81;0,2366;0,1482;11,11;4,17;0,0;0,0;119,89;142,47;-0,0884;Melhorou
3139003;Machado;Machado (MG);MG;Sudeste;63,68;103,06;0,1137;0,2211;0,0;1,45;3,57;17,39;137,76;86,85;0,1073;Piorou
3139201;Malacacheta;Malacacheta (MG);MG;Sudeste;100,0;130,99;0,2254;0,1867;1,75;2,27;0,0;1,14;304,83;223,96;-0,0387;Melhorou
3139300;Manga;Manga (MG);MG;Sudeste;99,4;148,25;0,1369;0,1784;5,26;3,33;0,0;3,33;102,73;161,75;0,0415;Piorou
3139409;Manhuaçu;Manhuaçu (MG);MG;Sudeste;84,77;84,66;0,1874;0,1159;9,52;4,81;4,76;1,92;23,77;58,29;-0,0715;Melhorou
3139508;Manhumirim;Manhumirim (MG);MG;Sudeste;99,3;120,29;0,1585;0,2272;3,7;9,84;3,7;0,0;120,64;133,77;0,0687;Piorou
3139607;Mantena;Mantena (MG);MG;Sudeste;98,59;158,28;0,1865;0,2202;1,47;6,42;2,94;1,83;218,3;174,08;0,0337;Piorou
3139805;Mar de Espanha;Mar de Espanha (MG);MG;Sudeste;100,0;165,08;0,2331;0,189;9,09;6,25;0,0;3,12;158,28;116,86;-0,0441;Melhorou
3139904;Maria da Fé;Maria da Fé (MG);MG;Sudeste;100,0;166,84;0,1651;0,3052;7,69;2,86;0,0;22,86;90,89;108,45;0,1401;Piorou
3140001;Mariana;Mariana (MG);MG;Sudeste;100,0;82,9;0,1133;0,2722;1,61;7,27;3,23;16,36;106,79;47,84;0,1589;Piorou
3140506;Martinho Campos;Martinho Campos (MG);MG;Sudeste;98,14;124,97;0,0343;0,1341;0,0;3,85;0,0;3,85;68,84;80,89;0,0998;Piorou
3140605;Materlândia;Materlândia (MG);MG;Sudeste;98,08;176,63;0,2351;0,4918;0,0;6,67;0,0;6,67;356,34;525,4;0,2567;Piorou
3140704;Mateus Leme;Mateus Leme (MG);MG;Sudeste;100,0;125,82;0,0923;0,3081;0,0;5,26;10,0;23,68;26,37;50,52;0,2158;Piorou
3140803;Matias Barbosa;Matias Barbosa (MG);MG;Sudeste;95,93;108,43;0,1349;0,1566;0,0;5,56;12,5;5,56;55,99;54,91;0,0217;Piorou
3140902;Matipó;Matipó (MG);MG;Sudeste;100,0;162,71;0,2686;0,24;12,5;6,02;0,0;0,0;135,87;234,07;-0,0286;Melhorou
3141009;Mato Verde;Mato Verde (MG);MG;Sudeste;100,0;174,44;0,0223;0,1821;0,0;6,67;0,0;6,67;51,68;53,61;0,1598;Piorou
3141108;Matozinhos;Matozinhos (MG);MG;Sudeste;91,2;100,01;0,1545;0,2291;4,65;1,89;2,33;18,87;111,9;70,42;0,0746;Piorou
3141405;Medina;Medina (MG);MG;Sudeste;99,93;130,78;0,2714;0,1264;6,25;4,44;4,17;0,0;221,79;105,21;-0,145;Melhorou
3141504;Mendes Pimentel;Mendes Pimentel (MG);MG;Sudeste;91,67;187,29;0,1999;0,1629;0,0;4,76;6,25;0,0;227,45;150,66;-0,037;Melhorou
3141603;Mercês;Mercês (MG);MG;Sudeste;99,71;134,96;0,279;0,2115;0,0;5,77;1,89;0,0;395,49;198,61;-0,0675;Melhorou
3141801;Minas Novas;Minas Novas (MG);MG;Sudeste;100,0;161,93;0,1505;0,1366;2,22;1,37;0,0;2,74;187,44;151,58;-0,0138;Melhorou
3141900;Minduri;Minduri (MG);MG;Sudeste;100,0;187,11;0,1018;0,1625;0,0;0,0;0,0;9,09;165,48;138,29;0,0607;Piorou
3142007;Mirabela;Mirabela (MG);MG;Sudeste;100,0;179,47;0,348;0,1777;2,94;1,43;17,65;0,0;233,31;243,5;-0,1703;Melhorou
3142106;Miradouro;Miradouro (MG);MG;Sudeste;100,0;195,13;0,2155;0,0258;0,0;0,0;18,18;0,0;100,07;56,62;-0,1897;Melhorou
3142205;Miraí;Miraí (MG);MG;Sudeste;96,21;128,36;0,2043;0,1366;0,0;1,85;2,17;0,0;284,98;175,5;-0,0677;Melhorou
3142304;Moeda;Moeda (MG);MG;Sudeste;100,0;136,58;0,2526;0,2116;11,11;0,0;0,0;14,29;142,85;143,4;-0,041;Melhorou
3142403;Moema;Moema (MG);MG;Sudeste;99,36;185,47;0,2309;0,2103;11,11;8,0;0,0;0,0;111,67;149,05;-0,0206;Melhorou
3142601;Monsenhor Paulo;Monsenhor Paulo (MG);MG;Sudeste;96,63;125,89;0,1504;0,029;0,0;0,0;7,69;0,0;138,59;61,22;-0,1215;Melhorou
3142700;Montalvânia;Montalvânia (MG);MG;Sudeste;100,0;199,14;0,2058;0,1614;3,03;3,85;3,03;0,0;211,29;168,24;-0,0444;Melhorou
3142809;Monte Alegre de Minas;Monte Alegre de Minas (MG);MG;Sudeste;82,15;96,88;0,1336;0,1895;0,0;8,7;10,0;4,35;85,47;49,8;0,056;Piorou
3142908;Monte Azul;Monte Azul (MG);MG;Sudeste;100,0;189,45;0,155;0,0552;4,76;0,0;4,76;0,0;79,63;98,84;-0,0998;Melhorou
3143005;Monte Belo;Monte Belo (MG);MG;Sudeste;78,53;129,95;0,1481;0,037;0,0;0,0;0,0;0,0;231,77;72,67;-0,1111;Melhorou
3143104;Monte Carmelo;Monte Carmelo (MG);MG;Sudeste;99,01;103,2;0,0579;0,1989;0,0;6,76;3,23;6,76;62,15;74,6;0,141;Piorou
3143203;Monte Santo de Minas;Monte Santo de Minas (MG);MG;Sudeste;100,0;134,03;0,1314;0,1273;2,63;0,0;0,0;2,33;151,37;172,76;-0,0041;Melhorou
3143302;Montes Claros;Montes Claros (MG);MG;Sudeste;100,0;131,85;0,1241;0,1477;2,11;2,8;6,32;6,77;72,89;86,05;0,0236;Piorou
3143401;Monte Sião;Monte Sião (MG);MG;Sudeste;85,92;130,76;0,1492;0,2595;0,0;13,64;16,67;4,55;24,17;41,31;0,1103;Piorou
3143500;Morada Nova de Minas;Morada Nova de Minas (MG);MG;Sudeste;91,06;154,4;0,188;0,2504;5,88;5,41;0,0;5,41;162,59;194,36;0,0624;Piorou
3143906;Muriaé;Muriaé (MG);MG;Sudeste;100,0;114,53;0,1619;0,1312;3,51;2,09;6,14;4,6;99,07;104,88;-0,0307;Melhorou
3144003;Mutum;Mutum (MG);MG;Sudeste;100,0;126,65;0,096;0,1755;0,0;1,45;10,0;10,14;31,66;112,56;0,0795;Piorou
3144102;Muzambinho;Muzambinho (MG);MG;Sudeste;100,0;127,9;0,0934;0,0782;0,0;2,7;3,33;0,0;111,58;73,6;-0,0152;Melhorou
3144300;Nanuque;Nanuque (MG);MG;Sudeste;98,79;119,06;0,1875;0,1038;7,32;0,0;2,44;4,6;100,41;110,7;-0,0836;Melhorou
3144607;Nepomuceno;Nepomuceno (MG);MG;Sudeste;47,53;100,26;0,1673;0,102;4,55;1,52;0,0;1,52;161,72;114,25;-0,0653;Melhorou
3144656;Ninheira;Ninheira (MG);MG;Sudeste;100,0;165,28;0,3637;0,1712;28,57;0,0;0,0;10,34;63,21;134,99;-0,1925;Melhorou
3144706;Nova Era;Nova Era (MG);MG;Sudeste;59,78;132,12;0,0974;0,2269;0,0;6,82;5,56;6,82;89,52;112,55;0,1294;Piorou
3144805;Nova Lima;Nova Lima (MG);MG;Sudeste;92,08;85,24;0,2818;0,1532;1,79;3,12;26,79;8,12;48,59;70,03;-0,1285;Melhorou
3145059;Nova Porteirinha;Nova Porteirinha (MG);MG;Sudeste;100,0;208,76;0,1797;0,2576;0,0;5,26;12,5;10,53;120,11;143,45;0,0779;Piorou
3145109;Nova Resende;Nova Resende (MG);MG;Sudeste;100,0;128,15;0,237;0,0125;0,0;0,0;25,0;0,0;45,24;37,6;-0,2245;Melhorou
3145208;Nova Serrana;Nova Serrana (MG);MG;Sudeste;68,3;79,73;0,26;0,0619;5,71;0,0;17,14;5,48;54,1;39,56;-0,1981;Melhorou
3145307;Novo Cruzeiro;Novo Cruzeiro (MG);MG;Sudeste;99,49;130,56;0,0961;0,1829;0,0;3,67;0,0;0,0;157,4;202,78;0,0867;Piorou
3145604;Oliveira;Oliveira (MG);MG;Sudeste;99,69;107,02;0,1616;0,1438;3,77;2,0;3,77;10,0;122,75;57,09;-0,0179;Melhorou
3145877;Orizânia;Orizânia (MG);MG;Sudeste;98,9;124,45;0,0534;0,0941;0,0;0,0;0,0;0,0;96,25;154,41;0,0406;Piorou
3145901;Ouro Branco;Ouro Branco (MG);MG;Sudeste;84,52;122,76;0,114;0,0782;6,67;1,89;0,0;1,89;39,72;67,43;-0,0358;Melhorou
3146008;Ouro Fino;Ouro Fino (MG);MG;Sudeste;45,03;76,33;0,1321;0,1495;4,44;3,03;0,0;6,06;113,47;92,67;0,0174;Piorou
3146107;Ouro Preto;Ouro Preto (MG);MG;Sudeste;100,0;118,26;0,1236;0,1427;3,92;0,61;3,92;8,48;63,3;104,6;0,0191;Piorou
3146305;Padre Paraíso;Padre Paraíso (MG);MG;Sudeste;100,0;141,34;0,2081;0,1022;6,25;2,78;0,0;0,0;183,51;106,42;-0,1059;Melhorou
3146701;Palma;Palma (MG);MG;Sudeste;99,79;183,98;0,3028;0,2655;5,56;2,04;5,56;2,04;264,22;330,45;-0,0373;Melhorou
3147006;Paracatu;Paracatu (MG);MG;Sudeste;69,8;92,94;0,1177;0,1468;5,13;6,04;2,56;1,34;45,96;83,36;0,0291;Piorou
3147105;Pará de Minas;Pará de Minas (MG);MG;Sudeste;93,27;115,2;0,1611;0,1482;3,03;3,68;12,12;6,62;33,23;69,97;-0,0129;Melhorou
3147204;Paraguaçu;Paraguaçu (MG);MG;Sudeste;80,54;109,42;0,0136;0,164;0,0;10,0;0,0;0,0;39,16;39,72;0,1504;Piorou
3147303;Paraisópolis;Paraisópolis (MG);MG;Sudeste;78,26;104,14;0,2675;0,1896;5,56;1,45;16,67;8,7;74,27;150,87;-0,078;Melhorou
3147402;Paraopeba;Paraopeba (MG);MG;Sudeste;82,26;84,08;0,1173;0,182;5,0;3,85;0,0;11,54;80,29;52,83;0,0647;Piorou
3147600;Passa Quatro;Passa Quatro (MG);MG;Sudeste;100,0;135,35;0,1474;0,1621;5,26;3,57;0,0;1,79;117,81;152,68;0,0146;Piorou
3147709;Passa Tempo;Passa Tempo (MG);MG;Sudeste;100,0;165,23;0,3476;0,2029;16,67;1,85;0,0;0,0;159,43;270,55;-0,1446;Melhorou
3147907;Passos;Passos (MG);MG;Sudeste;83,81;74,67;0,1055;0,1186;1,69;1,12;6,78;7,3;49,29;73,69;0,0131;Piorou
3147956;Patis;Patis (MG);MG;Sudeste;100,0;217,07;0,0713;0,1809;0,0;5,56;0,0;0,0;121,78;159,38;0,1096;Piorou
3148004;Patos de Minas;Patos de Minas (MG);MG;Sudeste;96,0;89,3;0,2654;0,1046;11,11;3,67;11,11;4,59;21,68;33,17;-0,1608;Melhorou
3148103;Patrocínio;Patrocínio (MG);MG;Sudeste;76,34;89,98;0,014;0,0929;0,0;5,06;0,0;0,0;39,8;43,98;0,0789;Piorou
3148202;Patrocínio do Muriaé;Patrocínio do Muriaé (MG);MG;Sudeste;100,0;188,3;0,0626;0,0377;0,0;0,0;0,0;0,0;109,32;73,73;-0,0249;Melhorou
3148608;Peçanha;Peçanha (MG);MG;Sudeste;100,0;131,72;0,1973;0,1572;9,09;4,0;0,0;2,0;106,98;133,87;-0,04;Melhorou
3148707;Pedra Azul;Pedra Azul (MG);MG;Sudeste;100,0;129,7;0,3498;0,3013;14,29;14,29;5,71;7,14;142,08;54,64;-0,0485;Melhorou
3148756;Pedra Bonita;Pedra Bonita (MG);MG;Sudeste;100,0;177,3;0,1857;0,0835;0,0;0,0;11,11;0,0;146,13;139,32;-0,1022;Melhorou
3149101;Pedralva;Pedralva (MG);MG;Sudeste;100,0;193,8;0,0507;0,2782;0,0;0,0;0,0;26,09;92,27;90,61;0,2275;Piorou
3149309;Pedro Leopoldo;Pedro Leopoldo (MG);MG;Sudeste;78,76;89,48;0,2617;0,2348;0,0;2,27;29,41;19,32;25,26;64,67;-0,0269;Melhorou
3149804;Perdizes;Perdizes (MG);MG;Sudeste;100,0;122,44;0,254;0,2151;0,0;1,35;0,0;4,05;383,37;247,8;-0,0389;Melhorou
3149903;Perdões;Perdões (MG);MG;Sudeste;100,0;100,24;0,2064;0,0905;6,25;2,0;3,12;0,0;141,83;106,3;-0,116;Melhorou
3149952;Periquito;Periquito (MG);MG;Sudeste;100,0;160,23;0,1751;0,0111;0,0;0,0;12,5;0,0;113,55;35,6;-0,164;Melhorou
3150802;Piranga;Piranga (MG);MG;Sudeste;100,0;164,53;0,2573;0,4348;5,26;33,33;0,0;11,11;275,13;25,61;0,1775;Piorou
3151008;Piranguinho;Piranguinho (MG);MG;Sudeste;100,0;153,5;0,026;0,0533;0,0;0,0;0,0;0,0;56,97;96,06;0,0273;Piorou
3151107;Pirapetinga;Pirapetinga (MG);MG;Sudeste;99,7;126,38;0,1901;0,0723;10,0;0,0;0,0;0,0;77,22;123,32;-0,1178;Melhorou
3151206;Pirapora;Pirapora (MG);MG;Sudeste;100,0;112,9;0,3152;0,1783;4,65;8,64;23,26;1,23;79,19;73,9;-0,1369;Melhorou
3151305;Piraúba;Piraúba (MG);MG;Sudeste;99,64;148,21;0,0136;0,1931;0,0;7,14;0,0;7,14;39,26;53,15;0,1795;Piorou
3151404;Pitangui;Pitangui (MG);MG;Sudeste;78,72;119,14;0,2043;0,1456;4,76;1,67;4,76;6,67;150,25;108,76;-0,0587;Melhorou
3151503;Piumhi;Piumhi (MG);MG;Sudeste;98,34;113,7;0,0992;0,1244;2,27;2,13;0,0;2,13;113,04;125,4;0,0251;Piorou
3151701;Poço Fundo;Poço Fundo (MG);MG;Sudeste;100,0;138,8;0,0284;0,1542;0,0;5,56;0,0;5,56;60,37;51,5;0,1258;Piorou
3151800;Poços de Caldas;Poços de Caldas (MG);MG;Sudeste;86,1;88,38;0,0958;0,1188;2,94;5,0;5,88;5,0;19,95;11,51;0,023;Piorou
3151909;Pocrane;Pocrane (MG);MG;Sudeste;93,7;132,72;0,0116;0,0182;0,0;0,0;0,0;0,0;36,34;45,76;0,0066;Piorou
3152006;Pompéu;Pompéu (MG);MG;Sudeste;97,68;101,45;0,1117;0,1827;0,0;3,7;7,41;9,26;86,69;85,62;0,071;Piorou
3152105;Ponte Nova;Ponte Nova (MG);MG;Sudeste;95,72;111,23;0,1134;0,0455;0,0;1,67;11,11;0,0;42,62;49,03;-0,0679;Melhorou
3152170;Ponto dos Volantes;Ponto dos Volantes (MG);MG;Sudeste;96,45;192,96;0,0697;0,1211;0,0;0,0;0,0;12,5;119,47;36,16;0,0514;Piorou
3152204;Porteirinha;Porteirinha (MG);MG;Sudeste;100,0;166,8;0,1594;0,1272;5,88;4,76;2,94;1,59;84,67;79,63;-0,0322;Melhorou
3152303;Porto Firme;Porto Firme (MG);MG;Sudeste;100,0;198,69;0,1434;0,1344;0,0;7,14;12,5;0,0;68,21;58,74;-0,0091;Melhorou
3152402;Poté;Poté (MG);MG;Sudeste;100,0;153,66;0,2216;0,0955;2,86;3,7;5,71;0,0;203,96;76,88;-0,1262;Melhorou
3152501;Pouso Alegre;Pouso Alegre (MG);MG;Sudeste;78,28;79,88;0,1001;0,0886;1,75;1,38;7,02;3,69;37,31;70,62;-0,0115;Melhorou
3152600;Pouso Alto;Pouso Alto (MG);MG;Sudeste;100,0;106,6;0,2352;0,4484;5,56;12,77;0,0;8,51;237,14;280,7;0,2132;Piorou
3152709;Prados;Prados (MG);MG;Sudeste;100,0;191,8;0,1991;0,2194;5,56;5,88;0,0;2,94;185,47;170,58;0,0203;Piorou
3152808;Prata;Prata (MG);MG;Sudeste;99,68;111,16;0,4118;0,1466;12,5;4,0;25,0;8,0;27,08;43,37;-0,2652;Melhorou
3153103;Presidente Bernardes;Presidente Bernardes (MG);MG;Sudeste;100,0;216,49;0,0764;0,1428;0,0;0,0;0,0;12,5;129,15;67,23;0,0663;Piorou
3153509;Alto Jequitibá;Alto Jequitibá (MG);MG;Sudeste;100,0;166,72;0,2317;0,2168;12,5;11,11;0,0;0,0;82,98;91,54;-0,0149;Melhorou
3153608;Prudente de Morais;Prudente de Morais (MG);MG;Sudeste;100,0;122,1;0,0311;0,3359;0,0;0,0;0,0;40,0;64,22;23,38;0,3048;Piorou
3153905;Raposos;Raposos (MG);MG;Sudeste;68,89;86,0;0,4042;0,0349;7,14;0,0;28,57;0,0;86,46;69,67;-0,3693;Melhorou
3154002;Raul Soares;Raul Soares (MG);MG;Sudeste;100,0;134,48;0,1685;0,0721;3,23;0,0;0,0;1,64;191,76;102,44;-0,0964;Melhorou
3154101;Recreio;Recreio (MG);MG;Sudeste;98,44;127,19;0,1587;0,1799;4,55;3,39;0,0;1,69;149,37;183,29;0,0212;Piorou
3154200;Resende Costa;Resende Costa (MG);MG;Sudeste;92,52;114,27;0,2993;0,3281;4,0;4,65;0,0;5,81;362,42;316,62;0,0288;Piorou
3154309;Resplendor;Resplendor (MG);MG;Sudeste;83,63;101,59;0,2418;0,1961;6,98;5,63;0,0;0,0;216,12;179,55;-0,0457;Melhorou
3154606;Ribeirão das Neves;Ribeirão das Neves (MG);MG;Sudeste;64,65;58,51;0,2011;0,2474;2,81;2,16;12,85;17,97;86,05;101,94;0,0463;Piorou
3154804;Rio Acima;Rio Acima (MG);MG;Sudeste;100,0;102,32;0,3353;0,2626;12,5;0,0;12,5;20,69;74,41;135,97;-0,0727;Melhorou
3154903;Rio Casca;Rio Casca (MG);MG;Sudeste;100,0;166,48;0,1673;0,1929;3,7;12,5;0,0;0,0;179,76;27,42;0,0255;Piorou
3155207;Rio Espera;Rio Espera (MG);MG;Sudeste;100,0;193,4;0,0242;0,3055;0,0;11,11;0,0;11,11;54,34;79,01;0,2813;Piorou
3155504;Rio Paranaíba;Rio Paranaíba (MG);MG;Sudeste;92,1;120,42;0,1355;0,0796;0,0;0,0;12,5;5,88;56,83;59,85;-0,0559;Melhorou
3155603;Rio Pardo de Minas;Rio Pardo de Minas (MG);MG;Sudeste;100,0;160,94;0,1511;0,1777;2,22;4,08;2,22;1,02;160,46;173,64;0,0266;Piorou
3155702;Rio Piracicaba;Rio Piracicaba (MG);MG;Sudeste;94,19;143,53;0,1502;0,1374;0,0;0,0;9,09;12,0;120,66;65,78;-0,0128;Melhorou
3155801;Rio Pomba;Rio Pomba (MG);MG;Sudeste;99,43;120,39;0,1949;0,1688;1,92;1,05;0,0;2,11;257,55;212,41;-0,0261;Melhorou
3155900;Rio Preto;Rio Preto (MG);MG;Sudeste;100,0;187,22;0,3008;0,1577;4,0;0,0;0,0;0,0;364,54;245,48;-0,1432;Melhorou
3156007;Rio Vermelho;Rio Vermelho (MG);MG;Sudeste;100,0;145,35;0,2272;0,1573;8,7;0,0;0,0;3,7;158,24;198,45;-0,0699;Melhorou
3156304;Rodeiro;Rodeiro (MG);MG;Sudeste;100,0;121,19;0,2591;0,2132;14,29;0,0;0,0;17,65;83,96;103,45;-0,046;Melhorou
3156452;Rosário da Limeira;Rosário da Limeira (MG);MG;Sudeste;95,93;144,78;0,1056;0,1528;0,0;0,0;0,0;14,29;171,0;59,16;0,0471;Piorou
3156601;Rubim;Rubim (MG);MG;Sudeste;100,0;133,11;0,2628;0,1952;11,76;10,0;0,0;0,0;143,38;84,42;-0,0676;Melhorou
3156700;Sabará;Sabará (MG);MG;Sudeste;65,52;83,72;0,2239;0,2306;3,0;1,88;16,0;18,31;75,01;79,8;0,0068;Piorou
3156809;Sabinópolis;Sabinópolis (MG);MG;Sudeste;100,0;147,47;0,298;0,3669;1,45;3,52;0,0;3,52;415,36;425,29;0,0689;Piorou
3156908;Sacramento;Sacramento (MG);MG;Sudeste;100,0;139,0;0,3226;0,1872;12,5;6,9;12,5;6,9;56,28;53,12;-0,1354;Melhorou
3157005;Salinas;Salinas (MG);MG;Sudeste;100,0;148,52;0,1725;0,2119;0,0;5,15;13,64;8,25;95,59;108,87;0,0393;Piorou
3157104;Salto da Divisa;Salto da Divisa (MG);MG;Sudeste;98,85;171,84;0,2597;0,3511;5,88;15,38;0,0;0,0;265,32;192,07;0,0914;Piorou
3157203;Santa Bárbara;Santa Bárbara (MG);MG;Sudeste;100,0;126,37;0,1507;0,2153;5,0;4,92;5,0;9,84;65,36;98,97;0,0646;Piorou
3157252;Santa Bárbara do Leste;Santa Bárbara do Leste (MG);MG;Sudeste;100,0;165,52;0,3266;0,2593;20,0;16,67;0,0;0,0;57,76;33,11;-0,0672;Melhorou
3157278;Santa Bárbara do Monte Verde;Santa Bárbara do Monte Verde (MG);MG;Sudeste;100,0;122,5;0,131;0,2956;0,0;16,67;0,0;0,0;207,34;85,01;0,1646;Piorou
3157807;Santa Luzia;Santa Luzia (MG);MG;Sudeste;71,98;87,91;0,217;0,2135;2,17;2,16;13,91;11,71;109,18;132,04;-0,0035;Melhorou
3157906;Santa Margarida;Santa Margarida (MG);MG;Sudeste;100,0;128,08;0,3262;0,0303;17,65;0,0;0,0;0,0;107,72;63,12;-0,2959;Melhorou
3158003;Santa Maria de Itabira;Santa Maria de Itabira (MG);MG;Sudeste;90,2;133,52;0,3186;0,0425;20,0;0,0;0,0;0,0;46,44;80,56;-0,2762;Melhorou
3158102;Santa Maria do Salto;Santa Maria do Salto (MG);MG;Sudeste;100,0;147,21;0,1859;0,3325;0,0;12,5;16,67;12,5;76,78;70,44;0,1465;Piorou
3158201;Santa Maria do Suaçuí;Santa Maria do Suaçuí (MG);MG;Sudeste;100,0;183,7;0,4351;0,0333;12,5;0,0;25,0;0,0;60,42;67,45;-0,4018;Melhorou
3158953;Santana do Paraíso;Santana do Paraíso (MG);MG;Sudeste;100,0;85,93;0,0266;0,1729;0,0;2,04;0,0;12,24;57,81;69,72;0,1463;Piorou
3159308;Santa Rita de Jacutinga;Santa Rita de Jacutinga (MG);MG;Sudeste;100,0;144,15;0,1202;0,1926;0,0;4,55;0,0;0,0;191,82;197,91;0,0724;Piorou
3159506;Santa Rita do Itueto;Santa Rita do Itueto (MG);MG;Sudeste;100,0;180,22;0,364;0,0251;5,56;0,0;11,11;0,0;282,18;55,62;-0,339;Melhorou
3159605;Santa Rita do Sapucaí;Santa Rita do Sapucaí (MG);MG;Sudeste;98,07;82,9;0,2948;0,2378;5,56;11,11;22,22;2,78;43,64;86,74;-0,057;Melhorou
3159803;Santa Vitória;Santa Vitória (MG);MG;Sudeste;100,0;116,81;0,002;0,1943;0,0;5,56;0,0;11,11;22,59;39,17;0,1923;Piorou
3159902;Santo Antônio do Amparo;Santo Antônio do Amparo (MG);MG;Sudeste;100,0;121,49;0,2146;0,2036;4,55;8,33;9,09;2,78;115,33;97,47;-0,011;Melhorou
3160306;Santo Antônio do Jacinto;Santo Antônio do Jacinto (MG);MG;Sudeste;100,0;208,29;0,1709;0,0317;7,69;0,0;0,0;0,0;99,17;65,08;-0,1392;Melhorou
3160405;Santo Antônio do Monte;Santo Antônio do Monte (MG);MG;Sudeste;99,06;153,87;0,0137;0,1023;0,0;3,33;0,0;3,33;39,36;52,78;0,0886;Piorou
3160702;Santos Dumont;Santos Dumont (MG);MG;Sudeste;100,0;124,48;0,2972;0,1651;12,5;4,65;6,25;4,65;98,38;97,8;-0,1322;Melhorou
3161007;São Domingos do Prata;São Domingos do Prata (MG);MG;Sudeste;100,0;120,74;0,0221;0,2009;0,0;2,94;0,0;11,76;51,36;96,54;0,1788;Piorou
3161106;São Francisco;São Francisco (MG);MG;Sudeste;100,0;141,1;0,1353;0,1248;4,44;3,7;2,22;7,41;90,12;25,96;-0,0105;Melhorou
3161205;São Francisco de Paula;São Francisco de Paula (MG);MG;Sudeste;100,0;146,14;0,0337;0,1156;0,0;0,0;0,0;10,0;67,96;59,78;0,082;Piorou
3161502;São Geraldo;São Geraldo (MG);MG;Sudeste;98,76;163,11;0,1628;0,2024;0,0;5,41;0,0;2,7;252,82;159,54;0,0396;Piorou
3161908;São Gonçalo do Rio Abaixo;São Gonçalo do Rio Abaixo (MG);MG;Sudeste;100,0;147,67;0,0153;0,0129;0,0;0,0;0,0;0,0;41,71;38,2;-0,0025;Melhorou
3162005;São Gonçalo do Sapucaí;São Gonçalo do Sapucaí (MG);MG;Sudeste;78,51;119,9;0,2558;0,1851;2,27;3,0;0,0;2,0;337,25;195,27;-0,0707;Melhorou
3162104;São Gotardo;São Gotardo (MG);MG;Sudeste;100,0;125,12;0,2744;0,0454;13,33;0,0;6,67;2,56;42,61;52,52;-0,229;Melhorou
3162203;São João Batista do Glória;São João Batista do Glória (MG);MG;Sudeste;100,0;137,21;0,0533;0,1047;0,0;0,0;0,0;6,67;96,09;86,0;0,0514;Piorou
3162401;São João da Ponte;São João da Ponte (MG);MG;Sudeste;100,0;188,91;0,1049;0,1721;0,0;1,3;3,12;6,49;130,73;156,8;0,0672;Piorou
3162500;São João del Rei;São João del Rei (MG);MG;Sudeste;85,8;80,65;0,0776;0,1863;1,05;6,85;1,05;8,22;95,09;36,21;0,1087;Piorou
3162575;São João do Manteninha;São João do Manteninha (MG);MG;Sudeste;100,0;196,96;0,2485;0,0253;11,11;0,0;0,0;0,0;136,85;55,92;-0,2232;Melhorou
3162609;São João do Oriente;São João do Oriente (MG);MG;Sudeste;100,0;198,01;0,0764;0,2273;0,0;0,0;0,0;21,43;129,17;76,16;0,1508;Piorou
3162708;São João do Paraíso;São João do Paraíso (MG);MG;Sudeste;100,0;146,38;0,1297;0,0974;2,94;0,0;0,0;1,43;142,29;141,32;-0,0323;Melhorou
3162807;São João Evangelista;São João Evangelista (MG);MG;Sudeste;91,08;137,64;0,1429;0,2277;5,56;9,3;0,0;2,33;105,07;116,8;0,0848;Piorou
3162906;São João Nepomuceno;São João Nepomuceno (MG);MG;Sudeste;64,57;75,86;0,2123;0,0047;7,89;0,0;2,63;0,0;121,16;26,46;-0,2076;Melhorou
3162955;São José da Lapa;São José da Lapa (MG);MG;Sudeste;100,0;93,1;0,1438;0,1566;0,0;0,0;12,5;13,89;68,78;69,64;0,0128;Piorou
3163706;São Lourenço;São Lourenço (MG);MG;Sudeste;75,84;81,08;0,1132;0,1505;3,64;3,8;0,0;6,33;103,79;74,2;0,0372;Piorou
3164001;São Pedro dos Ferros;São Pedro dos Ferros (MG);MG;Sudeste;98,98;146,52;0,0877;0,1601;0,0;8,33;0,0;0,0;145,38;70,03;0,0724;Piorou
3164100;São Pedro do Suaçuí;São Pedro do Suaçuí (MG);MG;Sudeste;100,0;200,04;0,3;0,0903;16,67;0,0;0,0;0,0;91,35;149,05;-0,2097;Melhorou
3164209;São Romão;São Romão (MG);MG;Sudeste;100,0;188,03;0,1487;0,1869;0,0;2,78;8,33;2,78;127,99;192,88;0,0383;Piorou
3164308;São Roque de Minas;São Roque de Minas (MG);MG;Sudeste;98,21;98,19;0,0784;0,1203;0,0;0,0;0,0;5,0;132,01;129,3;0,0419;Piorou
3164472;São Sebastião do Anta;São Sebastião do Anta (MG);MG;Sudeste;100,0;131,84;0,041;0,0349;0,0;0,0;0,0;0,0;78,48;69,76;-0,0061;Melhorou
3164704;São Sebastião do Paraíso;São Sebastião do Paraíso (MG);MG;Sudeste;99,78;109,53;0,0;0,1817;0,0;3,53;0,0;11,76;10,36;56,4;0,1817;Piorou
3164902;São Sebastião do Rio Verde;São Sebastião do Rio Verde (MG);MG;Sudeste;100,0;152,17;0,146;0,3012;0,0;16,67;0,0;0,0;228,86;93,0;0,1551;Piorou
3165008;São Tiago;São Tiago (MG);MG;Sudeste;100,0;125,08;0,1114;0,1275;0,0;2,7;0,0;0,0;179,22;144,22;0,0161;Piorou
3165305;São Vicente de Minas;São Vicente de Minas (MG);MG;Sudeste;99,15;205,76;0,2153;0,1466;9,09;0,0;0,0;0,0;132,74;229,58;-0,0687;Melhorou
3165404;Sapucaí-Mirim;Sapucaí-Mirim (MG);MG;Sudeste;50,23;110,91;0,0776;0,1223;0,0;0,0;0,0;6,25;130,85;116,39;0,0447;Piorou
3165503;Sardoá;Sardoá (MG);MG;Sudeste;100,0;134,28;0,0839;0,0553;0,0;0,0;0,0;0,0;139,93;98,9;-0,0287;Melhorou
3165537;Sarzedo;Sarzedo (MG);MG;Sudeste;85,97;97,76;0,1207;0,113;0,0;4,35;11,11;4,35;53,09;33,61;-0,0077;Melhorou
3165552;Setubinha;Setubinha (MG);MG;Sudeste;98,78;149,99;0,235;0,1448;12,5;5,56;0,0;0,0;87,82;107,69;-0,0903;Melhorou
3165701;Senador Firmino;Senador Firmino (MG);MG;Sudeste;100,0;181,44;0,2331;0,1473;0,0;0,0;3,23;10,53;313,04;98,57;-0,0858;Melhorou
3166303;Sericita;Sericita (MG);MG;Sudeste;99,05;150,89;0,0803;0,0197;0,0;0,0;0,0;0,0;134,74;47,96;-0,0606;Melhorou
3166709;Serra dos Aimorés;Serra dos Aimorés (MG);MG;Sudeste;100,0;201,61;0,0459;0,0839;0,0;0,0;0,0;0,0;85,4;139,84;0,038;Piorou
3166808;Serra do Salitre;Serra do Salitre (MG);MG;Sudeste;90,05;118,63;0,1356;0,0287;0,0;0,0;7,69;0,0;117,37;60,88;-0,1069;Melhorou
3167103;Serro;Serro (MG);MG;Sudeste;100,0;144,23;0,1546;0,0941;2,33;2,08;0,0;0,0;191,15;109,73;-0,0605;Melhorou
3167202;Sete Lagoas;Sete Lagoas (MG);MG;Sudeste;84,8;92,06;0,1371;0,1693;2,91;3,31;8,74;12,15;43,82;38,37;0,0322;Piorou
3167301;Silveirânia;Silveirânia (MG);MG;Sudeste;100,0;150,66;0,2362;0,0713;0,0;0,0;0,0;0,0;357,89;121,83;-0,1649;Melhorou
3167806;Soledade de Minas;Soledade de Minas (MG);MG;Sudeste;100,0;124,71;0,2347;0,1235;5,88;0,0;0,0;9,09;229,4;82,5;-0,1111;Melhorou
3167905;Tabuleiro;Tabuleiro (MG);MG;Sudeste;96,99;174,38;0,0773;0,2128;0,0;4,35;0,0;0,0;130,41;231,05;0,1355;Piorou
3168002;Taiobeiras;Taiobeiras (MG);MG;Sudeste;100,0;179,18;0,1538;0,1342;0,0;1,12;5,08;4,49;176,16;131,29;-0,0197;Melhorou
3168309;Taquaraçu de Minas;Taquaraçu de Minas (MG);MG;Sudeste;100,0;158,8;0,3207;0,3118;16,67;11,11;0,0;11,11;121,02;88,02;-0,009;Melhorou
3168408;Tarumirim;Tarumirim (MG);MG;Sudeste;100,0;152,67;0,2969;0,2545;0,0;0,85;0,0;1,69;444,81;344,63;-0,0424;Melhorou
3168507;Teixeiras;Teixeiras (MG);MG;Sudeste;99,07;115,42;0,0099;0,0194;0,0;0,0;0,0;0,0;33,96;47,47;0,0094;Piorou
3168606;Teófilo Otoni;Teófilo Otoni (MG);MG;Sudeste;100,0;122,78;0,3814;0,1857;16,67;9,89;14,29;3,3;28,62;31,89;-0,1957;Melhorou
3168705;Timóteo;Timóteo (MG);MG;Sudeste;83,83;88,35;0,114;0,1995;3,51;3,37;3,51;14,61;63,56;49,58;0,0855;Piorou
3168804;Tiradentes;Tiradentes (MG);MG;Sudeste;100,0;135,58;0,0405;0,3107;0,0;20,0;0,0;0,0;77,66;34,99;0,2702;Piorou
3169000;Tocantins;Tocantins (MG);MG;Sudeste;89,5;108,12;0,2185;0,2723;7,69;13,64;7,69;4,55;70,84;59,73;0,0538;Piorou
3169307;Três Corações;Três Corações (MG);MG;Sudeste;74,54;80,55;0,1916;0,241;6,25;7,37;6,25;11,58;81,38;61,23;0,0494;Piorou
3169356;Três Marias;Três Marias (MG);MG;Sudeste;97,08;137,28;0,3584;0,1464;14,29;6,45;14,29;3,23;46,7;50,31;-0,212;Melhorou
3169406;Três Pontas;Três Pontas (MG);MG;Sudeste;59,45;64,4;0,2703;0,1208;4,65;1,01;18,6;0,0;73,33;171,03;-0,1495;Melhorou
3169505;Tumiritinga;Tumiritinga (MG);MG;Sudeste;100,0;178,38;0,3395;0,0272;20,0;0,0;0,0;0,0;76,34;58,63;-0,3124;Melhorou
3169604;Tupaciguara;Tupaciguara (MG);MG;Sudeste;96,68;98,6;0,2281;0,1674;0,0;0,0;25,0;13,21;32,5;93,69;-0,0606;Melhorou
3169703;Turmalina;Turmalina (MG);MG;Sudeste;100,0;157,57;0,0679;0,1308;0,0;0,0;0,0;3,08;116,95;168,47;0,063;Piorou
3169901;Ubá;Ubá (MG);MG;Sudeste;60,19;82,64;0,0725;0,1836;1,09;2,99;1,09;9,95;86,58;93,6;0,1111;Piorou
3170008;Ubaí;Ubaí (MG);MG;Sudeste;100,0;179,36;0,363;0,0152;0,0;0,0;42,86;0,0;62,24;41,55;-0,3478;Melhorou
3170057;Ubaporanga;Ubaporanga (MG);MG;Sudeste;100,0;149,56;0,0165;0,0834;0,0;0,0;0,0;7,14;43,34;49,53;0,0669;Piorou
3170107;Uberaba;Uberaba (MG);MG;Sudeste;65,38;58,38;0,1383;0,1822;1,46;3,93;11,68;12,13;39,84;43,82;0,0439;Piorou
3170206;Uberlândia;Uberlândia (MG);MG;Sudeste;54,06;62,66;0,1321;0,1242;2,03;1,96;9,28;6,06;48,86;79,51;-0,0079;Melhorou
3170305;Umburatiba;Umburatiba (MG);MG;Sudeste;100,0;130,4;0,2882;0,0977;0,0;0,0;14,29;0,0;253,06;159,65;-0,1905;Melhorou
3170404;Unaí;Unaí (MG);MG;Sudeste;53,82;82,35;0,285;0,0966;15,79;3,7;5,26;2,47;22,55;47,52;-0,1883;Melhorou
3170503;Urucânia;Urucânia (MG);MG;Sudeste;100,0;132,07;0,0458;0,0227;0,0;0,0;0,0;0,0;85,39;52,18;-0,0232;Melhorou
3170529;Urucuia;Urucuia (MG);MG;Sudeste;100,0;100,12;0,0441;0,0519;0,0;0,0;0,0;0,0;82,84;94,05;0,0078;Piorou
3170701;Varginha;Varginha (MG);MG;Sudeste;71,72;73,6;0,1426;0,1652;3,45;4,88;8,62;9,76;41,59;29,04;0,0226;Piorou
3170800;Várzea da Palma;Várzea da Palma (MG);MG;Sudeste;95,06;122,3;0,1071;0,1238;0,0;4,88;5,56;2,44;103,38;61,57;0,0166;Piorou
3170909;Varzelândia;Varzelândia (MG);MG;Sudeste;100,0;185,77;0,1858;0,1003;0,0;0,0;12,0;5,56;135,12;93,65;-0,0855;Melhorou
3171006;Vazante;Vazante (MG);MG;Sudeste;100,0;140,17;0,1521;0,047;0,0;0,0;16,67;0,0;28,26;87,01;-0,1051;Melhorou
3171030;Verdelândia;Verdelândia (MG);MG;Sudeste;100,0;220,5;0,4004;0,1537;14,29;5,56;14,29;0,0;106,83;120,53;-0,2466;Melhorou
3171204;Vespasiano;Vespasiano (MG);MG;Sudeste;81,62;76,49;0,1397;0,2371;1,77;2,57;6,19;14,34;104,04;123,91;0,0973;Piorou
3171303;Viçosa;Viçosa (MG);MG;Sudeste;86,16;92,96;0,0849;0,0718;0,0;2,78;7,14;1,39;51,62;45,43;-0,0131;Melhorou
3171402;Vieiras;Vieiras (MG);MG;Sudeste;98,36;189,18;0,2373;0,0778;0,0;0,0;20,0;0,0;108,42;131,18;-0,1594;Melhorou
3171808;Virginópolis;Virginópolis (MG);MG;Sudeste;100,0;151,28;0,1012;0,188;0,0;4,55;0,0;0,0;164,66;191,36;0,0868;Piorou
3172004;Visconde do Rio Branco;Visconde do Rio Branco (MG);MG;Sudeste;92,14;98,32;0,2424;0,3036;2,27;7,05;0,76;1,66;308,55;282,18;0,0612;Piorou
3200102;Afonso Cláudio;Afonso Cláudio (ES);ES;Sudeste;100,0;137,47;0,1457;0,1057;6,45;0,0;0,0;10,0;89,73;45,63;-0,0399;Melhorou
3200201;Alegre;Alegre (ES);ES;Sudeste;100,0;117,95;0,1852;0,1691;7,41;5,45;3,7;5,45;79,4;76,22;-0,0162;Melhorou
3200409;Anchieta;Anchieta (ES);ES;Sudeste;100,0;151,74;0,1052;0,0741;5,0;0,0;0,0;5,26;63,01;59,73;-0,0311;Melhorou
3200508;Apiacá;Apiacá (ES);ES;Sudeste;100,0;193,82;0,0812;0,13;0,0;0,0;0,0;3,7;135,94;159,42;0,0489;Piorou
3200607;Aracruz;Aracruz (ES);ES;Sudeste;62,97;112,94;0,2718;0,1057;8,89;2,36;13,33;3,94;50,64;70,96;-0,1661;Melhorou
3200706;Atílio Vivácqua;Atílio Vivácqua (ES);ES;Sudeste;100,0;199,24;0,2011;0,0943;10,0;0,0;0,0;7,69;92,92;58,19;-0,1068;Melhorou
3200805;Baixo Guandu;Baixo Guandu (ES);ES;Sudeste;80,01;136,92;0,2137;0,1191;1,79;1,82;8,93;5,45;175,32;82,82;-0,0946;Melhorou
3200904;Barra de São Francisco;Barra de São Francisco (ES);ES;Sudeste;81,32;121,64;0,168;0,1657;7,14;3,85;3,57;2,31;62,04;145,45;-0,0023;Melhorou
3201001;Boa Esperança;Boa Esperança (ES);ES;Sudeste;98,03;154,32;0,1504;0,0473;0,0;0,0;3,7;0,0;188,64;87,45;-0,1031;Melhorou
3201100;Bom Jesus do Norte;Bom Jesus do Norte (ES);ES;Sudeste;100,0;155,73;0,341;0,2209;16,67;2,44;0,0;7,32;150,04;191,86;-0,1201;Melhorou
3201209;Cachoeiro de Itapemirim;Cachoeiro de Itapemirim (ES);ES;Sudeste;82,31;103,74;0,1832;0,1344;3,42;2,18;11,97;6,54;58,4;83,2;-0,0488;Melhorou
3201308;Cariacica;Cariacica (ES);ES;Sudeste;32,28;71,37;0,244;0,1649;5,31;2,44;17,7;13,41;32,88;35,01;-0,0791;Melhorou
3201407;Castelo;Castelo (ES);ES;Sudeste;71,02;130,01;0,1761;0,0801;9,09;0,0;0,0;4,84;76,61;73,7;-0,096;Melhorou
3201506;Colatina;Colatina (ES);ES;Sudeste;97,0;126,46;0,1225;0,0896;0,0;3,95;13,16;2,63;29,94;30,23;-0,0329;Melhorou
3201605;Conceição da Barra;Conceição da Barra (ES);ES;Sudeste;100,0;121,62;0,0418;0,1622;0,0;4,08;0,0;6,12;79,54;87,42;0,1204;Piorou
3201803;Divino de São Lourenço;Divino de São Lourenço (ES);ES;Sudeste;97,3;137,71;0,5458;0,1494;33,33;0,0;16,67;12,5;114,68;76,71;-0,3964;Melhorou
3201902;Domingos Martins;Domingos Martins (ES);ES;Sudeste;86,22;104,59;0,4753;0,0504;20,0;0,0;20,0;2,13;13,26;65,2;-0,4249;Melhorou
3202108;Ecoporanga;Ecoporanga (ES);ES;Sudeste;92,06;143,23;0,2299;0,2236;4,84;3,81;0,0;3,81;245,04;210,2;-0,0064;Melhorou
3202207;Fundão;Fundão (ES);ES;Sudeste;20,95;145,1;0,1167;0,3733;0,0;9,52;11,11;23,81;47,31;50,75;0,2566;Piorou
3202306;Guaçuí;Guaçuí (ES);ES;Sudeste;100,0;120,2;0,2172;0,1646;8,89;5,88;0,0;3,92;139,81;79,79;-0,0526;Melhorou
3202405;Guarapari;Guarapari (ES);ES;Sudeste;50,06;69,34;0,1538;0,2327;3,7;7,59;11,11;12,66;20,96;30,93;0,0789;Piorou
3202454;Ibatiba;Ibatiba (ES);ES;Sudeste;78,06;89,64;0,1512;0,2632;3,57;10,53;3,57;10,53;114,64;38,44;0,1121;Piorou
3202652;Irupi;Irupi (ES);ES;Sudeste;86,23;134,55;0,3011;0,2376;16,67;14,29;0,0;0,0;92,89;53,1;-0,0635;Melhorou
3202801;Itapemirim;Itapemirim (ES);ES;Sudeste;90,11;109,46;0,3437;0,1837;6,82;2,63;20,45;10,53;108,67;94,09;-0,16;Melhorou
3202900;Itarana;Itarana (ES);ES;Sudeste;100,0;165,14;0,0169;0,0296;0,0;0,0;0,0;0,0;43,88;62,15;0,0128;Piorou
3203007;Iúna;Iúna (ES);ES;Sudeste;80,05;154,93;0,2825;0,1462;2,94;0,9;0,0;0,9;361,09;198,45;-0,1363;Melhorou
3203056;Jaguaré;Jaguaré (ES);ES;Sudeste;84,08;116,31;0,1158;0,0975;4,35;2,08;0,0;2,08;92,16;88,45;-0,0183;Melhorou
3203106;Jerônimo Monteiro;Jerônimo Monteiro (ES);ES;Sudeste;88,13;120,95;0,1753;0,2537;0,0;9,3;13,33;2,33;103,37;154,02;0,0784;Piorou
3203130;João Neiva;João Neiva (ES);ES;Sudeste;79,42;149,15;0,2297;0,07;11,11;0,0;0,0;4,55;109,97;62,92;-0,1597;Melhorou
3203205;Linhares;Linhares (ES);ES;Sudeste;65,38;89,64;0,1385;0,1288;3,52;1,69;3,52;5,41;98,26;100,09;-0,0097;Melhorou
3203304;Mantenópolis;Mantenópolis (ES);ES;Sudeste;90,76;137,03;0,0162;0,0778;0,0;0,0;0,0;5,88;43,0;57,29;0,0616;Piorou
3203320;Marataízes;Marataízes (ES);ES;Sudeste;78,03;122,77;0,061;0,1591;0,0;2,9;3,85;8,7;58,82;76,1;0,0981;Piorou
3203346;Marechal Floriano;Marechal Floriano (ES);ES;Sudeste;100,0;138,88;0,0207;0,0963;0,0;4,17;0,0;0,0;49,45;68,11;0,0755;Piorou
3203403;Mimoso do Sul;Mimoso do Sul (ES);ES;Sudeste;100,0;185,9;0,1155;0,1477;5,88;1,1;0,0;4,4;58,82;152,42;0,0322;Piorou
3203502;Montanha;Montanha (ES);ES;Sudeste;99,32;170,13;0,2308;0,074;4,17;0,0;2,08;0,0;234,57;125,77;-0,1568;Melhorou
3203601;Mucurici;Mucurici (ES);ES;Sudeste;100,0;192,09;0,4076;0,215;3,12;0,0;3,12;2,63;503,74;294,52;-0,1926;Melhorou
3203700;Muniz Freire;Muniz Freire (ES);ES;Sudeste;89,23;173,52;0,1451;0,0888;3,45;3,23;0,0;0,0;153,45;77,62;-0,0563;Melhorou
3203809;Muqui;Muqui (ES);ES;Sudeste;98,9;131,56;0,1098;0,1784;0,0;0,0;7,14;11,36;87,26;132,5;0,0686;Piorou
3203908;Nova Venécia;Nova Venécia (ES);ES;Sudeste;99,78;99,86;0,1403;0,1771;1,43;6,15;4,29;6,15;136,19;63,88;0,0368;Piorou
3204054;Pedro Canário;Pedro Canário (ES);ES;Sudeste;99,2;132,8;0,2237;0,2232;0,0;0,83;0,0;2,5;340,1;290,04;-0,0005;Melhorou
3204104;Pinheiros;Pinheiros (ES);ES;Sudeste;90,24;117,08;0,281;0,1611;4,29;0,0;2,86;10,17;294,11;122,77;-0,1198;Melhorou
3204203;Piúma;Piúma (ES);ES;Sudeste;25,71;149,1;0,0039;0,3173;0,0;9,68;0,0;16,13;25,32;63,81;0,3134;Piorou
3204252;Ponto Belo;Ponto Belo (ES);ES;Sudeste;95,27;193,6;0,3155;0,1245;0,0;0,0;2,94;4,76;434,57;138,29;-0,191;Melhorou
3204302;Presidente Kennedy;Presidente Kennedy (ES);ES;Sudeste;100,0;153,32;0,0218;0,1783;0,0;0,0;0,0;9,3;50,91;158,3;0,1566;Piorou
3204351;Rio Bananal;Rio Bananal (ES);ES;Sudeste;100,0;127,11;0,3507;0,0998;14,29;0,0;14,29;11,11;35,73;23,14;-0,2509;Melhorou
3204401;Rio Novo do Sul;Rio Novo do Sul (ES);ES;Sudeste;100,0;189,71;0,133;0,1435;0,0;0,0;11,11;13,33;70,68;57,86;0,0105;Piorou
3204500;Santa Leopoldina;Santa Leopoldina (ES);ES;Sudeste;94,82;133,52;0,0423;0,2731;0,0;11,11;0,0;11,11;80,26;32,61;0,2308;Piorou
3204559;Santa Maria de Jetibá;Santa Maria de Jetibá (ES);ES;Sudeste;100,0;150,25;0,0769;0,0454;0,0;0,0;2,86;2,13;93,96;58,1;-0,0314;Melhorou
3204609;Santa Teresa;Santa Teresa (ES);ES;Sudeste;100,0;138,1;0,1866;0,0962;0,0;5,56;20,0;0,0;35,93;38,16;-0,0904;Melhorou
3204708;São Gabriel da Palha;São Gabriel da Palha (ES);ES;Sudeste;84,88;116,42;0,0;0,1444;0,0;6,45;0,0;3,23;15,19;47,48;0,1444;Piorou
3204807;São José do Calçado;São José do Calçado (ES);ES;Sudeste;99,15;128,7;0,2847;0,2993;4,35;6,15;0,0;4,62;334,06;258,15;0,0145;Piorou
3204906;São Mateus;São Mateus (ES);ES;Sudeste;77,08;84,76;0,1758;0,1601;4,32;2,42;3,09;4,53;139,96;140,18;-0,0157;Melhorou
3205002;Serra;Serra (ES);ES;Sudeste;57,57;70,6;0,2358;0,2207;5,07;2,56;17,39;18,97;30,06;42,43;-0,0151;Melhorou
3205010;Sooretama;Sooretama (ES);ES;Sudeste;63,46;92,44;0,3459;0,3745;10,0;15,38;20,0;15,38;49,19;32,38;0,0286;Piorou
3205036;Vargem Alta;Vargem Alta (ES);ES;Sudeste;73,49;143,12;0,0312;0,1182;0,0;2,04;0,0;2,04;64,42;119,53;0,087;Piorou
3205069;Venda Nova do Imigrante;Venda Nova do Imigrante (ES);ES;Sudeste;90,1;146,86;0,1655;0,1674;10,0;5,88;0,0;1,96;41,91;108,52;0,0019;Piorou
3205101;Viana;Viana (ES);ES;Sudeste;100,0;136,84;0,2475;0,3026;0,0;7,69;27,27;20,51;31,72;30,34;0,0552;Piorou
3205150;Vila Pavão;Vila Pavão (ES);ES;Sudeste;93,71;139,92;0,0229;0,1844;0,0;0,0;0,0;12,5;52,52;126,86;0,1615;Piorou
3205200;Vila Velha;Vila Velha (ES);ES;Sudeste;43,83;70,69;0,1746;0,2138;5,45;3,65;8,91;17,02;40,86;33,81;0,0392;Piorou
3205309;Vitória;Vitória (ES);ES;Sudeste;92,24;104,49;0,2065;0,1696;5,0;4,17;15,0;11,9;17,42;23,63;-0,0369;Melhorou
3300100;Angra dos Reis;Angra dos Reis (RJ);RJ;Sudeste;97,76;117,0;0,1422;0,2445;4,07;5,75;4,88;8,63;74,81;137,94;0,1023;Piorou
3300159;Aperibé;Aperibé (RJ);RJ;Sudeste;100,0;133,16;0,0928;0,2526;0,0;3,45;0,0;6,9;152,6;220,8;0,1598;Piorou
3300209;Araruama;Araruama (RJ);RJ;Sudeste;42,75;77,14;0,1076;0,1563;6,82;8,21;0,0;0,51;27,42;60,81;0,0486;Piorou
3300225;Areal;Areal (RJ);RJ;Sudeste;100,0;147,95;0,3384;0,0685;20,0;0,0;0,0;0,0;74,74;117,77;-0,27;Melhorou
3300233;Armação dos Búzios;Armação dos Búzios (RJ);RJ;Sudeste;99,32;121,75;0,1819;0,2857;8,82;9,15;0,0;3,52;90,67;187,99;0,1038;Piorou
3300258;Arraial do Cabo;Arraial do Cabo (RJ);RJ;Sudeste;79,29;90,36;0,14;0,2787;0,0;7,14;10,71;11,9;85,69;115,88;0,1387;Piorou
3300308;Barra do Piraí;Barra do Piraí (RJ);RJ;Sudeste;43,61;70,96;0,286;0,1749;16,67;7,14;2,08;1,43;45,19;98,89;-0,1111;Melhorou
3300407;Barra Mansa;Barra Mansa (RJ);RJ;Sudeste;83,2;106,52;0,2367;0,1674;6,67;5,02;9,23;3,59;99,57;106,52;-0,0692;Melhorou
3300456;Belford Roxo;Belford Roxo (RJ);RJ;Sudeste;35,02;78,66;0,2252;0,18;9,15;8,33;9,15;3,95;30,62;48,88;-0,0452;Melhorou
3300506;Bom Jardim;Bom Jardim (RJ);RJ;Sudeste;88,56;87,18;0,2064;0,287;7,14;12,66;2,38;2,53;131,91;127,1;0,0807;Piorou
3300605;Bom Jesus do Itabapoana;Bom Jesus do Itabapoana (RJ);RJ;Sudeste;100,0;155,89;0,1814;0,208;2,56;2,78;2,56;6,25;192,24;179,39;0,0265;Piorou
3300704;Cabo Frio;Cabo Frio (RJ);RJ;Sudeste;73,63;63,98;0,1841;0,2137;2,48;2,36;9,22;14,35;114,36;95,08;0,0296;Piorou
3300803;Cachoeiras de Macacu;Cachoeiras de Macacu (RJ);RJ;Sudeste;96,97;105,25;0,118;0,1534;2,86;7,81;5,71;1,56;55,62;52,0;0,0354;Piorou
3300902;Cambuci;Cambuci (RJ);RJ;Sudeste;99,25;119,73;0,104;0,2429;0,0;2,06;0,0;4,12;168,64;271,49;0,1389;Piorou
3301009;Campos dos Goytacazes;Campos dos Goytacazes (RJ);RJ;Sudeste;48,76;51,24;0,1564;0,1431;5,08;4,48;7,91;5,28;35,17;62,16;-0,0133;Melhorou
3301108;Cantagalo;Cantagalo (RJ);RJ;Sudeste;100,0;144,4;0,1595;0,2119;3,57;6,1;3,57;1,22;126,59;176,87;0,0524;Piorou
3301207;Carmo;Carmo (RJ);RJ;Sudeste;100,0;135,66;0,1403;0,2456;3,85;5,08;0,0;8,47;137,95;155,85;0,1054;Piorou
3301306;Casimiro de Abreu;Casimiro de Abreu (RJ);RJ;Sudeste;93,69;93,77;0,2127;0,2313;6,25;3,57;12,5;12,5;33,16;117,26;0,0186;Piorou
3301405;Conceição de Macabu;Conceição de Macabu (RJ);RJ;Sudeste;69,26;123,68;0,0016;0,0869;0,0;4,35;0,0;0,0;21,96;50,75;0,0853;Piorou
3301504;Cordeiro;Cordeiro (RJ);RJ;Sudeste;94,03;101,04;0,3424;0,136;10,53;7,41;10,53;0,0;151,84;55,42;-0,2064;Melhorou
3301603;Duas Barras;Duas Barras (RJ);RJ;Sudeste;50,2;111,56;0,0543;0,1172;0,0;4,17;0,0;0,0;97,52;98,01;0,0628;Piorou
3301702;Duque de Caxias;Duque de Caxias (RJ);RJ;Sudeste;39,86;42,7;0,1989;0,12;7,3;4,96;7,3;2,16;56,14;58,01;-0,079;Melhorou
3301801;Engenheiro Paulo de Frontin;Engenheiro Paulo de Frontin (RJ);RJ;Sudeste;100,0;171,54;0,1621;0,1506;7,69;2,22;0,0;2,22;86,6;159,73;-0,0115;Melhorou
3301850;Guapimirim;Guapimirim (RJ);RJ;Sudeste;52,99;73,34;0,1543;0,2412;0,0;3,12;8,22;14,06;137,49;121,47;0,0869;Piorou
3301876;Iguaba Grande;Iguaba Grande (RJ);RJ;Sudeste;100,0;135,8;0,1461;0,2242;0,0;5,26;16,67;15,79;17,63;29,52;0,0781;Piorou
3301900;Itaboraí;Itaboraí (RJ);RJ;Sudeste;67,26;82,7;0,2382;0,138;7,45;3,44;12,77;5,03;40,6;80,42;-0,1002;Melhorou
3302007;Itaguaí;Itaguaí (RJ);RJ;Sudeste;55,46;82,24;0,3052;0,2782;6,12;2,7;22,45;23,65;43,39;63,23;-0,0269;Melhorou
3302106;Itaocara;Itaocara (RJ);RJ;Sudeste;98,17;151,75;0,1355;0,1266;0,0;2,78;4,26;1,39;160,29;123,98;-0,0088;Melhorou
3302205;Itaperuna;Itaperuna (RJ);RJ;Sudeste;75,82;103,05;0,3451;0,1908;3,28;6,17;31,15;9,88;52,43;36,37;-0,1543;Melhorou
3302254;Itatiaia;Itatiaia (RJ);RJ;Sudeste;84,9;116,06;0,1621;0,2208;8,33;7,14;0,0;9,52;72,8;62,9;0,0587;Piorou
3302270;Japeri;Japeri (RJ);RJ;Sudeste;39,82;66,84;0,4117;0,1902;11,11;7,14;27,78;7,14;21,84;48,98;-0,2215;Melhorou
3302304;Laje do Muriaé;Laje do Muriaé (RJ);RJ;Sudeste;82,78;190,83;0,0239;0,0607;0,0;0,0;0,0;0,0;54,02;106,72;0,0368;Piorou
3302403;Macaé;Macaé (RJ);RJ;Sudeste;58,26;67,65;0,2378;0,1592;8,49;3,6;10,38;9,2;47,6;54,84;-0,0786;Melhorou
3302452;Macuco;Macuco (RJ);RJ;Sudeste;100,0;193,9;0,5408;0,3162;30,77;7,14;7,69;7,14;220,21;229,47;-0,2245;Melhorou
3302502;Magé;Magé (RJ);RJ;Sudeste;60,05;92,23;0,1379;0,0643;5,77;2,01;3,85;2,01;44,94;43,44;-0,0735;Melhorou
3302601;Mangaratiba;Mangaratiba (RJ);RJ;Sudeste;100,0;113,56;0,2177;0,2361;9,09;6,14;1,82;7,89;113,39;126,75;0,0183;Piorou
3302700;Maricá;Maricá (RJ);RJ;Sudeste;98,31;98,69;0,1604;0,3033;5,0;4,25;5,0;18,94;79,2;125,08;0,143;Piorou
3302809;Mendes;Mendes (RJ);RJ;Sudeste;100,0;143,31;0,0341;0,1115;0,0;2,94;0,0;2,94;68,51;79,33;0,0775;Piorou
3302858;Mesquita;Mesquita (RJ);RJ;Sudeste;74,77;103,12;0,211;0,3869;4,55;16,13;15,91;15,32;24,58;34,92;0,1758;Piorou
3302908;Miguel Pereira;Miguel Pereira (RJ);RJ;Sudeste;100,0;158,0;0,1846;0,1377;7,14;7,14;3,57;0,0;85,75;63,45;-0,0469;Melhorou
3303005;Miracema;Miracema (RJ);RJ;Sudeste;100,0;109,58;0,2349;0,2303;2,15;8,16;0,0;1,02;309,89;161,33;-0,0046;Melhorou
3303104;Natividade;Natividade (RJ);RJ;Sudeste;100,0;162,53;0,1964;0,1065;2,7;0,0;2,7;6,25;209,01;93,74;-0,0899;Melhorou
3303203;Nilópolis;Nilópolis (RJ);RJ;Sudeste;100,0;89,02;0,417;0,3102;14,81;12,0;22,22;14,67;16,78;22,08;-0,1068;Melhorou
3303302;Niterói;Niterói (RJ);RJ;Sudeste;74,41;87,73;0,1833;0,1968;8,4;5,85;6,11;11,2;25,17;35,24;0,0135;Piorou
3303401;Nova Friburgo;Nova Friburgo (RJ);RJ;Sudeste;50,31;48,05;0,1463;0,1208;4,35;3,49;5,8;5,24;63,09;51,82;-0,0256;Melhorou
3303500;Nova Iguaçu;Nova Iguaçu (RJ);RJ;Sudeste;67,07;60,64;0,4002;0,286;14,39;11,55;19,93;11,55;33,59;36,1;-0,1143;Melhorou
3303609;Paracambi;Paracambi (RJ);RJ;Sudeste;72,56;84,59;0,1413;0,1615;4,65;7,35;2,33;1,47;92,96;74,55;0,0202;Piorou
3303708;Paraíba do Sul;Paraíba do Sul (RJ);RJ;Sudeste;100,0;182,01;0,3386;0,1826;14,75;4,96;4,92;2,13;125,96;147,8;-0,1561;Melhorou
3303807;Paraty;Paraty (RJ);RJ;Sudeste;76,21;78,4;0,1177;0,1906;0,0;3,03;11,76;12,12;40,64;75,38;0,0728;Piorou
3303856;Paty do Alferes;Paty do Alferes (RJ);RJ;Sudeste;100,0;165,43;0,2328;0,3568;10,53;23,53;5,26;0,0;60,9;53,31;0,124;Piorou
3303906;Petrópolis;Petrópolis (RJ);RJ;Sudeste;65,75;68,71;0,1351;0,1636;5,04;2,63;5,04;13,16;41,66;32,33;0,0285;Piorou
3303955;Pinheiral;Pinheiral (RJ);RJ;Sudeste;99,47;156,64;0,1194;0,1482;5,88;6,12;0,0;0,0;64,39;100,43;0,0288;Piorou
3304003;Piraí;Piraí (RJ);RJ;Sudeste;100,0;191,08;0,2403;0,2366;4,88;7,14;9,76;8,93;136,62;93,01;-0,0037;Melhorou
3304110;Porto Real;Porto Real (RJ);RJ;Sudeste;100,0;130,99;0,2271;0,2523;8,33;7,14;8,33;9,52;61,3;108,04;0,0252;Piorou
3304128;Quatis;Quatis (RJ);RJ;Sudeste;99,57;127,9;0,1143;0,1127;0,0;2,86;6,67;0,0;99,78;119,75;-0,0016;Melhorou
3304144;Queimados;Queimados (RJ);RJ;Sudeste;34,47;36,14;0,2321;0,1704;9,68;3,81;9,68;11,43;22,77;38,52;-0,0617;Melhorou
3304151;Quissamã;Quissamã (RJ);RJ;Sudeste;100,0;140,66;0,0094;0,3266;0,0;6,9;0,0;17,24;33,17;122,79;0,3172;Piorou
3304201;Resende;Resende (RJ);RJ;Sudeste;94,16;101,52;0,0731;0,1328;0,88;2,29;1,77;6,42;83,23;80,02;0,0597;Piorou
3304300;Rio Bonito;Rio Bonito (RJ);RJ;Sudeste;100,0;129,56;0,2496;0,162;11,63;5,75;4,65;4,6;69,04;70,58;-0,0876;Melhorou
3304409;Rio Claro;Rio Claro (RJ);RJ;Sudeste;100,0;181,02;0,2952;0,0234;18,18;0,0;0,0;0,0;51,96;53,26;-0,2718;Melhorou
3304508;Rio das Flores;Rio das Flores (RJ);RJ;Sudeste;100,0;156,35;0,1196;0,1416;0,0;0,0;0,0;2,78;191,04;187,57;0,0219;Piorou
3304524;Rio das Ostras;Rio das Ostras (RJ);RJ;Sudeste;49,1;62,34;0,3578;0,2431;14,66;2,67;11,21;19,79;76,59;62,05;-0,1147;Melhorou
3304557;Rio de Janeiro;Rio de Janeiro (RJ);RJ;Sudeste;55,36;76,2;0,2343;0,2382;7,77;6,74;12,82;14,72;27,41;31,29;0,0039;Piorou
3304607;Santa Maria Madalena;Santa Maria Madalena (RJ);RJ;Sudeste;52,72;102,61;0,0537;0,1538;0,0;3,7;0,0;3,7;96,66;113,97;0,1001;Piorou
3304706;Santo Antônio de Pádua;Santo Antônio de Pádua (RJ);RJ;Sudeste;81,45;101,63;0,1835;0,177;5,13;3,12;1,28;5,47;156,18;137,46;-0,0064;Melhorou
3304755;São Francisco de Itabapoana;São Francisco de Itabapoana (RJ);RJ;Sudeste;83,35;116,51;0,3364;0,1056;16,67;2,63;6,67;2,63;59,79;81,37;-0,2308;Melhorou
3304805;São Fidélis;São Fidélis (RJ);RJ;Sudeste;81,84;148,22;0,2459;0,1407;5,26;2,41;0,88;6,02;247,78;93,82;-0,1052;Melhorou
3304904;São Gonçalo;São Gonçalo (RJ);RJ;Sudeste;79,49;85,7;0,2347;0,1616;7,49;4,21;11,05;6,44;56,22;79,72;-0,0731;Melhorou
3305000;São João da Barra;São João da Barra (RJ);RJ;Sudeste;100,0;120,52;0,0779;0,1713;0,0;5,88;2,33;4,41;102,1;83,26;0,0934;Piorou
3305109;São João de Meriti;São João de Meriti (RJ);RJ;Sudeste;57,33;69,46;0,2707;0,1991;5,43;6,17;20,93;11,04;28,0;33,7;-0,0716;Melhorou
3305158;São José do Vale do Rio Preto;São José do Vale do Rio Preto (RJ);RJ;Sudeste;95,48;126,81;0,2569;0,1708;10,0;5,66;3,33;1,89;130,93;119,0;-0,0861;Melhorou
3305208;São Pedro da Aldeia;São Pedro da Aldeia (RJ);RJ;Sudeste;61,62;63,95;0,319;0,3037;0,0;4,67;36,36;24,3;20,03;49,15;-0,0153;Melhorou
3305307;São Sebastião do Alto;São Sebastião do Alto (RJ);RJ;Sudeste;97,83;139,24;0,2832;0,3023;2,86;6,15;0,0;0,0;363,85;320,44;0,0191;Piorou
3305505;Saquarema;Saquarema (RJ);RJ;Sudeste;44,91;66,03;0,3138;0,1987;18,18;7,46;4,55;8,96;21,46;31,51;-0,1151;Melhorou
3305554;Seropédica;Seropédica (RJ);RJ;Sudeste;96,87;95,53;0,2753;0,0833;6,67;2,44;20,0;4,88;18,0;25,43;-0,192;Melhorou
3305604;Silva Jardim;Silva Jardim (RJ);RJ;Sudeste;100,0;178,94;0,1;0,2403;0,0;10,0;3,85;5,0;114,61;86,28;0,1403;Piorou
3305703;Sumidouro;Sumidouro (RJ);RJ;Sudeste;100,0;138,1;0,1916;0,2215;4,17;12,0;4,17;0,0;152,34;79,13;0,0298;Piorou
3305752;Tanguá;Tanguá (RJ);RJ;Sudeste;99,31;146,36;0,4084;0,1938;16,67;6,67;16,67;6,67;37,27;70,41;-0,2145;Melhorou
3305802;Teresópolis;Teresópolis (RJ);RJ;Sudeste;43,02;54,77;0,2477;0,108;8,77;2,27;12,28;7,95;31,79;25,68;-0,1397;Melhorou
3305901;Trajano de Moraes;Trajano de Moraes (RJ);RJ;Sudeste;100,0;154,29;0,1315;0,2916;0,0;18,18;0,0;0,0;208,01;46,82;0,1602;Piorou
3306008;Três Rios;Três Rios (RJ);RJ;Sudeste;100,0;142,42;0,2454;0,1916;8,45;4,44;8,45;9,63;83,58;77,81;-0,0538;Melhorou
3306107;Valença;Valença (RJ);RJ;Sudeste;84,6;120,1;0,1058;0,1068;2,15;2,63;0,0;5,26;125,05;50,09;0,001;Piorou
3306156;Varre-Sai;Varre-Sai (RJ);RJ;Sudeste;96,69;171,45;0,0547;0,007;0,0;0,0;0,0;0,0;98,11;29,82;-0,0477;Melhorou
3306206;Vassouras;Vassouras (RJ);RJ;Sudeste;100,0;144,21;0,1032;0,1756;5,26;4,65;0,0;3,49;54,52;127,54;0,0724;Piorou
3306305;Volta Redonda;Volta Redonda (RJ);RJ;Sudeste;100,0;95,3;0,1644;0,1495;6,58;2,96;3,07;3,34;75,31;128,39;-0,0149;Melhorou
3500105;Adamantina;Adamantina (SP);SP;Sudeste;100,0;110,99;0,0659;0,1739;0,0;3,17;3,23;9,52;73,57;81,07;0,1081;Piorou
3500303;Aguaí;Aguaí (SP);SP;Sudeste;67,58;98,21;0,2924;0,1041;14,29;1,52;7,14;3,03;41,86;98,19;-0,1883;Melhorou
3500501;Águas de Lindóia;Águas de Lindóia (SP);SP;Sudeste;78,22;106,75;0,3558;0,1014;0,0;5,88;41,67;0,0;51,94;38,55;-0,2544;Melhorou
3500709;Agudos;Agudos (SP);SP;Sudeste;96,1;74,3;0,2296;0,1312;6,67;2,0;13,33;8,0;37,98;64,25;-0,0984;Melhorou
3500808;Alfredo Marcondes;Alfredo Marcondes (SP);SP;Sudeste;100,0;157,48;0,2126;0,0507;0,0;0,0;14,29;0,0;144,76;92,28;-0,1619;Melhorou
3501004;Altinópolis;Altinópolis (SP);SP;Sudeste;94,89;124,86;0,1818;0,3021;5,0;5,0;5,0;10,0;109,96;219,43;0,1203;Piorou
3501103;Alto Alegre;Alto Alegre (SP);SP;Sudeste;100,0;182,24;0,2123;0,0243;0,0;0,0;11,11;0,0;184,22;54,59;-0,1879;Melhorou
3501301;Álvares Machado;Álvares Machado (SP);SP;Sudeste;100,0;127,88;0,2144;0,2031;6,52;3,67;2,17;3,67;159,34;185,7;-0,0113;Melhorou
3501608;Americana;Americana (SP);SP;Sudeste;27,31;41,11;0,1076;0,2374;2,78;7,53;6,94;12,9;27,03;36,04;0,1298;Piorou
3501707;Américo Brasiliense;Américo Brasiliense (SP);SP;Sudeste;50,74;40,29;0,1861;0,1855;7,41;3,12;3,7;9,38;80,64;100,59;-0,0006;Melhorou
3501905;Amparo;Amparo (SP);SP;Sudeste;100,0;146,67;0,2782;0,2229;0,0;5,45;30,0;14,55;41,52;39,21;-0,0553;Melhorou
3502101;Andradina;Andradina (SP);SP;Sudeste;87,74;103,02;0,1268;0,1432;0,0;5,56;10,87;4,17;64,91;53,16;0,0164;Piorou
3502200;Angatuba;Angatuba (SP);SP;Sudeste;60,8;118,52;0,093;0,1594;0,0;3,12;3,57;9,38;108,14;63,13;0,0663;Piorou
3502507;Aparecida;Aparecida (SP);SP;Sudeste;89,17;99,4;0,4332;0,0863;7,14;0,0;35,71;5,56;38,26;73,57;-0,3469;Melhorou
3502606;Aparecida d'Oeste;Aparecida d'Oeste (SP);SP;Sudeste;98,46;171,31;0,045;0,0692;0,0;0,0;0,0;0,0;84,21;118,85;0,0242;Piorou
3502705;Apiaí;Apiaí (SP);SP;Sudeste;100,0;148,28;0,1502;0,2286;2,86;6,67;2,86;6,67;137,53;120,19;0,0784;Piorou
3502754;Araçariguama;Araçariguama (SP);SP;Sudeste;59,78;97,4;0,2613;0,4126;0,0;5,88;28,57;35,29;35,26;41,11;0,1513;Piorou
3502804;Araçatuba;Araçatuba (SP);SP;Sudeste;83,33;82,3;0,2772;0,3232;10,17;9,93;13,56;18,54;27,99;36,32;0,046;Piorou
3502903;Araçoiaba da Serra;Araçoiaba da Serra (SP);SP;Sudeste;60,93;79,23;0,2612;0,3974;0,0;2,94;28,57;41,18;35,04;48,35;0,1363;Piorou
3503208;Araraquara;Araraquara (SP);SP;Sudeste;64,75;70,99;0,172;0,1983;3,7;1,97;12,35;16,93;31,54;48,95;0,0263;Piorou
3503307;Araras;Araras (SP);SP;Sudeste;52,96;55,27;0,0438;0,1364;0,0;1,41;5,0;12,68;14,22;25,67;0,0926;Piorou
3503406;Arealva;Arealva (SP);SP;Sudeste;98,43;131,84;0,4454;0,1836;12,5;0,0;25,0;20,0;75,13;31,54;-0,2618;Melhorou
3503604;Areiópolis;Areiópolis (SP);SP;Sudeste;93,25;103,65;0,1729;0,3471;0,0;10,0;16,67;20,0;58,02;50,86;0,1742;Piorou
3503802;Artur Nogueira;Artur Nogueira (SP);SP;Sudeste;93,81;85,58;0,1096;0,0626;0,0;0,0;12,5;7,14;15,86;13,71;-0,047;Melhorou
3503901;Arujá;Arujá (SP);SP;Sudeste;55,11;48,03;0,123;0,1397;5,0;3,26;5,0;7,61;25,77;54,27;0,0167;Piorou
3504008;Assis;Assis (SP);SP;Sudeste;58,28;66,67;0,3571;0,2123;9,3;8,04;23,26;8,04;39,3;50,22;-0,1448;Melhorou
3504107;Atibaia;Atibaia (SP);SP;Sudeste;51,94;73,39;0,3814;0,24;6,38;7,81;31,91;12,5;28,1;38,67;-0,1414;Melhorou
3504206;Auriflama;Auriflama (SP);SP;Sudeste;82,0;108,64;0,0332;0,2355;0,0;11,11;0,0;5,56;67,25;48,53;0,2023;Piorou
3504305;Avaí;Avaí (SP);SP;Sudeste;100,0;225,26;0,0485;0,0449;0,0;0,0;0,0;0,0;89,18;84,06;-0,0036;Melhorou
3504404;Avanhandava;Avanhandava (SP);SP;Sudeste;77,05;143,93;0,5733;0,3179;22,22;9,09;22,22;18,18;84,37;51,44;-0,2554;Melhorou
3504503;Avaré;Avaré (SP);SP;Sudeste;65,2;54,22;0,1076;0,1483;1,39;0,72;5,56;11,59;74,26;70,99;0,0407;Piorou
3504602;Bady Bassitt;Bady Bassitt (SP);SP;Sudeste;100,0;122,24;0,3876;0,2852;15,38;9,3;15,38;11,63;51,2;82,39;-0,1024;Melhorou
3504800;Bálsamo;Bálsamo (SP);SP;Sudeste;100,0;124,99;0,2432;0,2388;14,29;6,25;0,0;12,5;61,16;70,51;-0,0044;Melhorou
3505203;Bariri;Bariri (SP);SP;Sudeste;48,02;44,31;0,1234;0,1097;3,57;2,82;3,57;1,41;74,93;98,57;-0,0138;Melhorou
3505302;Barra Bonita;Barra Bonita (SP);SP;Sudeste;28,03;51,8;0,2731;0,0702;11,9;0,0;4,76;3,28;95,33;79,11;-0,2029;Melhorou
3505351;Barra do Chapéu;Barra do Chapéu (SP);SP;Sudeste;66,67;213,3;0,2071;0,1462;0,0;0,0;14,29;6,67;136,94;145,44;-0,0609;Melhorou
3505500;Barretos;Barretos (SP);SP;Sudeste;54,05;64,44;0,2377;0,2384;4,29;6,34;17,14;11,71;52,85;77,98;0,0007;Piorou
3505609;Barrinha;Barrinha (SP);SP;Sudeste;78,06;49,3;0,2492;0,1999;8,7;3,57;8,7;14,29;80,66;49,91;-0,0493;Melhorou
3505708;Barueri;Barueri (SP);SP;Sudeste;62,11;59,14;0,0941;0,0634;4,9;1,49;0,0;1,79;49,33;56,07;-0,0307;Melhorou
3505807;Bastos;Bastos (SP);SP;Sudeste;96,11;110,88;0,1199;0,1996;3,7;4,55;0,0;6,06;111,93;131,81;0,0796;Piorou
3505906;Batatais;Batatais (SP);SP;Sudeste;57,78;81,65;0,1766;0,2037;4,26;3,09;8,51;13,4;74,39;76,68;0,027;Piorou
3506003;Bauru;Bauru (SP);SP;Sudeste;42,04;45,18;0,1862;0,1314;4,79;1,47;11,64;10,62;37,24;42,88;-0,0548;Melhorou
3506102;Bebedouro;Bebedouro (SP);SP;Sudeste;71,28;80,48;0,1738;0,1357;6,9;3,09;6,9;7,22;33,95;56,99;-0,0382;Melhorou
3506300;Bernardino de Campos;Bernardino de Campos (SP);SP;Sudeste;92,93;96,06;0,3008;0,1623;11,11;0,0;11,11;10,71;72,3;117,59;-0,1385;Melhorou
3506359;Bertioga;Bertioga (SP);SP;Sudeste;32,09;46,8;0,2727;0,2849;11,63;15,19;6,98;2,53;72,92;69,6;0,0121;Piorou
3506508;Birigui;Birigui (SP);SP;Sudeste;65,22;77,89;0,1772;0,2733;2,94;6,76;14,71;18,92;25,71;28,45;0,0961;Piorou
3506607;Biritiba Mirim;Biritiba Mirim (SP);SP;Sudeste;41,9;80,45;0,1136;0,062;0,0;0,0;12,5;6,67;25,55;24,77;-0,0517;Melhorou
3506706;Boa Esperança do Sul;Boa Esperança do Sul (SP);SP;Sudeste;85,79;96,92;0,1881;0,194;0,0;4,55;20,0;9,09;38,05;85,76;0,0059;Piorou
3506805;Bocaina;Bocaina (SP);SP;Sudeste;87,08;108,48;0,0155;0,2281;0,0;0,0;0,0;25,0;42,0;32,49;0,2125;Piorou
3507001;Boituva;Boituva (SP);SP;Sudeste;41,89;52,58;0,175;0,2605;8,33;3,49;4,17;19,77;39,03;69,64;0,0855;Piorou
3507100;Bom Jesus dos Perdões;Bom Jesus dos Perdões (SP);SP;Sudeste;29,64;39,92;0,2783;0,0688;11,11;0,0;11,11;6,67;40,08;34,52;-0,2095;Melhorou
3507407;Borborema;Borborema (SP);SP;Sudeste;63,18;92,26;0,0649;0,0856;0,0;0,0;0,0;2,56;112,65;110,17;0,0207;Piorou
3507506;Botucatu;Botucatu (SP);SP;Sudeste;58,22;70,76;0,1946;0,2265;0,0;2,49;21,28;17,91;31,35;65,78;0,0318;Piorou
3507605;Bragança Paulista;Bragança Paulista (SP);SP;Sudeste;62,45;64,74;0,2581;0,3235;5,13;0,84;20,51;34,45;21,71;32,38;0,0654;Piorou
3507803;Brodowski;Brodowski (SP);SP;Sudeste;95,02;97,21;0,2448;0,2845;0,0;0,0;22,73;28,57;84,98;68,42;0,0397;Piorou
3507902;Brotas;Brotas (SP);SP;Sudeste;41,85;64,83;0,0472;0,052;0,0;0,0;0,0;0,0;87,39;94,26;0,0048;Piorou
3508009;Buri;Buri (SP);SP;Sudeste;47,94;88,58;0,5138;0,3286;40,0;6,25;20,0;25,0;27,14;42,18;-0,1853;Melhorou
3508108;Buritama;Buritama (SP);SP;Sudeste;97,91;91,51;0,2022;0,2475;7,14;3,57;7,14;17,86;66,2;73,33;0,0453;Piorou
3508405;Cabreúva;Cabreúva (SP);SP;Sudeste;68,0;64,6;0,1502;0,1905;0,0;3,03;15,0;15,15;46,47;37,26;0,0404;Piorou
3508504;Caçapava;Caçapava (SP);SP;Sudeste;72,22;74,16;0,1976;0,318;3,85;13,45;15,38;10,08;26,93;59,7;0,1204;Piorou
3508603;Cachoeira Paulista;Cachoeira Paulista (SP);SP;Sudeste;94,92;99,79;0,1565;0,1773;8,0;3,7;0,0;9,26;72,0;77,89;0,0208;Piorou
3508702;Caconde;Caconde (SP);SP;Sudeste;87,08;113,2;0,1301;0,1481;3,45;4,76;0,0;2,38;132,0;99,57;0,0179;Piorou
3508801;Cafelândia;Cafelândia (SP);SP;Sudeste;89,25;157,61;0,2375;0,1689;13,33;1,61;0,0;4,84;73,49;166,16;-0,0687;Melhorou
3509007;Caieiras;Caieiras (SP);SP;Sudeste;42,99;73,16;0,1701;0,2071;4,65;4,65;9,3;11,63;46,67;70,39;0,037;Piorou
3509106;Caiuá;Caiuá (SP);SP;Sudeste;100,0;192,31;0,2701;0,2058;12,5;11,11;0,0;0,0;137,99;75,79;-0,0643;Melhorou
3509205;Cajamar;Cajamar (SP);SP;Sudeste;62,78;62,3;0,1083;0,1224;0,0;2,02;9,76;7,07;52,27;62,78;0,0141;Piorou
3509304;Cajobi;Cajobi (SP);SP;Sudeste;100,0;105,38;0,0229;0,0171;0,0;0,0;0,0;0,0;52,59;44,26;-0,0058;Melhorou
3509403;Cajuru;Cajuru (SP);SP;Sudeste;96,56;102,81;0,1196;0,257;0,0;1,94;2,38;3,23;161,08;305,67;0,1374;Piorou
3509502;Campinas;Campinas (SP);SP;Sudeste;47,91;69,58;0,2394;0,1658;4,19;3,42;18,36;11,63;41,99;37,61;-0,0736;Melhorou
3509601;Campo Limpo Paulista;Campo Limpo Paulista (SP);SP;Sudeste;31,79;50,48;0,1217;0,1853;2,38;4,88;7,14;8,13;53,13;78,22;0,0636;Piorou
3509700;Campos do Jordão;Campos do Jordão (SP);SP;Sudeste;76,86;106,48;0,2414;0,1358;12,0;6,38;0,0;2,13;107,71;50,38;-0,1056;Melhorou
3509809;Campos Novos Paulista;Campos Novos Paulista (SP);SP;Sudeste;100,0;143,2;0,3073;0,0573;0,0;0,0;25,0;0,0;145,95;101,84;-0,25;Melhorou
3509957;Canas;Canas (SP);SP;Sudeste;84,02;70,97;0,4052;0,3215;33,33;20,0;0,0;0,0;122,71;50,56;-0,0837;Melhorou
3510005;Cândido Mota;Cândido Mota (SP);SP;Sudeste;39,65;55,7;0,0608;0,2271;0,0;6,45;0,0;5,38;106,8;138,93;0,1663;Piorou
3510203;Capão Bonito;Capão Bonito (SP);SP;Sudeste;99,96;128,4;0,3032;0,1932;4,17;5,0;25,0;10,0;50,62;63,44;-0,11;Melhorou
3510302;Capela do Alto;Capela do Alto (SP);SP;Sudeste;55,38;75,0;0,0912;0,1966;0,0;0,0;7,69;21,43;53,75;32,31;0,1054;Piorou
3510401;Capivari;Capivari (SP);SP;Sudeste;24,58;38,3;0,1555;0,2928;0,0;2,44;15,38;24,39;49,28;80,4;0,1373;Piorou
3510500;Caraguatatuba;Caraguatatuba (SP);SP;Sudeste;86,4;80,44;0,2489;0,2543;1,47;2,41;23,53;21,69;49,2;59,93;0,0054;Piorou
3510609;Carapicuíba;Carapicuíba (SP);SP;Sudeste;24,94;44,7;0,2016;0,1535;6,99;2,5;8,6;10,5;50,28;54,06;-0,0481;Melhorou
3510708;Cardoso;Cardoso (SP);SP;Sudeste;100,0;191,2;0,2115;0,1937;12,5;0,0;0,0;13,51;54,11;127,44;-0,0178;Melhorou
3510807;Casa Branca;Casa Branca (SP);SP;Sudeste;42,72;85,62;0,2377;0,1729;13,64;7,46;0,0;0,0;67,22;107,0;-0,0648;Melhorou
3511003;Castilho;Castilho (SP);SP;Sudeste;100,0;171,37;0,0364;0,2306;0,0;4,88;0,0;12,2;71,91;92,12;0,1942;Piorou
3511102;Catanduva;Catanduva (SP);SP;Sudeste;86,82;100,36;0,1683;0,1276;4,26;1,2;10,64;9,04;35,85;63,19;-0,0407;Melhorou
3511300;Cedral;Cedral (SP);SP;Sudeste;100,0;119,33;0,6998;0,0142;30,0;0,0;40,0;0,0;67,23;40,14;-0,6856;Melhorou
3511409;Cerqueira César;Cerqueira César (SP);SP;Sudeste;93,62;88,35;0,1954;0,217;1,92;6,76;1,92;1,35;234,14;168,36;0,0216;Piorou
3511508;Cerquilho;Cerquilho (SP);SP;Sudeste;67,82;100,57;0,0728;0,2545;0,0;6,67;7,69;16,67;27,43;31,82;0,1817;Piorou
3511607;Cesário Lange;Cesário Lange (SP);SP;Sudeste;88,14;124,02;0,2703;0,3109;7,14;3,12;14,29;25,0;73,97;83,98;0,0407;Piorou
3511706;Charqueada;Charqueada (SP);SP;Sudeste;50,87;117,81;0,1594;0,1541;0,0;0,0;16,67;13,64;38,73;69,15;-0,0053;Melhorou
3511904;Clementina;Clementina (SP);SP;Sudeste;81,44;100,25;0,0592;0,1838;0,0;10,0;0,0;0,0;104,45;68,19;0,1247;Piorou
3512001;Colina;Colina (SP);SP;Sudeste;64,08;94,66;0,2039;0,0543;7,14;0,0;7,14;0,0;68,66;97,52;-0,1496;Melhorou
3512209;Conchal;Conchal (SP);SP;Sudeste;62,01;80,43;0,1447;0,1541;3,7;2,27;3,7;2,27;100,95;163,1;0,0094;Piorou
3512308;Conchas;Conchas (SP);SP;Sudeste;56,63;120,63;0,0097;0,2689;0,0;2,78;0,0;19,44;33,64;101,09;0,2592;Piorou
3512605;Coronel Macedo;Coronel Macedo (SP);SP;Sudeste;72,97;163,55;0,4159;0,0388;20,0;0,0;0,0;0,0;185,68;75,36;-0,377;Melhorou
3512803;Cosmópolis;Cosmópolis (SP);SP;Sudeste;52,69;58,67;0,2714;0,2796;11,11;6,82;11,11;15,91;30,19;73,89;0,0082;Piorou
3513009;Cotia;Cotia (SP);SP;Sudeste;30,71;25,69;0,1392;0,2403;2,19;2,63;9,49;19,74;52,9;59,48;0,1011;Piorou
3513108;Cravinhos;Cravinhos (SP);SP;Sudeste;56,57;80,51;0,0709;0,1536;0,0;0,0;4,76;12,73;61,49;79,87;0,0827;Piorou
3513306;Cruzália;Cruzália (SP);SP;Sudeste;100,0;166,03;0,2895;0,1263;0,0;0,0;16,67;0,0;225,04;200,63;-0,1632;Melhorou
3513405;Cruzeiro;Cruzeiro (SP);SP;Sudeste;60,26;64,59;0,1082;0,2363;4,55;1,45;0,0;19,57;77,01;81,36;0,1281;Piorou
3513504;Cubatão;Cubatão (SP);SP;Sudeste;76,18;104,28;0,1542;0,1987;0,0;4,17;15,91;12,5;40,85;57,81;0,0445;Piorou
3513603;Cunha;Cunha (SP);SP;Sudeste;89,95;91,02;0,2555;0,1694;0,0;1,6;3,19;0,0;345,49;227,93;-0,0861;Melhorou
3513702;Descalvado;Descalvado (SP);SP;Sudeste;97,1;96,43;0,0;0,117;0,0;3,03;0,0;6,06;19,74;46,08;0,117;Piorou
3513801;Diadema;Diadema (SP);SP;Sudeste;82,53;84,0;0,0887;0,1231;1,98;3,39;2,77;5,73;69,63;51,38;0,0344;Piorou
3513900;Divinolândia;Divinolândia (SP);SP;Sudeste;51,52;86,26;0,136;0,1069;0,0;4,76;4,55;0,0;157,35;70,52;-0,0291;Melhorou
3514106;Dois Córregos;Dois Córregos (SP);SP;Sudeste;63,18;89,24;0,2023;0,2166;6,67;5,88;0,0;3,53;166,21;159,3;0,0143;Piorou
3514403;Dracena;Dracena (SP);SP;Sudeste;80,04;158,0;0,1988;0,2332;2,8;2,63;3,74;11,84;197,24;148,43;0,0344;Piorou
3514502;Duartina;Duartina (SP);SP;Sudeste;95,77;101,14;0,2772;0,1164;10,0;0,0;5,0;8,0;139,04;85,92;-0,1608;Melhorou
3514908;Elias Fausto;Elias Fausto (SP);SP;Sudeste;79,95;79,1;0,1806;0,2132;0,0;0,0;20,0;23,08;27,3;35,32;0,0326;Piorou
3515004;Embu das Artes;Embu das Artes (SP);SP;Sudeste;46,76;73,74;0,0825;0,1348;2,48;3,68;2,48;4,91;53,56;72,09;0,0523;Piorou
3515103;Embu-Guaçu;Embu-Guaçu (SP);SP;Sudeste;62,24;98,42;0,2228;0,2578;3,42;4,17;6,84;13,69;179,53;127,51;0,035;Piorou
3515129;Emilianópolis;Emilianópolis (SP);SP;Sudeste;100,0;164,51;0,1636;0,1232;0,0;0,0;0,0;0,0;254,02;196,19;-0,0404;Melhorou
3515152;Engenheiro Coelho;Engenheiro Coelho (SP);SP;Sudeste;51,03;84,96;0,0229;0,016;0,0;0,0;0,0;0,0;52,48;42,69;-0,0068;Melhorou
3515186;Espírito Santo do Pinhal;Espírito Santo do Pinhal (SP);SP;Sudeste;73,88;97,42;0,2631;0,1581;11,54;0,0;7,69;16,67;52,06;36,9;-0,105;Melhorou
3515202;Estrela d'Oeste;Estrela d'Oeste (SP);SP;Sudeste;100,0;148,66;0,046;0,0957;0,0;0,0;0,0;5,0;85,68;94,06;0,0497;Piorou
3515350;Euclides da Cunha Paulista;Euclides da Cunha Paulista (SP);SP;Sudeste;100,0;220,84;0,1724;0,114;0,0;0,0;5,88;4,35;192,71;128,33;-0,0584;Melhorou
3515400;Fartura;Fartura (SP);SP;Sudeste;80,2;78,65;0,1381;0,1688;6,67;0,0;0,0;9,43;74,23;143,06;0,0308;Piorou
3515509;Fernandópolis;Fernandópolis (SP);SP;Sudeste;100,0;120,86;0,2073;0,1304;9,09;4,11;6,06;5,48;45,28;49,48;-0,0769;Melhorou
3515707;Ferraz de Vasconcelos;Ferraz de Vasconcelos (SP);SP;Sudeste;30,45;64,32;0,1802;0,2511;5,56;10,43;5,56;9,57;88,77;35,16;0,0709;Piorou
3516002;Flórida Paulista;Flórida Paulista (SP);SP;Sudeste;96,38;100,35;0,1632;0,1858;0,0;4,0;3,33;2,0;211,52;174,72;0,0226;Piorou
3516200;Franca;Franca (SP);SP;Sudeste;23,88;33,34;0,2394;0,1735;5,04;2,89;17,65;13,36;32,66;38,45;-0,0659;Melhorou
3516309;Francisco Morato;Francisco Morato (SP);SP;Sudeste;47,53;57,16;0,2113;0,2188;7,07;4,52;8,08;12,67;69,02;76,73;0,0074;Piorou
3516408;Franco da Rocha;Franco da Rocha (SP);SP;Sudeste;62,51;126,98;0,1595;0,2464;5,41;3,82;8,11;19,08;30,3;50,99;0,0869;Piorou
3516705;Garça;Garça (SP);SP;Sudeste;100,0;116,36;0,1716;0,1765;4,76;2,78;9,52;13,89;43,57;38,45;0,0049;Piorou
3516903;General Salgado;General Salgado (SP);SP;Sudeste;99,6;142,83;0,174;0,1168;0,0;4,76;11,11;0,0;129,4;84,64;-0,0572;Melhorou
3517208;Guaiçara;Guaiçara (SP);SP;Sudeste;62,86;98,29;0,2778;0,0445;0,0;0,0;25,0;0,0;103,75;83,48;-0,2333;Melhorou
3517406;Guaíra;Guaíra (SP);SP;Sudeste;79,89;95,41;0,1628;0,1079;6,25;0,0;6,25;10,0;40,2;48,7;-0,0549;Melhorou
3517505;Guapiaçu;Guapiaçu (SP);SP;Sudeste;86,13;128,96;0,2786;0,1957;11,11;4,08;11,11;8,16;40,6;109,81;-0,083;Melhorou
3517604;Guapiara;Guapiara (SP);SP;Sudeste;100,0;143,51;0,0267;0,2764;0,0;4,17;0,0;20,83;57,9;64,51;0,2498;Piorou
3517703;Guará;Guará (SP);SP;Sudeste;69,0;127,16;0,099;0,1624;0,0;0,0;6,67;10,64;77,87;118,68;0,0633;Piorou
3517802;Guaraçaí;Guaraçaí (SP);SP;Sudeste;100,0;141,11;0,1805;0,1101;5,26;0,0;0,0;0,0;165,09;177,43;-0,0703;Melhorou
3517901;Guaraci;Guaraci (SP);SP;Sudeste;70,03;101,44;0,1478;0,0228;0,0;0,0;12,5;0,0;74,46;52,45;-0,125;Melhorou
3518107;Guarantã;Guarantã (SP);SP;Sudeste;100,0;163,37;0,0352;0,3133;0,0;20,0;0,0;0,0;70,08;38,71;0,2781;Piorou
3518206;Guararapes;Guararapes (SP);SP;Sudeste;32,18;57,78;0,1328;0,2192;0,0;2,56;6,52;17,95;128,03;53,19;0,0864;Piorou
3518305;Guararema;Guararema (SP);SP;Sudeste;58,37;5,6;0,2486;0,1009;11,76;3,57;5,88;3,57;49,11;42,71;-0,1476;Melhorou
3518404;Guaratinguetá;Guaratinguetá (SP);SP;Sudeste;44,4;41,32;0,1786;0,1685;6,38;3,02;5,32;6,71;71,64;111,91;-0,0101;Melhorou
3518503;Guareí;Guareí (SP);SP;Sudeste;99,66;114,46;0,4849;0,0783;20,0;0,0;20,0;4,55;33,47;74,85;-0,4066;Melhorou
3518602;Guariba;Guariba (SP);SP;Sudeste;40,7;32,28;0,2153;0,1959;4,55;3,85;13,64;11,54;59,23;72,76;-0,0194;Melhorou
3518701;Guarujá;Guarujá (SP);SP;Sudeste;62,44;61,24;0,456;0,2861;12,61;9,65;28,57;14,47;43,27;40,52;-0,1699;Melhorou
3518800;Guarulhos;Guarulhos (SP);SP;Sudeste;42,83;49,69;0,1952;0,2041;6,13;7,05;9,63;9,21;46,6;45,03;0,009;Piorou
3519006;Herculândia;Herculândia (SP);SP;Sudeste;97,74;118,66;0,3601;0,3333;1,79;0,0;0,0;0,0;1126,15;527,4;-0,0268;Melhorou
3519071;Hortolândia;Hortolândia (SP);SP;Sudeste;68,17;49,92;0,2215;0,2504;2,08;2,78;19,79;21,3;43,64;51,34;0,029;Piorou
3519105;Iacanga;Iacanga (SP);SP;Sudeste;93,9;141,47;0,0285;0,2378;0,0;9,52;0,0;4,76;60,6;95,98;0,2093;Piorou
3519204;Iacri;Iacri (SP);SP;Sudeste;100,0;114,17;0,0547;0,1235;0,0;0,0;0,0;10,0;98,09;71,08;0,0688;Piorou
3519303;Ibaté;Ibaté (SP);SP;Sudeste;63,38;65,26;0,27;0,1509;15,79;5,0;0,0;5,0;67,22;65,63;-0,1191;Melhorou
3519402;Ibirá;Ibirá (SP);SP;Sudeste;79,7;149,7;0,545;0,2883;30,0;11,11;20,0;5,56;71,8;124,19;-0,2567;Melhorou
3519501;Ibirarema;Ibirarema (SP);SP;Sudeste;98,34;109,63;0,3161;0,2301;10,0;7,69;10,0;7,69;132,1;87,47;-0,086;Melhorou
3519600;Ibitinga;Ibitinga (SP);SP;Sudeste;39,38;46,82;0,2338;0,1395;7,79;4,59;5,19;2,75;121,98;86,42;-0,0943;Melhorou
3519709;Ibiúna;Ibiúna (SP);SP;Sudeste;57,4;95,67;0,5018;0,2672;11,11;5,94;37,04;16,83;34,73;63,39;-0,2347;Melhorou
3519808;Icém;Icém (SP);SP;Sudeste;100,0;133,57;0,3241;0,4897;11,11;7,69;11,11;38,46;105,74;78,4;0,1655;Piorou
3519907;Iepê;Iepê (SP);SP;Sudeste;89,95;137,81;0,2663;0,1723;0,0;0,0;7,14;5,56;311,44;196,66;-0,0941;Melhorou
3520004;Igaraçu do Tietê;Igaraçu do Tietê (SP);SP;Sudeste;50,87;83,31;0,1306;0,1344;6,67;3,23;0,0;6,45;63,57;61,96;0,0038;Piorou
3520103;Igarapava;Igarapava (SP);SP;Sudeste;76,02;80,11;0,1125;0,1231;0,0;0,0;6,9;10,26;94,28;67,21;0,0106;Piorou
3520202;Igaratá;Igaratá (SP);SP;Sudeste;42,44;144,04;0,1593;0,2542;0,0;10,0;14,29;10,0;68,5;43,47;0,0949;Piorou
3520400;Ilhabela;Ilhabela (SP);SP;Sudeste;100,0;169,9;0,1653;0,0938;8,33;0,0;0,0;6,12;77,37;77,26;-0,0714;Melhorou
3520426;Ilha Comprida;Ilha Comprida (SP);SP;Sudeste;100,0;169,53;0,3079;0,1747;20,0;6,25;0,0;6,25;31,01;57,14;-0,1332;Melhorou
3520442;Ilha Solteira;Ilha Solteira (SP);SP;Sudeste;100,0;136,99;0,0254;0,1163;0,0;2,44;0,0;4,88;56,06;72,61;0,0909;Piorou
3520509;Indaiatuba;Indaiatuba (SP);SP;Sudeste;50,71;49,12;0,1518;0,0973;4,11;1,34;9,59;8,05;28,41;29,16;-0,0545;Melhorou
3520608;Indiana;Indiana (SP);SP;Sudeste;100,0;137,52;0,375;0,3825;0,0;0,0;40,0;40,0;79,33;90,2;0,0076;Piorou
3520707;Indiaporã;Indiaporã (SP);SP;Sudeste;100,0;173,48;0,1174;0,0145;0,0;0,0;0,0;0,0;187,79;40,47;-0,1029;Melhorou
3520905;Ipaussu;Ipaussu (SP);SP;Sudeste;53,33;70,19;0,2569;0,1909;6,45;1,49;3,23;2,99;208,47;223,53;-0,066;Melhorou
3521002;Iperó;Iperó (SP);SP;Sudeste;83,82;69,56;0,1991;0,0486;0,0;0,0;22,22;4,55;25,82;32,2;-0,1505;Melhorou
3521309;Ipuã;Ipuã (SP);SP;Sudeste;100,0;149,32;0,0244;0,0882;0,0;0,0;0,0;3,45;54,66;102,7;0,0638;Piorou
3521408;Iracemápolis;Iracemápolis (SP);SP;Sudeste;43,4;49,45;0,0229;0,0901;0,0;0,0;0,0;10,0;52,47;23,18;0,0672;Piorou
3521705;Itaberá;Itaberá (SP);SP;Sudeste;61,81;154,68;0,3667;0,2245;0,0;3,03;38,46;15,15;67,48;85,84;-0,1422;Melhorou
3521804;Itaí;Itaí (SP);SP;Sudeste;68,32;78,33;0,393;0,1837;9,09;3,92;27,27;7,84;44,92;100,06;-0,2094;Melhorou
3521903;Itajobi;Itajobi (SP);SP;Sudeste;99,22;103,0;0,2789;0,0901;16,67;0,0;0,0;2,5;61,1;117,32;-0,1888;Melhorou
3522109;Itanhaém;Itanhaém (SP);SP;Sudeste;82,85;80,38;0,075;0,0644;5,0;1,92;0,0;3,85;17,03;22,4;-0,0106;Melhorou
3522158;Itaoca;Itaoca (SP);SP;Sudeste;100,0;102,27;0,323;0,38;14,29;0,0;0,0;42,86;175,35;86,57;0,057;Piorou
3522208;Itapecerica da Serra;Itapecerica da Serra (SP);SP;Sudeste;50,36;59,24;0,1372;0,2301;0,72;5,14;8,7;10,61;91,53;105,53;0,0929;Piorou
3522307;Itapetininga;Itapetininga (SP);SP;Sudeste;46,25;55,22;0,2475;0,2788;8,06;7,21;12,9;15,87;38,92;64,95;0,0314;Piorou
3522406;Itapeva;Itapeva (SP);SP;Sudeste;66,7;81,1;0,2213;0,2393;3,61;2,66;13,25;15,96;92,67;104,92;0,0179;Piorou
3522505;Itapevi;Itapevi (SP);SP;Sudeste;47,66;36,56;0,2315;0,1671;5,63;1,87;15,49;13,08;35,78;54,58;-0,0645;Melhorou
3522604;Itapira;Itapira (SP);SP;Sudeste;66,07;78,21;0,2314;0,2623;0,0;2,56;23,08;21,37;61,45;72,08;0,0309;Piorou
3522703;Itápolis;Itápolis (SP);SP;Sudeste;39,15;37,84;0,2495;0,1522;7,5;0,0;10,0;9,9;90,43;113,41;-0,0973;Melhorou
3522802;Itaporanga;Itaporanga (SP);SP;Sudeste;91,24;115,19;0,3112;0,1123;13,33;0,0;6,67;6,9;95,21;93,94;-0,1989;Melhorou
3522901;Itapuí;Itapuí (SP);SP;Sudeste;68,58;76,87;0,0279;0,1117;0,0;4,76;0,0;0,0;59,65;77,34;0,0838;Piorou
3523107;Itaquaquecetuba;Itaquaquecetuba (SP);SP;Sudeste;34,65;27,34;0,2477;0,2961;7,88;5,58;12,12;20,81;52,97;62,57;0,0485;Piorou
3523206;Itararé;Itararé (SP);SP;Sudeste;43,58;87,28;0,2361;0,188;4,35;6,49;1,74;5,19;242,58;84,25;-0,0481;Melhorou
3523404;Itatiba;Itatiba (SP);SP;Sudeste;73,19;81,04;0,0837;0,1315;2,22;3,2;4,44;7,2;36,11;48,95;0,0478;Piorou
3523503;Itatinga;Itatinga (SP);SP;Sudeste;41,53;49,32;0,0167;0,1574;0,0;0,0;0,0;16,67;43,65;35,96;0,1407;Piorou
3523602;Itirapina;Itirapina (SP);SP;Sudeste;69,5;105,78;0,0142;0,1635;0,0;0,0;0,0;11,11;40,13;114,42;0,1493;Piorou
3523800;Itobi;Itobi (SP);SP;Sudeste;76,63;135,93;0,0802;0,0484;0,0;0,0;0,0;0,0;134,56;89,07;-0,0318;Melhorou
3523909;Itu;Itu (SP);SP;Sudeste;28,46;21,02;0,025;0,0913;0,0;2,46;2,7;4,92;21,62;35,94;0,0663;Piorou
3524006;Itupeva;Itupeva (SP);SP;Sudeste;67,31;61,74;0,1993;0,1305;7,69;2,0;7,69;10,0;43,33;38,13;-0,0688;Melhorou
3524105;Ituverava;Ituverava (SP);SP;Sudeste;100,0;105,19;0,143;0,0919;0,0;0,0;15,38;8,82;31,39;40,54;-0,0511;Melhorou
3524303;Jaboticabal;Jaboticabal (SP);SP;Sudeste;55,3;60,91;0,2236;0,1692;4,35;1,67;13,04;15,0;82,81;37,92;-0,0544;Melhorou
3524402;Jacareí;Jacareí (SP);SP;Sudeste;91,03;76,31;0,1373;0,1478;3,33;3,79;6,67;8,53;61,0;42,92;0,0106;Piorou
3524501;Jaci;Jaci (SP);SP;Sudeste;99,8;126,42;0,0427;0,222;0,0;7,14;0,0;7,14;80,89;94,53;0,1793;Piorou
3524709;Jaguariúna;Jaguariúna (SP);SP;Sudeste;52,83;56,08;0,2111;0,433;2,27;5,26;15,91;40,35;73,54;49,35;0,2218;Piorou
3524808;Jales;Jales (SP);SP;Sudeste;77,97;92,08;0,2252;0,1936;7,27;3,11;7,27;7,45;94,76;136,71;-0,0316;Melhorou
3525003;Jandira;Jandira (SP);SP;Sudeste;61,26;57,07;0,1494;0,1239;4,55;2,08;9,09;10,42;21,93;21,57;-0,0256;Melhorou
3525102;Jardinópolis;Jardinópolis (SP);SP;Sudeste;64,7;94,44;0,1261;0,2023;0,0;3,03;13,33;13,64;32,89;73,12;0,0762;Piorou
3525201;Jarinu;Jarinu (SP);SP;Sudeste;87,98;66,82;0,1729;0,1214;0,0;2,22;17,65;6,67;45,82;62,12;-0,0516;Melhorou
3525300;Jaú;Jaú (SP);SP;Sudeste;42,03;43,58;0,1531;0,1136;7,14;2,73;3,57;3,64;40,69;78,12;-0,0395;Melhorou
3525508;Joanópolis;Joanópolis (SP);SP;Sudeste;81,31;99,85;0,1216;0,1881;0,0;0,0;10,0;18,75;68,32;53,75;0,0665;Piorou
3525607;João Ramalho;João Ramalho (SP);SP;Sudeste;94,19;160,14;0,0651;0,3432;0,0;4,17;0,0;12,5;112,99;264,7;0,278;Piorou
3525706;José Bonifácio;José Bonifácio (SP);SP;Sudeste;69,51;73,74;0,2837;0,1585;6,67;3,08;13,33;7,69;115,38;84,07;-0,1252;Melhorou
3525904;Jundiaí;Jundiaí (SP);SP;Sudeste;58,45;58,75;0,1906;0,191;2,41;3,32;14,09;14,29;64,16;42,66;0,0004;Piorou
3526001;Junqueirópolis;Junqueirópolis (SP);SP;Sudeste;97,27;153,62;0,2505;0,2733;0,0;6,35;25,0;11,11;64,64;135,24;0,0228;Piorou
3526209;Juquitiba;Juquitiba (SP);SP;Sudeste;85,6;130,24;0,1729;0,2792;0,0;3,61;18,18;15,66;39,06;145,3;0,1063;Piorou
3526407;Laranjal Paulista;Laranjal Paulista (SP);SP;Sudeste;75,72;91,62;0,084;0,2265;0,0;8,47;0,0;5,08;140,04;98,21;0,1425;Piorou
3526704;Leme;Leme (SP);SP;Sudeste;43,92;62,92;0,1359;0,1449;4,08;4,84;6,12;4,84;49,79;62,6;0,009;Piorou
3526803;Lençóis Paulista;Lençóis Paulista (SP);SP;Sudeste;74,04;87,76;0,2967;0,1286;6,06;3,85;21,21;5,13;48,06;56,89;-0,1681;Melhorou
3526902;Limeira;Limeira (SP);SP;Sudeste;46,98;49,74;0,1358;0,1242;2,26;3,01;9,77;8,43;43,06;26,98;-0,0116;Melhorou
3527108;Lins;Lins (SP);SP;Sudeste;48,27;70,59;0,1812;0,1378;7,69;3,77;5,13;5,66;49,58;64,96;-0,0434;Melhorou
3527207;Lorena;Lorena (SP);SP;Sudeste;67,3;60,36;0,1704;0,1194;6,25;2,78;4,69;4,17;70,62;78,81;-0,0509;Melhorou
3527306;Louveira;Louveira (SP);SP;Sudeste;58,12;33,96;0,0697;0,1375;0,0;2,38;7,14;9,52;29,87;45,94;0,0678;Piorou
3527405;Lucélia;Lucélia (SP);SP;Sudeste;48,72;65,42;0,0955;0,125;0,0;2,5;3,7;5,0;110,04;82,31;0,0295;Piorou
3528007;Macatuba;Macatuba (SP);SP;Sudeste;80,65;98,13;0,1595;0,083;0,0;0,0;7,14;2,78;158,39;103,74;-0,0764;Melhorou
3528106;Macaubal;Macaubal (SP);SP;Sudeste;100,0;187,14;0,3551;0,0554;0,0;0,0;40,0;0,0;50,95;99,12;-0,2997;Melhorou
3528403;Mairinque;Mairinque (SP);SP;Sudeste;73,26;64,4;0,2922;0,3921;0,0;3,57;33,33;42,86;11,65;27,13;0,0998;Piorou
3528502;Mairiporã;Mairiporã (SP);SP;Sudeste;44,21;73,1;0,1107;0,1443;3,51;3,23;3,51;8,6;58,78;49,07;0,0336;Piorou
3528700;Marabá Paulista;Marabá Paulista (SP);SP;Sudeste;100,0;290,0;0,0872;0,1632;0,0;0,0;0,0;14,29;144,64;74,04;0,0759;Piorou
3528809;Maracaí;Maracaí (SP);SP;Sudeste;77,15;96,66;0,078;0,1164;0,0;2,78;0,0;0,0;131,37;126,77;0,0385;Piorou
3529005;Marília;Marília (SP);SP;Sudeste;59,41;73,92;0,1312;0,1995;3,79;2,02;6,06;14,65;50,22;78,11;0,0682;Piorou
3529203;Martinópolis;Martinópolis (SP);SP;Sudeste;91,86;134,07;0,025;0,1809;0,0;2,27;0,0;11,36;55,5;87,25;0,1559;Piorou
3529302;Matão;Matão (SP);SP;Sudeste;82,52;101,57;0,2157;0,2621;5,41;5,79;13,51;15,7;42,9;73,67;0,0464;Piorou
3529401;Mauá;Mauá (SP);SP;Sudeste;44,66;69,6;0,1884;0,2729;4,14;3,6;13,1;22,07;36,07;56,08;0,0846;Piorou
3529500;Mendonça;Mendonça (SP);SP;Sudeste;100,0;113,65;0,5091;0,2595;20,0;9,09;20,0;9,09;68,08;81,99;-0,2496;Melhorou
3529708;Miguelópolis;Miguelópolis (SP);SP;Sudeste;43,03;103,14;0,1285;0,1371;0,0;6,45;0,0;0,0;203,71;77,45;0,0086;Piorou
3529807;Mineiros do Tietê;Mineiros do Tietê (SP);SP;Sudeste;76,08;93,49;0,4911;0,2272;20,0;0,0;20,0;25,0;42,35;31,27;-0,2639;Melhorou
3529906;Miracatu;Miracatu (SP);SP;Sudeste;100,0;135,98;0,0042;0,2336;0,0;11,11;0,0;5,56;25,78;45,88;0,2294;Piorou
3530102;Mirandópolis;Mirandópolis (SP);SP;Sudeste;97,38;100,06;0,1905;0,1638;5,0;2,17;5,0;10,87;122,33;71,1;-0,0267;Melhorou
3530201;Mirante do Paranapanema;Mirante do Paranapanema (SP);SP;Sudeste;100,0;188,74;0,3415;0,2664;0,0;0,0;36,36;30,0;52,22;24,62;-0,0751;Melhorou
3530300;Mirassol;Mirassol (SP);SP;Sudeste;21,0;21,18;0,2846;0,1899;5,05;4,76;14,14;7,94;141,21;89,71;-0,0947;Melhorou
3530508;Mococa;Mococa (SP);SP;Sudeste;50,73;65,18;0,2178;0,1881;5,1;5,98;8,16;6,84;119,58;74,77;-0,0297;Melhorou
3530607;Mogi das Cruzes;Mogi das Cruzes (SP);SP;Sudeste;51,11;34,01;0,173;0,2322;3,37;5,18;12,36;15,12;39,86;51,15;0,0593;Piorou
3530706;Mogi Guaçu;Mogi Guaçu (SP);SP;Sudeste;41,25;53,57;0,0706;0,0507;1,85;1,45;3,7;1,45;34,55;42,96;-0,0199;Melhorou
3530805;Mogi Mirim;Mogi Mirim (SP);SP;Sudeste;30,9;58,45;0,4054;0,2706;11,36;11,67;25,0;10,0;42,37;31,08;-0,1348;Melhorou
3531100;Mongaguá;Mongaguá (SP);SP;Sudeste;61,9;69,44;0,1296;0,076;8,0;4,55;0,0;0,0;33,48;30,99;-0,0536;Melhorou
3531308;Monte Alto;Monte Alto (SP);SP;Sudeste;47,72;47,44;0,0549;0,1748;0,0;4,71;3,03;7,06;60,29;80,28;0,1199;Piorou
3531407;Monte Aprazível;Monte Aprazível (SP);SP;Sudeste;71,53;78,54;0,227;0,2468;0,0;5,36;1,11;12,5;330,81;101,12;0,0198;Piorou
3531506;Monte Azul Paulista;Monte Azul Paulista (SP);SP;Sudeste;81,49;108,86;0,1623;0,1214;3,7;0,0;3,7;7,89;126,11;94,49;-0,0409;Melhorou
3531605;Monte Castelo;Monte Castelo (SP);SP;Sudeste;100,0;165,79;0,0844;0,3488;0,0;0,0;0,0;40,0;140,55;41,92;0,2645;Piorou
3531803;Monte Mor;Monte Mor (SP);SP;Sudeste;84,08;74,19;0,3171;0,2536;6,25;4,44;25,0;20,0;25,65;36,34;-0,0635;Melhorou
3531902;Morro Agudo;Morro Agudo (SP);SP;Sudeste;92,49;104,28;0,124;0,0572;0,0;0,0;10,0;2,56;71,71;69,52;-0,0667;Melhorou
3532009;Morungaba;Morungaba (SP);SP;Sudeste;71,47;68,29;0,1619;0,124;0,0;6,67;16,67;0,0;42,27;54,05;-0,0379;Melhorou
3532157;Nantes;Nantes (SP);SP;Sudeste;100,0;131,57;0,149;0,361;0,0;5,0;0,0;5,0;233,08;366,55;0,212;Piorou
3532405;Nazaré Paulista;Nazaré Paulista (SP);SP;Sudeste;3,54;66,04;0,1609;0,1364;0,0;2,63;2,17;5,26;222,85;92,42;-0,0245;Melhorou
3532504;Neves Paulista;Neves Paulista (SP);SP;Sudeste;77,22;72,17;0,1351;0,1193;0,0;3,85;7,14;0,0;123,51;107,92;-0,0158;Melhorou
3532603;Nhandeara;Nhandeara (SP);SP;Sudeste;100,0;170,22;0,2398;0,089;14,29;0,0;0,0;7,69;56,32;50,59;-0,1509;Melhorou
3532900;Nova Europa;Nova Europa (SP);SP;Sudeste;94,48;112,76;0,1474;0,0372;0,0;0,0;9,09;0,0;116,72;73,05;-0,1102;Melhorou
3533007;Nova Granada;Nova Granada (SP);SP;Sudeste;32,38;74,72;0,3633;0,3225;12,5;8,0;12,5;10,67;114,59;175,79;-0,0408;Melhorou
3533403;Nova Odessa;Nova Odessa (SP);SP;Sudeste;29,83;58,48;0,2646;0,2686;6,67;2,33;16,67;25,58;46,27;33,29;0,004;Piorou
3533502;Novo Horizonte;Novo Horizonte (SP);SP;Sudeste;48,75;71,74;0,2317;0,0935;7,14;0,0;10,71;6,25;63,63;75,17;-0,1382;Melhorou
3533601;Nuporanga;Nuporanga (SP);SP;Sudeste;93,83;155,87;0,1762;0,2221;0,0;0,0;14,29;22,22;92,76;58,77;0,0458;Piorou
3533908;Olímpia;Olímpia (SP);SP;Sudeste;72,63;72,28;0,0522;0,1117;0,0;6,52;3,12;0,0;55,31;39,54;0,0594;Piorou
3534302;Orlândia;Orlândia (SP);SP;Sudeste;58,28;45,66;0,0755;0,1497;0,0;2,13;2,33;6,38;98,6;108,28;0,0742;Piorou
3534401;Osasco;Osasco (SP);SP;Sudeste;43,88;43,98;0,186;0,2173;2,92;4,63;13,99;14,62;47,77;47,87;0,0313;Piorou
3534609;Osvaldo Cruz;Osvaldo Cruz (SP);SP;Sudeste;75,59;104,36;0,2146;0,2146;7,41;3,16;7,41;10,53;74,97;126,99;-0,0001;Melhorou
3534708;Ourinhos;Ourinhos (SP);SP;Sudeste;59,14;47,12;0,1367;0,1777;4,69;1,97;4,69;13,16;55,95;66,68;0,041;Piorou
3534757;Ouroeste;Ouroeste (SP);SP;Sudeste;100,0;136,0;0,0314;0,0965;0,0;0,0;0,0;4,76;64,67;98,07;0,0651;Piorou
3534807;Ouro Verde;Ouro Verde (SP);SP;Sudeste;81,11;151,84;0,3795;0,2374;15,79;0,0;0,0;18,18;223,97;131,38;-0,1421;Melhorou
3534906;Pacaembu;Pacaembu (SP);SP;Sudeste;73,94;84,22;0,241;0,0031;11,76;0,0;0,0;0,0;112,16;24,23;-0,2379;Melhorou
3535002;Palestina;Palestina (SP);SP;Sudeste;100,0;158,84;0,4722;0,1275;37,5;0,0;12,5;10,53;61,61;70,22;-0,3446;Melhorou
3535101;Palmares Paulista;Palmares Paulista (SP);SP;Sudeste;100,0;107,29;0,0256;0,1058;0,0;0,0;0,0;8,33;56,45;66,61;0,0802;Piorou
3535200;Palmeira d'Oeste;Palmeira d'Oeste (SP);SP;Sudeste;95,65;117,93;0,0908;0,1913;0,0;1,96;0,0;3,92;149,79;202,28;0,1005;Piorou
3535309;Palmital;Palmital (SP);SP;Sudeste;93,41;102,15;0,2837;0,2262;8,33;3,09;4,17;6,19;194,69;199,48;-0,0576;Melhorou
3535408;Panorama;Panorama (SP);SP;Sudeste;79,27;98,42;0,1643;0,1873;0,0;0,0;10,0;18,75;129,46;52,59;0,023;Piorou
3535507;Paraguaçu Paulista;Paraguaçu Paulista (SP);SP;Sudeste;81,56;93,9;0,151;0,1668;2,38;4,04;7,14;5,05;95,12;108,38;0,0158;Piorou
3535804;Paranapanema;Paranapanema (SP);SP;Sudeste;98,86;108,27;0,1054;0,1446;0,0;7,14;9,09;0,0;56,61;73,37;0,0391;Piorou
3536000;Parapuã;Parapuã (SP);SP;Sudeste;94,26;117,84;0,2309;0,1127;7,69;5,0;0,0;0,0;185,13;73,7;-0,1182;Melhorou
3536307;Patrocínio Paulista;Patrocínio Paulista (SP);SP;Sudeste;83,33;128,62;0,0237;0,0269;0,0;0,0;0,0;0,0;53,62;58,19;0,0032;Piorou
3536505;Paulínia;Paulínia (SP);SP;Sudeste;82,55;74,18;0,1921;0,0742;5,17;0,83;10,34;4,17;53,87;55,85;-0,1179;Melhorou
3536703;Pederneiras;Pederneiras (SP);SP;Sudeste;84,93;97,02;0,208;0,2274;5,0;5,88;10,0;8,82;84,66;108,19;0,0193;Piorou
3537008;Pedregulho;Pedregulho (SP);SP;Sudeste;100,0;134,32;0,0209;0,2165;0,0;4,35;0,0;13,04;49,68;72,59;0,1956;Piorou
3537107;Pedreira;Pedreira (SP);SP;Sudeste;84,42;88,62;0,1533;0,2365;6,06;5,71;3,03;12,86;71,05;74,22;0,0832;Piorou
3537305;Penápolis;Penápolis (SP);SP;Sudeste;85,99;79,02;0,3308;0,2017;8,7;10,96;21,74;1,37;33,7;56,01;-0,129;Melhorou
3537404;Pereira Barreto;Pereira Barreto (SP);SP;Sudeste;100,0;116,2;0,4654;0,234;21,43;8,57;14,29;8,57;46,59;63,05;-0,2315;Melhorou
3537602;Peruíbe;Peruíbe (SP);SP;Sudeste;89,57;87,47;0,0;0,0939;0,0;2,78;0,0;5,56;7,73;24,85;0,0939;Piorou
3537800;Piedade;Piedade (SP);SP;Sudeste;28,72;46,87;0,2621;0,168;0,0;4,0;28,57;7,0;36,43;86,58;-0,0941;Melhorou
3537909;Pilar do Sul;Pilar do Sul (SP);SP;Sudeste;72,73;84,48;0,0771;0,3321;0,0;5,56;4,76;25,0;70,31;62,1;0,255;Piorou
3538006;Pindamonhangaba;Pindamonhangaba (SP);SP;Sudeste;62,45;59,34;0,2927;0,167;12,37;4,63;9,28;10,19;56,67;31,61;-0,1257;Melhorou
3538204;Pinhalzinho;Pinhalzinho (SP);SP;Sudeste;61,36;68,97;0,1326;0,0014;0,0;0,0;12,5;0,0;52,7;21,72;-0,1312;Melhorou
3538501;Piquete;Piquete (SP);SP;Sudeste;89,72;112,08;0,3895;0,1595;18,18;5,56;9,09;5,56;72,76;59,04;-0,23;Melhorou
3538600;Piracaia;Piracaia (SP);SP;Sudeste;29,81;66,11;0,0755;0,1644;0,0;2,04;5,26;10,2;61,74;83,26;0,089;Piorou
3538709;Piracicaba;Piracicaba (SP);SP;Sudeste;60,29;55,7;0,1616;0,2687;2,29;2,29;13,74;25,14;29,52;39,74;0,107;Piorou
3538808;Piraju;Piraju (SP);SP;Sudeste;96,03;110,98;0,1892;0,0699;11,11;2,86;0,0;0,0;52,04;58,43;-0,1193;Melhorou
3538907;Pirajuí;Pirajuí (SP);SP;Sudeste;50,91;110,65;0,1887;0,2168;0,0;6,78;20,0;5,08;38,86;120,66;0,0281;Piorou
3539004;Pirangi;Pirangi (SP);SP;Sudeste;100,0;142,68;0,1757;0,086;7,69;0,0;0,0;4,17;106,08;90,55;-0,0897;Melhorou
3539103;Pirapora do Bom Jesus;Pirapora do Bom Jesus (SP);SP;Sudeste;56,37;76,21;0,0058;0,0828;0,0;0,0;0,0;8,33;28,06;33,73;0,077;Piorou
3539202;Pirapozinho;Pirapozinho (SP);SP;Sudeste;100,0;142,82;0,5173;0,0606;23,53;0,0;17,65;6,25;61,65;28,09;-0,4567;Melhorou
3539301;Pirassununga;Pirassununga (SP);SP;Sudeste;62,2;69,3;0,1452;0,1967;3,23;5,26;9,68;12,28;36,94;34,21;0,0515;Piorou
3539400;Piratininga;Piratininga (SP);SP;Sudeste;54,93;79,39;0,2403;0,0781;11,76;0,0;0,0;3,45;111,15;88,27;-0,1622;Melhorou
3539509;Pitangueiras;Pitangueiras (SP);SP;Sudeste;51,13;89,21;0,1798;0,2148;3,33;9,26;1,67;3,7;184,62;82,01;0,0351;Piorou
3539806;Poá;Poá (SP);SP;Sudeste;48,47;30,63;0,2057;0,2693;3,75;7,45;12,5;15,96;76,84;45,15;0,0636;Piorou
3539905;Poloni;Poloni (SP);SP;Sudeste;49,97;125,17;0,2321;0,165;9,09;6,25;0,0;0,0;156,78;121,72;-0,0671;Melhorou
3540002;Pompéia;Pompéia (SP);SP;Sudeste;100,0;163,91;0,2069;0,4935;0,0;22,22;20,0;16,67;64,97;39,89;0,2866;Piorou
3540200;Pontal;Pontal (SP);SP;Sudeste;64,39;91,91;0,0193;0,0905;0,0;0,0;0,0;4,92;47,3;87,58;0,0712;Piorou
3540606;Porto Feliz;Porto Feliz (SP);SP;Sudeste;92,67;79,5;0,2821;0,208;6,25;3,37;18,75;13,48;54,09;75,86;-0,0742;Melhorou
3540705;Porto Ferreira;Porto Ferreira (SP);SP;Sudeste;80,73;69,8;0,1466;0,1212;2,78;5,88;8,33;2,94;65,38;30,04;-0,0254;Melhorou
3540754;Potim;Potim (SP);SP;Sudeste;72,05;102,98;0,2062;0,0914;0,0;0,0;17,65;2,63;93,53;117,55;-0,1149;Melhorou
3540804;Potirendaba;Potirendaba (SP);SP;Sudeste;100,0;112,74;0,3258;0,1566;15,38;1,96;7,69;5,88;59,24;127,96;-0,1692;Melhorou
3540903;Pradópolis;Pradópolis (SP);SP;Sudeste;89,47;48,02;0,1271;0,1381;0,0;0,0;12,5;11,11;44,87;78,02;0,011;Piorou
3541000;Praia Grande;Praia Grande (SP);SP;Sudeste;99,8;106,18;0,2254;0,1628;7,32;4,08;12,2;11,56;32,22;19,97;-0,0626;Melhorou
3541208;Presidente Bernardes;Presidente Bernardes (SP);SP;Sudeste;100,0;144,92;0,276;0,2406;1,61;2,33;1,61;5,81;360,06;241,31;-0,0354;Melhorou
3541307;Presidente Epitácio;Presidente Epitácio (SP);SP;Sudeste;94,21;116,0;0,1981;0,1976;3,09;2,46;2,06;9,02;211,15;136,63;-0,0006;Melhorou
3541406;Presidente Prudente;Presidente Prudente (SP);SP;Sudeste;56,27;60,64;0,1655;0,2251;0,0;1,79;16,98;20,54;43,6;45,85;0,0595;Piorou
3541505;Presidente Venceslau;Presidente Venceslau (SP);SP;Sudeste;92,16;100,9;0,1855;0,2524;4,62;7,14;3,08;11,43;147,66;84,29;0,0669;Piorou
3541604;Promissão;Promissão (SP);SP;Sudeste;80,14;119,65;0,2189;0,1597;9,68;1,49;3,23;10,45;84,82;85,26;-0,0592;Melhorou
3541703;Quatá;Quatá (SP);SP;Sudeste;92,37;106,35;0,3387;0,1211;8,82;0,0;5,88;5,88;241,32;119,32;-0,2176;Melhorou
3541901;Queluz;Queluz (SP);SP;Sudeste;76,07;114,64;0,0882;0,3218;0,0;9,09;0,0;18,18;146,1;57,08;0,2336;Piorou
3542107;Rafard;Rafard (SP);SP;Sudeste;85,12;132,17;0,3938;0,1264;0,0;0,0;40,0;12,5;106,34;43,8;-0,2674;Melhorou
3542206;Rancharia;Rancharia (SP);SP;Sudeste;100,0;117,7;0,1757;0,1954;2,94;2,59;0,0;5,17;208,17;179,12;0,0197;Piorou
3542404;Regente Feijó;Regente Feijó (SP);SP;Sudeste;100,0;142,6;0,3448;0,1825;0,0;0,0;35,71;13,46;65,08;112,02;-0,1623;Melhorou
3542602;Registro;Registro (SP);SP;Sudeste;100,0;122,94;0,0;0,1339;0,0;2,5;0,0;10,0;11,52;32,26;0,1339;Piorou
3542909;Ribeirão Bonito;Ribeirão Bonito (SP);SP;Sudeste;52,52;86,26;0,0398;0,1759;0,0;5,88;0,0;5,88;76,7;71,47;0,1361;Piorou
3543006;Ribeirão Branco;Ribeirão Branco (SP);SP;Sudeste;93,38;97,66;0,3183;0,1271;5,88;2,78;11,76;2,78;201,5;107,22;-0,1912;Melhorou
3543303;Ribeirão Pires;Ribeirão Pires (SP);SP;Sudeste;52,33;48,64;0,0758;0,1995;4,17;0,0;0,0;21,51;38,82;35,45;0,1237;Piorou
3543402;Ribeirão Preto;Ribeirão Preto (SP);SP;Sudeste;50,17;52,89;0,1227;0,1873;3,05;3,44;6,71;13,18;45,73;48,59;0,0646;Piorou
3543808;Rinópolis;Rinópolis (SP);SP;Sudeste;100,0;113,4;0,378;0,0487;10,0;0,0;20,0;0,0;95,18;89,5;-0,3293;Melhorou
3543907;Rio Claro;Rio Claro (SP);SP;Sudeste;47,27;48,97;0,1841;0,1489;0,0;2,13;20,83;10,64;21,88;53,67;-0,0353;Melhorou
3544004;Rio das Pedras;Rio das Pedras (SP);SP;Sudeste;13,1;37,24;0,159;0,3117;0,0;3,45;3,28;19,54;206,23;146,77;0,1528;Piorou
3544103;Rio Grande da Serra;Rio Grande da Serra (SP);SP;Sudeste;21,38;42,26;0,3754;0,229;15,38;4,0;15,38;16,0;33,71;60,9;-0,1464;Melhorou
3544202;Riolândia;Riolândia (SP);SP;Sudeste;100,0;162,36;0,267;0,6461;0,0;22,22;25,0;33,33;88,23;49,15;0,3791;Piorou
3544251;Rosana;Rosana (SP);SP;Sudeste;100,0;155,53;0,2274;0,1357;1,49;4,44;0,0;0,0;313,31;118,58;-0,0917;Melhorou
3544806;Sales;Sales (SP);SP;Sudeste;55,17;163,11;0,0447;0,114;0,0;0,0;0,0;7,14;83,69;93,28;0,0693;Piorou
3544905;Sales Oliveira;Sales Oliveira (SP);SP;Sudeste;98,84;122,68;0,1923;0,0242;10,0;0,0;0,0;0,0;80,31;54,38;-0,1681;Melhorou
3545001;Salesópolis;Salesópolis (SP);SP;Sudeste;30,84;72,66;0,268;0,0273;10,0;0,0;10,0;0,0;63,13;58,77;-0,2407;Melhorou
3545100;Salmourão;Salmourão (SP);SP;Sudeste;0,0;136,49;0,0518;0,3339;0,0;8,7;0,0;8,7;93,89;201,91;0,2821;Piorou
3545209;Salto;Salto (SP);SP;Sudeste;50,48;48,31;0,0466;0,1252;0,0;2,19;3,45;8,03;43,16;51,21;0,0786;Piorou
3545308;Salto de Pirapora;Salto de Pirapora (SP);SP;Sudeste;84,39;93,34;0,2667;0,2745;5,0;5,33;20,0;17,33;43,19;80,7;0,0078;Piorou
3545407;Salto Grande;Salto Grande (SP);SP;Sudeste;80,92;111,18;0,3587;0,1712;2,78;3,45;11,11;3,45;334,17;147,47;-0,1875;Melhorou
3545605;Santa Adélia;Santa Adélia (SP);SP;Sudeste;90,49;112,35;0,2876;0,0749;11,11;0,0;11,11;4,0;53,44;76,8;-0,2127;Melhorou
3545704;Santa Albertina;Santa Albertina (SP);SP;Sudeste;100,0;150,55;0,0293;0,0173;0,0;0,0;0,0;0,0;61,69;44,56;-0,012;Melhorou
3545803;Santa Bárbara d'Oeste;Santa Bárbara d'Oeste (SP);SP;Sudeste;28,14;38,17;0,391;0,3457;12,5;7,5;22,92;25,83;23,45;29,43;-0,0453;Melhorou
3546009;Santa Branca;Santa Branca (SP);SP;Sudeste;70,33;107,48;0,0316;0,0222;0,0;0,0;0,0;0,0;64,94;51,5;-0,0094;Melhorou
3546256;Santa Cruz da Esperança;Santa Cruz da Esperança (SP);SP;Sudeste;100,0;165,4;0,1251;0,2796;0,0;0,0;0,0;16,67;198,9;210,85;0,1545;Piorou
3546306;Santa Cruz das Palmeiras;Santa Cruz das Palmeiras (SP);SP;Sudeste;23,69;60,62;0,1891;0,0305;4,76;0,0;9,52;0,0;68,63;63,46;-0,1585;Melhorou
3546405;Santa Cruz do Rio Pardo;Santa Cruz do Rio Pardo (SP);SP;Sudeste;58,84;101,74;0,2957;0,1602;8,82;2,97;14,71;6,93;69,05;98,26;-0,1356;Melhorou
3546603;Santa Fé do Sul;Santa Fé do Sul (SP);SP;Sudeste;95,01;90,53;0,2333;0,2476;9,38;9,52;6,25;9,52;73,95;50,14;0,0143;Piorou
3546702;Santa Gertrudes;Santa Gertrudes (SP);SP;Sudeste;95,11;74,11;0,1783;0,2793;0,0;8,33;20,0;16,67;23,98;31,41;0,101;Piorou
3546801;Santa Isabel;Santa Isabel (SP);SP;Sudeste;68,18;63,35;0,345;0,1411;16,28;6,17;6,98;1,23;76,47;73,67;-0,2039;Melhorou
3546900;Santa Lúcia;Santa Lúcia (SP);SP;Sudeste;39,3;76,49;0,0648;0,118;0,0;0,0;0,0;9,09;112,47;74,53;0,0532;Piorou
3547304;Santana de Parnaíba;Santana de Parnaíba (SP);SP;Sudeste;56,79;44,78;0,1053;0,1074;6,52;1,38;0,0;7,59;30,39;48,7;0,0022;Piorou
3547502;Santa Rita do Passa Quatro;Santa Rita do Passa Quatro (SP);SP;Sudeste;61,64;66,06;0,1764;0,1839;4,35;6,67;8,7;6,67;69,78;56,15;0,0075;Piorou
3547601;Santa Rosa de Viterbo;Santa Rosa de Viterbo (SP);SP;Sudeste;51,15;35,51;0,0505;0,0846;0,0;0,0;0,0;5,13;92,01;76,53;0,0342;Piorou
3547700;Santo Anastácio;Santo Anastácio (SP);SP;Sudeste;69,24;94,18;0,1629;0,3577;0,0;0,36;15,38;2,16;59,82;587,75;0,1948;Piorou
3547809;Santo André;Santo André (SP);SP;Sudeste;42,77;54,32;0,1603;0,1261;2,48;2,94;10,69;7,34;61,88;45,01;-0,0343;Melhorou
3547908;Santo Antônio da Alegria;Santo Antônio da Alegria (SP);SP;Sudeste;99,95;171,12;0,2759;0,0163;0,0;0,0;25,0;0,0;100,9;43,03;-0,2596;Melhorou
3548005;Santo Antônio de Posse;Santo Antônio de Posse (SP);SP;Sudeste;84,69;103,83;0,4718;0,1771;11,11;7,14;33,33;7,14;38,26;30,27;-0,2947;Melhorou
3548500;Santos;Santos (SP);SP;Sudeste;50,83;59,08;0,1683;0,1231;8,52;2,86;3,41;7,27;34,82;43,29;-0,0451;Melhorou
3548609;São Bento do Sapucaí;São Bento do Sapucaí (SP);SP;Sudeste;79,63;118,67;0,2947;0,2412;7,69;13,64;7,69;0,0;179,97;72,28;-0,0535;Melhorou
3548708;São Bernardo do Campo;São Bernardo do Campo (SP);SP;Sudeste;61,69;77,8;0,0872;0,1551;1,15;1,16;6,32;14,06;40,49;40,4;0,0679;Piorou
3548807;São Caetano do Sul;São Caetano do Sul (SP);SP;Sudeste;92,47;71,48;0,1546;0,1423;0,0;4,26;16,22;6,91;37,55;45,31;-0,0123;Melhorou
3548906;São Carlos;São Carlos (SP);SP;Sudeste;54,19;42,22;0,125;0,0815;2,91;2,26;7,77;3,62;38,62;42,42;-0,0435;Melhorou
3549102;São João da Boa Vista;São João da Boa Vista (SP);SP;Sudeste;89,48;90,72;0,0867;0,1532;3,45;6,33;3,45;5,06;26,56;39,64;0,0665;Piorou
3549409;São Joaquim da Barra;São Joaquim da Barra (SP);SP;Sudeste;71,27;72,07;0,0651;0,1722;0,0;1,32;2,22;13,16;85,02;72,85;0,1071;Piorou
3549706;São José do Rio Pardo;São José do Rio Pardo (SP);SP;Sudeste;45,88;68,71;0,1635;0,1662;3,57;2,7;7,14;9,01;87,44;86,56;0,0027;Piorou
3549805;São José do Rio Preto;São José do Rio Preto (SP);SP;Sudeste;61,15;57,14;0,3099;0,2598;11,54;4,96;14,74;19,39;30,56;41,76;-0,0501;Melhorou
3549904;São José dos Campos;São José dos Campos (SP);SP;Sudeste;47,17;54,21;0,2079;0,2037;6,56;5,98;12,02;11,75;25,73;35,45;-0,0043;Melhorou
3549953;São Lourenço da Serra;São Lourenço da Serra (SP);SP;Sudeste;91,97;104,38;0,3801;0,3551;8,33;8,7;25,0;21,74;71,16;68,54;-0,025;Melhorou
3550100;São Manuel;São Manuel (SP);SP;Sudeste;80,11;85,94;0,2553;0,1575;0,0;4,76;25,0;7,14;71,5;53,29;-0,0978;Melhorou
3550209;São Miguel Arcanjo;São Miguel Arcanjo (SP);SP;Sudeste;89,83;114,7;0,2412;0,2024;2,63;6,35;15,79;6,35;110,38;93,41;-0,0388;Melhorou
3550308;São Paulo;São Paulo (SP);SP;Sudeste;62,88;58,48;0,1643;0,1912;4,4;4,04;9,7;13,47;38,79;37,75;0,0269;Piorou
3550407;São Pedro;São Pedro (SP);SP;Sudeste;72,37;96,06;0,0853;0,0655;0,0;0,0;9,09;5,26;27,76;47,48;-0,0198;Melhorou
3550605;São Roque;São Roque (SP);SP;Sudeste;45,12;65,82;0,1599;0,2138;2,38;3,88;11,9;14,56;48,07;59,62;0,0539;Piorou
3550704;São Sebastião;São Sebastião (SP);SP;Sudeste;100,0;109,02;0,1098;0,1428;3,85;3,7;1,92;4,44;70,19;88,91;0,033;Piorou
3550803;São Sebastião da Grama;São Sebastião da Grama (SP);SP;Sudeste;100,0;150,84;0,1811;0,2982;7,69;17,65;0,0;0,0;113,83;67,67;0,1171;Piorou
3550902;São Simão;São Simão (SP);SP;Sudeste;66,49;44,74;0,192;0,1862;4,35;7,14;4,35;7,14;146,7;43,32;-0,0058;Melhorou
3551009;São Vicente;São Vicente (SP);SP;Sudeste;34,3;48,09;0,2379;0,1028;12,71;3,66;2,76;2,62;52,76;55,3;-0,1351;Melhorou
3551405;Serra Azul;Serra Azul (SP);SP;Sudeste;100,0;106,46;0,2041;0,3201;0,0;7,14;16,67;21,43;102,82;55,62;0,1159;Piorou
3551504;Serrana;Serrana (SP);SP;Sudeste;46,92;52,64;0,1838;0,1088;3,57;0,0;10,71;7,58;71,68;80,43;-0,075;Melhorou
3551603;Serra Negra;Serra Negra (SP);SP;Sudeste;96,31;124,03;0,1394;0,1503;4,55;3,08;4,55;4,62;64,68;110,98;0,0109;Piorou
3551702;Sertãozinho;Sertãozinho (SP);SP;Sudeste;43,39;20,22;0,2092;0,1352;4,92;2,33;13,11;7,56;48,97;68,55;-0,0739;Melhorou
3551900;Severínia;Severínia (SP);SP;Sudeste;67,44;96,04;0,3483;0,4178;33,33;23,08;0,0;7,69;41,14;44,16;0,0695;Piorou
3552106;Socorro;Socorro (SP);SP;Sudeste;94,28;96,31;0,0797;0,1318;3,7;6,25;0,0;3,12;54,38;34,94;0,052;Piorou
3552205;Sorocaba;Sorocaba (SP);SP;Sudeste;56,2;28,12;0,3377;0,1917;9,68;7,47;21,51;8,51;25,54;26,89;-0,1461;Melhorou
3552304;Sud Mennucci;Sud Mennucci (SP);SP;Sudeste;100,0;190,34;0,1699;0,2656;0,0;10,0;14,29;10,0;83,69;59,78;0,0957;Piorou
3552403;Sumaré;Sumaré (SP);SP;Sudeste;56,21;50,21;0,219;0,2945;1,82;2,76;21,82;28,28;20,44;27,26;0,0755;Piorou
3552502;Suzano;Suzano (SP);SP;Sudeste;44,43;52,44;0,2394;0,2448;5,41;5,05;17,57;17,89;25,87;37,37;0,0055;Piorou
3552601;Tabapuã;Tabapuã (SP);SP;Sudeste;64,24;123,64;0,1809;0,0362;0,0;0,0;8,7;0,0;169,58;71,6;-0,1447;Melhorou
3552700;Tabatinga;Tabatinga (SP);SP;Sudeste;95,41;90,84;0,4273;0,0756;13,33;0,0;20,0;4,76;94,17;68,27;-0,3517;Melhorou
3552809;Taboão da Serra;Taboão da Serra (SP);SP;Sudeste;60,13;72,24;0,0262;0,1321;1,3;4,25;0,0;6,13;29,33;40,71;0,1059;Piorou
3552908;Taciba;Taciba (SP);SP;Sudeste;100,0;167,73;0,2943;0,3685;0,0;22,22;25,0;0,0;127,28;70,11;0,0742;Piorou
3553005;Taguaí;Taguaí (SP);SP;Sudeste;99,33;145,6;0,1513;0,4386;0,0;11,54;14,29;23,08;57,0;110,18;0,2873;Piorou
3553302;Tambaú;Tambaú (SP);SP;Sudeste;86,81;97,97;0,0192;0,059;0,0;0,0;0,0;3,57;47,16;59,35;0,0398;Piorou
3553401;Tanabi;Tanabi (SP);SP;Sudeste;95,69;118,9;0,1382;0,2851;2,78;9,38;2,78;9,38;123,05;108,96;0,147;Piorou
3553609;Tapiratiba;Tapiratiba (SP);SP;Sudeste;100,0;125,88;0,3913;0,2668;11,11;16,67;22,22;0,0;62,39;43,84;-0,1244;Melhorou
3553708;Taquaritinga;Taquaritinga (SP);SP;Sudeste;42,78;67,8;0,0744;0,172;2,13;1,74;0,0;10,43;80,64;97,72;0,0976;Piorou
3553807;Taquarituba;Taquarituba (SP);SP;Sudeste;96,65;80,24;0,2486;0,211;7,84;3,51;0,0;10,53;207,18;114,38;-0,0375;Melhorou
3553906;Tarabai;Tarabai (SP);SP;Sudeste;100,0;160,64;0,4426;0,2952;0,0;0,0;50,0;26,67;176,15;107,65;-0,1474;Melhorou
3554003;Tatuí;Tatuí (SP);SP;Sudeste;52,67;66,03;0,331;0,2397;2,5;7,95;32,5;12,5;32,08;35,14;-0,0914;Melhorou
3554102;Taubaté;Taubaté (SP);SP;Sudeste;63,29;54,72;0,179;0,2609;6,9;8,82;8,62;14,12;17,93;26,59;0,0819;Piorou
3554300;Teodoro Sampaio;Teodoro Sampaio (SP);SP;Sudeste;100,0;157,84;0,2467;0,2635;5,26;0,97;0,0;11,65;259,92;229,95;0,0168;Piorou
3554409;Terra Roxa;Terra Roxa (SP);SP;Sudeste;100,0;149,44;0,1209;0,1805;0,0;0,0;0,0;16,67;192,91;69,03;0,0596;Piorou
3554508;Tietê;Tietê (SP);SP;Sudeste;62,8;68,14;0,1308;0,1128;5,71;2,74;0,0;2,74;84,31;88,07;-0,018;Melhorou
3554805;Tremembé;Tremembé (SP);SP;Sudeste;61,53;45,44;0,0;0,2174;0,0;9,09;0,0;9,09;14,39;21,71;0,2174;Piorou
3555000;Tupã;Tupã (SP);SP;Sudeste;78,12;86,22;0,1162;0,1682;2,0;1,85;6,0;12,04;67,84;69,74;0,052;Piorou
3555109;Tupi Paulista;Tupi Paulista (SP);SP;Sudeste;100,0;108,88;0,0802;0,0714;0,0;0,0;0,0;5,88;134,56;48,17;-0,0088;Melhorou
3555356;Ubarana;Ubarana (SP);SP;Sudeste;100,0;163,09;0,3962;0,0254;33,33;0,0;0,0;0,0;109,74;56,06;-0,3708;Melhorou
3555406;Ubatuba;Ubatuba (SP);SP;Sudeste;100,0;101,63;0,1872;0,2809;1,43;2,75;14,29;20,88;77,76;100,84;0,0937;Piorou
3555604;Uchoa;Uchoa (SP);SP;Sudeste;100,0;134,69;0,0173;0,2775;0,0;9,38;0,0;6,25;44,47;137,22;0,2602;Piorou
3555802;Urânia;Urânia (SP);SP;Sudeste;100,0;118,87;0,1503;0,0448;0,0;0,0;7,14;0,0;145,25;83,84;-0,1055;Melhorou
3556008;Urupês;Urupês (SP);SP;Sudeste;100,0;178,25;0,1473;0,0747;4,17;0,0;0,0;4,17;141,2;74,44;-0,0726;Melhorou
3556107;Valentim Gentil;Valentim Gentil (SP);SP;Sudeste;76,73;124,13;0,3109;0,0801;20,0;0,0;0,0;4,35;35,35;79,9;-0,2308;Melhorou
3556206;Valinhos;Valinhos (SP);SP;Sudeste;35,4;30,23;0,3643;0,2266;14,89;1,63;14,89;21,14;34,49;43,89;-0,1377;Melhorou
3556305;Valparaíso;Valparaíso (SP);SP;Sudeste;96,92;104,39;0,1639;0,3555;0,0;12,5;10,71;16,67;119,99;51,04;0,1915;Piorou
3556404;Vargem Grande do Sul;Vargem Grande do Sul (SP);SP;Sudeste;75,42;95,93;0,0846;0,1308;3,57;6,25;0,0;0,0;64,15;72,72;0,0462;Piorou
3556453;Vargem Grande Paulista;Vargem Grande Paulista (SP);SP;Sudeste;43,51;105,58;0,2371;0,1781;4,35;4,41;17,39;8,82;47,49;69,25;-0,059;Melhorou
3556503;Várzea Paulista;Várzea Paulista (SP);SP;Sudeste;48,61;51,54;0,1321;0,2251;2,38;6,78;9,52;13,56;38,18;26,25;0,093;Piorou
3556602;Vera Cruz;Vera Cruz (SP);SP;Sudeste;90,27;94,58;0,0335;0,0876;0,0;0,0;0,0;6,25;67,68;66,67;0,0541;Piorou
3556701;Vinhedo;Vinhedo (SP);SP;Sudeste;38,07;23,43;0,0036;0,0012;0,0;0,0;0,0;0,0;24,83;21,49;-0,0023;Melhorou
3556800;Viradouro;Viradouro (SP);SP;Sudeste;91,88;100,49;0,0287;0,0793;0,0;0,0;0,0;7,69;60,87;36,69;0,0505;Piorou
3557006;Votorantim;Votorantim (SP);SP;Sudeste;52,99;27,42;0,2229;0,2539;0,0;4,76;24,39;19,05;32,67;41,86;0,031;Piorou
3557105;Votuporanga;Votuporanga (SP);SP;Sudeste;97,86;117,0;0,1535;0,1502;4,17;3,88;8,33;6,98;45,45;63,94;-0,0033;Melhorou
3557204;Chavantes;Chavantes (SP);SP;Sudeste;75,26;124,8;0,0877;0,3085;0,0;7,69;0,0;1,28;145,32;280,17;0,2208;Piorou
4100103;Abatiá;Abatiá (PR);PR;Sul;68,3;130,4;0,1518;0,0247;0,0;0,0;7,69;0,0;140,59;55,1;-0,1271;Melhorou
4100400;Almirante Tamandaré;Almirante Tamandaré (PR);PR;Sul;43,5;46,7;0,1071;0,1272;5,0;1,59;2,5;11,11;34,31;28,32;0,0201;Piorou
4100509;Altônia;Altônia (PR);PR;Sul;94,28;135,38;0,3413;0,1188;0,0;0,0;37,5;12,5;37,76;32,88;-0,2226;Melhorou
4100608;Alto Paraná;Alto Paraná (PR);PR;Sul;94,01;100,65;0,2099;0,1524;0,0;1,82;15,79;1,82;122,09;176,08;-0,0575;Melhorou
4101002;Ampére;Ampére (PR);PR;Sul;96,5;110,19;0,0584;0,1195;0,0;3,57;0,0;3,57;103,33;69,31;0,0611;Piorou
4101101;Andirá;Andirá (PR);PR;Sul;71,94;112,24;0,2439;0,2037;7,55;1,55;0,0;1,55;206,87;258,59;-0,0402;Melhorou
4101200;Antonina;Antonina (PR);PR;Sul;100,0;160,61;0,1487;0,157;0,0;4,0;11,76;8,0;85,02;58,15;0,0082;Piorou
4101309;Antônio Olinto;Antônio Olinto (PR);PR;Sul;69,54;123,63;0,0732;0,0159;0,0;0,0;0,0;0,0;124,52;42,51;-0,0573;Melhorou
4101408;Apucarana;Apucarana (PR);PR;Sul;98,2;118,1;0,1929;0,1818;4,41;2,34;8,09;9,36;99,61;112,24;-0,011;Melhorou
4101507;Arapongas;Arapongas (PR);PR;Sul;85,4;88,13;0,1725;0,2495;3,88;5,23;6,2;10,46;105,58;133,27;0,077;Piorou
4101606;Arapoti;Arapoti (PR);PR;Sul;67,54;106,5;0,1487;0,1323;0,0;5,0;16,67;5,0;23,37;39,01;-0,0164;Melhorou
4101655;Arapuã;Arapuã (PR);PR;Sul;100,0;198,46;0,231;0,3589;0,0;10,0;9,09;0,0;236,32;318,91;0,128;Piorou
4101705;Araruna;Araruna (PR);PR;Sul;97,44;112,5;0,125;0,2644;0,0;5,88;4,0;17,65;148,47;50,43;0,1394;Piorou
4101804;Araucária;Araucária (PR);PR;Sul;48,07;84,3;0,1807;0,1405;7,02;5,83;7,02;4,17;39,71;43,39;-0,0402;Melhorou
4101853;Ariranha do Ivaí;Ariranha do Ivaí (PR);PR;Sul;96,23;150,27;0,1265;0,4508;0,0;6,06;0,0;3,03;200,88;585,6;0,3243;Piorou
4101903;Assaí;Assaí (PR);PR;Sul;93,51;142,69;0,1185;0,2946;0,0;9,09;11,11;13,64;49,97;75,1;0,1761;Piorou
4102000;Assis Chateaubriand;Assis Chateaubriand (PR);PR;Sul;83,76;92,41;0,1097;0,0762;1,59;0,0;0,0;2,6;142,74;96,23;-0,0335;Melhorou
4102109;Astorga;Astorga (PR);PR;Sul;98,81;116,78;0,2217;0,1522;4,65;2,78;6,98;4,17;149,65;125,64;-0,0695;Melhorou
4102307;Balsa Nova;Balsa Nova (PR);PR;Sul;100,0;116,76;0,0172;0,0149;0,0;0,0;0,0;0,0;44,41;41,05;-0,0023;Melhorou
4102406;Bandeirantes;Bandeirantes (PR);PR;Sul;76,86;91,86;0,1273;0,1274;1,61;1,18;0,0;4,71;167,36;117,76;0,0001;Piorou
4102505;Barbosa Ferraz;Barbosa Ferraz (PR);PR;Sul;82,36;168,86;0,3524;0,1355;1,52;0,0;3,03;10,53;453,81;81,58;-0,217;Melhorou
4102604;Barracão;Barracão (PR);PR;Sul;100,0;159,14;0,2054;0,1336;0,0;3,85;13,33;0,0;146,43;128,4;-0,0718;Melhorou
4102802;Bela Vista do Paraíso;Bela Vista do Paraíso (PR);PR;Sul;100,0;126,82;0,0518;0,0676;0,0;0,0;0,0;4,76;93,92;56,78;0,0158;Piorou
4102901;Bituruna;Bituruna (PR);PR;Sul;96,06;123,92;0,1054;0,1827;0,0;6,25;0,0;3,12;170,68;107,9;0,0773;Piorou
4103008;Boa Esperança;Boa Esperança (PR);PR;Sul;98,57;153,57;0,0632;0,0158;0,0;0,0;0,0;0,0;110,2;42,42;-0,0473;Melhorou
4103057;Boa Vista da Aparecida;Boa Vista da Aparecida (PR);PR;Sul;97,57;132,5;0,1989;0,1069;0,0;0,0;20,0;9,09;53,45;58,74;-0,0919;Melhorou
4103107;Bocaiúva do Sul;Bocaiúva do Sul (PR);PR;Sul;78,89;88,82;0,2733;0,0099;0,0;0,0;28,57;0,0;52,48;33,85;-0,2635;Melhorou
4103206;Bom Sucesso;Bom Sucesso (PR);PR;Sul;100,0;199,44;0,0468;0,3555;0,0;28,57;0,0;0,0;86,75;51,5;0,3087;Piorou
4103305;Borrazópolis;Borrazópolis (PR);PR;Sul;100,0;135,74;0,3271;0,2596;20,0;6,25;0,0;12,5;58,57;100,33;-0,0675;Melhorou
4103354;Braganey;Braganey (PR);PR;Sul;100,0;204,3;0,2001;0,1335;0,0;0,0;16,67;7,69;97,1;114,38;-0,0666;Melhorou
4103370;Brasilândia do Sul;Brasilândia do Sul (PR);PR;Sul;91,67;176,98;0,1046;0,1683;0,0;0,0;0,0;12,5;169,58;103,8;0,0637;Piorou
4103453;Cafelândia;Cafelândia (PR);PR;Sul;100,0;105,93;0,0059;0,2075;0,0;8,33;0,0;8,33;28,21;33,29;0,2016;Piorou
4103503;Califórnia;Califórnia (PR);PR;Sul;100,0;180,82;0,215;0,1018;11,11;0,0;0,0;6,25;88,96;87,01;-0,1132;Melhorou
4103602;Cambará;Cambará (PR);PR;Sul;89,89;101,77;0,0088;0,2081;0,0;8,57;0,0;5,71;32,34;61,84;0,1993;Piorou
4103701;Cambé;Cambé (PR);PR;Sul;95,36;75,49;0,0534;0,0967;1,35;2,53;0,0;2,53;67,24;72,06;0,0433;Piorou
4103800;Cambira;Cambira (PR);PR;Sul;100,0;110,99;0,3215;0,1496;0,0;0,0;33,33;7,41;61,67;141,0;-0,1719;Melhorou
4103909;Campina da Lagoa;Campina da Lagoa (PR);PR;Sul;100,0;127,07;0,3591;0,2093;0,0;1,0;2,94;1,0;546,66;285,39;-0,1498;Melhorou
4104006;Campina Grande do Sul;Campina Grande do Sul (PR);PR;Sul;62,35;51,22;0,2034;0,1277;4,35;4,44;13,04;4,44;53,84;51,39;-0,0757;Melhorou
4104055;Campo Bonito;Campo Bonito (PR);PR;Sul;100,0;170,2;0,1125;0,181;0,0;0,0;0,0;16,67;180,84;69,65;0,0685;Piorou
4104204;Campo Largo;Campo Largo (PR);PR;Sul;67,55;82,38;0,0724;0,0784;4,0;3,74;0,0;0,93;37,47;39,99;0,006;Piorou
4104253;Campo Magro;Campo Magro (PR);PR;Sul;100,0;97,31;0,1715;0,0;0,0;0,0;18,18;0,0;37,12;11,38;-0,1715;Melhorou
4104303;Campo Mourão;Campo Mourão (PR);PR;Sul;80,59;76,94;0,1157;0,0253;2,44;0,0;7,32;1,25;41,24;40,23;-0,0905;Melhorou
4104402;Cândido de Abreu;Cândido de Abreu (PR);PR;Sul;96,54;133,93;0,1819;0,3023;0,0;5,56;20,0;22,22;29,18;54,29;0,1204;Piorou
4104428;Candói;Candói (PR);PR;Sul;88,7;140,25;0,1762;0,0791;9,09;0,0;0,0;4,35;76,79;78,46;-0,0971;Melhorou
4104451;Cantagalo;Cantagalo (PR);PR;Sul;100,0;158,88;0,0342;0,047;0,0;0,0;0,0;0,0;68,66;87,06;0,0128;Piorou
4104501;Capanema;Capanema (PR);PR;Sul;100,0;136,71;0,1395;0,19;0,0;5,26;11,76;10,53;71,82;46,56;0,0504;Piorou
4104600;Capitão Leônidas Marques;Capitão Leônidas Marques (PR);PR;Sul;100,0;191,15;0,1484;0,0744;6,25;0,0;0,0;0,0;97,95;126,29;-0,074;Melhorou
4104808;Cascavel;Cascavel (PR);PR;Sul;78,38;88,92;0,235;0,0716;6,12;1,6;16,33;4,81;14,73;27,45;-0,1633;Melhorou
4104907;Castro;Castro (PR);PR;Sul;100,0;99,98;0,1539;0,1923;4,17;7,55;6,25;7,55;72,22;38,2;0,0383;Piorou
4105102;Centenário do Sul;Centenário do Sul (PR);PR;Sul;95,03;113,08;0,047;0,1214;0,0;0,0;0,0;2,94;86,97;156,67;0,0745;Piorou
4105409;Chopinzinho;Chopinzinho (PR);PR;Sul;100,0;141,09;0,1574;0,1224;3,45;4,76;3,45;0,0;127,77;92,77;-0,035;Melhorou
4105508;Cianorte;Cianorte (PR);PR;Sul;73,9;96,69;0,3219;0,1686;13,89;5,36;11,11;8,93;42,93;33,99;-0,1534;Melhorou
4105607;Cidade Gaúcha;Cidade Gaúcha (PR);PR;Sul;92,9;122,08;0,0769;0,0904;0,0;0,0;0,0;7,14;129,81;59,57;0,0136;Piorou
4105805;Colombo;Colombo (PR);PR;Sul;81,38;108,14;0,0079;0,1144;0,0;3,12;0,0;5,73;31,01;44,57;0,1066;Piorou
4105904;Colorado;Colorado (PR);PR;Sul;100,0;91,71;0,153;0,0813;2,63;0,0;2,63;5,56;149,23;66,39;-0,0717;Melhorou
4106209;Contenda;Contenda (PR);PR;Sul;61,18;81,2;0,1022;0,1719;0,0;6,67;5,26;6,67;100,03;39,05;0,0697;Piorou
4106308;Corbélia;Corbélia (PR);PR;Sul;100,0;163,61;0,0554;0,1724;0,0;6,67;0,0;6,67;99,0;39,66;0,117;Piorou
4106407;Cornélio Procópio;Cornélio Procópio (PR);PR;Sul;81,06;92,9;0,0573;0,2027;0,0;6,96;0,0;4,35;101,8;106,0;0,1454;Piorou
4106506;Coronel Vivida;Coronel Vivida (PR);PR;Sul;100,0;135,01;0,1002;0,1024;0,0;2,63;10,0;2,63;37,65;76,82;0,0022;Piorou
4106555;Corumbataí do Sul;Corumbataí do Sul (PR);PR;Sul;100,0;186,17;0,1551;0,3672;0,0;9,09;0,0;18,18;241,79;121,98;0,2121;Piorou
4106605;Cruzeiro do Oeste;Cruzeiro do Oeste (PR);PR;Sul;100,0;123,39;0,2735;0,0619;15,79;0,0;0,0;2,7;72,26;74,47;-0,2116;Melhorou
4106704;Cruzeiro do Sul;Cruzeiro do Sul (PR);PR;Sul;88,42;155,76;0,2816;0,194;6,67;0,0;0,0;20,0;279,74;46,53;-0,0875;Melhorou
4106803;Cruz Machado;Cruz Machado (PR);PR;Sul;98,73;108,61;0,0079;0,0135;0,0;0,0;0,0;0,0;31,09;39,13;0,0056;Piorou
4106852;Cruzmaltina;Cruzmaltina (PR);PR;Sul;100,0;181,53;0,1139;0,1736;0,0;0,0;0,0;10,0;182,81;142,83;0,0597;Piorou
4106902;Curitiba;Curitiba (PR);PR;Sul;49,2;58,44;0,0832;0,1404;2,55;2,61;4,51;10,16;27,49;37,15;0,0572;Piorou
4107009;Curiúva;Curiúva (PR);PR;Sul;100,0;179,52;0,0304;0,141;0,0;8,33;0,0;0,0;63,29;42,67;0,1106;Piorou
4107124;Diamante do Sul;Diamante do Sul (PR);PR;Sul;99,98;220,75;0,1819;0,0367;0,0;0,0;0,0;0,0;280,23;72,35;-0,1452;Melhorou
4107157;Diamante D'Oeste;Diamante D'Oeste (PR);PR;Sul;71,54;136,0;0,1467;0,1997;0,0;0,0;0,0;20,0;229,77;54,61;0,053;Piorou
4107207;Dois Vizinhos;Dois Vizinhos (PR);PR;Sul;69,65;97,24;0,0642;0,1323;0,0;2,08;3,45;4,17;68,42;112,15;0,0681;Piorou
4107504;Engenheiro Beltrão;Engenheiro Beltrão (PR);PR;Sul;100,0;140,51;0,2327;0,1584;0,0;1,82;7,14;1,82;263,24;184,73;-0,0742;Melhorou
4107603;Faxinal;Faxinal (PR);PR;Sul;95,08;106,77;0,2877;0,2675;5,56;6,9;16,67;13,79;103,22;81,53;-0,0202;Melhorou
4107652;Fazenda Rio Grande;Fazenda Rio Grande (PR);PR;Sul;61,96;50,54;0,0858;0,0525;0,0;1,33;8,33;2,67;37,98;32,75;-0,0333;Melhorou
4107751;Figueira;Figueira (PR);PR;Sul;100,0;130,24;0,0714;0,2249;0,0;14,29;0,0;0,0;121,96;34,98;0,1535;Piorou
4107850;Flor da Serra do Sul;Flor da Serra do Sul (PR);PR;Sul;91,42;160,4;0,0507;0,1528;0,0;0,0;0,0;11,11;92,41;99,11;0,1021;Piorou
4107900;Floresta;Floresta (PR);PR;Sul;100,0;92,03;0,0465;0,0684;0,0;0,0;0,0;0,0;86,27;117,69;0,0219;Piorou
4108007;Florestópolis;Florestópolis (PR);PR;Sul;99,77;122,31;0,0201;0,0241;0,0;0,0;0,0;0,0;48,57;54,31;0,004;Piorou
4108304;Foz do Iguaçu;Foz do Iguaçu (PR);PR;Sul;66,12;96,88;0,2778;0,1889;5,93;5,83;19,49;9,87;45,41;41,19;-0,0889;Melhorou
4108320;Francisco Alves;Francisco Alves (PR);PR;Sul;100,0;129,37;0,509;0,2149;14,29;0,0;28,57;22,22;83,1;48,5;-0,2941;Melhorou
4108403;Francisco Beltrão;Francisco Beltrão (PR);PR;Sul;99,89;90,02;0,2513;0,1386;5,0;1,06;20,0;11,7;21,05;48,43;-0,1127;Melhorou
4108601;Goioerê;Goioerê (PR);PR;Sul;82,4;109,52;0,1548;0,0809;2,56;1,61;5,13;0,0;121,9;100,96;-0,0739;Melhorou
4108809;Guaíra;Guaíra (PR);PR;Sul;88,92;110,25;0,0729;0,1656;0,0;4,76;4,17;7,14;71,85;64,95;0,0927;Piorou
4108908;Guairaçá;Guairaçá (PR);PR;Sul;100,0;159,4;0,1782;0,2116;0,0;0,0;8,33;20,0;170,23;71,62;0,0334;Piorou
4108957;Guamiranga;Guamiranga (PR);PR;Sul;96,61;178,2;0,2051;0,0498;0,0;0,0;20,0;0,0;62,32;91,01;-0,1553;Melhorou
4109302;Guaraniaçu;Guaraniaçu (PR);PR;Sul;100,0;127,41;0,1541;0,1935;7,69;9,38;0,0;0,0;75,23;95,41;0,0393;Piorou
4109401;Guarapuava;Guarapuava (PR);PR;Sul;75,79;64,46;0,1139;0,0707;6,0;2,59;2,0;2,59;28,83;32,9;-0,0432;Melhorou
4109609;Guaratuba;Guaratuba (PR);PR;Sul;91,0;103,66;0,0272;0,1789;0,0;11,54;0,0;0,0;58,75;28,14;0,1517;Piorou
4109708;Ibaiti;Ibaiti (PR);PR;Sul;100,0;182,1;0,1314;0,0973;3,03;0,0;3,03;7,89;104,78;59,94;-0,0341;Melhorou
4109807;Ibiporã;Ibiporã (PR);PR;Sul;98,01;94,95;0,0222;0,0801;0,0;1,35;0,0;2,7;51,47;71,5;0,058;Piorou
4110003;Iguaraçu;Iguaraçu (PR);PR;Sul;93,01;139,32;0,0649;0,0445;0,0;0,0;0,0;0,0;112,69;83,4;-0,0205;Melhorou
4110078;Imbaú;Imbaú (PR);PR;Sul;80,01;98,25;0,1925;0,1245;0,0;0,0;7,41;8,7;202,35;88,82;-0,068;Melhorou
4110102;Imbituva;Imbituva (PR);PR;Sul;92,89;112,2;0,1152;0,3516;0,0;14,29;12,5;14,29;27,78;36,99;0,2364;Piorou
4110409;Indianópolis;Indianópolis (PR);PR;Sul;100,0;157,37;0,119;0,2317;0,0;0,0;0,0;0,0;190,16;351,53;0,1127;Piorou
4110508;Ipiranga;Ipiranga (PR);PR;Sul;100,0;160,86;0,011;0,0067;0,0;0,0;0,0;0,0;35,49;29,28;-0,0043;Melhorou
4110607;Iporã;Iporã (PR);PR;Sul;100,0;133,36;0,0132;0,1015;0,0;0,0;0,0;6,25;38,59;86,57;0,0883;Piorou
4110706;Irati;Irati (PR);PR;Sul;54,54;64,11;0,2161;0,0875;2,38;2,38;16,67;4,76;68,75;34,09;-0,1286;Melhorou
4111001;Itambaracá;Itambaracá (PR);PR;Sul;100,0;177,72;0,0736;0,0952;0,0;0,0;0,0;0,0;125,17;156,0;0,0215;Piorou
4111209;Itapejara d'Oeste;Itapejara d'Oeste (PR);PR;Sul;100,0;113,41;0,3098;0,0101;0,0;0,0;33,33;0,0;44,9;34,19;-0,2997;Melhorou
4111258;Itaperuçu;Itaperuçu (PR);PR;Sul;62,97;72,52;0,0015;0,1354;0,0;1,11;0,0;1,11;21,89;175,85;0,1339;Piorou
4111308;Itaúna do Sul;Itaúna do Sul (PR);PR;Sul;100,0;195,96;0,2486;0,0676;0,0;0,0;20,0;0,0;124,61;116,5;-0,181;Melhorou
4111407;Ivaí;Ivaí (PR);PR;Sul;97,69;151,3;0,0402;0,2281;0,0;7,5;0,0;2,5;77,26;153,82;0,1879;Piorou
4111506;Ivaiporã;Ivaiporã (PR);PR;Sul;92,65;114,1;0,1917;0,1647;0,0;3,67;6,02;2,75;218,62;142,15;-0,027;Melhorou
4111704;Jaboti;Jaboti (PR);PR;Sul;100,0;128,98;0,1118;0,0113;0,0;0,0;0,0;0,0;179,81;35,88;-0,1005;Melhorou
4111803;Jacarezinho;Jacarezinho (PR);PR;Sul;77,28;87,22;0,2529;0,1728;10,53;6,94;5,26;2,78;89,73;83,16;-0,0801;Melhorou
4111902;Jaguapitã;Jaguapitã (PR);PR;Sul;94,74;74,26;0,0514;0,0816;0,0;0,0;0,0;3,7;93,36;90,1;0,0302;Piorou
4112009;Jaguariaíva;Jaguariaíva (PR);PR;Sul;65,04;87,45;0,1834;0,1957;6,98;5,17;0,0;0,0;132,54;188,86;0,0123;Piorou
4112108;Jandaia do Sul;Jandaia do Sul (PR);PR;Sul;99,0;98,09;0,3116;0,1699;0,0;1,01;33,33;4,04;47,43;190,62;-0,1417;Melhorou
4112207;Janiópolis;Janiópolis (PR);PR;Sul;100,0;153,4;0,0415;0,0241;0,0;0,0;0,0;0,0;79,18;54,24;-0,0174;Melhorou
4112306;Japira;Japira (PR);PR;Sul;100,0;140,78;0,0603;0,1807;0,0;0,0;0,0;3,85;106,14;230,25;0,1204;Piorou
4112405;Japurá;Japurá (PR);PR;Sul;95,63;114,82;0,2436;0,3214;0,0;4,71;2,56;0,0;336,35;378,85;0,0778;Piorou
4112504;Jardim Alegre;Jardim Alegre (PR);PR;Sul;94,17;125,12;0,349;0,3317;0,0;0,76;4,17;4,58;467,18;420,73;-0,0174;Melhorou
4112702;Jataizinho;Jataizinho (PR);PR;Sul;95,64;118,51;0,0197;0,0119;0,0;0,0;0,0;0,0;47,93;36,72;-0,0078;Melhorou
4112751;Jesuítas;Jesuítas (PR);PR;Sul;68,99;99,94;0,1223;0,0784;0,0;0,0;6,25;5,26;116,39;65,91;-0,0439;Melhorou
4112801;Joaquim Távora;Joaquim Távora (PR);PR;Sul;87,69;97,66;0,4177;0,2515;6,67;3,08;0,0;4,62;474,62;255,88;-0,1661;Melhorou
4112959;Juranda;Juranda (PR);PR;Sul;99,45;180,15;0,1557;0,1561;0,0;0,0;9,09;16,67;128,52;34,02;0,0004;Piorou
4113106;Kaloré;Kaloré (PR);PR;Sul;100,0;152,77;0,0544;0,1455;0,0;0,0;0,0;12,5;97,58;71,12;0,0911;Piorou
4113205;Lapa;Lapa (PR);PR;Sul;78,38;82,71;0,0116;0,1825;0,0;7,14;0,0;5,36;36,28;60,45;0,171;Piorou
4113304;Laranjeiras do Sul;Laranjeiras do Sul (PR);PR;Sul;100,0;119,46;0,2256;0,2389;10,26;6,25;0,0;2,34;122,44;198,17;0,0133;Piorou
4113429;Lidianópolis;Lidianópolis (PR);PR;Sul;100,0;177,75;0,2826;0,1342;6,25;0,0;0,0;0,0;290,19;211,86;-0,1485;Melhorou
4113502;Loanda;Loanda (PR);PR;Sul;60,19;86,64;0,2099;0,1772;1,67;2,78;3,33;11,11;242,69;74,34;-0,0327;Melhorou
4113700;Londrina;Londrina (PR);PR;Sul;58,03;57,5;0,0466;0,0804;0,68;1,57;1,69;4,02;50,69;50,58;0,0337;Piorou
4113759;Lunardelli;Lunardelli (PR);PR;Sul;100,0;143,67;0,3807;0,3333;0,0;0,0;5,41;0,0;553,23;539,16;-0,0474;Melhorou
4113908;Mallet;Mallet (PR);PR;Sul;90,05;130,32;0,1773;0,2109;3,85;5,56;0,0;11,11;191,0;62,94;0,0336;Piorou
4114104;Mandaguaçu;Mandaguaçu (PR);PR;Sul;95,05;68,14;0,1572;0,3345;0,0;0,0;13,64;38,46;73,68;21,42;0,1773;Piorou
4114203;Mandaguari;Mandaguari (PR);PR;Sul;90,87;114,39;0,1676;0,0962;0,0;0,0;5,06;6,56;196,11;75,18;-0,0714;Melhorou
4114302;Mandirituba;Mandirituba (PR);PR;Sul;81,22;89,28;0,0325;0,1637;0,0;7,41;0,0;3,7;66,28;48,57;0,1312;Piorou
4114401;Mangueirinha;Mangueirinha (PR);PR;Sul;100,0;167,76;0,1606;0,3416;0,0;21,05;11,11;0,0;110,15;56,71;0,1811;Piorou
4114500;Manoel Ribas;Manoel Ribas (PR);PR;Sul;88,16;109,58;0,115;0,2378;0,0;3,7;7,14;14,81;94,8;94,66;0,1227;Piorou
4114609;Marechal Cândido Rondon;Marechal Cândido Rondon (PR);PR;Sul;99,3;102,97;0,1767;0,0936;8,33;1,75;4,17;5,26;41,49;50,06;-0,0831;Melhorou
4114807;Marialva;Marialva (PR);PR;Sul;97,25;90,25;0,1276;0,188;0,0;0,0;11,11;20,83;62,99;27,38;0,0604;Piorou
4114906;Marilândia do Sul;Marilândia do Sul (PR);PR;Sul;100,0;161,34;0,1655;0,3209;0,0;0,0;14,29;31,25;77,37;87,0;0,1554;Piorou
4115002;Marilena;Marilena (PR);PR;Sul;100,0;144,76;0,1489;0,208;0,0;0,0;0,0;0,0;232,99;317,54;0,0591;Piorou
4115200;Maringá;Maringá (PR);PR;Sul;70,06;85,44;0,1836;0,1299;2,59;2,38;14,51;9,92;44,85;30,0;-0,0537;Melhorou
4115408;Marmeleiro;Marmeleiro (PR);PR;Sul;100,0;132,06;0,1102;0,0165;0,0;0,0;6,25;0,0;99,05;43,37;-0,0937;Melhorou
4115457;Marquinho;Marquinho (PR);PR;Sul;98,1;191,36;0,153;0,0573;0,0;0,0;0,0;0,0;238,83;101,73;-0,0957;Melhorou
4115606;Matelândia;Matelândia (PR);PR;Sul;97,05;115,4;0,1506;0,0701;0,0;0,0;8,33;3,85;130,74;71,82;-0,0805;Melhorou
4115705;Matinhos;Matinhos (PR);PR;Sul;77,33;75,4;0,009;0,0839;0,0;0,0;0,0;6,98;32,61;52,3;0,0749;Piorou
4115754;Mauá da Serra;Mauá da Serra (PR);PR;Sul;99,55;120,06;0,3589;0,2665;0,0;0,0;40,0;27,27;56,4;58,97;-0,0924;Melhorou
4115804;Medianeira;Medianeira (PR);PR;Sul;65,62;78,19;0,1903;0,036;3,23;0,0;12,9;3,57;60,94;26,48;-0,1543;Melhorou
4115903;Mirador;Mirador (PR);PR;Sul;41,67;156,38;0,3333;0,1822;0,0;0,0;0,0;0,0;497,09;280,58;-0,1512;Melhorou
4116109;Moreira Sales;Moreira Sales (PR);PR;Sul;84,83;125,27;0,1797;0,1291;0,0;6,25;11,76;0,0;129,36;70,3;-0,0506;Melhorou
4116208;Morretes;Morretes (PR);PR;Sul;100,0;149,74;0,12;0,1157;0,0;0,0;0,0;11,11;191,57;45,98;-0,0043;Melhorou
4116307;Munhoz de Melo;Munhoz de Melo (PR);PR;Sul;100,0;155,02;0,3915;0,2718;0,0;7,14;33,33;7,14;161,91;165,87;-0,1197;Melhorou
4116703;Nova Aurora;Nova Aurora (PR);PR;Sul;86,38;101,7;0,044;0,1295;0,0;0,0;0,0;14,29;82,77;25,87;0,0855;Piorou
4116802;Nova Cantu;Nova Cantu (PR);PR;Sul;88,51;103,09;0,1933;0,1142;0,0;0,0;5,88;9,09;222,74;69,17;-0,0791;Melhorou
4116901;Nova Esperança;Nova Esperança (PR);PR;Sul;86,8;92,15;0,0853;0,0877;0,0;0,0;7,14;10,0;52,21;16,18;0,0024;Piorou
4116950;Nova Esperança do Sudoeste;Nova Esperança do Sudoeste (PR);PR;Sul;100,0;171,96;0,3516;0,1387;0,0;0,0;33,33;6,25;104,71;139,86;-0,2129;Melhorou
4117008;Nova Fátima;Nova Fátima (PR);PR;Sul;84,46;96,88;0,2329;0,1624;0,0;0,0;0,0;0,0;353,24;252,27;-0,0705;Melhorou
4117107;Nova Londrina;Nova Londrina (PR);PR;Sul;89,24;136,12;0,2179;0,1859;0,0;4,35;5,56;8,7;261,95;83,41;-0,0319;Melhorou
4117222;Nova Santa Rosa;Nova Santa Rosa (PR);PR;Sul;100,0;134,06;0,0961;0,0519;0,0;0,0;0,0;0,0;157,29;94,1;-0,0441;Melhorou
4117271;Nova Tebas;Nova Tebas (PR);PR;Sul;100,0;204,43;0,3528;0,216;0,0;0,0;2,22;6,98;547,02;241,4;-0,1368;Melhorou
4117305;Ortigueira;Ortigueira (PR);PR;Sul;90,16;156,12;0,0209;0,0164;0,0;0,0;0,0;0,0;49,66;43,28;-0,0045;Melhorou
4117503;Paiçandu;Paiçandu (PR);PR;Sul;80,06;74,24;0,1585;0,0384;2,7;0,0;8,11;3,33;86,89;32,94;-0,1201;Melhorou
4117602;Palmas;Palmas (PR);PR;Sul;70,52;79,84;0,1057;0,0777;6,25;2,7;0,0;2,7;36,87;38,95;-0,0281;Melhorou
4117701;Palmeira;Palmeira (PR);PR;Sul;100,0;152,49;0,1645;0,0902;4,55;2,86;2,27;2,86;129,06;51,71;-0,0742;Melhorou
4117800;Palmital;Palmital (PR);PR;Sul;100,0;132,03;0,05;0,0169;0,0;0,0;0,0;0,0;91,28;43,97;-0,033;Melhorou
4117909;Palotina;Palotina (PR);PR;Sul;100,0;113,08;0,0118;0,0963;0,0;1,2;0,0;1,2;36,59;116,6;0,0845;Piorou
4118006;Paraíso do Norte;Paraíso do Norte (PR);PR;Sul;100,0;158,55;0,2378;0,3346;2,38;0,0;0,0;50,0;309,03;21,58;0,0969;Piorou
4118204;Paranaguá;Paranaguá (PR);PR;Sul;64,94;85,7;0,1795;0,1369;4,72;3,08;7,55;6,15;80,65;72,48;-0,0425;Melhorou
4118402;Paranavaí;Paranavaí (PR);PR;Sul;100,0;91,3;0,1386;0,1932;3,12;1,52;9,38;18,18;33,32;35,66;0,0547;Piorou
4118501;Pato Branco;Pato Branco (PR);PR;Sul;82,5;89,0;0,1513;0,1206;7,02;2,86;1,75;5,71;63,62;59,39;-0,0306;Melhorou
4118600;Paula Freitas;Paula Freitas (PR);PR;Sul;100,0;177,58;0,1603;0,2216;0,0;5,0;0,0;5,0;249,31;166,9;0,0613;Piorou
4118808;Peabiru;Peabiru (PR);PR;Sul;93,61;104,9;0,1345;0,0825;0,0;0,0;12,5;6,25;55,46;59,45;-0,052;Melhorou
4118907;Pérola;Pérola (PR);PR;Sul;92,88;88,39;0,0152;0,1606;0,0;5,26;0,0;5,26;41,45;70,59;0,1454;Piorou
4119103;Piên;Piên (PR);PR;Sul;100,0;160,2;0,0533;0,1786;0,0;3,57;0,0;7,14;96,04;109,15;0,1253;Piorou
4119152;Pinhais;Pinhais (PR);PR;Sul;83,78;84,61;0,2059;0,0945;8,33;1,59;8,33;5,56;30,97;51,17;-0,1114;Melhorou
4119301;Pinhão;Pinhão (PR);PR;Sul;99,68;122,96;0,1115;0,1187;3,03;6,25;0,0;0,0;114,24;55,49;0,0073;Piorou
4119400;Piraí do Sul;Piraí do Sul (PR);PR;Sul;25,7;141,2;0,2913;0,1614;18,18;4,35;0,0;8,7;46,4;48,24;-0,13;Melhorou
4119509;Piraquara;Piraquara (PR);PR;Sul;75,84;71,7;0,0703;0,0406;2,33;1,08;2,33;1,08;41,26;41,28;-0,0297;Melhorou
4119608;Pitanga;Pitanga (PR);PR;Sul;100,0;114,52;0,1305;0,1;1,69;1,19;0,0;1,19;170,23;122,46;-0,0305;Melhorou
4119905;Ponta Grossa;Ponta Grossa (PR);PR;Sul;78,51;81,52;0,1413;0,1824;2,31;4,02;4,62;12,95;114,51;32,1;0,0411;Piorou
4119954;Pontal do Paraná;Pontal do Paraná (PR);PR;Sul;50,59;57,51;0,1461;0,0089;0,0;0,0;16,67;0,0;17,28;32,44;-0,1372;Melhorou
4120002;Porecatu;Porecatu (PR);PR;Sul;96,52;120,44;0,1517;0,0863;5,26;0,0;0,0;5,56;123,94;73,54;-0,0654;Melhorou
4120150;Porto Barreiro;Porto Barreiro (PR);PR;Sul;100,0;225,08;0,3277;0,1175;14,29;0,0;0,0;0,0;182,1;188,0;-0,2102;Melhorou
4120358;Pranchita;Pranchita (PR);PR;Sul;94,35;122,01;0,0879;0,1278;0,0;0,0;0,0;8,33;145,55;98,12;0,0399;Piorou
4120507;Primeiro de Maio;Primeiro de Maio (PR);PR;Sul;93,68;138,86;0,0212;0,1526;0,0;0,0;0,0;16,67;50,13;28,97;0,1313;Piorou
4120606;Prudentópolis;Prudentópolis (PR);PR;Sul;93,91;104,52;0,165;0,1651;0,79;2,36;0,0;0,0;238,99;205,52;0,0001;Piorou
4120655;Quarto Centenário;Quarto Centenário (PR);PR;Sul;100,0;166,62;0,2116;0,295;0,0;6,25;16,67;12,5;113,45;151,05;0,0835;Piorou
4120705;Quatiguá;Quatiguá (PR);PR;Sul;96,15;129,64;0,0529;0,0212;0,0;0,0;0,0;0,0;95,47;50,12;-0,0317;Melhorou
4120903;Quedas do Iguaçu;Quedas do Iguaçu (PR);PR;Sul;71,81;139,96;0,2785;0,0723;13,33;3,7;6,67;0,0;48,49;43,78;-0,2062;Melhorou
4121000;Querência do Norte;Querência do Norte (PR);PR;Sul;84,36;181,52;0,1783;0,2243;5,56;8,7;0,0;4,35;155,65;99,51;0,046;Piorou
4121109;Quinta do Sol;Quinta do Sol (PR);PR;Sul;100,0;139,97;0,2304;0,1294;0,0;0,0;20,0;9,09;98,62;90,93;-0,101;Melhorou
4121208;Quitandinha;Quitandinha (PR);PR;Sul;100,0;124,44;0,1837;0,1602;0,0;2,67;0,0;0,0;282,72;191,89;-0,0234;Melhorou
4121505;Rebouças;Rebouças (PR);PR;Sul;92,92;122,58;0,0591;0,056;0,0;0,0;0,0;0,0;104,43;99,92;-0,0032;Melhorou
4121703;Reserva;Reserva (PR);PR;Sul;100,0;129,37;0,0307;0,2244;0,0;6,67;0,0;13,33;63,74;30,44;0,1936;Piorou
4121802;Ribeirão Claro;Ribeirão Claro (PR);PR;Sul;59,15;77,84;0,1732;0,2643;0,0;9,09;0,0;4,55;267,71;145,9;0,0911;Piorou
4121901;Ribeirão do Pinhal;Ribeirão do Pinhal (PR);PR;Sul;100,0;115,28;0,312;0,2463;0,0;0,0;0,0;3,0;466,46;334,77;-0,0657;Melhorou
4122008;Rio Azul;Rio Azul (PR);PR;Sul;91,19;126,85;0,1965;0,0;11,11;0,0;0,0;0,0;62,5;18,13;-0,1965;Melhorou
4122156;Rio Bonito do Iguaçu;Rio Bonito do Iguaçu (PR);PR;Sul;100,0;148,66;0,1714;0,1599;4,76;2,08;0,0;2,08;162,95;177,84;-0,0115;Melhorou
4122206;Rio Branco do Sul;Rio Branco do Sul (PR);PR;Sul;72,93;92,89;0,0764;0,2097;0,0;7,25;6,67;4,35;45,47;109,83;0,1333;Piorou
4122305;Rio Negro;Rio Negro (PR);PR;Sul;85,97;109,75;0,1053;0,0878;5,26;2,33;0,0;2,33;57,41;66,37;-0,0174;Melhorou
4122404;Rolândia;Rolândia (PR);PR;Sul;79,69;73,66;0,0188;0,0879;0,0;0,0;0,0;6,52;46,6;63,68;0,0691;Piorou
4122503;Roncador;Roncador (PR);PR;Sul;100,0;119,24;0,2027;0,0379;3,45;0,0;0,0;0,0;235,89;73,99;-0,1648;Melhorou
4122602;Rondon;Rondon (PR);PR;Sul;100,0;115,42;0,1078;0,2163;0,0;0,0;0,0;1,67;174,09;308,59;0,1085;Piorou
4122701;Sabáudia;Sabáudia (PR);PR;Sul;61,24;118,19;0,1576;0,4722;0,0;17,65;12,5;17,65;88,5;95,29;0,3146;Piorou
4123006;Salto do Lontra;Salto do Lontra (PR);PR;Sul;84,13;92,92;0,1201;0,0969;0,0;0,0;10,0;10,0;66,23;32,99;-0,0232;Melhorou
4123303;Santa Cruz de Monte Castelo;Santa Cruz de Monte Castelo (PR);PR;Sul;100,0;137,14;0,0937;0,2393;0,0;0,0;0,0;5,17;153,94;297,4;0,1455;Piorou
4123402;Santa Fé;Santa Fé (PR);PR;Sul;94,59;130,73;0,0391;0,2332;0,0;6,25;0,0;12,5;75,71;62,48;0,1941;Piorou
4123501;Santa Helena;Santa Helena (PR);PR;Sul;91,27;111,56;0,1614;0,0973;10,0;1,92;0,0;1,92;36,08;93,59;-0,0641;Melhorou
4123857;Santa Maria do Oeste;Santa Maria do Oeste (PR);PR;Sul;95,04;139,56;0,1886;0,0233;8,33;0,0;0,0;0,0;110,82;53,05;-0,1653;Melhorou
4123907;Santa Mariana;Santa Mariana (PR);PR;Sul;87,5;152,87;0,17;0,1206;4,35;0,0;0,0;7,14;169,82;102,82;-0,0494;Melhorou
4123956;Santa Mônica;Santa Mônica (PR);PR;Sul;100,0;208,58;0,2565;0,1425;0,0;0,0;20,0;0,0;135,95;223,73;-0,114;Melhorou
4124103;Santo Antônio da Platina;Santo Antônio da Platina (PR);PR;Sul;95,87;87,1;0,1373;0,1389;1,09;0,0;0,0;1,59;192,93;198,74;0,0017;Piorou
4124202;Santo Antônio do Caiuá;Santo Antônio do Caiuá (PR);PR;Sul;100,0;140,39;0,3914;0,2202;0,0;0,0;6,67;6,67;496,55;251,36;-0,1712;Melhorou
4124400;Santo Antônio do Sudoeste;Santo Antônio do Sudoeste (PR);PR;Sul;100,0;139,6;0,1918;0,2095;3,7;2,56;0,0;2,56;214,88;232,47;0,0177;Piorou
4124509;Santo Inácio;Santo Inácio (PR);PR;Sul;87,84;169,87;0,2702;0,0358;0,0;0,0;20,0;0,0;155,55;71,0;-0,2344;Melhorou
4124608;São Carlos do Ivaí;São Carlos do Ivaí (PR);PR;Sul;95,87;106,26;0,4309;0,0502;4,55;0,0;18,18;0,0;310,86;91,59;-0,3807;Melhorou
4124707;São Jerônimo da Serra;São Jerônimo da Serra (PR);PR;Sul;94,23;161,58;0,2751;0,0992;16,67;0,0;0,0;8,33;55,68;57,17;-0,1759;Melhorou
4125001;São João do Ivaí;São João do Ivaí (PR);PR;Sul;100,0;131,5;0,1253;0,2253;0,0;2,22;10,0;11,11;73,56;155,14;0,1;Piorou
4125100;São João do Triunfo;São João do Triunfo (PR);PR;Sul;92,02;115,8;0,0285;0,0113;0,0;0,0;0,0;0,0;60,61;35,86;-0,0173;Melhorou
4125209;São Jorge d'Oeste;São Jorge d'Oeste (PR);PR;Sul;100,0;111,96;0,1771;0,0136;0,0;0,0;0,0;0,0;273,3;39,21;-0,1635;Melhorou
4125506;São José dos Pinhais;São José dos Pinhais (PR);PR;Sul;54,9;81,24;0,1375;0,0622;6,8;0,33;2,91;3,95;34,03;52,16;-0,0753;Melhorou
4125605;São Mateus do Sul;São Mateus do Sul (PR);PR;Sul;66,48;105,33;0,0127;0,1233;0,0;2,38;0,0;3,57;37,87;100,32;0,1106;Piorou
4125704;São Miguel do Iguaçu;São Miguel do Iguaçu (PR);PR;Sul;100,0;132,2;0,335;0,0491;7,69;0,0;23,08;3,7;44,53;43,52;-0,2859;Melhorou
4125803;São Pedro do Ivaí;São Pedro do Ivaí (PR);PR;Sul;99,26;120,82;0,0804;0,119;0,0;0,0;0,0;3,57;134,93;145,35;0,0386;Piorou
4125902;São Pedro do Paraná;São Pedro do Paraná (PR);PR;Sul;100,0;131,52;0,2425;0,3616;0,0;0,0;0,0;3,23;367,04;1015,49;0,1191;Piorou
4126108;São Tomé;São Tomé (PR);PR;Sul;100,0;139,36;0,2911;0,0161;14,29;0,0;0,0;0,0;129,79;42,83;-0,275;Melhorou
4126207;Sapopema;Sapopema (PR);PR;Sul;100,0;173,16;0,2917;0,3891;16,67;11,11;0,0;22,22;79,42;59,24;0,0974;Piorou
4126256;Sarandi;Sarandi (PR);PR;Sul;42,06;54,56;0,0174;0,1523;0,0;1,72;0,0;13,79;44,68;27,63;0,1349;Piorou
4126405;Sertaneja;Sertaneja (PR);PR;Sul;100,0;186,96;0,0697;0,1946;0,0;0,0;0,0;18,18;119,53;70,21;0,125;Piorou
4126504;Sertanópolis;Sertanópolis (PR);PR;Sul;100,0;109,85;0,1532;0,0136;0,0;0,0;16,67;0,0;29,93;39,15;-0,1397;Melhorou
4126603;Siqueira Campos;Siqueira Campos (PR);PR;Sul;83,02;99,09;0,1981;0,0802;1,56;3,23;0,0;0,0;269,87;65,25;-0,118;Melhorou
4126702;Tamboara;Tamboara (PR);PR;Sul;100,0;143,44;0,2609;0,2075;0,0;3,57;5,88;0,0;319,48;240,11;-0,0534;Melhorou
4126801;Tapejara;Tapejara (PR);PR;Sul;100,0;110,27;0,5633;0,0129;14,29;0,0;42,86;0,0;42,18;38,26;-0,5504;Melhorou
4127007;Teixeira Soares;Teixeira Soares (PR);PR;Sul;93,79;143,58;0,0453;0,0494;0,0;0,0;0,0;0,0;84,63;90,52;0,0041;Piorou
4127106;Telêmaco Borba;Telêmaco Borba (PR);PR;Sul;85,65;79,09;0,2483;0,1254;4,0;4,35;6,0;3,26;214,11;65,0;-0,1229;Melhorou
4127205;Terra Boa;Terra Boa (PR);PR;Sul;100,0;159,38;0,1666;0,1564;2,5;0,0;0,0;5,8;204,66;170,87;-0,0103;Melhorou
4127304;Terra Rica;Terra Rica (PR);PR;Sul;97,14;190,86;0,0542;0,181;0,0;7,89;0,0;0,0;97,28;109,33;0,1268;Piorou
4127502;Tibagi;Tibagi (PR);PR;Sul;77,9;131,5;0,2985;0,2065;18,18;11,54;0,0;0,0;56,71;67,56;-0,0921;Melhorou
4127601;Tijucas do Sul;Tijucas do Sul (PR);PR;Sul;79,44;121,24;0,0099;0,1031;0,0;5,26;0,0;0,0;33,96;54,33;0,0932;Piorou
4127700;Toledo;Toledo (PR);PR;Sul;71,89;90,28;0,0626;0,0816;0,0;2,29;7,14;2,29;18,98;58,85;0,019;Piorou
4127809;Tomazina;Tomazina (PR);PR;Sul;100,0;162,69;0,1881;0,2766;6,25;7,89;0,0;5,26;154,83;180,21;0,0885;Piorou
4127858;Três Barras do Paraná;Três Barras do Paraná (PR);PR;Sul;97,35;125,72;0,1361;0,1188;0,0;3,45;0,0;0,0;214,66;115,75;-0,0174;Melhorou
4127908;Tuneiras do Oeste;Tuneiras do Oeste (PR);PR;Sul;100,0;173,54;0,201;0,0296;0,0;0,0;4,35;0,0;252,98;62,17;-0,1714;Melhorou
4127965;Turvo;Turvo (PR);PR;Sul;100,0;147,56;0,2151;0,0797;12,5;0,0;0,0;0,0;59,27;133,84;-0,1354;Melhorou
4128005;Ubiratã;Ubiratã (PR);PR;Sul;100,0;113,13;0,284;0,0876;10,53;0,0;10,53;1,43;68,19;127,31;-0,1964;Melhorou
4128104;Umuarama;Umuarama (PR);PR;Sul;81,4;87,42;0,2154;0,1908;9,52;5,26;7,14;11,84;33,96;31,28;-0,0246;Melhorou
4128203;União da Vitória;União da Vitória (PR);PR;Sul;70,46;92,21;0,096;0,1389;2,44;1,72;2,44;10,34;74,18;51,8;0,043;Piorou
4128401;Uraí;Uraí (PR);PR;Sul;97,79;145,04;0,0674;0,1209;0,0;2,38;0,0;0,0;116,26;141,73;0,0535;Piorou
4128500;Wenceslau Braz;Wenceslau Braz (PR);PR;Sul;100,0;150,1;0,131;0,1452;5,0;0,0;0,0;10,81;99,96;91,99;0,0142;Piorou
4128534;Ventania;Ventania (PR);PR;Sul;100,0;180,76;0,0472;0,017;0,0;0,0;0,0;0,0;87,3;44,04;-0,0302;Melhorou
4128559;Vera Cruz do Oeste;Vera Cruz do Oeste (PR);PR;Sul;100,0;157,54;0,275;0,0815;9,09;0,0;9,09;0,0;104,17;136,43;-0,1935;Melhorou
4128609;Verê;Verê (PR);PR;Sul;98,91;132,37;0,1594;0,1561;0,0;0,0;14,29;6,45;68,66;162,27;-0,0033;Melhorou
4128658;Virmond;Virmond (PR);PR;Sul;85,76;183,67;0,0678;0,1703;0,0;0,0;0,0;6,25;116,79;185,06;0,1025;Piorou
4128708;Vitorino;Vitorino (PR);PR;Sul;100,0;108,18;0,2324;0,2293;12,5;8,33;0,0;8,33;83,99;64,45;-0,0031;Melhorou
4200101;Abelardo Luz;Abelardo Luz (SC);SC;Sul;100,0;160,99;0,2239;0,0619;3,23;0,0;6,45;0,0;190,06;108,35;-0,162;Melhorou
4200200;Agrolândia;Agrolândia (SC);SC;Sul;100,0;159,23;0,0173;0,1618;0,0;0,0;0,0;15,38;44,51;58,25;0,1445;Piorou
4200408;Água Doce;Água Doce (SC);SC;Sul;99,72;161,33;0,2059;0,0581;0,0;0,0;0,0;0,0;314,55;102,99;-0,1478;Melhorou
4200507;Águas de Chapecó;Águas de Chapecó (SC);SC;Sul;96,12;169,12;0,0612;0,1794;0,0;9,09;0,0;0,0;107,41;81,42;0,1182;Piorou
4200705;Alfredo Wagner;Alfredo Wagner (SC);SC;Sul;100,0;100,18;0,0514;0,0174;0,0;0,0;0,0;0,0;93,29;44,6;-0,034;Melhorou
4200903;Angelina;Angelina (SC);SC;Sul;100,0;130,64;0,4987;0,162;14,29;0,0;3,57;3,45;382,15;208,4;-0,3367;Melhorou
4201000;Anita Garibaldi;Anita Garibaldi (SC);SC;Sul;100,0;126,73;0,0671;0,2148;0,0;2,44;0,0;4,88;115,82;213,64;0,1477;Piorou
4201109;Anitápolis;Anitápolis (SC);SC;Sul;100,0;145,1;0,3151;0,0948;0,0;0,0;0,0;0,0;470,91;155,44;-0,2203;Melhorou
4201257;Apiúna;Apiúna (SC);SC;Sul;100,0;172,42;0,0219;0,4201;0,0;12,5;0,0;25,0;51,09;38,96;0,3982;Piorou
4201307;Araquari;Araquari (SC);SC;Sul;82,71;94,36;0,0;0,1837;0,0;4,88;0,0;9,76;15,82;55,55;0,1837;Piorou
4201406;Araranguá;Araranguá (SC);SC;Sul;80,17;72,38;0,1792;0,1489;3,28;0,79;9,84;10,24;82,42;87,47;-0,0303;Melhorou
4201505;Armazém;Armazém (SC);SC;Sul;80,35;105,64;0,1774;0,2056;0,0;2,86;0,0;5,71;273,71;181,1;0,0283;Piorou
4201604;Arroio Trinta;Arroio Trinta (SC);SC;Sul;98,11;137,38;0,0647;0,0856;0,0;0,0;0,0;0,0;112,31;142,28;0,0209;Piorou
4201703;Ascurra;Ascurra (SC);SC;Sul;88,5;154,25;0,2519;0,0377;0,0;0,0;22,22;0,0;101,46;73,67;-0,2142;Melhorou
4201950;Balneário Arroio do Silva;Balneário Arroio do Silva (SC);SC;Sul;88,58;120,76;0,1051;0,1218;0,0;0,0;9,09;7,69;56,04;97,62;0,0168;Piorou
4202008;Balneário Camboriú;Balneário Camboriú (SC);SC;Sul;76,65;86,35;0,2318;0,2228;10,53;5,69;7,89;13,82;26,42;43,05;-0,009;Melhorou
4202073;Balneário Gaivota;Balneário Gaivota (SC);SC;Sul;96,8;89,34;0,1528;0,2486;0,0;7,69;11,11;11,54;99,11;65,67;0,0958;Piorou
4202107;Barra Velha;Barra Velha (SC);SC;Sul;100,0;70,88;0,1252;0,0791;0,0;0,0;14,29;6,67;17,18;49,33;-0,0461;Melhorou
4202156;Belmonte;Belmonte (SC);SC;Sul;100,0;131,67;0,1023;0,2741;0,0;14,29;0,0;0,0;166,26;105,39;0,1718;Piorou
4202206;Benedito Novo;Benedito Novo (SC);SC;Sul;100,0;169,11;0,316;0,246;0,0;14,29;33,33;0,0;53,73;65,1;-0,07;Melhorou
4202305;Biguaçu;Biguaçu (SC);SC;Sul;99,76;140,6;0,0472;0,2314;0,0;1,45;4,55;21,74;30,26;47,08;0,1842;Piorou
4202404;Blumenau;Blumenau (SC);SC;Sul;96,43;125,31;0,1321;0,1313;1,38;1,5;11,03;9,5;40,71;56,31;-0,0008;Melhorou
4202438;Bocaina do Sul;Bocaina do Sul (SC);SC;Sul;99,76;173,22;0,5436;0,093;20,0;0,0;20,0;0,0;117,43;152,86;-0,4506;Melhorou
4202453;Bombinhas;Bombinhas (SC);SC;Sul;100,0;110,57;0,0016;0,2523;0,0;10,0;0,0;10,0;21,97;40,64;0,2507;Piorou
4202602;Bom Retiro;Bom Retiro (SC);SC;Sul;91,67;166,31;0,1604;0,2624;0,0;0,0;0,0;3,33;249,47;353,61;0,102;Piorou
4202800;Braço do Norte;Braço do Norte (SC);SC;Sul;93,8;129,97;0,0416;0,1112;0,0;4,17;0,0;4,17;79,34;37,19;0,0696;Piorou
4202875;Brunópolis;Brunópolis (SC);SC;Sul;100,0;140,61;0,1198;0,1241;0,0;0,0;0,0;0,0;191,21;197,4;0,0043;Piorou
4202909;Brusque;Brusque (SC);SC;Sul;89,73;118,56;0,1502;0,091;7,23;2,16;1,2;2,7;64,47;69,72;-0,0592;Melhorou
4203006;Caçador;Caçador (SC);SC;Sul;80,58;106,84;0,3231;0,2004;6,06;1,82;24,24;18,18;47,9;39,4;-0,1227;Melhorou
4203204;Camboriú;Camboriú (SC);SC;Sul;84,2;74,7;0,215;0,1938;4,17;3,45;16,67;13,79;28,85;50,07;-0,0211;Melhorou
4203303;Campo Alegre;Campo Alegre (SC);SC;Sul;88,7;88,36;0,051;0,0126;0,0;0,0;0,0;0,0;92,72;37,83;-0,0383;Melhorou
4203402;Campo Belo do Sul;Campo Belo do Sul (SC);SC;Sul;66,45;192,91;0,3333;0,1925;0,0;0,0;0,0;18,18;516,79;67,13;-0,1408;Melhorou
4203501;Campo Erê;Campo Erê (SC);SC;Sul;100,0;145,48;0,2212;0,2032;4,0;2,7;0,0;5,41;250,58;184,83;-0,018;Melhorou
4203600;Campos Novos;Campos Novos (SC);SC;Sul;90,02;94,14;0,2032;0,0633;7,84;3,03;0,0;0,0;142,3;45,3;-0,1399;Melhorou
4203808;Canoinhas;Canoinhas (SC);SC;Sul;67,13;91,62;0,1508;0,0876;2,94;0,0;8,82;8,0;61,72;44,75;-0,0632;Melhorou
4203907;Capinzal;Capinzal (SC);SC;Sul;98,0;60,04;0,022;0,0893;0,0;0,0;0,0;10,0;51,26;22,15;0,0673;Piorou
4203956;Capivari de Baixo;Capivari de Baixo (SC);SC;Sul;100,0;143,55;0,2766;0,1326;5,88;2,94;17,65;5,88;67,92;72,54;-0,144;Melhorou
4204202;Chapecó;Chapecó (SC);SC;Sul;95,05;102,42;0,1952;0,1469;8,64;2,01;6,17;11,56;36,21;41,83;-0,0483;Melhorou
4204301;Concórdia;Concórdia (SC);SC;Sul;95,94;101,01;0,0608;0,1871;0,0;5,43;4,76;7,75;47,04;73,72;0,1262;Piorou
4204400;Coronel Freitas;Coronel Freitas (SC);SC;Sul;94,81;101,07;0,0332;0,2777;0,0;15,79;0,0;0,0;67,29;78,28;0,2445;Piorou
4204509;Corupá;Corupá (SC);SC;Sul;87,85;106,26;0,1317;0,0439;0,0;0,0;12,5;0,0;51,43;82,6;-0,0878;Melhorou
4204558;Correia Pinto;Correia Pinto (SC);SC;Sul;100,0;111,27;0,0717;0,1445;0,0;0,0;0,0;10,34;122,46;96,83;0,0728;Piorou
4204608;Criciúma;Criciúma (SC);SC;Sul;73,24;84,76;0,1207;0,2192;1,12;4,69;10,11;14,55;41,52;50,01;0,0984;Piorou
4204707;Cunha Porã;Cunha Porã (SC);SC;Sul;100,0;127,81;0,1427;0,1761;0,0;3,7;4,35;7,41;169,55;99,42;0,0334;Piorou
4204806;Curitibanos;Curitibanos (SC);SC;Sul;77,28;76,47;0,0807;0,117;0,0;3,19;0,0;0,0;135,27;118,73;0,0363;Piorou
4204905;Descanso;Descanso (SC);SC;Sul;98,59;123,09;0,164;0,0058;6,67;0,0;0,0;0,0;111,37;27,99;-0,1582;Melhorou
4205001;Dionísio Cerqueira;Dionísio Cerqueira (SC);SC;Sul;100,0;157,41;0,0439;0,086;0,0;0,0;0,0;3,23;82,62;102,42;0,0421;Piorou
4205191;Ermo;Ermo (SC);SC;Sul;100,0;154,25;0,193;0,3043;0,0;14,29;0,0;0,0;296,04;148,67;0,1114;Piorou
4205308;Faxinal dos Guedes;Faxinal dos Guedes (SC);SC;Sul;100,0;156,36;0,2269;0,0196;6,25;0,0;6,25;0,0;131,94;47,8;-0,2073;Melhorou
4205407;Florianópolis;Florianópolis (SC);SC;Sul;97,98;106,56;0,113;0,1947;3,33;3,31;6,11;15,89;33,28;27,9;0,0817;Piorou
4205456;Forquilhinha;Forquilhinha (SC);SC;Sul;91,67;127,12;0,2129;0,19;8,0;9,09;4,0;3,03;102,61;58,52;-0,0229;Melhorou
4205506;Fraiburgo;Fraiburgo (SC);SC;Sul;96,17;109,32;0,0715;0,1244;0,0;0,0;4,76;9,62;62,27;77,2;0,053;Piorou
4205704;Garopaba;Garopaba (SC);SC;Sul;100,0;159,17;0,0062;0,0956;0,0;0,0;0,0;9,52;28,58;37,0;0,0894;Piorou
4205803;Garuva;Garuva (SC);SC;Sul;81,02;143,11;0,0245;0,1445;0,0;5,0;0,0;5,0;54,86;56,52;0,12;Piorou
4205902;Gaspar;Gaspar (SC);SC;Sul;84,82;95,25;0,0922;0,1211;3,12;3,41;3,12;4,55;45,46;62,83;0,0288;Piorou
4206009;Governador Celso Ramos;Governador Celso Ramos (SC);SC;Sul;100,0;144,84;0,6388;0,1252;20,0;0,0;40,0;14,29;27,53;17,81;-0,5135;Melhorou
4206207;Gravatal;Gravatal (SC);SC;Sul;100,0;126,65;0,3175;0,2065;8,33;4,88;16,67;4,88;86,12;149,35;-0,111;Melhorou
4206306;Guabiruba;Guabiruba (SC);SC;Sul;87,71;113,48;0,1998;0,094;12,5;5,26;0,0;0,0;37,4;41,34;-0,1058;Melhorou
4206405;Guaraciaba;Guaraciaba (SC);SC;Sul;100,0;162,09;0,1252;0,1404;0,0;8,33;10,0;0,0;73,54;41,76;0,0151;Piorou
4206504;Guaramirim;Guaramirim (SC);SC;Sul;81,8;102,71;0,1097;0,1516;0,0;4,55;9,52;6,82;57,27;53,59;0,0419;Piorou
4206603;Guarujá do Sul;Guarujá do Sul (SC);SC;Sul;100,0;144,95;0,202;0,254;0,0;0,0;0,0;5,56;308,95;313,66;0,052;Piorou
4206652;Guatambú;Guatambú (SC);SC;Sul;100,0;81,35;0,0287;0,0067;0,0;0,0;0,0;0,0;60,88;29,27;-0,0221;Melhorou
4206702;Herval d'Oeste;Herval d'Oeste (SC);SC;Sul;100,0;145,0;0,2885;0,2988;14,81;9,09;0,0;18,18;114,61;24,04;0,0103;Piorou
4206900;Ibirama;Ibirama (SC);SC;Sul;100,0;145,01;0,2577;0,065;10,53;0,0;5,26;4,76;96,64;53,06;-0,1927;Melhorou
4207007;Içara;Içara (SC);SC;Sul;100,0;131,35;0,199;0,1096;5,0;1,27;10,0;6,33;71,82;70,02;-0,0895;Melhorou
4207205;Imaruí;Imaruí (SC);SC;Sul;100,0;147,29;0,2046;0,1374;12,5;0,0;0,0;1,67;44,17;195,62;-0,0671;Melhorou
4207304;Imbituba;Imbituba (SC);SC;Sul;100,0;144,09;0,1603;0,1089;4,08;0,0;6,12;7,61;84,82;80,22;-0,0514;Melhorou
4207502;Indaial;Indaial (SC);SC;Sul;94,38;127,88;0,1279;0,1274;5,26;5,45;2,63;3,64;56,78;39,33;-0,0005;Melhorou
4207650;Iporã do Oeste;Iporã do Oeste (SC);SC;Sul;100,0;154,66;0,0398;0,0603;0,0;0,0;0,0;0,0;76,72;106,05;0,0205;Piorou
4207700;Ipumirim;Ipumirim (SC);SC;Sul;100,0;134,33;0,3873;0,0148;22,22;0,0;0,0;0,0;97,08;40,89;-0,3726;Melhorou
4207908;Irineópolis;Irineópolis (SC);SC;Sul;100,0;170,15;0,0489;0,0496;0,0;0,0;0,0;0,0;89,71;90,72;0,0007;Piorou
4208005;Itá;Itá (SC);SC;Sul;100,0;148,57;0,2069;0,1029;6,67;0,0;0,0;7,69;172,82;70,53;-0,104;Melhorou
4208104;Itaiópolis;Itaiópolis (SC);SC;Sul;100,0;127,63;0,0999;0,2467;0,0;2,13;8,33;17,02;58,21;113,67;0,1468;Piorou
4208203;Itajaí;Itajaí (SC);SC;Sul;100,0;91,3;0,2754;0,1817;6,56;3,59;19,67;12,82;26,34;41,82;-0,0938;Melhorou
4208302;Itapema;Itapema (SC);SC;Sul;91,61;111,78;0,0926;0,1419;0,0;1,43;10,0;11,43;26,8;48,82;0,0493;Piorou
4208401;Itapiranga;Itapiranga (SC);SC;Sul;100,0;126,21;0,1139;0,2153;0,0;14,29;4,76;0,0;122,98;21,24;0,1015;Piorou
4208500;Ituporanga;Ituporanga (SC);SC;Sul;100,0;105,56;0,0877;0,06;0,0;0,0;7,69;2,63;48,76;72,65;-0,0277;Melhorou
4208708;Jacinto Machado;Jacinto Machado (SC);SC;Sul;98,98;113,24;0,3496;0,1817;1,67;4,26;0,0;0,0;484,48;188,45;-0,1679;Melhorou
4208807;Jaguaruna;Jaguaruna (SC);SC;Sul;100,0;163,9;0,1971;0,2309;10,53;6,45;0,0;6,45;75,84;130,85;0,0339;Piorou
4208906;Jaraguá do Sul;Jaraguá do Sul (SC);SC;Sul;64,27;56,3;0,1439;0,1028;1,35;1,33;12,16;5,78;44,16;65,8;-0,0411;Melhorou
4209003;Joaçaba;Joaçaba (SC);SC;Sul;100,0;126,98;0,1309;0,0566;3,57;0,0;3,57;5,88;85,69;26,91;-0,0744;Melhorou
4209102;Joinville;Joinville (SC);SC;Sul;81,83;91,54;0,1432;0,1058;5,99;2,07;5,39;6,83;28,53;40,98;-0,0374;Melhorou
4209300;Lages;Lages (SC);SC;Sul;85,16;99,24;0,2897;0,1808;3,57;2,31;23,21;10,09;66,46;102,46;-0,1089;Melhorou
4209409;Laguna;Laguna (SC);SC;Sul;97,28;126,12;0,1428;0,2439;3,45;4,23;3,45;16,9;106,86;66,12;0,1011;Piorou
4209607;Lauro Müller;Lauro Müller (SC);SC;Sul;99,25;148,05;0,3094;0,2902;18,18;11,11;0,0;11,11;72,3;57,11;-0,0193;Melhorou
4209706;Lebon Régis;Lebon Régis (SC);SC;Sul;100,0;150,0;0,1123;0,5384;0,0;16,67;0,0;27,78;180,52;83,98;0,4261;Piorou
4209854;Lindóia do Sul;Lindóia do Sul (SC);SC;Sul;79,44;122,62;0,2831;0,2395;8,33;0,0;0,0;22,22;246,13;83,68;-0,0436;Melhorou
4210100;Mafra;Mafra (SC);SC;Sul;98,73;120,12;0,2446;0,0327;5,88;0,0;14,71;2,44;59,0;35,96;-0,2119;Melhorou
4210308;Major Vieira;Major Vieira (SC);SC;Sul;100,0;188,55;0,1705;0,2014;0,0;5,88;14,29;5,88;84,55;107,94;0,0309;Piorou
4210407;Maracajá;Maracajá (SC);SC;Sul;74,79;87,7;0,3941;0,1125;0,0;0,0;50,0;7,69;106,74;84,2;-0,2816;Melhorou
4210506;Maravilha;Maravilha (SC);SC;Sul;95,07;106,34;0,4125;0,1695;12,5;4,65;25,0;6,98;28,08;74,96;-0,243;Melhorou
4210605;Massaranduba;Massaranduba (SC);SC;Sul;100,0;135,1;0,1469;0,1325;7,14;4,17;0,0;4,17;76,65;67,73;-0,0143;Melhorou
4210803;Meleiro;Meleiro (SC);SC;Sul;100,0;149,87;0,1453;0,238;0,0;0,0;0,0;25,0;227,79;46,65;0,0927;Piorou
4211058;Monte Carlo;Monte Carlo (SC);SC;Sul;100,0;153,55;0,3284;0,0073;0,0;0,0;33,33;0,0;71,55;30,22;-0,3211;Melhorou
4211108;Monte Castelo;Monte Castelo (SC);SC;Sul;100,0;180,97;0,0703;0,3576;0,0;14,29;0,0;14,29;120,42;45,59;0,2873;Piorou
4211207;Morro da Fumaça;Morro da Fumaça (SC);SC;Sul;99,82;167,96;0,1591;0,1974;3,12;6,25;0,0;6,25;180,46;89,75;0,0383;Piorou
4211306;Navegantes;Navegantes (SC);SC;Sul;71,86;104,01;0,1266;0,1532;0,0;3,03;13,64;10,61;29,9;40,89;0,0266;Piorou
4211504;Nova Trento;Nova Trento (SC);SC;Sul;100,0;211,94;0,009;0,0962;0,0;0,0;0,0;10,0;32,57;31,89;0,0872;Piorou
4211603;Nova Veneza;Nova Veneza (SC);SC;Sul;100,0;153,68;0,2795;0,3396;0,0;13,33;27,27;13,33;77,53;52,22;0,0601;Piorou
4211702;Orleans;Orleans (SC);SC;Sul;100,0;136,51;0,0397;0,1938;0,0;6,67;0,0;0,0;76,54;154,11;0,1542;Piorou
4211751;Otacílio Costa;Otacílio Costa (SC);SC;Sul;100,0;121,3;0,1838;0,2304;0,0;5,06;0,0;0,0;282,85;240,87;0,0466;Piorou
4211900;Palhoça;Palhoça (SC);SC;Sul;81,13;70,16;0,1244;0,1656;2,74;3,95;8,22;10,17;35,81;44,31;0,0413;Piorou
4212007;Palma Sola;Palma Sola (SC);SC;Sul;100,0;184,08;0,2076;0,1601;0,0;3,7;0,0;0,0;317,04;169,48;-0,0475;Melhorou
4212056;Palmeira;Palmeira (SC);SC;Sul;100,0;136,66;0,1188;0,0748;0,0;0,0;0,0;0,0;189,84;126,87;-0,044;Melhorou
4212106;Palmitos;Palmitos (SC);SC;Sul;96,32;111,99;0,1971;0,2279;0,0;6,38;6,67;6,38;218,22;128,87;0,0309;Piorou
4212205;Papanduva;Papanduva (SC);SC;Sul;100,0;123,36;0,2151;0,1099;2,08;2,0;2,08;0,0;256,86;134,07;-0,1053;Melhorou
4212304;Paulo Lopes;Paulo Lopes (SC);SC;Sul;100,0;144,81;0,0257;0,1112;0,0;0,0;0,0;10,0;56,61;53,39;0,0854;Piorou
4212502;Penha;Penha (SC);SC;Sul;99,97;132,56;0,6333;0,3941;20,0;10,53;40,0;26,32;14,08;27,63;-0,2392;Melhorou
4212601;Peritiba;Peritiba (SC);SC;Sul;75,0;116,97;0,141;0,0217;0,0;0,0;0,0;0,0;221,61;50,87;-0,1192;Melhorou
4212650;Pescaria Brava;Pescaria Brava (SC);SC;Sul;100,0;173,16;0,3156;0,3315;20,0;12,5;0,0;12,5;42,1;69,03;0,0159;Piorou
4212908;Pinhalzinho;Pinhalzinho (SC);SC;Sul;100,0;111,5;0,136;0,1112;0,0;6,67;14,29;0,0;35,18;35,84;-0,0248;Melhorou
4213203;Pomerode;Pomerode (SC);SC;Sul;86,98;131,42;0,2207;0,179;3,57;4,55;14,29;9,09;79,69;64,3;-0,0417;Melhorou
4213302;Ponte Alta;Ponte Alta (SC);SC;Sul;97,77;167,62;0,0695;0,3232;0,0;16,67;0,0;0,0;119,29;124,56;0,2537;Piorou
4213401;Ponte Serrada;Ponte Serrada (SC);SC;Sul;100,0;131,46;0,2669;0,0536;0,0;0,0;0,0;0,0;401,91;96,43;-0,2133;Melhorou
4213609;Porto União;Porto União (SC);SC;Sul;83,51;112,48;0,1253;0,1341;3,57;3,7;3,57;7,41;77,65;39,28;0,0088;Piorou
4213807;Praia Grande;Praia Grande (SC);SC;Sul;98,55;126,96;0,1473;0,0996;0,0;0,0;10,0;6,67;105,13;78,66;-0,0477;Melhorou
4214003;Presidente Getúlio;Presidente Getúlio (SC);SC;Sul;98,35;142,12;0,2164;0,1266;7,69;0,0;7,69;12,5;67,84;44,1;-0,0898;Melhorou
4214201;Quilombo;Quilombo (SC);SC;Sul;100,0;127,01;0,0696;0,3647;0,0;8,33;0,0;25,0;119,45;49,2;0,2951;Piorou
4214508;Rio do Campo;Rio do Campo (SC);SC;Sul;100,0;162,74;0,0725;0,0203;0,0;0,0;0,0;0,0;123,49;48,84;-0,0521;Melhorou
4214706;Rio dos Cedros;Rio dos Cedros (SC);SC;Sul;98,77;146,3;0,0344;0,0077;0,0;0,0;0,0;0,0;68,98;30,75;-0,0267;Melhorou
4214805;Rio do Sul;Rio do Sul (SC);SC;Sul;88,56;83,03;0,1599;0,3215;6,67;9,84;6,67;18,03;21,8;42,41;0,1616;Piorou
4214904;Rio Fortuna;Rio Fortuna (SC);SC;Sul;100,0;144,41;0,0983;0,0695;0,0;0,0;0,0;0,0;160,52;119,23;-0,0288;Melhorou
4215000;Rio Negrinho;Rio Negrinho (SC);SC;Sul;94,22;95,55;0,2714;0,2278;13,33;6,0;6,67;12,0;38,26;66,44;-0,0436;Melhorou
4215075;Riqueza;Riqueza (SC);SC;Sul;100,0;146,81;0,2596;0,2177;0,0;3,45;0,0;0,0;391,48;257,4;-0,0419;Melhorou
4215109;Rodeio;Rodeio (SC);SC;Sul;100,0;137,17;0,2429;0,278;0,0;4,76;25,0;19,05;53,75;76,47;0,0351;Piorou
4215307;Salete;Salete (SC);SC;Sul;100,0;186,94;0,068;0,2936;0,0;11,11;0,0;11,11;117,1;62,08;0,2257;Piorou
4215406;Salto Veloso;Salto Veloso (SC);SC;Sul;100,0;159,45;0,1069;0,1351;0,0;0,0;0,0;0,0;172,81;213,21;0,0282;Piorou
4215455;Sangão;Sangão (SC);SC;Sul;100,0;157,35;0,1263;0,0972;0,0;0,0;0,0;5,56;200,55;89,16;-0,0291;Melhorou
4215505;Santa Cecília;Santa Cecília (SC);SC;Sul;61,82;61,91;0,0208;0,072;0,0;0,0;0,0;0,0;49,5;122,88;0,0512;Piorou
4215604;Santa Rosa de Lima;Santa Rosa de Lima (SC);SC;Sul;100,0;167,62;0,178;0,296;0,0;14,29;0,0;0,0;274,54;136,77;0,1181;Piorou
4215653;Santa Rosa do Sul;Santa Rosa do Sul (SC);SC;Sul;100,0;142,97;0,5083;0,003;9,09;0,0;36,36;0,0;95,84;24,03;-0,5053;Melhorou
4215703;Santo Amaro da Imperatriz;Santo Amaro da Imperatriz (SC);SC;Sul;100,0;172,98;0,3098;0,1814;9,09;0,0;18,18;18,52;39,83;46,99;-0,1284;Melhorou
4215752;São Bernardino;São Bernardino (SC);SC;Sul;100,0;130,4;0,1102;0,238;0,0;8,33;0,0;0,0;177,57;181,53;0,1278;Piorou
4215802;São Bento do Sul;São Bento do Sul (SC);SC;Sul;60,9;83,79;0,1372;0,1392;0,0;7,35;12,0;1,47;65,49;42,61;0,002;Piorou
4216008;São Carlos;São Carlos (SC);SC;Sul;100,0;157,43;0,273;0,2447;2,27;5,56;0,0;8,33;361,86;146,15;-0,0283;Melhorou
4216057;São Cristóvão do Sul;São Cristóvão do Sul (SC);SC;Sul;93,79;132,79;0,2747;0,0466;10,0;0,0;0,0;0,0;198,32;86,41;-0,2282;Melhorou
4216206;São Francisco do Sul;São Francisco do Sul (SC);SC;Sul;77,89;82,09;0,3041;0,0921;12,5;2,44;12,5;4,88;29,81;37,92;-0,2121;Melhorou
4216305;São João Batista;São João Batista (SC);SC;Sul;93,6;131,61;0,1293;0,1315;0,0;3,33;14,29;6,67;25,54;52,69;0,0022;Piorou
4216404;São João do Sul;São João do Sul (SC);SC;Sul;100,0;121,13;0,0355;0,1725;0,0;0,0;0,0;16,67;70,64;57,54;0,137;Piorou
4216503;São Joaquim;São Joaquim (SC);SC;Sul;90,28;100,64;0,1735;0,1774;1,85;1,12;1,85;6,74;205,1;164,99;0,0039;Piorou
4216602;São José;São José (SC);SC;Sul;72,0;78,44;0,1589;0,1323;5,88;2,59;7,06;8,15;32,32;51,21;-0,0266;Melhorou
4216701;São José do Cedro;São José do Cedro (SC);SC;Sul;100,0;123,52;0,2162;0,0567;8,7;0,0;0,0;0,0;142,52;100,97;-0,1595;Melhorou
4216909;São Lourenço do Oeste;São Lourenço do Oeste (SC);SC;Sul;100,0;111,18;0,2051;0,226;3,45;7,14;10,34;10,71;109,48;55,43;0,0209;Piorou
4217006;São Ludgero;São Ludgero (SC);SC;Sul;100,0;144,92;0,0237;0,0361;0,0;0,0;0,0;0,0;53,62;71,38;0,0124;Piorou
4217204;São Miguel do Oeste;São Miguel do Oeste (SC);SC;Sul;91,79;99,02;0,2135;0,0766;6,25;2,5;12,5;2,5;34,35;44,28;-0,137;Melhorou
4217501;Seara;Seara (SC);SC;Sul;100,0;116,7;0,1732;0,2162;4,55;9,68;4,55;3,23;113,11;80,99;0,043;Piorou
4217600;Siderópolis;Siderópolis (SC);SC;Sul;100,0;141,95;0,1594;0,3961;0,0;16,67;16,67;16,67;38,82;17,64;0,2367;Piorou
4217709;Sombrio;Sombrio (SC);SC;Sul;99,66;111,84;0,2624;0,1868;0,0;2,13;26,32;12,77;65,19;81,31;-0,0756;Melhorou
4217808;Taió;Taió (SC);SC;Sul;100,0;116,28;0,0578;0,2022;0,0;12,5;0,0;0,0;102,54;40,84;0,1444;Piorou
4218004;Tijucas;Tijucas (SC);SC;Sul;100,0;107,68;0,1233;0,1836;0,0;5,13;9,38;10,26;78,56;43,73;0,0603;Piorou
4218103;Timbé do Sul;Timbé do Sul (SC);SC;Sul;69,07;129,96;0,3564;0,1228;0,0;0,0;2,63;0,0;613,86;195,58;-0,2336;Melhorou
4218202;Timbó;Timbó (SC);SC;Sul;99,73;108,82;0,1451;0,1819;3,57;2,44;7,14;14,63;61,13;44,08;0,0368;Piorou
4218301;Três Barras;Três Barras (SC);SC;Sul;100,0;169,12;0,0981;0,1061;0,0;0,0;0,0;5,26;160,22;105,56;0,008;Piorou
4218400;Treze de Maio;Treze de Maio (SC);SC;Sul;100,0;154,5;0,1636;0,0422;0,0;0,0;0,0;0,0;253,99;80,21;-0,1214;Melhorou
4218707;Tubarão;Tubarão (SC);SC;Sul;99,61;103,56;0,2925;0,1909;14,29;4,05;6,35;11,49;52,0;61,86;-0,1016;Melhorou
4218756;Tunápolis;Tunápolis (SC);SC;Sul;100,0;142,39;0,0633;0,0215;0,0;0,0;0,0;0,0;110,43;50,53;-0,0418;Melhorou
4218806;Turvo;Turvo (SC);SC;Sul;100,0;147,58;0,3286;0,0799;10,53;0,0;10,53;5,56;132,02;64,36;-0,2487;Melhorou
4218905;Urubici;Urubici (SC);SC;Sul;100,0;163,54;0,2767;0,0975;5,88;0,0;11,76;3,7;141,98;112,85;-0,1792;Melhorou
4219002;Urussanga;Urussanga (SC);SC;Sul;100,0;150,58;0,2259;0,228;4,35;8,7;13,04;8,7;86,03;50,28;0,0021;Piorou
4219309;Videira;Videira (SC);SC;Sul;66,24;95,6;0,1466;0,154;0,0;5,56;11,9;5,56;80,15;51,15;0,0074;Piorou
4219358;Vitor Meireles;Vitor Meireles (SC);SC;Sul;97,4;195,53;0,1283;0,1444;0,0;0,0;0,0;5,88;203,51;152,7;0,0161;Piorou
4219507;Xanxerê;Xanxerê (SC);SC;Sul;92,87;87,03;0,2122;0,2863;6,25;14,29;12,5;5,36;32,39;55,65;0,0742;Piorou
4219606;Xavantina;Xavantina (SC);SC;Sul;94,61;191,62;0,0979;0,1862;0,0;5,26;0,0;0,0;159,91;173,36;0,0883;Piorou
4219705;Xaxim;Xaxim (SC);SC;Sul;100,0;98,69;0,0779;0,0091;0,0;0,0;3,85;0,0;83,0;32,71;-0,0688;Melhorou
4220000;Balneário Rincão;Balneário Rincão (SC);SC;Sul;100,0;146,92;0,1053;0,0692;0,0;0,0;9,09;4,35;56,46;64,32;-0,0361;Melhorou
4300034;Aceguá;Aceguá (RS);RS;Sul;95,17;209,83;0,1529;0,283;0,0;9,09;0,0;0,0;238,69;229,66;0,1301;Piorou
4300109;Agudo;Agudo (RS);RS;Sul;71,93;37,04;0,0258;0,0673;0,0;0,0;0,0;4,55;56,74;58,98;0,0414;Piorou
4300307;Alecrim;Alecrim (RS);RS;Sul;100,0;171,48;0,0274;0,1397;0,0;3,03;0,0;0,0;58,91;154,74;0,1124;Piorou
4300406;Alegrete;Alegrete (RS);RS;Sul;98,0;92,16;0,0422;0,0427;0,0;0,0;2,86;3,39;44,23;38,36;0,0006;Piorou
4300505;Alpestre;Alpestre (RS);RS;Sul;100,0;196,71;0,0641;0,2043;0,0;3,33;0,0;6,67;111,56;156,97;0,1402;Piorou
4300604;Alvorada;Alvorada (RS);RS;Sul;55,66;66,09;0,1399;0,156;4,76;3,99;3,97;5,98;67,98;82,35;0,016;Piorou
4300646;Ametista do Sul;Ametista do Sul (RS);RS;Sul;100,0;158,22;0,1675;0,0934;0,0;0,0;7,69;0,0;162,99;153,49;-0,0741;Melhorou
4301008;Arroio do Meio;Arroio do Meio (RS);RS;Sul;100,0;95,63;0,0356;0,0636;0,0;0,0;0,0;6,25;70,74;32,31;0,028;Piorou
4301057;Arroio do Sal;Arroio do Sal (RS);RS;Sul;100,0;140,46;0,4849;0,3375;20,0;33,33;20,0;0,0;33,46;25,77;-0,1474;Melhorou
4301107;Arroio dos Ratos;Arroio dos Ratos (RS);RS;Sul;95,67;115,34;0,0362;0,1266;0,0;2,78;0,0;2,78;71,55;106,42;0,0904;Piorou
4301206;Arroio do Tigre;Arroio do Tigre (RS);RS;Sul;96,27;119,12;0,121;0,0884;0,0;0,0;0,0;0,0;193,01;146,29;-0,0326;Melhorou
4301305;Arroio Grande;Arroio Grande (RS);RS;Sul;61,74;124,38;0,2791;0,1598;4,35;5,56;17,39;2,78;107,75;94,32;-0,1194;Melhorou
4301404;Arvorezinha;Arvorezinha (RS);RS;Sul;99,28;135,63;0,1314;0,0282;0,0;0,0;6,67;0,0;124,23;60,08;-0,1032;Melhorou
4301503;Augusto Pestana;Augusto Pestana (RS);RS;Sul;100,0;118,31;0,0254;0,2643;0,0;15,38;0,0;0,0;56,11;67,8;0,2389;Piorou
4301602;Bagé;Bagé (RS);RS;Sul;80,27;77,72;0,1947;0,2105;6,21;5,95;2,82;3,78;129,64;145,89;0,0157;Piorou
4301800;Barracão;Barracão (RS);RS;Sul;100,0;144,89;0,1926;0,0348;0,0;0,0;14,29;0,0;116,2;69,52;-0,1578;Melhorou
4302006;Barros Cassal;Barros Cassal (RS);RS;Sul;79,46;155,3;0,2192;0,1214;5,26;0,0;5,26;3,85;154,43;145,33;-0,0977;Melhorou
4302105;Bento Gonçalves;Bento Gonçalves (RS);RS;Sul;56,32;55,5;0,2287;0,0454;0,0;0,0;26,09;4,84;17,53;23,93;-0,1833;Melhorou
4302303;Bom Jesus;Bom Jesus (RS);RS;Sul;96,95;93,73;0,2226;0,0883;5,88;0,0;5,88;6,67;138,23;62,51;-0,1342;Melhorou
4302352;Bom Princípio;Bom Princípio (RS);RS;Sul;99,67;106,52;0,2343;0,042;14,29;0,0;0,0;0,0;48,44;79,89;-0,1923;Melhorou
4302402;Bom Retiro do Sul;Bom Retiro do Sul (RS);RS;Sul;80,72;148,87;0,0567;0,0264;0,0;0,0;0,0;0,0;100,96;57,53;-0,0303;Melhorou
4302451;Boqueirão do Leão;Boqueirão do Leão (RS);RS;Sul;89,31;158,84;0,2327;0,1884;5,88;4,55;0,0;4,55;226,56;134,76;-0,0443;Melhorou
4302501;Bossoroca;Bossoroca (RS);RS;Sul;100,0;178,26;0,4738;0,1742;12,5;0,0;25,0;8,7;115,9;160,08;-0,2996;Melhorou
4302600;Braga;Braga (RS);RS;Sul;100,0;214,19;0,3728;0,0913;20,0;0,0;0,0;0,0;123,91;150,41;-0,2815;Melhorou
4302709;Butiá;Butiá (RS);RS;Sul;79,67;105,45;0,1977;0,1446;10,0;1,39;0,0;2,78;88,09;162,11;-0,0531;Melhorou
4302808;Caçapava do Sul;Caçapava do Sul (RS);RS;Sul;51,18;56,06;0,2893;0,1326;8,89;5,88;11,11;2,94;103,65;46,4;-0,1567;Melhorou
4302907;Cacequi;Cacequi (RS);RS;Sul;100,0;167,3;0,1203;0,1873;0,0;7,69;5,26;0,0;125,86;122,69;0,067;Piorou
4303004;Cachoeira do Sul;Cachoeira do Sul (RS);RS;Sul;42,51;76,9;0,3118;0,3182;10,98;8,33;12,2;19,79;77,38;47,98;0,0064;Piorou
4303103;Cachoeirinha;Cachoeirinha (RS);RS;Sul;61,88;61,7;0,1477;0,1202;4,23;5,16;7,04;1,94;52,02;56,74;-0,0274;Melhorou
4303301;Caibaté;Caibaté (RS);RS;Sul;97,59;148,8;0,1368;0,2797;0,0;6,25;0,0;3,12;215,63;246,77;0,1429;Piorou
4303400;Caiçara;Caiçara (RS);RS;Sul;100,0;144,74;0,0892;0,0295;0,0;0,0;0,0;0,0;147,49;61,92;-0,0598;Melhorou
4303509;Camaquã;Camaquã (RS);RS;Sul;41,51;89,64;0,2835;0,2262;6,45;9,09;19,35;6,82;44,19;62,71;-0,0574;Melhorou
4303608;Cambará do Sul;Cambará do Sul (RS);RS;Sul;100,0;165,06;0,2491;0,0595;11,11;0,0;0,0;0,0;137,78;104,87;-0,1897;Melhorou
4303707;Campina das Missões;Campina das Missões (RS);RS;Sul;93,69;119,0;0,2596;0,3339;4,17;0,0;4,17;33,33;249,62;79,35;0,0743;Piorou
4303806;Campinas do Sul;Campinas do Sul (RS);RS;Sul;100,0;160,07;0,0432;0,1195;0,0;0,0;0,0;11,11;81,65;51,4;0,0763;Piorou
4303905;Campo Bom;Campo Bom (RS);RS;Sul;98,18;100,7;0,3409;0,2122;0,0;10,0;36,67;5,0;47,64;46,05;-0,1287;Melhorou
4304002;Campo Novo;Campo Novo (RS);RS;Sul;97,92;149,49;0,2714;0,2025;0,0;0,0;0,0;2,7;408,42;275,7;-0,069;Melhorou
4304200;Candelária;Candelária (RS);RS;Sul;65,81;112,88;0,1615;0,0898;4,17;0,0;2,08;1,1;135,28;134,57;-0,0716;Melhorou
4304309;Cândido Godói;Cândido Godói (RS);RS;Sul;100,0;111,21;0,1303;0,2802;0,0;6,67;0,0;10,0;206,36;152,2;0,1498;Piorou
4304408;Canela;Canela (RS);RS;Sul;60,1;53,04;0,4235;0,2238;21,74;10,81;8,7;5,41;50,06;40,17;-0,1997;Melhorou
4304507;Canguçu;Canguçu (RS);RS;Sul;45,24;70,89;0,0845;0,1121;1,64;3,7;0,0;2,47;105,45;69,64;0,0276;Piorou
4304606;Canoas;Canoas (RS);RS;Sul;74,89;86,16;0,2086;0,2043;5,26;1,34;11,4;18,5;62,18;51,26;-0,0043;Melhorou
4304630;Capão da Canoa;Capão da Canoa (RS);RS;Sul;80,34;66,26;0,278;0,2631;14,29;8,0;7,14;13,33;21,3;57,28;-0,0149;Melhorou
4304663;Capão do Leão;Capão do Leão (RS);RS;Sul;81,53;122,09;0,1298;0,39;0,0;3,57;11,11;35,71;66,13;53,16;0,2602;Piorou
4304689;Capela de Santana;Capela de Santana (RS);RS;Sul;100,0;196,03;0,1413;0,0059;0,0;0,0;12,5;0,0;65,1;28,25;-0,1353;Melhorou
4304705;Carazinho;Carazinho (RS);RS;Sul;73,85;83,26;0,2588;0,0899;6,25;1,52;11,25;1,52;114,79;96,95;-0,1688;Melhorou
4304804;Carlos Barbosa;Carlos Barbosa (RS);RS;Sul;56,87;46,86;0,028;0,104;0,0;5,26;0,0;0,0;59,79;55,68;0,0761;Piorou
4305108;Caxias do Sul;Caxias do Sul (RS);RS;Sul;58,27;50,64;0,1046;0,1025;2,53;2,17;7,59;7,97;16,05;14,73;-0,0021;Melhorou
4305124;Cerrito;Cerrito (RS);RS;Sul;100,0;180,78;0,0515;0,0515;0,0;0,0;0,0;0,0;93,49;93,53;0,0;Estavel
4305173;Cerro Grande do Sul;Cerro Grande do Sul (RS);RS;Sul;94,1;114,4;0,1626;0,0086;0,0;0,0;14,29;0,0;73,29;32,03;-0,1541;Melhorou
4305207;Cerro Largo;Cerro Largo (RS);RS;Sul;96,01;102,52;0,1446;0,0;4,55;0,0;0,0;0,0;129,19;19,59;-0,1446;Melhorou
4305306;Chapada;Chapada (RS);RS;Sul;97,04;146,75;0,0862;0,1014;0,0;0,0;0,0;5,0;143,21;102,11;0,0151;Piorou
4305355;Charqueadas;Charqueadas (RS);RS;Sul;98,06;132,62;0,0916;0,0855;3,7;0,0;0,0;1,06;71,38;128,87;-0,0061;Melhorou
4305405;Chiapetta;Chiapetta (RS);RS;Sul;100,0;178,89;0,125;0,1653;0,0;0,0;0,0;0,0;198,77;256,49;0,0403;Piorou
4305454;Cidreira;Cidreira (RS);RS;Sul;83,12;82,01;0,2498;0,2267;0,0;0,0;25,0;22,73;63,6;59,06;-0,0231;Melhorou
4305702;Condor;Condor (RS);RS;Sul;100,0;163,9;0,0605;0,1322;0,0;0,0;0,0;4,55;106,38;151,96;0,0717;Piorou
4305801;Constantina;Constantina (RS);RS;Sul;100,0;144,29;0,0442;0,162;0,0;4,76;0,0;4,76;83,05;89,71;0,1178;Piorou
4305900;Coronel Bicaco;Coronel Bicaco (RS);RS;Sul;100,0;223,12;0,2011;0,156;0,0;5,26;5,56;0,0;237,91;130,02;-0,0451;Melhorou
4306007;Crissiumal;Crissiumal (RS);RS;Sul;100,0;135,8;0,0485;0,1194;0,0;7,14;0,0;0,0;89,25;37,28;0,0709;Piorou
4306106;Cruz Alta;Cruz Alta (RS);RS;Sul;100,0;122,77;0,2634;0,2317;4,65;4,76;18,6;15,87;63,47;49,96;-0,0317;Melhorou
4306205;Cruzeiro do Sul;Cruzeiro do Sul (RS);RS;Sul;60,21;113,27;0,186;0,402;0,0;21,05;20,0;5,26;35,03;77,18;0,216;Piorou
4306304;David Canabarro;David Canabarro (RS);RS;Sul;100,0;161,99;0,1608;0,1896;0,0;7,14;0,0;0,0;249,96;137,77;0,0288;Piorou
4306403;Dois Irmãos;Dois Irmãos (RS);RS;Sul;85,7;111,72;0,0026;0,0;0,0;0,0;0,0;0,0;23,41;12,36;-0,0026;Melhorou
4306502;Dom Feliciano;Dom Feliciano (RS);RS;Sul;63,73;120,68;0,1562;0,1627;0,0;2,13;0,0;4,26;243,38;153,54;0,0065;Piorou
4306601;Dom Pedrito;Dom Pedrito (RS);RS;Sul;62,58;83,48;0,1692;0,2644;2,6;6,99;2,6;3,23;173,66;207,77;0,0952;Piorou
4306734;Doutor Maurício Cardoso;Doutor Maurício Cardoso (RS);RS;Sul;100,0;234,89;0,049;0,177;0,0;0,0;0,0;15,38;89,92;80,1;0,128;Piorou
4306767;Eldorado do Sul;Eldorado do Sul (RS);RS;Sul;83,29;97,04;0,0917;0,2135;4,35;9,76;0,0;4,88;57,73;54,63;0,1217;Piorou
4306809;Encantado;Encantado (RS);RS;Sul;87,84;106,69;0,0039;0,0576;0,0;0,0;0,0;5,0;25,28;39,47;0,0537;Piorou
4306908;Encruzilhada do Sul;Encruzilhada do Sul (RS);RS;Sul;49,94;83,72;0,1578;0,1615;5,71;4,35;0,0;6,52;122,93;75,66;0,0037;Piorou
4306932;Entre-Ijuís;Entre-Ijuís (RS);RS;Sul;95,2;114,57;0,0251;0,0362;0,0;0,0;0,0;0,0;55,72;71,51;0,011;Piorou
4307005;Erechim;Erechim (RS);RS;Sul;72,88;113,32;0,1013;0,0476;2,86;1,85;5,71;1,85;31,65;24,91;-0,0537;Melhorou
4307104;Herval;Herval (RS);RS;Sul;95,88;169,6;0,2743;0,0946;14,29;0,0;0,0;0,0;105,62;155,22;-0,1796;Melhorou
4307500;Espumoso;Espumoso (RS);RS;Sul;91,81;92,36;0,2102;0,2825;0,0;8,51;16,67;8,51;111,44;134,58;0,0723;Piorou
4307609;Estância Velha;Estância Velha (RS);RS;Sul;80,47;77,9;0,1103;0,0998;3,57;4,0;3,57;2,0;56,08;51,61;-0,0105;Melhorou
4307708;Esteio;Esteio (RS);RS;Sul;85,75;86,62;0,2569;0,2174;10,81;6,08;5,41;7,73;87,61;103,43;-0,0395;Melhorou
4307807;Estrela;Estrela (RS);RS;Sul;67,45;77,48;0,1189;0,1264;7,14;0,0;0,0;13,64;36,63;29,56;0,0075;Piorou
4307815;Estrela Velha;Estrela Velha (RS);RS;Sul;99,52;228,01;0,0838;0,059;0,0;0,0;0,0;0,0;139,75;104,28;-0,0248;Melhorou
4307906;Farroupilha;Farroupilha (RS);RS;Sul;56,12;63,02;0,006;0,1639;0,0;3,23;0,0;11,29;28,37;43,45;0,1579;Piorou
4308300;Fontoura Xavier;Fontoura Xavier (RS);RS;Sul;99,97;183,24;0,0404;0,2381;0,0;9,09;0,0;9,09;77,58;51,31;0,1977;Piorou
4308409;Formigueiro;Formigueiro (RS);RS;Sul;83,79;138,71;0,0302;0,205;0,0;0,0;0,0;16,67;63,02;104,07;0,1748;Piorou
4308508;Frederico Westphalen;Frederico Westphalen (RS);RS;Sul;97,47;101,48;0,0231;0,2241;0,0;8,93;0,0;5,36;52,78;81,66;0,2011;Piorou
4308607;Garibaldi;Garibaldi (RS);RS;Sul;39,13;47,04;0,0;0,0757;0,0;0,0;0,0;7,69;13,86;31,61;0,0757;Piorou
4308706;Gaurama;Gaurama (RS);RS;Sul;100,0;182,76;0,0276;0,1901;0,0;11,11;0,0;0,0;59,22;53,27;0,1625;Piorou
4308904;Getúlio Vargas;Getúlio Vargas (RS);RS;Sul;84,98;97,58;0,0791;0,1311;0,0;4,55;0,0;4,55;132,97;52,76;0,052;Piorou
4309001;Giruá;Giruá (RS);RS;Sul;100,0;109,28;0,0289;0,1615;0,0;6,25;0,0;3,12;61,05;77,53;0,1327;Piorou
4309100;Gramado;Gramado (RS);RS;Sul;100,0;100,56;0,0198;0,1894;0,0;9,52;0,0;4,76;48,16;26,57;0,1695;Piorou
4309209;Gravataí;Gravataí (RS);RS;Sul;67,11;86,86;0,2054;0,1456;5,94;5,36;11,88;6,55;37,08;30,91;-0,0598;Melhorou
4309308;Guaíba;Guaíba (RS);RS;Sul;35,29;54,02;0,2017;0,0816;5,13;2,56;12,82;1,71;37,46;60,04;-0,1201;Melhorou
4309407;Guaporé;Guaporé (RS);RS;Sul;98,99;99,71;0,1284;0,0548;0,0;0,0;14,29;3,23;24,24;57,7;-0,0736;Melhorou
4309506;Guarani das Missões;Guarani das Missões (RS);RS;Sul;100,0;141,6;0,0394;0,1253;0,0;5,26;0,0;0,0;76,19;86,18;0,0859;Piorou
4309571;Herveiras;Herveiras (RS);RS;Sul;100,0;136,5;0,1043;0,2672;0,0;5,56;0,0;0,0;169,02;282,99;0,1629;Piorou
4309605;Horizontina;Horizontina (RS);RS;Sul;99,13;111,39;0,2117;0,2678;3,77;6,25;1,89;18,75;218,08;33,6;0,0561;Piorou
4309654;Hulha Negra;Hulha Negra (RS);RS;Sul;100,0;117,13;0,0963;0,1771;0,0;4,17;0,0;0,0;157,62;183,81;0,0808;Piorou
4309704;Humaitá;Humaitá (RS);RS;Sul;100,0;149,54;0,0948;0,0171;0,0;0,0;0,0;0,0;155,51;44,16;-0,0778;Melhorou
4309951;Ibirapuitã;Ibirapuitã (RS);RS;Sul;90,45;188,02;0,3152;0,0436;10,0;0,0;0,0;0,0;256,25;82,12;-0,2716;Melhorou
4310009;Ibirubá;Ibirubá (RS);RS;Sul;100,0;97,29;0,0689;0,1594;0,0;2,0;0,0;0,0;118,46;204,96;0,0904;Piorou
4310108;Igrejinha;Igrejinha (RS);RS;Sul;90,06;107,55;0,0395;0,0997;0,0;4,26;0,0;0,0;76,25;71,09;0,0602;Piorou
4310207;Ijuí;Ijuí (RS);RS;Sul;82,44;90,85;0,3008;0,3743;14,29;13,95;9,52;18,6;24,04;22,42;0,0735;Piorou
4310330;Imbé;Imbé (RS);RS;Sul;21,64;106,01;0,412;0,3573;12,5;11,54;25,0;19,23;27,4;42,1;-0,0547;Melhorou
4310405;Independência;Independência (RS);RS;Sul;100,0;108,91;0,1641;0,3588;0,0;0,0;14,29;40,0;75,37;56,24;0,1947;Piorou
4310413;Inhacorá;Inhacorá (RS);RS;Sul;83,33;173,78;0,4332;0,382;11,11;0,0;0,0;5,56;401,42;663,54;-0,0512;Melhorou
4310439;Ipê;Ipê (RS);RS;Sul;100,0;194,48;0,0318;0,1772;0,0;9,09;0,0;0,0;65,27;78,18;0,1454;Piorou
4310504;Iraí;Iraí (RS);RS;Sul;100,0;140,56;0,1947;0,1299;8,33;5,56;0,0;0,0;119,55;86,35;-0,0649;Melhorou
4310603;Itaqui;Itaqui (RS);RS;Sul;77,04;68,49;0,349;0,3047;9,3;5,05;16,28;17,17;115,35;131,93;-0,0444;Melhorou
4310801;Ivoti;Ivoti (RS);RS;Sul;53,08;60,28;0,2535;0,196;16,67;11,54;0,0;0,0;24,8;52,54;-0,0576;Melhorou
4310850;Jaboticaba;Jaboticaba (RS);RS;Sul;100,0;185,23;0,1391;0,0693;0,0;0,0;0,0;0,0;218,89;118,95;-0,0698;Melhorou
4311007;Jaguarão;Jaguarão (RS);RS;Sul;87,26;94,83;0,1375;0,2153;3,85;3,77;3,85;13,21;85,78;81,25;0,0778;Piorou
4311106;Jaguari;Jaguari (RS);RS;Sul;64,48;115,79;0,1118;0,0817;0,0;0,0;0,0;0,0;179,83;136,68;-0,0301;Melhorou
4311205;Júlio de Castilhos;Júlio de Castilhos (RS);RS;Sul;89,42;117,91;0,1637;0,3404;4,76;23,08;4,76;0,0;92,15;29,87;0,1767;Piorou
4311254;Lagoão;Lagoão (RS);RS;Sul;100,0;131,06;0,1582;0,2891;0,0;10,0;0,0;10,0;246,29;93,32;0,1308;Piorou
4311304;Lagoa Vermelha;Lagoa Vermelha (RS);RS;Sul;74,55;105,21;0,265;0,2366;10,0;9,52;10,0;9,52;58,93;34,42;-0,0284;Melhorou
4311403;Lajeado;Lajeado (RS);RS;Sul;71,54;79,76;0,2377;0,0712;10,0;2,04;10,0;4,08;10,6;26,59;-0,1665;Melhorou
4311502;Lavras do Sul;Lavras do Sul (RS);RS;Sul;100,0;128,36;0,1554;0,2044;0,0;6,45;0,0;0,0;242,28;173,79;0,0489;Piorou
4311627;Lindolfo Collor;Lindolfo Collor (RS);RS;Sul;100,0;67,68;0,0546;0,1368;0,0;0,0;0,0;9,09;97,96;101,52;0,0822;Piorou
4311718;Maçambará;Maçambará (RS);RS;Sul;95,8;200,21;0,4304;0,0611;14,29;0,0;14,29;0,0;149,81;107,16;-0,3693;Melhorou
4311809;Marau;Marau (RS);RS;Sul;99,81;93,07;0,0608;0,2092;0,0;8,93;3,57;5,36;61,9;60,31;0,1485;Piorou
4311908;Marcelino Ramos;Marcelino Ramos (RS);RS;Sul;100,0;162,03;0,0453;0,0555;0,0;0,0;0,0;0,0;84,53;99,23;0,0103;Piorou
4312054;Marques de Souza;Marques de Souza (RS);RS;Sul;100,0;176,36;0,0777;0,0255;0,0;0,0;0,0;0,0;130,94;56,26;-0,0522;Melhorou
4312104;Mata;Mata (RS);RS;Sul;100,0;148,99;0,101;0,0441;0,0;0,0;0,0;0,0;164,35;82,95;-0,0568;Melhorou
4312179;Mato Queimado;Mato Queimado (RS);RS;Sul;100,0;194,98;0,3916;0,2933;10,0;0,0;0,0;0,0;365,65;439,64;-0,0983;Melhorou
4312203;Maximiliano de Almeida;Maximiliano de Almeida (RS);RS;Sul;100,0;167,1;0,0359;0,2209;0,0;4,35;0,0;4,35;71,08;188,01;0,185;Piorou
4312401;Montenegro;Montenegro (RS);RS;Sul;42,2;104,94;0,2571;0,2242;5,0;1,27;20,0;20,25;29,37;59,33;-0,0329;Melhorou
4312443;Morrinhos do Sul;Morrinhos do Sul (RS);RS;Sul;100,0;113,96;0,0865;0,1941;0,0;0,0;0,0;16,67;143,56;88,42;0,1076;Piorou
4312500;Mostardas;Mostardas (RS);RS;Sul;63,09;108,56;0,3556;0,0791;37,5;0,0;0,0;5,88;51,64;59,19;-0,2765;Melhorou
4312658;Não-Me-Toque;Não-Me-Toque (RS);RS;Sul;100,0;122,22;0,1341;0,1338;3,85;4,55;0,0;4,55;129,08;56,62;-0,0003;Melhorou
4312708;Nonoai;Nonoai (RS);RS;Sul;69,11;91,41;0,1551;0,16;5,26;4,88;0,0;0,0;128,79;144,03;0,0049;Piorou
4313060;Nova Hartz;Nova Hartz (RS);RS;Sul;56,64;98,73;0,2998;0,2155;8,33;10,0;16,67;5,0;60,82;50,81;-0,0843;Melhorou
4313102;Nova Palma;Nova Palma (RS);RS;Sul;100,0;187,96;0,0394;0,104;0,0;0,0;0,0;5,56;76,16;98,84;0,0645;Piorou
4313375;Nova Santa Rita;Nova Santa Rita (RS);RS;Sul;97,19;109,54;0,1863;0,3168;0,0;0,0;20,0;35,71;35,47;25,11;0,1305;Piorou
4313391;Novo Cabrais;Novo Cabrais (RS);RS;Sul;97,12;196,18;0,1492;0,2595;0,0;14,29;0,0;0,0;233,32;84,51;0,1104;Piorou
4313409;Novo Hamburgo;Novo Hamburgo (RS);RS;Sul;95,04;87,06;0,3549;0,1674;8,79;7,38;24,18;3,69;35,63;54,53;-0,1876;Melhorou
4313490;Novo Barreiro;Novo Barreiro (RS);RS;Sul;100,0;163,85;0,3427;0,0338;20,0;0,0;0,0;0,0;80,83;68,14;-0,3089;Melhorou
4313508;Osório;Osório (RS);RS;Sul;64,14;91,77;0,0956;0,1817;0,0;3,92;3,33;11,76;114,76;47,94;0,0861;Piorou
4313656;Palmares do Sul;Palmares do Sul (RS);RS;Sul;91,54;103,6;0,1904;0,2535;4,0;10,64;4,0;2,13;156,19;127,58;0,0632;Piorou
4313706;Palmeira das Missões;Palmeira das Missões (RS);RS;Sul;96,98;116,16;0,1701;0,2122;2,94;2,47;8,82;12,35;89,32;115,55;0,0421;Piorou
4313805;Palmitinho;Palmitinho (RS);RS;Sul;97,85;133,94;0,1435;0,1366;0,0;0,0;0,0;3,12;225,26;176,09;-0,0069;Melhorou
4313904;Panambi;Panambi (RS);RS;Sul;93,9;100,96;0,1491;0,1644;8,33;0,0;0,0;18,75;54,23;18,47;0,0153;Piorou
4313953;Pantano Grande;Pantano Grande (RS);RS;Sul;89,54;128,52;0,1316;0,1511;0,0;0,0;7,14;12,5;118,45;79,14;0,0195;Piorou
4314001;Paraí;Paraí (RS);RS;Sul;83,39;97,3;0,088;0,0412;0,0;0,0;0,0;0,0;145,81;78,67;-0,0469;Melhorou
4314027;Paraíso do Sul;Paraíso do Sul (RS);RS;Sul;72,35;168,89;0,3142;0,2188;16,67;4,88;0,0;0,0;111,67;228,24;-0,0954;Melhorou
4314050;Parobé;Parobé (RS);RS;Sul;68,07;98,62;0,1926;0,1372;11,11;6,41;0,0;0,0;56,82;78,48;-0,0554;Melhorou
4314100;Passo Fundo;Passo Fundo (RS);RS;Sul;45,17;59,94;0,1494;0,1284;1,9;2,08;11,43;6,23;49,31;80,7;-0,0211;Melhorou
4314209;Pedro Osório;Pedro Osório (RS);RS;Sul;88,97;93,53;0,4268;0,1369;23,53;0,0;0,0;9,52;153,58;96,23;-0,2899;Melhorou
4314407;Pelotas;Pelotas (RS);RS;Sul;93,83;98,57;0,2036;0,1978;2,35;3,09;15,96;15,83;60,54;37,85;-0,0059;Melhorou
4314498;Pinheirinho do Vale;Pinheirinho do Vale (RS);RS;Sul;71,25;154,18;0,134;0,0655;0,0;0,0;0,0;0,0;211,66;113,47;-0,0686;Melhorou
4314506;Pinheiro Machado;Pinheiro Machado (RS);RS;Sul;100,0;156,05;0,518;0,1646;10,0;8,0;40,0;0,0;69,31;83,63;-0,3533;Melhorou
4314605;Piratini;Piratini (RS);RS;Sul;68,97;99,97;0,2649;0,2138;2,56;6,19;1,28;0,0;327,87;193,03;-0,0511;Melhorou
4314704;Planalto;Planalto (RS);RS;Sul;100,0;168,17;0,182;0,0183;4,17;0,0;0,0;0,0;190,78;45,93;-0,1637;Melhorou
4314803;Portão;Portão (RS);RS;Sul;59,14;55,21;0,0741;0,2193;0,0;10,71;6,67;1,79;42,11;81,16;0,1452;Piorou
4314902;Porto Alegre;Porto Alegre (RS);RS;Sul;67,48;96,64;0,156;0,1434;5,19;5,19;6,15;4,44;54,41;57,99;-0,0125;Melhorou
4315008;Porto Lucena;Porto Lucena (RS);RS;Sul;100,0;160,55;0,3215;0,1429;8,7;0,0;0,0;4,35;293,35;169,71;-0,1787;Melhorou
4315107;Porto Xavier;Porto Xavier (RS);RS;Sul;72,48;105,65;0,1818;0,2899;4,17;6,35;0,0;4,76;190,52;238,64;0,1081;Piorou
4315156;Progresso;Progresso (RS);RS;Sul;100,0;131,08;0,3405;0,3046;2,78;7,5;0,0;2,5;447,63;263,46;-0,0359;Melhorou
4315305;Quaraí;Quaraí (RS);RS;Sul;96,21;119,14;0,2551;0,2265;5,56;8,93;11,11;3,57;126,19;107,44;-0,0286;Melhorou
4315354;Quinze de Novembro;Quinze de Novembro (RS);RS;Sul;91,05;179,02;0,1235;0,1069;0,0;0,0;0,0;0,0;196,61;172,76;-0,0167;Melhorou
4315404;Redentora;Redentora (RS);RS;Sul;100,0;143,76;0,1983;0,0542;0,0;0,0;20,0;0,0;52,68;97,33;-0,1442;Melhorou
4315503;Restinga Sêca;Restinga Sêca (RS);RS;Sul;92,66;177,66;0,193;0,113;1,89;6,25;0,0;0,0;255,59;47,32;-0,08;Melhorou
4315552;Rio dos Índios;Rio dos Índios (RS);RS;Sul;100,0;123,45;0,1595;0,0511;0,0;0,0;0,0;0,0;248,18;92,85;-0,1085;Melhorou
4315602;Rio Grande;Rio Grande (RS);RS;Sul;79,57;100,58;0,2039;0,2705;2,89;6,57;13,29;16,06;82,67;64,42;0,0667;Piorou
4315701;Rio Pardo;Rio Pardo (RS);RS;Sul;61,46;85,0;0,1262;0,0828;4,35;2,63;0,0;2,63;107,08;48,7;-0,0434;Melhorou
4315750;Riozinho;Riozinho (RS);RS;Sul;100,0;156,49;0,2755;0,2282;11,11;5,56;0,0;5,56;175,52;157,39;-0,0473;Melhorou
4315800;Roca Sales;Roca Sales (RS);RS;Sul;83,18;226,77;0,088;0,1371;0,0;2,44;0,0;0,0;145,68;163,63;0,0491;Piorou
4315909;Rodeio Bonito;Rodeio Bonito (RS);RS;Sul;100,0;157,79;0,0361;0,1858;0,0;10,0;0,0;0,0;71,39;70,93;0,1497;Piorou
4316006;Rolante;Rolante (RS);RS;Sul;100,0;115,27;0,0124;0,0596;0,0;0,0;0,0;3,7;37,56;58,56;0,0471;Piorou
4316105;Ronda Alta;Ronda Alta (RS);RS;Sul;97,8;147,66;0,0832;0,1261;0,0;3,12;0,0;0,0;138,85;133,12;0,0429;Piorou
4316204;Rondinha;Rondinha (RS);RS;Sul;100,0;192,84;0,1073;0,155;0,0;7,69;0,0;0,0;173,34;76,44;0,0477;Piorou
4316303;Roque Gonzales;Roque Gonzales (RS);RS;Sul;100,0;106,44;0,2177;0,1718;4,17;2,7;0,0;0,0;242,0;207,75;-0,0459;Melhorou
4316402;Rosário do Sul;Rosário do Sul (RS);RS;Sul;57,32;79,22;0,1073;0,129;0,0;0,75;1,39;2,99;155,9;150,91;0,0217;Piorou
4316451;Salto do Jacuí;Salto do Jacuí (RS);RS;Sul;100,0;164,36;0,0372;0,1918;0,0;2,86;0,0;5,71;72,93;161,25;0,1546;Piorou
4316600;Sananduva;Sananduva (RS);RS;Sul;85,13;95,15;0,0248;0,1105;0,0;2,86;0,0;2,86;55,32;80,73;0,0857;Piorou
4316709;Santa Bárbara do Sul;Santa Bárbara do Sul (RS);RS;Sul;42,6;129,27;0,0786;0,218;0,0;4,08;0,0;0,0;132,23;244,2;0,1394;Piorou
4316808;Santa Cruz do Sul;Santa Cruz do Sul (RS);RS;Sul;89,16;86,16;0,1415;0,0789;5,0;3,64;5,0;0,0;52,15;54,63;-0,0626;Melhorou
4316907;Santa Maria;Santa Maria (RS);RS;Sul;44,08;55,08;0,3211;0,2214;5,49;4,27;26,37;16,24;30,46;41,13;-0,0997;Melhorou
4317103;Sant'Ana do Livramento;Sant'Ana do Livramento (RS);RS;Sul;76,62;58,73;0,207;0,4377;3,23;9,42;14,52;29,71;64,56;71,15;0,2307;Piorou
4317202;Santa Rosa;Santa Rosa (RS);RS;Sul;78,85;84,16;0,26;0,2527;3,23;2,47;22,58;22,22;39,34;49,63;-0,0073;Melhorou
4317301;Santa Vitória do Palmar;Santa Vitória do Palmar (RS);RS;Sul;100,0;157,32;0,4243;0,2086;17,07;7,04;12,2;5,63;107,55;96,52;-0,2157;Melhorou
4317400;Santiago;Santiago (RS);RS;Sul;76,1;78,67;0,1132;0,0673;1,54;0,0;3,08;4,55;110,1;59,1;-0,0458;Melhorou
4317509;Santo Ângelo;Santo Ângelo (RS);RS;Sul;71,63;86,3;0,1744;0,1734;10,53;8,6;0,0;2,15;43,42;56,33;-0,001;Melhorou
4317608;Santo Antônio da Patrulha;Santo Antônio da Patrulha (RS);RS;Sul;81,02;85,57;0,1184;0,0924;4,17;5,0;4,17;0,0;47,49;44,71;-0,026;Melhorou
4317707;Santo Antônio das Missões;Santo Antônio das Missões (RS);RS;Sul;100,0;135,92;0,2554;0,1002;8,33;0,0;8,33;7,69;101,83;66,58;-0,1552;Melhorou
4317806;Santo Augusto;Santo Augusto (RS);RS;Sul;100,0;151,05;0,2116;0,1842;0,0;2,38;0,0;0,0;322,65;232,3;-0,0274;Melhorou
4317905;Santo Cristo;Santo Cristo (RS);RS;Sul;98,83;114,22;0,1625;0,1676;3,45;3,12;3,45;9,38;135,05;74,88;0,0051;Piorou
4318002;São Borja;São Borja (RS);RS;Sul;98,5;117,23;0,1256;0,162;5,36;3,31;0,0;6,61;84,48;97,68;0,0364;Piorou
4318200;São Francisco de Paula;São Francisco de Paula (RS);RS;Sul;78,41;94,59;0,129;0,0647;3,03;0,0;0,0;0,0;139,32;112,33;-0,0643;Melhorou
4318309;São Gabriel;São Gabriel (RS);RS;Sul;100,0;115,82;0,233;0,1528;6,25;1,95;2,34;6,49;189,78;115,21;-0,0802;Melhorou
4318408;São Jerônimo;São Jerônimo (RS);RS;Sul;45,84;92,24;0,0255;0,1419;0,0;1,06;0,0;0,0;56,3;200,06;0,1164;Piorou
4318465;São José do Herval;São José do Herval (RS);RS;Sul;100,0;184,01;0,1532;0,3108;0,0;9,09;0,0;0,0;239,05;269,55;0,1577;Piorou
4318507;São José do Norte;São José do Norte (RS);RS;Sul;72,76;114,48;0,2591;0,3967;15,0;4,55;0,0;36,36;68,52;33,72;0,1377;Piorou
4318606;São José do Ouro;São José do Ouro (RS);RS;Sul;99,35;91,76;0,1432;0,1386;0,0;6,67;0,0;0,0;224,82;75,0;-0,0046;Melhorou
4318705;São Leopoldo;São Leopoldo (RS);RS;Sul;35,23;55,46;0,2058;0,3104;6,14;10,87;10,53;14,35;50,42;50,67;0,1046;Piorou
4318804;São Lourenço do Sul;São Lourenço do Sul (RS);RS;Sul;100,0;116,69;0,0914;0,1348;1,54;3,7;0,0;2,78;117,6;98,29;0,0433;Piorou
4318903;São Luiz Gonzaga;São Luiz Gonzaga (RS);RS;Sul;99,35;106,85;0,1267;0,1378;0,0;5,0;6,38;1,25;121,05;94,01;0,0111;Piorou
4319000;São Marcos;São Marcos (RS);RS;Sul;73,9;102,88;0,1634;0,101;2,17;1,85;2,17;1,85;179,79;101,39;-0,0624;Melhorou
4319158;São Miguel das Missões;São Miguel das Missões (RS);RS;Sul;100,0;148,8;0,047;0,0526;0,0;0,0;0,0;0,0;87,08;95,1;0,0056;Piorou
4319208;São Nicolau;São Nicolau (RS);RS;Sul;94,13;136,77;0,0469;0,0305;0,0;0,0;0,0;0,0;86,86;63,42;-0,0164;Melhorou
4319307;São Paulo das Missões;São Paulo das Missões (RS);RS;Sul;89,71;149,66;0,3388;0,1357;10,53;4,55;5,26;0,0;212,7;116,4;-0,2031;Melhorou
4319406;São Pedro do Sul;São Pedro do Sul (RS);RS;Sul;95,72;112,34;0,0158;0,0087;0,0;0,0;0,0;0,0;42,34;32,26;-0,007;Melhorou
4319604;São Sepé;São Sepé (RS);RS;Sul;79,92;109,62;0,1078;0,2031;0,0;8,11;11,11;5,41;34,63;68,62;0,0953;Piorou
4319737;São Valério do Sul;São Valério do Sul (RS);RS;Sul;100,0;137,63;0,2418;0,35;0,0;5,0;0,0;0,0;365,94;413,56;0,1083;Piorou
4319802;São Vicente do Sul;São Vicente do Sul (RS);RS;Sul;79,38;144,66;0,1967;0,1848;0,0;11,11;20,0;0,0;50,29;45,7;-0,0119;Melhorou
4319901;Sapiranga;Sapiranga (RS);RS;Sul;43,62;68,86;0,1735;0,2275;3,77;6,0;9,43;12,0;68,76;65,99;0,054;Piorou
4320008;Sapucaia do Sul;Sapucaia do Sul (RS);RS;Sul;90,16;88,46;0,2276;0,1964;2,94;1,53;16,67;13,79;73,32;94,9;-0,0312;Melhorou
4320107;Sarandi;Sarandi (RS);RS;Sul;64,08;126,68;0,0764;0,1531;0,0;6,25;0,0;3,12;129,15;65,53;0,0767;Piorou
4320206;Seberi;Seberi (RS);RS;Sul;98,98;117,15;0,0142;0,1145;0,0;5,88;0,0;0,0;40,07;57,37;0,1003;Piorou
4320263;Segredo;Segredo (RS);RS;Sul;96,07;165,02;0,2225;0,0855;0,0;0,0;5,0;0,0;275,59;142,15;-0,137;Melhorou
4320305;Selbach;Selbach (RS);RS;Sul;67,74;116,36;0,0811;0,0386;0,0;0,0;0,0;0,0;135,88;75,03;-0,0425;Melhorou
4320404;Serafina Corrêa;Serafina Corrêa (RS);RS;Sul;100,0;113,49;0,0275;0,1924;0,0;0,0;0,0;20,0;59,18;44,11;0,1648;Piorou
4320503;Sertão;Sertão (RS);RS;Sul;100,0;126,33;0,0266;0,1585;0,0;0,0;0,0;3,12;57,87;207,4;0,1318;Piorou
4320602;Severiano de Almeida;Severiano de Almeida (RS);RS;Sul;93,62;205,51;0,0983;0,0559;0,0;0,0;0,0;0,0;160,45;99,8;-0,0424;Melhorou
4320677;Sinimbu;Sinimbu (RS);RS;Sul;100,0;163,6;0,0491;0,0293;0,0;0,0;0,0;0,0;90,06;61,72;-0,0198;Melhorou
4320701;Sobradinho;Sobradinho (RS);RS;Sul;92,63;120,96;0,1254;0,0993;0,0;4,17;0,0;0,0;199,28;72,41;-0,0261;Melhorou
4320800;Soledade;Soledade (RS);RS;Sul;99,83;102,96;0,333;0,1794;14,0;6,9;4,0;3,45;145,66;85,23;-0,1536;Melhorou
4320909;Tapejara;Tapejara (RS);RS;Sul;98,5;96,5;0,1148;0,1037;3,85;2,94;0,0;2,94;101,54;68,18;-0,0111;Melhorou
4321006;Tapera;Tapera (RS);RS;Sul;99,81;132,17;0,169;0,026;5,56;0,0;0,0;0,0;142,47;56,96;-0,143;Melhorou
4321204;Taquara;Taquara (RS);RS;Sul;92,27;84,91;0,3715;0,2265;19,23;11,76;7,69;3,92;42,14;42,19;-0,145;Melhorou
4321303;Taquari;Taquari (RS);RS;Sul;68,86;81,02;0,0361;0,1874;0,0;4,17;0,0;12,5;71,44;41,66;0,1513;Piorou
4321402;Tenente Portela;Tenente Portela (RS);RS;Sul;100,0;110,66;0,0134;0,1593;0,0;10,0;0,0;0,0;38,94;33,1;0,1459;Piorou
4321451;Teutônia;Teutônia (RS);RS;Sul;93,7;72,59;0,2656;0,1901;0,0;12,5;28,57;0,0;41,44;23,41;-0,0756;Melhorou
4321501;Torres;Torres (RS);RS;Sul;77,1;77,89;0,0885;0,0773;5,0;0,0;0,0;6,38;39,05;50,24;-0,0112;Melhorou
4321600;Tramandaí;Tramandaí (RS);RS;Sul;54,56;49,94;0,4468;0,2612;8,7;6,06;34,78;16,67;36,04;54,36;-0,1855;Melhorou
4321709;Três Coroas;Três Coroas (RS);RS;Sul;45,04;94,5;0,0869;0,0703;0,0;0,0;0,0;0,0;144,14;120,34;-0,0166;Melhorou
4321808;Três de Maio;Três de Maio (RS);RS;Sul;96,54;137,69;0,3927;0,1447;21,05;8,7;5,26;0,0;63,76;40,2;-0,248;Melhorou
4321857;Três Palmeiras;Três Palmeiras (RS);RS;Sul;100,0;148,43;0,403;0,3237;0,0;18,18;42,86;0,0;119,46;92,73;-0,0793;Melhorou
4321907;Três Passos;Três Passos (RS);RS;Sul;100,0;111,24;0,3404;0,1637;22,22;4,55;0,0;9,09;29,79;42,42;-0,1766;Melhorou
4321956;Trindade do Sul;Trindade do Sul (RS);RS;Sul;100,0;138,96;0,0513;0,1005;0,0;0,0;0,0;0,0;93,13;163,62;0,0492;Piorou
4322004;Triunfo;Triunfo (RS);RS;Sul;97,71;114,55;0,2265;0,0854;0,0;1,54;19,35;0,0;101,13;108,94;-0,1411;Melhorou
4322103;Tucunduva;Tucunduva (RS);RS;Sul;100,0;126,3;0,0568;0,3641;0,0;9,09;0,0;18,18;101,01;117,54;0,3073;Piorou
4322152;Tunas;Tunas (RS);RS;Sul;100,0;190,16;0,1153;0,2292;0,0;11,11;0,0;0,0;184,82;109,23;0,1139;Piorou
4322202;Tupanciretã;Tupanciretã (RS);RS;Sul;41,03;96,22;0,3746;0,145;15,79;1,33;10,53;2,67;84,79;165,25;-0,2296;Melhorou
4322301;Tuparendi;Tuparendi (RS);RS;Sul;100,0;125,55;0,0405;0,2984;0,0;4,76;0,0;19,05;77,7;105,57;0,2579;Piorou
4322400;Uruguaiana;Uruguaiana (RS);RS;Sul;66,95;77,8;0,2242;0,3966;8,62;5,84;8,62;31,82;47,34;62,74;0,1725;Piorou
4322509;Vacaria;Vacaria (RS);RS;Sul;93,81;76,83;0,157;0,2063;3,66;4,44;3,66;9,63;120,02;98,8;0,0493;Piorou
4322533;Vale do Sol;Vale do Sol (RS);RS;Sul;95,09;141,38;0,0884;0,2208;0,0;5,08;0,0;0,0;146,3;226,73;0,1324;Piorou
4322608;Venâncio Aires;Venâncio Aires (RS);RS;Sul;67,41;74,2;0,1395;0,1542;6,45;6,45;3,23;6,45;40,42;20,99;0,0147;Piorou
4322707;Vera Cruz;Vera Cruz (RS);RS;Sul;76,19;116,0;0,1389;0,0885;0,0;0,0;13,33;8,0;51,28;45,97;-0,0505;Melhorou
4322806;Veranópolis;Veranópolis (RS);RS;Sul;85,49;83,78;0,1836;0,1106;0,0;0,0;17,65;9,68;61,12;56,62;-0,073;Melhorou
4323002;Viamão;Viamão (RS);RS;Sul;49,44;65,87;0,1608;0,1173;6,38;4,19;4,26;2,58;59,44;65,28;-0,0434;Melhorou
4323804;Xangri-lá;Xangri-lá (RS);RS;Sul;91,9;105,62;0,1809;0,3358;0,0;11,11;20,0;16,67;27,64;52,63;0,1549;Piorou
5000203;Água Clara;Água Clara (MS);MS;Centro-Oeste;100,0;83,9;0,1397;0,0976;0,0;0,0;11,11;7,69;80,27;62,89;-0,0421;Melhorou
5000609;Amambai;Amambai (MS);MS;Centro-Oeste;84,61;84,0;0,0973;0,1768;0,0;2,29;2,27;2,29;130,47;195,0;0,0796;Piorou
5000708;Anastácio;Anastácio (MS);MS;Centro-Oeste;99,35;130,64;0,3341;0,1443;4,92;0,0;11,48;3,33;248,44;184,44;-0,1898;Melhorou
5000807;Anaurilândia;Anaurilândia (MS);MS;Centro-Oeste;100,0;137,2;0,2132;0,1919;7,14;11,11;0,0;0,0;171,53;55,94;-0,0212;Melhorou
5000856;Angélica;Angélica (MS);MS;Centro-Oeste;99,79;130,48;0,1571;0,2661;0,0;7,14;14,29;14,29;65,39;67,94;0,1089;Piorou
5000906;Antônio João;Antônio João (MS);MS;Centro-Oeste;85,07;112,88;0,2335;0,1215;11,11;0,0;0,0;4,55;115,46;136,67;-0,112;Melhorou
5001003;Aparecida do Taboado;Aparecida do Taboado (MS);MS;Centro-Oeste;81,4;86,95;0,408;0,1648;21,43;5,41;7,14;5,41;54,0;71,75;-0,2432;Melhorou
5001102;Aquidauana;Aquidauana (MS);MS;Centro-Oeste;100,0;128,22;0,2364;0,2256;2,44;2,35;3,25;5,16;264,98;227,57;-0,0107;Melhorou
5001243;Aral Moreira;Aral Moreira (MS);MS;Centro-Oeste;98,88;128,9;0,0551;0,299;0,0;10,0;0,0;3,33;98,64;191,25;0,2439;Piorou
5001904;Bataguassu;Bataguassu (MS);MS;Centro-Oeste;100,0;108,05;0,0155;0,2033;0,0;4,35;0,0;13,04;41,87;53,76;0,1879;Piorou
5002100;Bela Vista;Bela Vista (MS);MS;Centro-Oeste;84,46;126,01;0,2888;0,0123;7,69;0,0;11,54;0,0;123,17;37,4;-0,2764;Melhorou
5002159;Bodoquena;Bodoquena (MS);MS;Centro-Oeste;100,0;122,56;0,2607;0,2704;14,29;6,9;0,0;6,9;86,13;172,2;0,0097;Piorou
5002209;Bonito;Bonito (MS);MS;Centro-Oeste;94,5;74,02;0,3277;0,1193;5,56;0,0;22,22;8,11;90,71;88,75;-0,2084;Melhorou
5002308;Brasilândia;Brasilândia (MS);MS;Centro-Oeste;100,0;121,06;0,3073;0,0736;11,11;0,0;11,11;0,0;81,63;125,1;-0,2337;Melhorou
5002407;Caarapó;Caarapó (MS);MS;Centro-Oeste;58,0;72,9;0,0667;0,1662;0,0;5,56;0,0;5,56;115,18;68,66;0,0995;Piorou
5002605;Camapuã;Camapuã (MS);MS;Centro-Oeste;100,0;154,61;0,0163;0,0112;0,0;0,0;0,0;0,0;43,12;35,79;-0,0051;Melhorou
5002704;Campo Grande;Campo Grande (MS);MS;Centro-Oeste;53,67;86,73;0,2228;0,2087;3,62;4,35;17,31;13,68;43,79;53,44;-0,0142;Melhorou
5002803;Caracol;Caracol (MS);MS;Centro-Oeste;100,0;208,49;0,2485;0,0277;0,0;0,0;0,0;0,0;375,54;59,35;-0,2208;Melhorou
5002902;Cassilândia;Cassilândia (MS);MS;Centro-Oeste;93,34;123,56;0,1768;0,1341;0,0;3,03;20,0;6,06;21,8;70,56;-0,0427;Melhorou
5002951;Chapadão do Sul;Chapadão do Sul (MS);MS;Centro-Oeste;99,55;79,99;0,2576;0,1105;10,0;2,86;5,0;2,86;110,98;80,7;-0,1471;Melhorou
5003157;Coronel Sapucaia;Coronel Sapucaia (MS);MS;Centro-Oeste;68,31;86,74;0,1976;0,1168;6,67;0,0;0,0;3,45;159,55;143,64;-0,0809;Melhorou
5003207;Corumbá;Corumbá (MS);MS;Centro-Oeste;79,53;99,48;0,1248;0,2855;4,71;7,26;0,0;16,13;97,41;70,17;0,1607;Piorou
5003256;Costa Rica;Costa Rica (MS);MS;Centro-Oeste;100,0;94,12;0,0159;0,1659;0,0;10,0;0,0;0,0;42,58;42,52;0,15;Piorou
5003306;Coxim;Coxim (MS);MS;Centro-Oeste;99,77;100,07;0,2401;0,1682;3,12;1,3;15,62;9,09;100,27;118,59;-0,0719;Melhorou
5003488;Dois Irmãos do Buriti;Dois Irmãos do Buriti (MS);MS;Centro-Oeste;94,22;135,9;0,1877;0,2205;7,14;2,86;0,0;8,57;135,05;166,44;0,0328;Piorou
5003702;Dourados;Dourados (MS);MS;Centro-Oeste;72,5;85,36;0,1254;0,1753;2,44;4,39;7,32;10,09;55,08;49,9;0,0499;Piorou
5003801;Fátima do Sul;Fátima do Sul (MS);MS;Centro-Oeste;100,0;118,89;0,2029;0,0875;6,25;2,08;3,12;0,0;136,84;100,26;-0,1154;Melhorou
5004007;Glória de Dourados;Glória de Dourados (MS);MS;Centro-Oeste;86,52;131,32;0,0526;0,097;0,0;0,0;0,0;0,0;95,09;158,65;0,0444;Piorou
5004106;Guia Lopes da Laguna;Guia Lopes da Laguna (MS);MS;Centro-Oeste;100,0;105,63;0,1837;0,136;0,0;0,0;4,0;8,0;232,62;114,08;-0,0477;Melhorou
5004304;Iguatemi;Iguatemi (MS);MS;Centro-Oeste;84,57;110,36;0,248;0,2184;0,0;4,92;2,17;0,0;347,53;226,87;-0,0296;Melhorou
5004502;Itaporã;Itaporã (MS);MS;Centro-Oeste;100,0;101,5;0,1463;0,0632;0,0;0,0;12,5;3,03;72,38;72,15;-0,0832;Melhorou
5004601;Itaquiraí;Itaquiraí (MS);MS;Centro-Oeste;95,38;116,11;0,2881;0,1441;3,12;4,0;0,0;0,0;365,16;140,12;-0,144;Melhorou
5004700;Ivinhema;Ivinhema (MS);MS;Centro-Oeste;96,49;105,88;0,0813;0,2354;0,0;11,76;4,76;5,88;76,38;30,21;0,154;Piorou
5004809;Japorã;Japorã (MS);MS;Centro-Oeste;100,0;161,08;0,2082;0,3123;0,0;1,96;0,0;0,0;317,84;424,75;0,1041;Piorou
5005004;Jardim;Jardim (MS);MS;Centro-Oeste;94,17;103,36;0,2115;0,196;0,0;3,19;4,62;3,19;264,61;191,74;-0,0155;Melhorou
5005152;Juti;Juti (MS);MS;Centro-Oeste;100,0;104,02;0,1882;0,2069;0,0;3,23;0,0;0,0;289,25;246,75;0,0187;Piorou
5005202;Ladário;Ladário (MS);MS;Centro-Oeste;96,71;113,83;0,1014;0,2738;0,0;10,53;6,67;10,53;81,25;53,52;0,1724;Piorou
5005400;Maracaju;Maracaju (MS);MS;Centro-Oeste;87,07;85,46;0,2404;0,2095;4,76;1,65;6,35;9,09;182,04;170,16;-0,0309;Melhorou
5005608;Miranda;Miranda (MS);MS;Centro-Oeste;85,06;106,22;0,2728;0,2395;6,9;3,92;10,34;13,73;132,35;106,18;-0,0333;Melhorou
5005681;Mundo Novo;Mundo Novo (MS);MS;Centro-Oeste;100,0;109,41;0,1726;0,143;3,23;1,79;3,23;3,57;157,11;141,34;-0,0296;Melhorou
5005707;Naviraí;Naviraí (MS);MS;Centro-Oeste;74,21;96,89;0,0579;0,1027;0,0;0,0;4,0;9,76;52,37;44,3;0,0448;Piorou
5005806;Nioaque;Nioaque (MS);MS;Centro-Oeste;91,86;132,37;0,1369;0,0832;0,0;0,0;12,5;4,55;58,89;81,81;-0,0537;Melhorou
5006002;Nova Alvorada do Sul;Nova Alvorada do Sul (MS);MS;Centro-Oeste;96,79;118,62;0,0207;0,1999;0,0;0,0;0,0;19,23;49,31;64,6;0,1793;Piorou
5006200;Nova Andradina;Nova Andradina (MS);MS;Centro-Oeste;58,02;98,44;0,0254;0,1765;0,0;3,08;0,0;10,77;56,18;71,18;0,151;Piorou
5006309;Paranaíba;Paranaíba (MS);MS;Centro-Oeste;100,0;103,72;0,2264;0,1049;13,64;2,06;0,0;1,03;50,97;112,74;-0,1214;Melhorou
5006408;Pedro Gomes;Pedro Gomes (MS);MS;Centro-Oeste;90,01;100,85;0,2457;0,0178;0,0;0,0;20,0;0,0;120,53;45,29;-0,2279;Melhorou
5006606;Ponta Porã;Ponta Porã (MS);MS;Centro-Oeste;82,15;81,49;0,2062;0,1807;8,05;5,39;2,3;4,79;113,36;102,62;-0,0255;Melhorou
5006903;Porto Murtinho;Porto Murtinho (MS);MS;Centro-Oeste;57,23;139,5;0,1897;0,1817;5,88;2,38;0,0;2,38;165,07;198,95;-0,008;Melhorou
5007109;Ribas do Rio Pardo;Ribas do Rio Pardo (MS);MS;Centro-Oeste;81,62;92,6;0,1322;0,0665;0,0;0,0;12,5;6,25;52,08;36,48;-0,0657;Melhorou
5007208;Rio Brilhante;Rio Brilhante (MS);MS;Centro-Oeste;67,14;100,42;0,1747;0,1218;5,88;1,54;2,94;4,62;106,6;103,17;-0,0529;Melhorou
5007695;São Gabriel do Oeste;São Gabriel do Oeste (MS);MS;Centro-Oeste;100,0;118,4;0,1167;0,1194;0,0;4,17;12,5;4,17;29,94;48,9;0,0027;Piorou
5007703;Sete Quedas;Sete Quedas (MS);MS;Centro-Oeste;69,14;95,5;0,1111;0,1014;0,0;0,0;0,0;9,09;178,79;50,81;-0,0097;Melhorou
5007901;Sidrolândia;Sidrolândia (MS);MS;Centro-Oeste;81,82;96,72;0,0245;0,1698;0,0;3,28;0,0;9,84;54,87;68,95;0,1452;Piorou
5007935;Sonora;Sonora (MS);MS;Centro-Oeste;95,11;138,64;0,1757;0,1324;0,0;6,67;0,0;0,0;271,32;66,18;-0,0433;Melhorou
5007950;Tacuru;Tacuru (MS);MS;Centro-Oeste;90,57;97,15;0,1153;0,0664;0,0;0,0;0,0;0,0;184,8;114,75;-0,0489;Melhorou
5007976;Taquarussu;Taquarussu (MS);MS;Centro-Oeste;100,0;140,8;0,1209;0,2038;0,0;0,0;0,0;20,0;192,83;60,44;0,0829;Piorou
5008008;Terenos;Terenos (MS);MS;Centro-Oeste;100,0;109,9;0,5902;0,5496;16,67;22,22;50,0;22,22;29,5;50,41;-0,0406;Melhorou
5008305;Três Lagoas;Três Lagoas (MS);MS;Centro-Oeste;74,7;106,7;0,1412;0,1491;7,14;5,32;3,57;6,38;23,71;38,91;0,0079;Piorou
5008404;Vicentina;Vicentina (MS);MS;Centro-Oeste;100,0;110,47;0,2199;0,0895;5,88;0,0;0,0;0,0;208,24;147,84;-0,1304;Melhorou
5100201;Água Boa;Água Boa (MT);MT;Centro-Oeste;100,0;145,23;0,0163;0,2343;0,0;3,45;0,0;17,24;43,08;64,72;0,218;Piorou
5100250;Alta Floresta;Alta Floresta (MT);MT;Centro-Oeste;96,79;99,02;0,1643;0,1151;6,52;2,44;2,17;7,32;87,56;40,36;-0,0491;Melhorou
5100300;Alto Araguaia;Alto Araguaia (MT);MT;Centro-Oeste;100,0;146,74;0,0144;0,1394;0,0;4,55;0,0;4,55;40,41;64,61;0,1249;Piorou
5100359;Alto Boa Vista;Alto Boa Vista (MT);MT;Centro-Oeste;100,0;183,72;0,1794;0,2147;0,0;9,09;0,0;0,0;276,64;131,85;0,0352;Piorou
5100805;Apiacás;Apiacás (MT);MT;Centro-Oeste;92,29;122,23;0,2557;0,0915;0,0;0,0;0,0;0,0;385,92;150,75;-0,1642;Melhorou
5101258;Araputanga;Araputanga (MT);MT;Centro-Oeste;66,33;118,84;0,2662;0,1646;16,67;0,0;0,0;14,29;42,91;76,1;-0,1016;Melhorou
5101407;Aripuanã;Aripuanã (MT);MT;Centro-Oeste;57,53;78,16;0,1533;0,0801;4,55;0,0;0,0;4,0;141,68;84,17;-0,0733;Melhorou
5101704;Barra do Bugres;Barra do Bugres (MT);MT;Centro-Oeste;68,06;102,66;0,1562;0,0758;4,55;0,0;4,55;8,33;88,76;23,61;-0,0805;Melhorou
5101803;Barra do Garças;Barra do Garças (MT);MT;Centro-Oeste;93,59;98,5;0,2155;0,2211;3,33;1,69;16,67;20,34;47,49;44,59;0,0056;Piorou
5101902;Brasnorte;Brasnorte (MT);MT;Centro-Oeste;89,62;102,91;0,1547;0,059;0,0;0,0;4,55;0,0;184,17;104,17;-0,0957;Melhorou
5102504;Cáceres;Cáceres (MT);MT;Centro-Oeste;60,07;88,04;0,1509;0,2407;5,88;5,34;3,92;13,74;60,18;77,13;0,0898;Piorou
5102603;Campinápolis;Campinápolis (MT);MT;Centro-Oeste;65,38;68,41;0,1798;0,2412;5,56;3,51;0,0;1,75;157,91;267,79;0,0614;Piorou
5102637;Campo Novo do Parecis;Campo Novo do Parecis (MT);MT;Centro-Oeste;95,38;88,4;0,2528;0,1916;16,67;3,23;0,0;12,9;23,79;62,87;-0,0612;Melhorou
5102678;Campo Verde;Campo Verde (MT);MT;Centro-Oeste;95,31;117,75;0,0963;0,1779;5,0;1,15;0,0;9,2;50,29;134,39;0,0816;Piorou
5102702;Canarana;Canarana (MT);MT;Centro-Oeste;94,43;108,28;0,1372;0,1854;5,26;5,88;0,0;1,96;103,14;134,3;0,0482;Piorou
5103205;Colíder;Colíder (MT);MT;Centro-Oeste;83,07;88,32;0,1853;0,2682;6,9;4,35;3,45;21,74;93,72;37,54;0,0829;Piorou
5103254;Colniza;Colniza (MT);MT;Centro-Oeste;46,27;91,12;0,0253;0,0388;0,0;0,0;0,0;0,0;56,01;75,34;0,0135;Piorou
5103304;Comodoro;Comodoro (MT);MT;Centro-Oeste;96,02;115,14;0,0788;0,2255;0,0;0,0;0,0;11,48;132,54;198,57;0,1467;Piorou
5103353;Confresa;Confresa (MT);MT;Centro-Oeste;88,11;96,45;0,0151;0,1607;0,0;5,0;0,0;5,0;41,34;79,62;0,1456;Piorou
5103379;Cotriguaçu;Cotriguaçu (MT);MT;Centro-Oeste;71,67;174,82;0,0341;0,13;0,0;0,0;0,0;3,57;68,54;161,11;0,096;Piorou
5103403;Cuiabá;Cuiabá (MT);MT;Centro-Oeste;46,13;62,98;0,1295;0,1444;4,52;3,65;6,21;8,9;30,07;36,27;0,0149;Piorou
5103452;Denise;Denise (MT);MT;Centro-Oeste;100,0;147,62;0,0464;0,0131;0,0;0,0;0,0;0,0;86,23;38,47;-0,0334;Melhorou
5103502;Diamantino;Diamantino (MT);MT;Centro-Oeste;100,0;156,34;0,2247;0,1048;14,29;5,88;0,0;0,0;34,59;43,45;-0,1199;Melhorou
5103601;Dom Aquino;Dom Aquino (MT);MT;Centro-Oeste;100,0;177,84;0,0464;0,1625;0,0;0,0;0,0;2,33;86,19;223,17;0,1161;Piorou
5103908;General Carneiro;General Carneiro (MT);MT;Centro-Oeste;96,91;113,54;0,0904;0,4077;0,0;4,76;0,0;23,81;149,13;202,35;0,3173;Piorou
5104104;Guarantã do Norte;Guarantã do Norte (MT);MT;Centro-Oeste;85,85;101,53;0,1098;0,1651;4,0;1,37;0,0;6,85;91,07;140,8;0,0553;Piorou
5104203;Guiratinga;Guiratinga (MT);MT;Centro-Oeste;98,63;159,58;0,1659;0,1861;4,55;0,0;0,0;7,41;159,63;193,23;0,0202;Piorou
5104609;Itiquira;Itiquira (MT);MT;Centro-Oeste;96,44;143,02;0,1392;0,1676;0,0;0,0;9,09;9,38;104,97;142,06;0,0284;Piorou
5104807;Jaciara;Jaciara (MT);MT;Centro-Oeste;99,9;101,85;0,2719;0,2571;10,0;1,33;6,67;17,33;110,58;141,63;-0,0148;Melhorou
5105002;Jauru;Jauru (MT);MT;Centro-Oeste;82,46;153,81;0,0987;0,0512;0,0;0,0;0,0;0,0;161,08;93,1;-0,0475;Melhorou
5105101;Juara;Juara (MT);MT;Centro-Oeste;67,5;90,24;0,1108;0,1403;5,56;4,08;0,0;4,08;59,02;81,74;0,0295;Piorou
5105150;Juína;Juína (MT);MT;Centro-Oeste;84,94;91,56;0,0114;0,1013;0,0;0,0;0,0;8,0;36,0;64,34;0,0899;Piorou
5105176;Juruena;Juruena (MT);MT;Centro-Oeste;67,34;102,81;0,0808;0,0393;0,0;0,0;0,0;0,0;135,46;75,98;-0,0415;Melhorou
5105200;Juscimeira;Juscimeira (MT);MT;Centro-Oeste;96,08;134,65;0,0618;0,3027;0,0;6,38;0,0;10,64;108,29;182,52;0,2409;Piorou
5105259;Lucas do Rio Verde;Lucas do Rio Verde (MT);MT;Centro-Oeste;87,85;99,2;0,0533;0,083;0,0;1,28;5,26;2,56;30,06;78,8;0,0296;Piorou
5105507;Vila Bela da Santíssima Trindade;Vila Bela da Santíssima Trindade (MT);MT;Centro-Oeste;100,0;104,32;0,0877;0,1557;0,0;4,76;0,0;4,76;145,38;80,58;0,0679;Piorou
5105580;Marcelândia;Marcelândia (MT);MT;Centro-Oeste;98,64;122,85;0,0961;0,1336;0,0;5,26;0,0;0,0;157,27;97,99;0,0375;Piorou
5105606;Matupá;Matupá (MT);MT;Centro-Oeste;89,66;104,52;0,4098;0,1296;16,67;0,0;16,67;12,5;39,34;48,35;-0,2802;Melhorou
5105622;Mirassol d'Oeste;Mirassol d'Oeste (MT);MT;Centro-Oeste;76,99;91,46;0,2043;0,1611;7,14;2,94;3,57;4,41;114,04;131,87;-0,0432;Melhorou
5105903;Nobres;Nobres (MT);MT;Centro-Oeste;85,18;133,67;0,2192;0,2181;0,0;1,2;0,0;1,2;333,57;291,07;-0,001;Melhorou
5106109;Nossa Senhora do Livramento;Nossa Senhora do Livramento (MT);MT;Centro-Oeste;78,23;128,47;0,352;0,1314;0,0;7,69;42,86;0,0;46,42;42,67;-0,2206;Melhorou
5106224;Nova Mutum;Nova Mutum (MT);MT;Centro-Oeste;88,13;81,88;0,2308;0,2098;9,09;8,7;9,09;4,35;40,8;78,84;-0,0209;Melhorou
5106232;Nova Olímpia;Nova Olímpia (MT);MT;Centro-Oeste;86,1;111,7;0,2415;0,2512;0,0;16,67;0,0;0,0;365,52;21,47;0,0097;Piorou
5106257;Nova Xavantina;Nova Xavantina (MT);MT;Centro-Oeste;83,6;78,5;0,0338;0,1534;0,0;3,64;0,0;3,64;68,13;115,61;0,1196;Piorou
5106281;Novo São Joaquim;Novo São Joaquim (MT);MT;Centro-Oeste;100,0;151,75;0,2932;0,2595;16,67;0,0;0,0;2,17;81,63;364,09;-0,0337;Melhorou
5106299;Paranaíta;Paranaíta (MT);MT;Centro-Oeste;98,74;124,95;0,3077;0,0012;16,67;0,0;0,0;0,0;102,4;21,44;-0,3065;Melhorou
5106307;Paranatinga;Paranatinga (MT);MT;Centro-Oeste;77,54;91,62;0,0735;0,1881;0,0;1,41;0,0;7,04;124,98;170,37;0,1146;Piorou
5106372;Pedra Preta;Pedra Preta (MT);MT;Centro-Oeste;79,06;96,86;0,1086;0,1844;0,0;0,0;6,67;17,39;91,56;65,43;0,0758;Piorou
5106422;Peixoto de Azevedo;Peixoto de Azevedo (MT);MT;Centro-Oeste;78,7;86,22;0,092;0,0825;0,0;4,55;3,85;0,0;103,19;40,24;-0,0095;Melhorou
5106505;Poconé;Poconé (MT);MT;Centro-Oeste;81,6;100,9;0,1628;0,1427;3,85;4,23;0,0;1,41;170,29;115,62;-0,0201;Melhorou
5106752;Pontes e Lacerda;Pontes e Lacerda (MT);MT;Centro-Oeste;62,49;74,01;0,1705;0,229;6,9;5,22;3,45;5,97;72,52;160,48;0,0585;Piorou
5106778;Porto Alegre do Norte;Porto Alegre do Norte (MT);MT;Centro-Oeste;100,0;144,3;0,0424;0,1115;0,0;0,0;0,0;11,11;80,42;39,88;0,0691;Piorou
5106802;Porto dos Gaúchos;Porto dos Gaúchos (MT);MT;Centro-Oeste;100,0;187,73;0,1061;0,0379;0,0;0,0;0,0;0,0;171,64;74,05;-0,0682;Melhorou
5106828;Porto Esperidião;Porto Esperidião (MT);MT;Centro-Oeste;98,89;171,5;0,156;0,0214;0,0;0,0;11,11;0,0;103,59;50,32;-0,1346;Melhorou
5107008;Poxoréu;Poxoréu (MT);MT;Centro-Oeste;98,67;90,19;0,1705;0,2825;0,0;2,99;14,29;17,91;84,49;135,34;0,1121;Piorou
5107040;Primavera do Leste;Primavera do Leste (MT);MT;Centro-Oeste;66,41;69,88;0,4242;0,1977;7,14;4,0;35,71;14,0;25,37;41,22;-0,2264;Melhorou
5107065;Querência;Querência (MT);MT;Centro-Oeste;100,0;100,23;0,091;0,0794;0,0;0,0;0,0;3,85;149,98;85,21;-0,0115;Melhorou
5107180;Ribeirão Cascalheira;Ribeirão Cascalheira (MT);MT;Centro-Oeste;68,45;140,2;0,1619;0,1405;0,0;5,0;6,67;0,0;167,83;113,57;-0,0213;Melhorou
5107305;São José do Rio Claro;São José do Rio Claro (MT);MT;Centro-Oeste;100,0;140,83;0,1225;0,1647;0,0;6,67;7,14;0,0;105,48;112,32;0,0422;Piorou
5107602;Rondonópolis;Rondonópolis (MT);MT;Centro-Oeste;72,64;86,05;0,2074;0,2034;1,79;2,33;16,07;14,53;76,67;78,52;-0,0041;Melhorou
5107701;Rosário Oeste;Rosário Oeste (MT);MT;Centro-Oeste;86,71;114,18;0,165;0,2068;3,12;9,09;0,0;4,55;188,84;63,55;0,0418;Piorou
5107776;Santa Terezinha;Santa Terezinha (MT);MT;Centro-Oeste;83,32;138,23;0,0457;0,2446;0,0;9,52;0,0;0,0;85,2;165,4;0,1989;Piorou
5107859;São Félix do Araguaia;São Félix do Araguaia (MT);MT;Centro-Oeste;100,0;102,78;0,2001;0,1674;0,0;2,86;0,0;2,86;306,19;162,27;-0,0326;Melhorou
5107875;Sapezal;Sapezal (MT);MT;Centro-Oeste;86,68;72,55;0,1814;0,0997;0,0;0,0;18,18;2,5;51,22;131,06;-0,0817;Melhorou
5107909;Sinop;Sinop (MT);MT;Centro-Oeste;88,34;67,4;0,2664;0,0943;4,0;1,32;22,0;7,89;39,04;27,42;-0,172;Melhorou
5107925;Sorriso;Sorriso (MT);MT;Centro-Oeste;99,77;89,5;0,1034;0,1939;4,0;4,69;4,0;9,38;31,72;78,98;0,0904;Piorou
5107941;Tabaporã;Tabaporã (MT);MT;Centro-Oeste;100,0;142,59;0,045;0,1185;0,0;0,0;0,0;9,09;84,15;75,36;0,0736;Piorou
5107958;Tangará da Serra;Tangará da Serra (MT);MT;Centro-Oeste;82,62;74,4;0,1091;0,2119;5,17;2,83;0,0;16,04;64,87;60,98;0,1027;Piorou
5108006;Tapurah;Tapurah (MT);MT;Centro-Oeste;98,12;112,64;0,1113;0,1984;0,0;6,45;0,0;3,23;179,04;124,74;0,0871;Piorou
5108055;Terra Nova do Norte;Terra Nova do Norte (MT);MT;Centro-Oeste;100,0;131,87;0,1772;0,0224;0,0;0,0;4,0;0,0;223,28;51,87;-0,1548;Melhorou
5108402;Várzea Grande;Várzea Grande (MT);MT;Centro-Oeste;45,47;91,68;0,1193;0,0844;4,03;0,86;3,36;6,03;62,01;46,38;-0,0349;Melhorou
5108600;Vila Rica;Vila Rica (MT);MT;Centro-Oeste;65,21;120,98;0,1174;0,1498;0,0;9,09;6,25;0,0;109,33;38,96;0,0324;Piorou
5108956;Nova Monte Verde;Nova Monte Verde (MT);MT;Centro-Oeste;98,0;126,3;0,0339;0,0095;0,0;0,0;0,0;0,0;68,26;33,36;-0,0244;Melhorou
5200050;Abadia de Goiás;Abadia de Goiás (GO);GO;Centro-Oeste;100,0;83,1;0,3597;0,234;14,29;0,0;14,29;25,0;48,67;40,91;-0,1258;Melhorou
5200100;Abadiânia;Abadiânia (GO);GO;Centro-Oeste;89,96;121,86;0,0137;0,0842;0,0;0,0;0,0;8,33;39,36;35,71;0,0705;Piorou
5200134;Acreúna;Acreúna (GO);GO;Centro-Oeste;92,22;131,88;0,0456;0,0964;0,0;0,0;0,0;7,69;85,0;61,24;0,0508;Piorou
5200258;Águas Lindas de Goiás;Águas Lindas de Goiás (GO);GO;Centro-Oeste;30,84;55,43;0,1794;0,0968;6,8;1,74;4,85;5,23;69,78;55,2;-0,0826;Melhorou
5200308;Alexânia;Alexânia (GO);GO;Centro-Oeste;100,0;143,3;0,1169;0,0854;3,57;1,89;0,0;0,0;110,36;101,5;-0,0315;Melhorou
5200803;Alvorada do Norte;Alvorada do Norte (GO);GO;Centro-Oeste;100,0;165,75;0,0402;0,3051;0,0;0,0;0,0;33,33;77,35;38,23;0,2649;Piorou
5200902;Amorinópolis;Amorinópolis (GO);GO;Centro-Oeste;100,0;116,39;0,057;0,125;0,0;0,0;0,0;0,0;101,36;198,76;0,068;Piorou
5201108;Anápolis;Anápolis (GO);GO;Centro-Oeste;71,35;82,91;0,2122;0,1737;6,67;4,65;10,91;9,07;43,51;54,66;-0,0386;Melhorou
5201306;Anicuns;Anicuns (GO);GO;Centro-Oeste;100,0;151,34;0,3512;0,1252;14,29;0,0;14,29;14,29;36,47;18,53;-0,226;Melhorou
5201405;Aparecida de Goiânia;Aparecida de Goiânia (GO);GO;Centro-Oeste;50,97;68,87;0,1565;0,1514;4,43;2,56;8,86;11,4;37,48;38,37;-0,0051;Melhorou
5201603;Araçu;Araçu (GO);GO;Centro-Oeste;100,0;184,42;0,0797;0,0576;0,0;0,0;0,0;0,0;133,89;102,2;-0,0221;Melhorou
5201702;Aragarças;Aragarças (GO);GO;Centro-Oeste;98,87;137,4;0,435;0,1926;23,08;8,33;7,69;4,17;68,69;64,3;-0,2423;Melhorou
5202155;Araguapaz;Araguapaz (GO);GO;Centro-Oeste;98,16;146,79;0,0793;0,0103;0,0;0,0;0,0;0,0;133,34;34,42;-0,0691;Melhorou
5202502;Aruanã;Aruanã (GO);GO;Centro-Oeste;71,61;87,84;0,0346;0,1105;0,0;0,0;0,0;5,26;69,25;111,82;0,0759;Piorou
5203203;Barro Alto;Barro Alto (GO);GO;Centro-Oeste;63,18;101,48;0,2396;0,1042;12,5;0,0;0,0;5,0;94,27;106,16;-0,1354;Melhorou
5203302;Bela Vista de Goiás;Bela Vista de Goiás (GO);GO;Centro-Oeste;97,98;101,64;0,0949;0,0627;3,85;2,44;0,0;0,0;73,01;57,18;-0,0322;Melhorou
5203401;Bom Jardim de Goiás;Bom Jardim de Goiás (GO);GO;Centro-Oeste;100,0;145,34;0,0198;0,1861;0,0;0,0;0,0;18,18;48,08;58,03;0,1664;Piorou
5203500;Bom Jesus de Goiás;Bom Jesus de Goiás (GO);GO;Centro-Oeste;83,55;95,56;0,1817;0,2017;1,92;5,26;0,0;1,32;238,64;178,98;0,02;Piorou
5203807;Britânia;Britânia (GO);GO;Centro-Oeste;100,0;151,08;0,0854;0,3045;0,0;2,13;0,0;2,13;142,05;383,38;0,2191;Piorou
5203906;Buriti Alegre;Buriti Alegre (GO);GO;Centro-Oeste;100,0;104,21;0,1256;0,3326;0,0;13,64;0,0;9,09;199,62;88,99;0,207;Piorou
5204250;Cachoeira Dourada;Cachoeira Dourada (GO);GO;Centro-Oeste;98,76;172,4;0,1608;0,0556;0,0;0,0;14,29;0,0;70,72;99,4;-0,1052;Melhorou
5204300;Caçu;Caçu (GO);GO;Centro-Oeste;100,0;152,46;0,0096;0,3139;0,0;15,79;0,0;5,26;33,49;64,07;0,3043;Piorou
5204409;Caiapônia;Caiapônia (GO);GO;Centro-Oeste;89,1;105,97;0,1189;0,1782;0,0;1,72;0,0;6,9;189,99;151,3;0,0593;Piorou
5204508;Caldas Novas;Caldas Novas (GO);GO;Centro-Oeste;66,87;62,99;0,0382;0,063;0,0;2,2;3,45;1,1;31,11;48,9;0,0248;Piorou
5204706;Campinorte;Campinorte (GO);GO;Centro-Oeste;100,0;167,86;0,0258;0,2858;0,0;4,76;0,0;19,05;56,72;87,64;0,26;Piorou
5204904;Campos Belos;Campos Belos (GO);GO;Centro-Oeste;100,0;120,8;0,0773;0,1611;0,0;0,0;0,0;15,0;130,35;62,18;0,0839;Piorou
5205109;Catalão;Catalão (GO);GO;Centro-Oeste;43,05;39,83;0,1469;0,2031;7,41;5,17;3,7;13,79;24,49;26,34;0,0562;Piorou
5205307;Cavalcante;Cavalcante (GO);GO;Centro-Oeste;100,0;129,34;0,0789;0,0335;0,0;0,0;0,0;0,0;132,77;67,73;-0,0454;Melhorou
5205471;Chapadão do Céu;Chapadão do Céu (GO);GO;Centro-Oeste;100,0;107,64;0,0385;0,1663;0,0;8,33;0,0;0,0;74,85;78,92;0,1278;Piorou
5205497;Cidade Ocidental;Cidade Ocidental (GO);GO;Centro-Oeste;99,49;107,25;0,1514;0,1027;4,35;4,0;8,7;4,0;34,0;30,71;-0,0487;Melhorou
5205513;Cocalzinho de Goiás;Cocalzinho de Goiás (GO);GO;Centro-Oeste;100,0;108,43;0,099;0,1278;0,0;6,45;9,09;0,0;47,33;64,14;0,0288;Piorou
5205901;Corumbaíba;Corumbaíba (GO);GO;Centro-Oeste;72,07;76,38;0,064;0,2769;0,0;11,76;0,0;5,88;111,41;89,68;0,2129;Piorou
5206206;Cristalina;Cristalina (GO);GO;Centro-Oeste;80,29;108,96;0,0578;0,1849;0,0;3,51;5,0;12,28;39,8;55,03;0,1271;Piorou
5206404;Crixás;Crixás (GO);GO;Centro-Oeste;100,0;179,45;0,0246;0,1478;0,0;0,0;0,0;15,38;54,91;38,28;0,1233;Piorou
5206701;Damianópolis;Damianópolis (GO);GO;Centro-Oeste;100,0;185,67;0,079;0,3325;0,0;11,11;0,0;11,11;132,88;117,65;0,2534;Piorou
5207402;Edéia;Edéia (GO);GO;Centro-Oeste;100,0;169,49;0,0271;0,2428;0,0;4,76;0,0;14,29;58,58;85,74;0,2156;Piorou
5207808;Firminópolis;Firminópolis (GO);GO;Centro-Oeste;100,0;201,55;0,1517;0,2032;0,0;7,69;0,0;7,69;237,02;48,95;0,0515;Piorou
5208004;Formosa;Formosa (GO);GO;Centro-Oeste;63,77;75,69;0,0902;0,171;3,08;4,65;1,54;6,4;63,43;84,47;0,0809;Piorou
5208103;Formoso;Formoso (GO);GO;Centro-Oeste;100,0;150,21;0,0579;0,2024;0,0;0,0;0,0;3,23;102,69;269,04;0,1445;Piorou
5208301;Divinópolis de Goiás;Divinópolis de Goiás (GO);GO;Centro-Oeste;100,0;229,04;0,0636;0,2612;0,0;7,14;0,0;7,14;110,83;150,65;0,1976;Piorou
5208400;Goianápolis;Goianápolis (GO);GO;Centro-Oeste;98,68;150,52;0,0353;0,1291;0,0;7,14;0,0;0,0;70,32;51,22;0,0938;Piorou
5208608;Goianésia;Goianésia (GO);GO;Centro-Oeste;94,56;104,62;0,1682;0,1509;4,08;2,45;2,04;4,91;147,29;121,51;-0,0173;Melhorou
5208707;Goiânia;Goiânia (GO);GO;Centro-Oeste;58,77;55,09;0,1608;0,2412;4,49;5,56;9,98;16,59;28,3;37,44;0,0804;Piorou
5208806;Goianira;Goianira (GO);GO;Centro-Oeste;100,0;95,91;0,1342;0,2133;0,0;4,26;11,43;11,7;68,46;86,92;0,0791;Piorou
5208905;Goiás;Goiás (GO);GO;Centro-Oeste;100,0;160,0;0,0555;0,1856;0,0;4,55;0,0;9,09;99,14;73,78;0,1302;Piorou
5209101;Goiatuba;Goiatuba (GO);GO;Centro-Oeste;100,0;142,88;0,0127;0,1241;0,0;2,38;0,0;7,14;37,96;56,58;0,1113;Piorou
5209200;Guapó;Guapó (GO);GO;Centro-Oeste;100,0;125,35;0,0187;0,0;0,0;0,0;0,0;0,0;46,5;16,18;-0,0187;Melhorou
5209705;Hidrolândia;Hidrolândia (GO);GO;Centro-Oeste;97,06;138,8;0,2309;0,0545;9,09;0,0;9,09;4,17;40,97;45,43;-0,1764;Melhorou
5209903;Iaciara;Iaciara (GO);GO;Centro-Oeste;72,88;174,98;0,0368;0,1448;0,0;7,14;0,0;0,0;72,39;73,63;0,108;Piorou
5209952;Indiara;Indiara (GO);GO;Centro-Oeste;89,43;110,82;0,1817;0,1411;0,0;0,0;0,0;1,52;279,9;202,74;-0,0406;Melhorou
5210000;Inhumas;Inhumas (GO);GO;Centro-Oeste;99,09;129,94;0,154;0,1247;0,0;1,56;13,89;3,91;65,86;115,7;-0,0293;Melhorou
5210109;Ipameri;Ipameri (GO);GO;Centro-Oeste;100,0;112,44;0,2009;0,1116;7,69;0,0;7,69;11,76;45,62;31,83;-0,0893;Melhorou
5210208;Iporá;Iporá (GO);GO;Centro-Oeste;86,71;78,9;0,1689;0,1502;0,0;3,33;13,89;10,0;87,22;37,62;-0,0187;Melhorou
5210802;Itajá;Itajá (GO);GO;Centro-Oeste;100,0;159,81;0,0719;0,1452;0,0;0,0;0,0;11,11;122,66;88,21;0,0733;Piorou
5210901;Itapaci;Itapaci (GO);GO;Centro-Oeste;90,59;99,58;0,0467;0,2965;0,0;1,86;0,0;1,24;86,58;388,7;0,2498;Piorou
5211206;Itapuranga;Itapuranga (GO);GO;Centro-Oeste;100,0;121,24;0,0796;0,2453;0,0;8,11;3,85;10,81;85,39;61,09;0,1657;Piorou
5211404;Itauçu;Itauçu (GO);GO;Centro-Oeste;100,0;198,86;0,2379;0,1336;4,0;0,0;0,0;2,94;274,43;174,12;-0,1043;Melhorou
5211503;Itumbiara;Itumbiara (GO);GO;Centro-Oeste;70,8;72,28;0,2923;0,1817;11,59;5,14;5,07;4,35;125,55;114,95;-0,1106;Melhorou
5211701;Jandaia;Jandaia (GO);GO;Centro-Oeste;100,0;167,41;0,0653;0,6392;0,0;20,0;0,0;60,0;113,18;28,21;0,574;Piorou
5211800;Jaraguá;Jaraguá (GO);GO;Centro-Oeste;76,41;97,12;0,1252;0,1773;0,0;4,94;14,29;6,17;16,25;90,08;0,0521;Piorou
5211909;Jataí;Jataí (GO);GO;Centro-Oeste;74,66;80,05;0,1724;0,0211;5,56;0,0;7,41;2,0;54,33;24,87;-0,1513;Melhorou
5212204;Jussara;Jussara (GO);GO;Centro-Oeste;98,2;121,16;0,2111;0,0859;11,11;0,0;0,0;2,0;83,41;117,63;-0,1252;Melhorou
5212501;Luziânia;Luziânia (GO);GO;Centro-Oeste;40,2;55,2;0,0788;0,1553;1,12;3,35;4,49;9,5;52,06;50,83;0,0764;Piorou
5213004;Maurilândia;Maurilândia (GO);GO;Centro-Oeste;95,63;135,86;0,0328;0,3057;0,0;0,0;0,0;30,77;66,65;71,19;0,2729;Piorou
5213087;Minaçu;Minaçu (GO);GO;Centro-Oeste;68,56;96,97;0,0211;0,1655;0,0;2,99;0,0;5,97;49,99;117,7;0,1444;Piorou
5213103;Mineiros;Mineiros (GO);GO;Centro-Oeste;100,0;99,88;0,0526;0,1097;0,0;4,08;2,94;4,08;58,2;37,96;0,0571;Piorou
5213509;Monte Alegre de Goiás;Monte Alegre de Goiás (GO);GO;Centro-Oeste;95,23;156,9;0,0563;0,0341;0,0;0,0;0,0;0,0;100,29;68,63;-0,0221;Melhorou
5213806;Morrinhos;Morrinhos (GO);GO;Centro-Oeste;89,57;95,45;0,1704;0,1651;5,88;4,42;5,88;4,42;63,57;105,54;-0,0053;Melhorou
5214002;Mozarlândia;Mozarlândia (GO);GO;Centro-Oeste;89,36;114,62;0,1595;0,1592;0,0;0,0;0,0;7,32;248,19;155,83;-0,0004;Melhorou
5214051;Mundo Novo;Mundo Novo (GO);GO;Centro-Oeste;100,0;169,65;0,2827;0,2084;5,0;3,03;0,0;0,0;317,21;253,06;-0,0743;Melhorou
5214507;Nerópolis;Nerópolis (GO);GO;Centro-Oeste;100,0;142,49;0,0115;0,0977;0,0;1,69;0,0;1,69;36,19;101,99;0,0862;Piorou
5214606;Niquelândia;Niquelândia (GO);GO;Centro-Oeste;95,26;120,26;0,0892;0,1422;0,0;3,77;2,17;5,66;120,13;71,25;0,053;Piorou
5214838;Nova Crixás;Nova Crixás (GO);GO;Centro-Oeste;100,0;109,24;0,1457;0,2159;0,0;1,85;0,0;5,56;228,29;219,42;0,0703;Piorou
5215231;Novo Gama;Novo Gama (GO);GO;Centro-Oeste;66,56;115,78;0,0979;0,1246;2,27;3,0;4,55;6,0;53,98;58,4;0,0267;Piorou
5215306;Orizona;Orizona (GO);GO;Centro-Oeste;100,0;149,7;0,2115;0,0192;5,0;0,0;0,0;0,0;215,22;47,23;-0,1923;Melhorou
5215603;Padre Bernardo;Padre Bernardo (GO);GO;Centro-Oeste;99,45;130,9;0,1416;0,0176;0,0;0,0;14,29;0,0;43,11;44,95;-0,124;Melhorou
5215801;Palmelo;Palmelo (GO);GO;Centro-Oeste;91,67;154,93;0,1619;0,2505;0,0;9,09;0,0;0,0;251,54;183,23;0,0887;Piorou
5216403;Paraúna;Paraúna (GO);GO;Centro-Oeste;100,0;164,18;0,1371;0,1353;0,0;0,0;8,33;8,0;111,42;113,1;-0,0017;Melhorou
5216809;Petrolina de Goiás;Petrolina de Goiás (GO);GO;Centro-Oeste;100,0;182,8;0,27;0,1021;0,0;0,0;0,0;3,7;406,31;119,5;-0,1678;Melhorou
5217104;Piracanjuba;Piracanjuba (GO);GO;Centro-Oeste;93,46;99,07;0,2168;0,0772;3,57;0,0;5,36;5,56;186,26;60,55;-0,1396;Melhorou
5217203;Piranhas;Piranhas (GO);GO;Centro-Oeste;100,0;119,53;0,2952;0,0172;11,11;0,0;11,11;0,0;64,33;44,34;-0,278;Melhorou
5217302;Pirenópolis;Pirenópolis (GO);GO;Centro-Oeste;100,0;104,9;0,1528;0,1301;1,69;1,89;0,0;5,66;202,18;94,43;-0,0228;Melhorou
5217401;Pires do Rio;Pires do Rio (GO);GO;Centro-Oeste;74,43;75,68;0,1952;0,0743;7,69;0,0;7,69;6,45;37,41;45,12;-0,1209;Melhorou
5217609;Planaltina;Planaltina (GO);GO;Centro-Oeste;100,0;93,7;0,0947;0,1144;1,23;2,88;2,47;4,81;97,8;61,26;0,0197;Piorou
5217708;Pontalina;Pontalina (GO);GO;Centro-Oeste;97,04;101,66;0,2546;0,2031;8,0;7,14;8,0;7,14;111,99;67,49;-0,0515;Melhorou
5218003;Porangatu;Porangatu (GO);GO;Centro-Oeste;70,04;82,7;0,1149;0,1995;3,57;7,14;3,57;7,14;62,74;62,37;0,0846;Piorou
5218300;Posse;Posse (GO);GO;Centro-Oeste;92,82;110,81;0,2351;0,1663;7,84;4,88;0,0;1,22;187,93;137,84;-0,0688;Melhorou
5218508;Quirinópolis;Quirinópolis (GO);GO;Centro-Oeste;88,43;96,12;0,1132;0,2066;1,59;4,14;1,59;6,21;127,77;148,75;0,0934;Piorou
5218607;Rialma;Rialma (GO);GO;Centro-Oeste;100,0;135,46;0,3687;0,1487;22,22;4,0;0,0;4,0;70,45;96,51;-0,2201;Melhorou
5218805;Rio Verde;Rio Verde (GO);GO;Centro-Oeste;37,8;83,08;0,157;0,0862;3,3;2,19;9,89;3,07;49,55;57,53;-0,0708;Melhorou
5218904;Rubiataba;Rubiataba (GO);GO;Centro-Oeste;100,0;159,22;0,0046;0,1649;0,0;4,88;0,0;4,88;26,32;89,85;0,1603;Piorou
5219308;Santa Helena de Goiás;Santa Helena de Goiás (GO);GO;Centro-Oeste;100,0;137,25;0,0334;0,1589;0,0;0,9;0,0;7,21;67,54;137,43;0,1255;Piorou
5219704;Santa Terezinha de Goiás;Santa Terezinha de Goiás (GO);GO;Centro-Oeste;98,1;100,0;0,274;0,2672;16,67;9,09;0,0;6,06;54,05;130,95;-0,0068;Melhorou
5219738;Santo Antônio de Goiás;Santo Antônio de Goiás (GO);GO;Centro-Oeste;100,0;142,16;0,0375;0,3741;0,0;0,0;0,0;45,45;73,4;78,12;0,3366;Piorou
5219753;Santo Antônio do Descoberto;Santo Antônio do Descoberto (GO);GO;Centro-Oeste;84,33;87,9;0,022;0,1542;0,0;6,35;0,0;3,17;51,29;64,26;0,1321;Piorou
5219803;São Domingos;São Domingos (GO);GO;Centro-Oeste;100,0;147,16;0,0289;0,0254;0,0;0,0;0,0;0,0;61,11;56,05;-0,0035;Melhorou
5220108;São Luís de Montes Belos;São Luís de Montes Belos (GO);GO;Centro-Oeste;99,31;107,16;0,1927;0,1766;8,33;4,55;4,17;9,09;64,38;60,9;-0,0161;Melhorou
5220207;São Miguel do Araguaia;São Miguel do Araguaia (GO);GO;Centro-Oeste;100,0;111,94;0,2122;0,1293;7,69;2,78;3,85;5,56;110,01;75,45;-0,0829;Melhorou
5220405;São Simão;São Simão (GO);GO;Centro-Oeste;84,99;102,82;0,0241;0,2577;0,0;10,0;0,0;5,0;54,21;111,13;0,2336;Piorou
5220454;Senador Canedo;Senador Canedo (GO);GO;Centro-Oeste;100,0;89,06;0,2113;0,1725;10,0;3,45;6,67;12,64;23,79;33,95;-0,0388;Melhorou
5220603;Silvânia;Silvânia (GO);GO;Centro-Oeste;100,0;126,09;0,0235;0,1576;0,0;4,62;0,0;0,0;53,34;146,25;0,1341;Piorou
5220686;Simolândia;Simolândia (GO);GO;Centro-Oeste;100,0;121,9;0,4571;0,0195;16,67;0,0;16,67;0,0;107,09;47,61;-0,4377;Melhorou
5221403;Trindade;Trindade (GO);GO;Centro-Oeste;87,93;81,32;0,1051;0,2461;1,72;5,26;6,9;15,79;46,62;60,89;0,141;Piorou
5221502;Turvânia;Turvânia (GO);GO;Centro-Oeste;100,0;156,25;0,1203;0,1446;0,0;0,0;0,0;5,0;191,93;164,06;0,0244;Piorou
5221601;Uruaçu;Uruaçu (GO);GO;Centro-Oeste;94,36;94,64;0,0191;0,2482;0,0;5,61;0,0;10,28;47,05;125,62;0,2291;Piorou
5221858;Valparaíso de Goiás;Valparaíso de Goiás (GO);GO;Centro-Oeste;83,76;81,55;0,0943;0,0772;2,08;1,88;6,25;2,5;31,5;58,58;-0,0171;Melhorou
5222005;Vianópolis;Vianópolis (GO);GO;Centro-Oeste;100,0;117,0;0,1885;0,1052;3,23;3,57;0,0;0,0;220,32;93,72;-0,0832;Melhorou
5300108;Brasília;Brasília (DF);DF;Centro-Oeste;56,5;78,94;0,1361;0,1196;2,72;1,49;7,33;7,53;64,19;64,42;-0,0166;Melhorou
